date,line_id,brand,model_name,inspector_id,defect_type,severity,action,detection_point,inspection_time_seconds,photo_taken
2026-01-07,L4,Nike,ZoomX Carbon Plate Insert,INS_08,boja odstupa,major,scrap,inline,37,False
2025-12-25,L6,Crocs,Bayaband Slide Upper,INS_06,materijal oštećen,critical,rework,final,45,False
2025-05-06,L6,Decathlon,Kalenji Trail Sole Unit,INS_10,šav neravnomjeran,critical,scrap,inline,41,True
2025-04-28,L1,Nike,Dunk Low Textile Upper,INS_12,3D knit greška,major,scrap,final,52,True
2025-10-08,L4,Nike,ZoomX Carbon Plate Insert,INS_14,šav neravnomjeran,minor,rework,final,52,True
2025-12-01,L6,Decathlon,Kalenji Trail Sole Unit,INS_15,ljepilo vidljivo,minor,pass,final,54,True
2025-08-11,L2,Nike,Pegasus 3D Knit Collar,INS_14,materijal oštećen,major,scrap,inline,41,True
2025-06-11,L1,Nike,Dunk Low Textile Upper,INS_14,ljepilo vidljivo,minor,rework,inline,61,True
2025-03-17,L8,Nike,Dunk Low Textile Upper,INS_15,šav neravnomjeran,major,pass,inline,24,False
2025-11-14,L7,Decathlon,Quechua Hiking Upper,INS_14,šav neravnomjeran,major,rework,inline,20,True
2025-11-28,L3,Nike,ZoomX Carbon Plate Insert,INS_15,materijal oštećen,major,scrap,inline,40,False
2025-08-08,L2,Nike,Dunk Low Textile Upper,INS_14,đon delaminacija,major,scrap,final,64,False
2025-12-12,L4,Crocs,Bayaband Slide Upper,INS_01,boja odstupa,major,rework,inline,58,True
2025-03-28,L2,Nike,ZoomX Carbon Plate Insert,INS_13,đon delaminacija,major,rework,inline,25,False
2025-11-25,L1,Decathlon,Quechua Hiking Upper,INS_09,ljepilo vidljivo,major,scrap,final,44,False
2025-10-03,L8,Nike,Vaporfly Engineered Mesh,INS_15,materijal oštećen,major,rework,customer_return,30,False
2025-09-02,L5,Decathlon,Kalenji Trail Sole Unit,INS_09,materijal oštećen,minor,pass,inline,37,False
2025-06-25,L7,Decathlon,Kiprun Carbon Plate,INS_06,3D knit greška,critical,scrap,inline,53,True
2026-02-26,L5,Crocs,Classic Clog Strap Assembly,INS_05,3D knit greška,major,rework,final,39,False
2025-04-17,L6,Decathlon,Kalenji Trail Sole Unit,INS_12,đon delaminacija,minor,pass,final,40,True
2025-07-10,L1,Nike,Pegasus 3D Knit Collar,INS_12,logo pozicija,minor,pass,final,54,False
2025-04-02,L2,Nike,Vaporfly Engineered Mesh,INS_08,3D knit greška,major,rework,inline,49,False
2025-06-16,L1,Nike,Pegasus 3D Knit Collar,INS_11,logo pozicija,major,pass,inline,62,False
2025-09-15,L2,Nike,Air Max Flyknit Upper,INS_14,3D knit greška,major,pass,final,34,True
2025-05-09,L4,Crocs,Classic Clog Strap Assembly,INS_14,materijal oštećen,minor,pass,inline,39,True
2026-01-01,L7,Decathlon,Kalenji Trail Sole Unit,INS_14,boja odstupa,major,scrap,final,65,True
2026-01-12,L7,Decathlon,Kalenji Trail Sole Unit,INS_05,šav neravnomjeran,minor,pass,final,32,False
2025-10-27,L6,Decathlon,Quechua Hiking Upper,INS_07,ljepilo vidljivo,major,scrap,incoming,31,False
2025-10-16,L1,Nike,Air Max Flyknit Upper,INS_11,šav neravnomjeran,major,rework,final,53,True
2025-09-29,L3,Nike,Pegasus 3D Knit Collar,INS_15,šav neravnomjeran,major,pass,customer_return,53,False
2025-10-08,L4,Crocs,Bayaband Slide Upper,INS_11,boja odstupa,critical,scrap,incoming,28,True
2025-05-09,L8,Nike,Dunk Low Textile Upper,INS_11,logo pozicija,major,pass,final,49,True
2025-06-03,L2,Decathlon,Kalenji Trail Sole Unit,INS_03,3D knit greška,major,rework,final,45,False
2025-12-12,L1,Nike,ZoomX Carbon Plate Insert,INS_05,šav neravnomjeran,major,rework,final,47,True
2025-12-11,L8,Decathlon,Kiprun Carbon Plate,INS_04,3D knit greška,minor,pass,customer_return,40,False
2025-04-01,L4,Crocs,LiteRide Insole Unit,INS_11,ljepilo vidljivo,major,scrap,inline,46,True
2025-09-24,L3,Nike,Air Max Flyknit Upper,INS_07,boja odstupa,major,rework,final,47,True
2026-01-28,L5,Crocs,Bayaband Slide Upper,INS_03,3D knit greška,minor,pass,inline,52,False
2025-06-10,L8,Decathlon,Quechua Hiking Upper,INS_04,3D knit greška,major,scrap,final,50,True
2025-11-07,L4,Nike,Air Max Flyknit Upper,INS_10,boja odstupa,minor,rework,incoming,58,True
2025-10-16,L2,Nike,ZoomX Carbon Plate Insert,INS_09,ljepilo vidljivo,minor,rework,inline,46,True
2026-01-12,L4,Decathlon,Kiprun Carbon Plate,INS_05,materijal oštećen,major,rework,inline,38,True
2026-01-12,L3,Crocs,Classic Clog Strap Assembly,INS_02,šav neravnomjeran,minor,pass,final,53,True
2025-04-17,L7,Decathlon,Quechua Hiking Upper,INS_12,logo pozicija,minor,pass,inline,53,True
2025-12-25,L3,Nike,Vaporfly Engineered Mesh,INS_09,3D knit greška,minor,pass,incoming,41,False
2025-12-15,L8,Nike,Dunk Low Textile Upper,INS_11,šav neravnomjeran,major,rework,incoming,40,False
2025-07-31,L6,Crocs,Classic Clog Strap Assembly,INS_14,materijal oštećen,major,rework,customer_return,41,True
2025-06-03,L2,Nike,ZoomX Carbon Plate Insert,INS_15,materijal oštećen,major,rework,inline,37,True
2025-04-07,L4,Crocs,Classic Clog Strap Assembly,INS_11,ljepilo vidljivo,minor,pass,inline,50,True
2026-02-26,L7,Decathlon,Quechua Hiking Upper,INS_03,logo pozicija,critical,scrap,inline,44,False
2025-12-15,L4,Decathlon,Kalenji Trail Sole Unit,INS_09,đon delaminacija,major,rework,final,33,True
2026-01-26,L2,Nike,Pegasus 3D Knit Collar,INS_14,ljepilo vidljivo,major,rework,final,34,True
2025-09-15,L8,Nike,Air Max Flyknit Upper,INS_08,3D knit greška,minor,pass,final,52,True
2025-04-22,L6,Decathlon,Kalenji Trail Sole Unit,INS_07,šav neravnomjeran,major,rework,final,53,False
2025-05-15,L2,Nike,Air Max Flyknit Upper,INS_11,materijal oštećen,minor,pass,inline,39,False
2025-05-14,L6,Decathlon,Kalenji Trail Sole Unit,INS_06,ljepilo vidljivo,major,rework,final,47,False
2025-11-28,L2,Nike,ZoomX Carbon Plate Insert,INS_08,dimenzija van tolerancije,critical,scrap,inline,44,False
2025-07-10,L1,Nike,ZoomX Carbon Plate Insert,INS_06,ljepilo vidljivo,major,rework,inline,52,False
2025-12-03,L3,Nike,Vaporfly Engineered Mesh,INS_05,dimenzija van tolerancije,major,scrap,final,31,False
2026-02-17,L3,Nike,Dunk Low Textile Upper,INS_13,logo pozicija,minor,pass,inline,50,False
2025-09-22,L4,Decathlon,Quechua Hiking Upper,INS_04,logo pozicija,minor,rework,inline,59,False
2025-11-26,L2,Nike,ZoomX Carbon Plate Insert,INS_05,šav neravnomjeran,minor,pass,final,52,True
2025-12-15,L4,Decathlon,Kalenji Trail Sole Unit,INS_06,đon delaminacija,major,rework,final,52,True
2025-05-20,L2,Nike,Vaporfly Engineered Mesh,INS_06,3D knit greška,minor,pass,inline,42,True
2025-12-16,L6,Decathlon,Kalenji Trail Sole Unit,INS_05,dimenzija van tolerancije,minor,pass,inline,44,False
2025-06-06,L3,Nike,Pegasus 3D Knit Collar,INS_13,3D knit greška,minor,rework,final,58,True
2026-02-25,L1,Nike,Air Max Flyknit Upper,INS_13,ljepilo vidljivo,minor,pass,inline,43,False
2025-06-03,L3,Nike,Vaporfly Engineered Mesh,INS_03,šav neravnomjeran,minor,pass,final,35,True
2025-06-20,L1,Nike,ZoomX Carbon Plate Insert,INS_15,đon delaminacija,critical,rework,final,25,True
2025-03-27,L6,Decathlon,Kiprun Carbon Plate,INS_01,3D knit greška,minor,rework,final,44,True
2025-11-27,L8,Nike,Pegasus 3D Knit Collar,INS_04,materijal oštećen,major,rework,final,40,True
2025-08-21,L5,Crocs,LiteRide Insole Unit,INS_02,boja odstupa,minor,rework,inline,48,False
2025-09-09,L4,Crocs,LiteRide Insole Unit,INS_03,ljepilo vidljivo,minor,pass,inline,43,True
2025-09-09,L2,Crocs,Bayaband Slide Upper,INS_09,boja odstupa,minor,pass,final,39,False
2025-04-18,L2,Nike,Air Max Flyknit Upper,INS_05,materijal oštećen,critical,rework,inline,33,False
2025-05-08,L5,Crocs,LiteRide Insole Unit,INS_13,đon delaminacija,minor,rework,final,48,True
2025-11-21,L3,Nike,Pegasus 3D Knit Collar,INS_14,boja odstupa,critical,scrap,final,45,False
2025-05-20,L2,Nike,Vaporfly Engineered Mesh,INS_01,ljepilo vidljivo,major,rework,inline,52,False
2025-03-19,L7,Decathlon,Kiprun Carbon Plate,INS_13,šav neravnomjeran,minor,rework,incoming,31,False
2025-11-12,L2,Nike,Pegasus 3D Knit Collar,INS_10,logo pozicija,major,scrap,final,44,True
2025-05-13,L6,Decathlon,Quechua Hiking Upper,INS_02,3D knit greška,minor,scrap,final,56,True
2025-07-25,L5,Crocs,Bayaband Slide Upper,INS_03,logo pozicija,major,rework,final,57,False
2026-01-29,L1,Nike,ZoomX Carbon Plate Insert,INS_05,ljepilo vidljivo,major,scrap,inline,73,True
2025-06-23,L1,Nike,Pegasus 3D Knit Collar,INS_02,šav neravnomjeran,minor,pass,inline,34,True
2025-11-21,L1,Nike,Dunk Low Textile Upper,INS_09,ljepilo vidljivo,critical,scrap,final,54,True
2025-09-16,L3,Nike,Pegasus 3D Knit Collar,INS_05,3D knit greška,major,pass,final,41,False
2025-07-11,L2,Nike,Dunk Low Textile Upper,INS_11,đon delaminacija,critical,scrap,inline,23,True
2025-07-28,L3,Nike,Air Max Flyknit Upper,INS_03,dimenzija van tolerancije,major,rework,final,52,False
2026-02-09,L4,Crocs,LiteRide Insole Unit,INS_06,ljepilo vidljivo,minor,pass,final,23,False
2025-09-30,L7,Crocs,Bayaband Slide Upper,INS_14,boja odstupa,major,rework,inline,67,False
2025-04-23,L1,Nike,Vaporfly Engineered Mesh,INS_06,šav neravnomjeran,minor,rework,inline,54,True
2025-10-08,L1,Nike,Dunk Low Textile Upper,INS_03,materijal oštećen,major,rework,inline,63,True
2025-03-14,L2,Nike,Dunk Low Textile Upper,INS_15,ljepilo vidljivo,minor,pass,final,73,True
2025-03-28,L6,Decathlon,Kalenji Trail Sole Unit,INS_10,materijal oštećen,major,scrap,final,48,False
2025-12-30,L1,Nike,ZoomX Carbon Plate Insert,INS_03,logo pozicija,minor,pass,inline,49,False
2025-04-22,L7,Decathlon,Kalenji Trail Sole Unit,INS_09,materijal oštećen,major,scrap,incoming,48,False
2025-03-20,L2,Nike,ZoomX Carbon Plate Insert,INS_15,ljepilo vidljivo,critical,scrap,final,43,True
2025-06-25,L5,Crocs,LiteRide Insole Unit,INS_13,logo pozicija,major,rework,incoming,49,True
2025-09-10,L7,Decathlon,Kalenji Trail Sole Unit,INS_04,ljepilo vidljivo,minor,rework,inline,62,True
2026-01-01,L4,Crocs,Classic Clog Strap Assembly,INS_09,materijal oštećen,critical,scrap,inline,42,True
2025-07-07,L2,Nike,ZoomX Carbon Plate Insert,INS_09,dimenzija van tolerancije,minor,pass,final,25,True
2025-08-21,L4,Crocs,Classic Clog Strap Assembly,INS_07,šav neravnomjeran,major,scrap,customer_return,58,True
2026-01-08,L4,Crocs,Classic Clog Strap Assembly,INS_10,boja odstupa,minor,pass,final,60,False
2025-04-15,L2,Nike,Vaporfly Engineered Mesh,INS_04,ljepilo vidljivo,major,rework,final,40,True
2026-02-27,L4,Crocs,LiteRide Insole Unit,INS_14,materijal oštećen,major,rework,incoming,50,False
2025-12-24,L2,Nike,Dunk Low Textile Upper,INS_14,ljepilo vidljivo,minor,pass,inline,43,False
2026-01-13,L3,Nike,Dunk Low Textile Upper,INS_03,šav neravnomjeran,major,scrap,inline,38,False
2025-04-21,L7,Decathlon,Kiprun Carbon Plate,INS_10,3D knit greška,minor,pass,inline,42,False
2025-03-06,L6,Decathlon,Quechua Hiking Upper,INS_06,ljepilo vidljivo,major,scrap,inline,41,True
2025-06-16,L1,Nike,Dunk Low Textile Upper,INS_15,dimenzija van tolerancije,critical,scrap,inline,27,True
2025-09-10,L8,Nike,ZoomX Carbon Plate Insert,INS_10,ljepilo vidljivo,minor,pass,final,58,True
2026-01-27,L3,Nike,Pegasus 3D Knit Collar,INS_05,ljepilo vidljivo,minor,pass,final,42,False
2025-03-06,L1,Nike,Vaporfly Engineered Mesh,INS_04,dimenzija van tolerancije,minor,pass,customer_return,54,False
2025-06-02,L6,Decathlon,Kiprun Carbon Plate,INS_05,šav neravnomjeran,minor,pass,final,33,True
2025-09-04,L5,Nike,Pegasus 3D Knit Collar,INS_06,boja odstupa,minor,pass,final,55,False
2025-12-03,L2,Nike,Vaporfly Engineered Mesh,INS_01,materijal oštećen,minor,rework,final,28,False
2025-06-17,L3,Nike,ZoomX Carbon Plate Insert,INS_11,đon delaminacija,major,scrap,final,55,False
2025-09-09,L6,Nike,ZoomX Carbon Plate Insert,INS_01,3D knit greška,major,pass,final,54,True
2025-04-28,L3,Nike,ZoomX Carbon Plate Insert,INS_06,dimenzija van tolerancije,critical,scrap,final,84,True
2025-08-06,L3,Nike,ZoomX Carbon Plate Insert,INS_07,materijal oštećen,major,pass,final,50,False
2025-04-11,L7,Decathlon,Quechua Hiking Upper,INS_03,boja odstupa,critical,scrap,final,44,True
2025-11-21,L3,Nike,Vaporfly Engineered Mesh,INS_14,dimenzija van tolerancije,major,rework,inline,30,False
2025-04-03,L5,Crocs,LiteRide Insole Unit,INS_06,3D knit greška,critical,scrap,incoming,61,False
2025-12-25,L5,Crocs,Bayaband Slide Upper,INS_10,ljepilo vidljivo,minor,pass,inline,54,True
2025-05-27,L3,Nike,Vaporfly Engineered Mesh,INS_01,boja odstupa,major,rework,inline,54,True
2026-01-15,L4,Crocs,Bayaband Slide Upper,INS_08,logo pozicija,major,scrap,final,31,True
2025-03-19,L1,Nike,Dunk Low Textile Upper,INS_15,dimenzija van tolerancije,major,scrap,final,24,False
2025-06-05,L7,Decathlon,Kalenji Trail Sole Unit,INS_14,dimenzija van tolerancije,critical,scrap,final,46,False
2025-04-29,L1,Nike,Vaporfly Engineered Mesh,INS_04,đon delaminacija,critical,scrap,incoming,46,True
2025-04-30,L7,Decathlon,Kiprun Carbon Plate,INS_07,dimenzija van tolerancije,minor,pass,incoming,26,True
2025-03-20,L8,Nike,ZoomX Carbon Plate Insert,INS_15,3D knit greška,minor,pass,inline,49,True
2026-01-26,L5,Crocs,Classic Clog Strap Assembly,INS_04,dimenzija van tolerancije,major,rework,inline,65,False
2025-06-24,L8,Crocs,Classic Clog Strap Assembly,INS_12,materijal oštećen,major,pass,final,61,False
2025-05-23,L3,Crocs,LiteRide Insole Unit,INS_03,šav neravnomjeran,minor,pass,inline,71,False
2025-10-20,L4,Crocs,Bayaband Slide Upper,INS_10,materijal oštećen,major,rework,inline,56,False
2025-05-12,L7,Crocs,Bayaband Slide Upper,INS_02,boja odstupa,major,scrap,final,24,True
2025-04-14,L7,Decathlon,Kiprun Carbon Plate,INS_10,šav neravnomjeran,major,rework,final,48,True
2025-05-26,L8,Crocs,LiteRide Insole Unit,INS_09,šav neravnomjeran,minor,pass,final,18,True
2025-10-16,L7,Crocs,LiteRide Insole Unit,INS_06,šav neravnomjeran,critical,scrap,final,37,True
2025-08-22,L5,Crocs,LiteRide Insole Unit,INS_12,đon delaminacija,major,pass,final,52,False
2025-09-26,L2,Nike,Vaporfly Engineered Mesh,INS_03,logo pozicija,minor,pass,final,43,True
2025-05-07,L8,Nike,Air Max Flyknit Upper,INS_11,đon delaminacija,critical,scrap,inline,55,False
2025-09-10,L3,Nike,ZoomX Carbon Plate Insert,INS_15,3D knit greška,major,rework,final,54,False
2025-08-15,L8,Nike,Vaporfly Engineered Mesh,INS_11,šav neravnomjeran,major,scrap,final,39,False
2025-08-04,L3,Nike,Vaporfly Engineered Mesh,INS_05,ljepilo vidljivo,major,scrap,inline,67,True
2025-03-28,L1,Nike,Dunk Low Textile Upper,INS_08,boja odstupa,minor,pass,final,50,False
2025-09-04,L1,Nike,Air Max Flyknit Upper,INS_05,boja odstupa,major,scrap,final,45,True
2025-09-03,L1,Nike,ZoomX Carbon Plate Insert,INS_03,boja odstupa,minor,rework,final,52,True
2026-01-14,L8,Nike,Dunk Low Textile Upper,INS_04,boja odstupa,major,rework,inline,43,True
2026-02-26,L2,Nike,Air Max Flyknit Upper,INS_02,ljepilo vidljivo,minor,pass,final,47,False
2025-09-04,L6,Crocs,Bayaband Slide Upper,INS_02,materijal oštećen,critical,scrap,inline,33,True
2026-02-10,L7,Decathlon,Kalenji Trail Sole Unit,INS_07,boja odstupa,minor,pass,final,47,True
2025-04-03,L5,Decathlon,Kalenji Trail Sole Unit,INS_07,boja odstupa,major,pass,final,43,False
2025-04-30,L6,Decathlon,Kiprun Carbon Plate,INS_08,logo pozicija,critical,scrap,final,52,False
2025-04-23,L5,Crocs,LiteRide Insole Unit,INS_05,ljepilo vidljivo,minor,pass,incoming,37,True
2025-08-20,L3,Nike,Dunk Low Textile Upper,INS_10,šav neravnomjeran,minor,pass,inline,65,False
2025-08-08,L6,Decathlon,Kiprun Carbon Plate,INS_03,3D knit greška,major,scrap,inline,12,True
2025-10-28,L1,Nike,ZoomX Carbon Plate Insert,INS_09,ljepilo vidljivo,minor,rework,inline,69,True
2025-05-08,L7,Decathlon,Kiprun Carbon Plate,INS_10,materijal oštećen,minor,pass,inline,35,True
2025-08-12,L4,Crocs,LiteRide Insole Unit,INS_01,boja odstupa,major,scrap,customer_return,41,True
2025-04-17,L8,Nike,Pegasus 3D Knit Collar,INS_11,boja odstupa,major,pass,final,32,False
2025-08-22,L6,Decathlon,Kiprun Carbon Plate,INS_04,3D knit greška,major,scrap,final,47,True
2025-10-27,L4,Nike,Vaporfly Engineered Mesh,INS_06,ljepilo vidljivo,major,scrap,final,31,False
2025-10-16,L4,Decathlon,Kalenji Trail Sole Unit,INS_08,materijal oštećen,major,pass,final,64,True
2025-05-13,L5,Crocs,LiteRide Insole Unit,INS_15,đon delaminacija,major,rework,inline,40,True
2025-10-10,L5,Crocs,Classic Clog Strap Assembly,INS_01,boja odstupa,minor,pass,inline,51,True
2025-05-27,L8,Nike,Vaporfly Engineered Mesh,INS_06,đon delaminacija,critical,scrap,final,47,False
2025-11-18,L1,Nike,Air Max Flyknit Upper,INS_05,3D knit greška,minor,pass,final,48,True
2025-12-09,L6,Decathlon,Kiprun Carbon Plate,INS_15,šav neravnomjeran,minor,pass,inline,37,True
2025-03-10,L7,Crocs,Classic Clog Strap Assembly,INS_04,ljepilo vidljivo,major,rework,final,32,True
2025-05-22,L4,Crocs,Bayaband Slide Upper,INS_02,šav neravnomjeran,minor,pass,inline,46,True
2025-03-20,L1,Nike,Pegasus 3D Knit Collar,INS_01,logo pozicija,minor,scrap,final,42,True
2025-05-20,L2,Nike,Vaporfly Engineered Mesh,INS_15,materijal oštećen,major,rework,inline,24,False
2025-09-10,L4,Crocs,LiteRide Insole Unit,INS_05,ljepilo vidljivo,minor,pass,final,49,False
2025-11-04,L3,Decathlon,Kalenji Trail Sole Unit,INS_14,boja odstupa,major,rework,final,56,True
2025-05-06,L1,Nike,Air Max Flyknit Upper,INS_12,dimenzija van tolerancije,major,scrap,inline,36,False
2025-08-20,L1,Nike,Air Max Flyknit Upper,INS_14,boja odstupa,major,rework,final,24,True
2025-06-30,L4,Crocs,Bayaband Slide Upper,INS_15,boja odstupa,major,rework,customer_return,58,False
2025-05-02,L4,Crocs,Classic Clog Strap Assembly,INS_14,boja odstupa,major,scrap,final,49,True
2025-12-29,L8,Nike,Dunk Low Textile Upper,INS_12,ljepilo vidljivo,major,rework,final,49,True
2026-01-28,L8,Nike,Pegasus 3D Knit Collar,INS_07,logo pozicija,minor,rework,inline,46,False
2025-12-08,L1,Nike,Vaporfly Engineered Mesh,INS_15,ljepilo vidljivo,minor,pass,final,51,True
2025-05-06,L1,Nike,Pegasus 3D Knit Collar,INS_06,logo pozicija,minor,rework,final,24,False
2025-07-16,L3,Nike,Air Max Flyknit Upper,INS_09,šav neravnomjeran,critical,scrap,inline,49,True
2026-02-24,L6,Crocs,LiteRide Insole Unit,INS_10,boja odstupa,major,pass,customer_return,43,True
2025-12-18,L8,Crocs,Bayaband Slide Upper,INS_06,boja odstupa,minor,pass,inline,45,True
2025-10-30,L5,Crocs,Classic Clog Strap Assembly,INS_07,ljepilo vidljivo,minor,pass,inline,69,False
2025-11-07,L6,Decathlon,Kiprun Carbon Plate,INS_06,šav neravnomjeran,minor,pass,inline,37,False
2026-01-22,L8,Decathlon,Kalenji Trail Sole Unit,INS_02,boja odstupa,major,rework,final,53,True
2025-11-07,L8,Crocs,Classic Clog Strap Assembly,INS_02,materijal oštećen,major,rework,inline,22,True
2025-04-11,L1,Nike,Air Max Flyknit Upper,INS_10,dimenzija van tolerancije,minor,pass,final,39,True
2025-07-02,L4,Crocs,Bayaband Slide Upper,INS_05,ljepilo vidljivo,minor,pass,final,64,True
2025-10-13,L1,Nike,ZoomX Carbon Plate Insert,INS_09,boja odstupa,major,rework,customer_return,39,True
2025-05-19,L2,Nike,Pegasus 3D Knit Collar,INS_08,šav neravnomjeran,major,scrap,incoming,51,False
2025-10-27,L6,Crocs,Classic Clog Strap Assembly,INS_13,boja odstupa,minor,pass,inline,43,False
2025-06-30,L5,Crocs,Bayaband Slide Upper,INS_12,đon delaminacija,critical,rework,final,26,False
2025-05-26,L7,Decathlon,Kiprun Carbon Plate,INS_09,3D knit greška,major,rework,final,44,True
2025-10-20,L7,Decathlon,Quechua Hiking Upper,INS_01,đon delaminacija,critical,scrap,final,42,True
2025-03-26,L7,Decathlon,Quechua Hiking Upper,INS_04,logo pozicija,major,pass,final,40,True
2025-04-04,L1,Nike,ZoomX Carbon Plate Insert,INS_09,3D knit greška,major,scrap,final,27,True
2025-06-30,L3,Crocs,Bayaband Slide Upper,INS_10,materijal oštećen,minor,pass,inline,19,True
2025-10-27,L8,Crocs,Classic Clog Strap Assembly,INS_13,3D knit greška,critical,scrap,incoming,54,True
2025-11-26,L4,Decathlon,Quechua Hiking Upper,INS_08,đon delaminacija,minor,scrap,final,47,True
2025-11-14,L3,Nike,Air Max Flyknit Upper,INS_12,đon delaminacija,critical,scrap,final,53,True
2025-11-04,L4,Decathlon,Kalenji Trail Sole Unit,INS_14,logo pozicija,minor,pass,incoming,32,True
2025-04-10,L3,Nike,ZoomX Carbon Plate Insert,INS_03,ljepilo vidljivo,major,scrap,inline,25,True
2025-06-20,L1,Nike,ZoomX Carbon Plate Insert,INS_14,boja odstupa,major,rework,final,51,True
2026-02-03,L3,Nike,Vaporfly Engineered Mesh,INS_14,materijal oštećen,minor,pass,inline,47,False
2025-05-01,L2,Nike,Vaporfly Engineered Mesh,INS_06,materijal oštećen,major,rework,final,54,False
2025-12-15,L1,Nike,ZoomX Carbon Plate Insert,INS_03,ljepilo vidljivo,minor,rework,final,45,True
2025-04-28,L2,Nike,ZoomX Carbon Plate Insert,INS_12,šav neravnomjeran,minor,pass,final,68,False
2025-06-09,L3,Nike,Pegasus 3D Knit Collar,INS_05,materijal oštećen,major,scrap,final,35,False
2025-11-21,L3,Nike,ZoomX Carbon Plate Insert,INS_04,ljepilo vidljivo,major,scrap,inline,39,False
2026-01-02,L3,Nike,Pegasus 3D Knit Collar,INS_11,3D knit greška,critical,scrap,final,35,True
2026-02-19,L8,Nike,Dunk Low Textile Upper,INS_02,logo pozicija,major,rework,inline,71,True
2025-04-01,L3,Nike,Vaporfly Engineered Mesh,INS_15,šav neravnomjeran,major,scrap,final,35,False
2025-04-04,L7,Nike,Air Max Flyknit Upper,INS_07,materijal oštećen,critical,scrap,final,48,True
2025-10-06,L7,Decathlon,Kalenji Trail Sole Unit,INS_03,šav neravnomjeran,minor,pass,inline,27,True
2025-08-11,L8,Nike,Vaporfly Engineered Mesh,INS_08,dimenzija van tolerancije,major,rework,inline,37,False
2025-09-30,L6,Decathlon,Kiprun Carbon Plate,INS_08,đon delaminacija,critical,scrap,final,49,False
2025-09-01,L5,Crocs,Bayaband Slide Upper,INS_11,šav neravnomjeran,major,pass,customer_return,38,True
2025-03-05,L1,Nike,Dunk Low Textile Upper,INS_08,ljepilo vidljivo,major,pass,inline,48,True
2025-12-02,L4,Crocs,Bayaband Slide Upper,INS_15,3D knit greška,major,scrap,inline,38,True
2025-05-14,L6,Decathlon,Kalenji Trail Sole Unit,INS_03,ljepilo vidljivo,minor,pass,final,44,True
2025-04-04,L7,Nike,Air Max Flyknit Upper,INS_05,materijal oštećen,major,pass,final,27,False
2026-01-14,L5,Nike,Air Max Flyknit Upper,INS_13,đon delaminacija,critical,scrap,inline,20,False
2025-09-03,L6,Crocs,LiteRide Insole Unit,INS_14,dimenzija van tolerancije,major,scrap,final,49,True
2025-11-24,L1,Nike,Vaporfly Engineered Mesh,INS_05,ljepilo vidljivo,minor,scrap,final,32,False
2025-03-11,L4,Nike,ZoomX Carbon Plate Insert,INS_11,boja odstupa,minor,pass,inline,43,True
2025-09-01,L2,Nike,Dunk Low Textile Upper,INS_02,đon delaminacija,critical,scrap,incoming,36,True
2025-05-07,L2,Nike,ZoomX Carbon Plate Insert,INS_08,logo pozicija,major,rework,inline,40,True
2025-10-16,L2,Nike,ZoomX Carbon Plate Insert,INS_02,ljepilo vidljivo,minor,pass,final,47,False
2025-10-17,L4,Nike,Vaporfly Engineered Mesh,INS_02,šav neravnomjeran,major,scrap,final,42,True
2025-09-10,L4,Crocs,LiteRide Insole Unit,INS_01,dimenzija van tolerancije,major,rework,inline,45,True
2025-03-26,L6,Decathlon,Kalenji Trail Sole Unit,INS_07,đon delaminacija,minor,rework,final,40,True
2025-11-04,L8,Nike,Vaporfly Engineered Mesh,INS_10,boja odstupa,minor,pass,final,48,True
2025-12-15,L3,Nike,ZoomX Carbon Plate Insert,INS_12,ljepilo vidljivo,minor,pass,inline,34,True
2025-06-20,L6,Decathlon,Quechua Hiking Upper,INS_05,đon delaminacija,minor,rework,final,48,True
2025-11-19,L2,Nike,Air Max Flyknit Upper,INS_08,boja odstupa,major,scrap,final,58,True
2025-04-28,L4,Crocs,Classic Clog Strap Assembly,INS_03,dimenzija van tolerancije,minor,pass,final,34,True
2026-02-05,L3,Nike,Dunk Low Textile Upper,INS_02,šav neravnomjeran,minor,pass,final,29,True
2025-05-22,L6,Crocs,Classic Clog Strap Assembly,INS_08,šav neravnomjeran,minor,pass,final,49,True
2025-06-05,L4,Nike,Dunk Low Textile Upper,INS_12,boja odstupa,critical,scrap,final,42,True
2025-05-09,L2,Nike,Dunk Low Textile Upper,INS_02,dimenzija van tolerancije,critical,scrap,final,40,False
2026-02-18,L3,Nike,ZoomX Carbon Plate Insert,INS_13,materijal oštećen,critical,scrap,inline,41,True
2025-10-06,L8,Crocs,Classic Clog Strap Assembly,INS_06,materijal oštećen,major,pass,final,44,False
2026-01-08,L2,Nike,Air Max Flyknit Upper,INS_14,3D knit greška,minor,pass,final,44,True
2026-01-14,L5,Nike,Air Max Flyknit Upper,INS_11,šav neravnomjeran,major,rework,final,42,True
2025-09-29,L5,Crocs,LiteRide Insole Unit,INS_14,materijal oštećen,major,rework,final,41,False
2025-08-04,L8,Crocs,Classic Clog Strap Assembly,INS_11,logo pozicija,minor,rework,inline,42,True
2025-06-03,L7,Decathlon,Kiprun Carbon Plate,INS_09,šav neravnomjeran,minor,rework,final,32,True
2026-01-15,L5,Decathlon,Kalenji Trail Sole Unit,INS_15,3D knit greška,major,rework,final,32,False
2025-09-24,L4,Crocs,Bayaband Slide Upper,INS_14,šav neravnomjeran,minor,rework,final,74,True
2025-06-04,L3,Nike,Air Max Flyknit Upper,INS_03,boja odstupa,major,rework,final,48,True
2026-02-23,L6,Decathlon,Kiprun Carbon Plate,INS_03,logo pozicija,minor,rework,final,57,True
2025-04-09,L4,Crocs,Classic Clog Strap Assembly,INS_04,materijal oštećen,minor,pass,final,47,True
2025-11-10,L1,Nike,ZoomX Carbon Plate Insert,INS_04,đon delaminacija,critical,scrap,final,29,False
2026-01-15,L6,Nike,ZoomX Carbon Plate Insert,INS_14,logo pozicija,minor,rework,final,38,False
2025-10-17,L7,Decathlon,Kalenji Trail Sole Unit,INS_01,3D knit greška,critical,scrap,final,64,True
2025-07-01,L2,Nike,Dunk Low Textile Upper,INS_02,šav neravnomjeran,minor,pass,inline,62,True
2025-11-26,L3,Nike,Dunk Low Textile Upper,INS_04,boja odstupa,minor,pass,final,65,True
2025-04-17,L8,Nike,Air Max Flyknit Upper,INS_01,ljepilo vidljivo,minor,scrap,incoming,44,True
2025-07-03,L6,Decathlon,Kalenji Trail Sole Unit,INS_04,šav neravnomjeran,minor,scrap,final,50,True
2025-09-29,L4,Decathlon,Quechua Hiking Upper,INS_06,materijal oštećen,critical,scrap,final,47,False
2025-07-30,L1,Nike,ZoomX Carbon Plate Insert,INS_10,šav neravnomjeran,minor,rework,inline,50,True
2025-06-30,L1,Crocs,Bayaband Slide Upper,INS_14,materijal oštećen,major,rework,inline,61,True
2025-05-21,L6,Nike,ZoomX Carbon Plate Insert,INS_10,ljepilo vidljivo,major,scrap,final,66,False
2025-08-19,L7,Decathlon,Kiprun Carbon Plate,INS_01,ljepilo vidljivo,minor,pass,final,38,False
2025-03-03,L6,Decathlon,Kalenji Trail Sole Unit,INS_01,dimenzija van tolerancije,major,rework,incoming,41,False
2025-12-16,L2,Nike,Dunk Low Textile Upper,INS_03,šav neravnomjeran,minor,pass,final,60,True
2025-03-27,L3,Nike,Dunk Low Textile Upper,INS_05,đon delaminacija,critical,scrap,final,46,False
2025-05-28,L5,Crocs,Classic Clog Strap Assembly,INS_15,šav neravnomjeran,minor,pass,inline,36,False
2025-03-17,L1,Nike,Vaporfly Engineered Mesh,INS_08,šav neravnomjeran,major,scrap,final,52,False
2025-03-25,L5,Crocs,LiteRide Insole Unit,INS_12,boja odstupa,minor,pass,incoming,55,True
2025-09-18,L3,Nike,Vaporfly Engineered Mesh,INS_13,šav neravnomjeran,critical,scrap,final,51,True
2025-04-23,L1,Nike,Vaporfly Engineered Mesh,INS_15,šav neravnomjeran,minor,rework,final,56,True
2025-08-22,L8,Nike,Dunk Low Textile Upper,INS_05,dimenzija van tolerancije,major,scrap,final,33,True
2025-09-11,L2,Nike,Dunk Low Textile Upper,INS_11,3D knit greška,major,rework,inline,45,False
2025-11-28,L3,Nike,ZoomX Carbon Plate Insert,INS_10,3D knit greška,critical,scrap,final,34,True
2025-04-07,L2,Nike,ZoomX Carbon Plate Insert,INS_06,ljepilo vidljivo,critical,scrap,inline,47,True
2025-11-12,L2,Nike,Pegasus 3D Knit Collar,INS_06,šav neravnomjeran,minor,rework,final,36,False
2025-05-20,L5,Decathlon,Kiprun Carbon Plate,INS_10,ljepilo vidljivo,minor,rework,inline,54,True
2025-10-17,L1,Nike,Dunk Low Textile Upper,INS_02,dimenzija van tolerancije,critical,rework,inline,41,False
2025-07-25,L6,Decathlon,Kalenji Trail Sole Unit,INS_01,boja odstupa,minor,rework,incoming,50,False
2025-04-30,L4,Crocs,Classic Clog Strap Assembly,INS_11,đon delaminacija,critical,scrap,final,30,True
2025-11-10,L1,Nike,ZoomX Carbon Plate Insert,INS_07,dimenzija van tolerancije,minor,scrap,final,59,False
2026-02-18,L6,Decathlon,Kalenji Trail Sole Unit,INS_02,dimenzija van tolerancije,major,scrap,inline,19,True
2025-04-24,L5,Decathlon,Kalenji Trail Sole Unit,INS_11,3D knit greška,major,rework,final,49,True
2025-05-20,L5,Crocs,Classic Clog Strap Assembly,INS_10,logo pozicija,major,rework,incoming,40,False
2025-09-12,L1,Nike,Dunk Low Textile Upper,INS_15,ljepilo vidljivo,minor,pass,inline,62,True
2026-01-02,L7,Nike,Dunk Low Textile Upper,INS_03,dimenzija van tolerancije,critical,rework,inline,42,True
2025-11-27,L5,Crocs,LiteRide Insole Unit,INS_04,šav neravnomjeran,major,rework,final,30,True
2025-05-22,L4,Crocs,Bayaband Slide Upper,INS_08,boja odstupa,major,pass,inline,35,True
2026-02-11,L4,Crocs,Classic Clog Strap Assembly,INS_13,đon delaminacija,critical,scrap,inline,47,True
2025-04-09,L2,Nike,ZoomX Carbon Plate Insert,INS_01,dimenzija van tolerancije,minor,pass,final,26,True
2025-05-13,L3,Nike,Pegasus 3D Knit Collar,INS_14,dimenzija van tolerancije,major,scrap,inline,45,True
2026-01-09,L6,Decathlon,Quechua Hiking Upper,INS_10,boja odstupa,major,rework,final,76,True
2025-09-02,L2,Nike,Air Max Flyknit Upper,INS_08,materijal oštećen,critical,scrap,final,50,True
2025-04-21,L5,Decathlon,Kiprun Carbon Plate,INS_11,šav neravnomjeran,critical,scrap,inline,49,False
2025-06-04,L7,Crocs,LiteRide Insole Unit,INS_02,3D knit greška,major,scrap,final,56,False
2025-09-22,L3,Nike,Vaporfly Engineered Mesh,INS_01,dimenzija van tolerancije,minor,rework,inline,43,False
2025-05-06,L8,Crocs,Classic Clog Strap Assembly,INS_11,dimenzija van tolerancije,minor,rework,final,27,True
2025-10-27,L2,Crocs,Bayaband Slide Upper,INS_03,boja odstupa,minor,rework,inline,50,False
2026-01-20,L5,Decathlon,Kiprun Carbon Plate,INS_12,đon delaminacija,major,scrap,final,50,True
2025-05-23,L2,Decathlon,Kalenji Trail Sole Unit,INS_11,đon delaminacija,critical,scrap,customer_return,47,True
2025-06-13,L3,Nike,Dunk Low Textile Upper,INS_14,ljepilo vidljivo,minor,pass,final,60,True
2025-08-20,L7,Decathlon,Kiprun Carbon Plate,INS_13,boja odstupa,major,rework,inline,44,True
2026-02-02,L3,Nike,ZoomX Carbon Plate Insert,INS_11,šav neravnomjeran,minor,pass,final,26,True
2026-01-19,L1,Nike,Dunk Low Textile Upper,INS_14,šav neravnomjeran,major,rework,final,44,False
2025-12-29,L8,Decathlon,Kiprun Carbon Plate,INS_08,logo pozicija,minor,pass,final,40,False
2026-02-04,L1,Nike,Air Max Flyknit Upper,INS_03,ljepilo vidljivo,major,pass,incoming,50,True
2025-03-17,L5,Crocs,Classic Clog Strap Assembly,INS_13,boja odstupa,minor,pass,inline,43,True
2025-06-19,L5,Crocs,Bayaband Slide Upper,INS_05,ljepilo vidljivo,minor,rework,customer_return,39,True
2025-07-25,L2,Nike,Vaporfly Engineered Mesh,INS_01,boja odstupa,major,pass,customer_return,35,False
2026-01-29,L5,Crocs,Bayaband Slide Upper,INS_10,materijal oštećen,minor,rework,final,36,False
2026-02-12,L7,Decathlon,Kalenji Trail Sole Unit,INS_12,ljepilo vidljivo,minor,pass,final,38,True
2025-05-08,L2,Nike,Pegasus 3D Knit Collar,INS_11,boja odstupa,major,rework,final,40,False
2025-04-18,L1,Nike,Vaporfly Engineered Mesh,INS_04,šav neravnomjeran,minor,rework,final,30,False
2025-03-28,L1,Nike,Pegasus 3D Knit Collar,INS_12,dimenzija van tolerancije,major,rework,final,46,False
2025-11-14,L2,Nike,Dunk Low Textile Upper,INS_10,ljepilo vidljivo,minor,pass,inline,53,True
2025-09-02,L2,Nike,Air Max Flyknit Upper,INS_07,dimenzija van tolerancije,major,rework,inline,50,False
2026-02-12,L3,Nike,Dunk Low Textile Upper,INS_14,3D knit greška,major,pass,final,42,True
2025-05-21,L2,Nike,Air Max Flyknit Upper,INS_11,materijal oštećen,minor,pass,final,33,True
2025-05-06,L5,Crocs,LiteRide Insole Unit,INS_12,3D knit greška,major,rework,final,45,True
2025-05-19,L2,Nike,Pegasus 3D Knit Collar,INS_14,šav neravnomjeran,critical,scrap,inline,32,True
2025-05-08,L5,Decathlon,Quechua Hiking Upper,INS_14,boja odstupa,minor,pass,inline,39,True
2025-04-21,L8,Decathlon,Kiprun Carbon Plate,INS_05,materijal oštećen,major,rework,inline,56,True
2025-09-22,L7,Decathlon,Kalenji Trail Sole Unit,INS_03,šav neravnomjeran,major,rework,customer_return,31,True
2025-04-15,L5,Crocs,LiteRide Insole Unit,INS_07,materijal oštećen,major,rework,incoming,44,True
2026-02-17,L5,Crocs,Bayaband Slide Upper,INS_04,boja odstupa,major,scrap,incoming,49,True
2025-06-19,L8,Crocs,LiteRide Insole Unit,INS_13,3D knit greška,major,rework,final,42,False
2025-09-04,L7,Decathlon,Kiprun Carbon Plate,INS_02,dimenzija van tolerancije,major,scrap,inline,52,True
2025-06-09,L4,Crocs,Bayaband Slide Upper,INS_14,šav neravnomjeran,minor,pass,incoming,59,False
2025-04-25,L7,Crocs,Classic Clog Strap Assembly,INS_09,logo pozicija,minor,pass,inline,55,True
2025-03-26,L1,Nike,Dunk Low Textile Upper,INS_15,šav neravnomjeran,major,scrap,inline,53,False
2025-04-22,L2,Nike,Vaporfly Engineered Mesh,INS_07,boja odstupa,minor,scrap,final,39,False
2025-03-06,L3,Nike,Pegasus 3D Knit Collar,INS_02,materijal oštećen,minor,rework,final,36,True
2025-10-06,L4,Crocs,Bayaband Slide Upper,INS_04,šav neravnomjeran,major,scrap,inline,35,False
2025-11-27,L8,Nike,Pegasus 3D Knit Collar,INS_14,dimenzija van tolerancije,critical,scrap,inline,61,True
2025-11-25,L1,Nike,ZoomX Carbon Plate Insert,INS_15,boja odstupa,minor,pass,final,45,False
2025-03-31,L5,Crocs,LiteRide Insole Unit,INS_14,ljepilo vidljivo,minor,pass,final,56,True
2025-05-16,L3,Nike,Pegasus 3D Knit Collar,INS_06,boja odstupa,major,rework,final,46,False
2025-10-06,L1,Nike,Pegasus 3D Knit Collar,INS_09,šav neravnomjeran,minor,pass,incoming,47,True
2025-10-13,L3,Nike,Pegasus 3D Knit Collar,INS_07,ljepilo vidljivo,minor,pass,final,40,False
2025-09-15,L2,Nike,Air Max Flyknit Upper,INS_15,đon delaminacija,critical,scrap,final,44,True
2026-02-10,L6,Nike,Dunk Low Textile Upper,INS_07,ljepilo vidljivo,critical,rework,final,54,True
2025-12-02,L5,Nike,ZoomX Carbon Plate Insert,INS_05,ljepilo vidljivo,major,rework,incoming,20,True
2025-10-10,L1,Nike,ZoomX Carbon Plate Insert,INS_08,ljepilo vidljivo,major,rework,final,51,True
2025-05-28,L7,Nike,Vaporfly Engineered Mesh,INS_08,3D knit greška,minor,rework,inline,53,True
2025-03-04,L2,Nike,Pegasus 3D Knit Collar,INS_15,3D knit greška,minor,pass,final,46,True
2026-01-29,L2,Nike,Air Max Flyknit Upper,INS_10,ljepilo vidljivo,major,rework,inline,17,True
2026-01-29,L8,Nike,ZoomX Carbon Plate Insert,INS_04,dimenzija van tolerancije,major,scrap,final,56,True
2025-11-28,L5,Nike,Vaporfly Engineered Mesh,INS_06,ljepilo vidljivo,minor,pass,inline,34,True
2026-02-17,L1,Nike,ZoomX Carbon Plate Insert,INS_04,đon delaminacija,major,scrap,final,41,True
2025-06-03,L8,Crocs,LiteRide Insole Unit,INS_08,ljepilo vidljivo,minor,pass,customer_return,40,False
2025-07-01,L8,Crocs,Bayaband Slide Upper,INS_05,boja odstupa,major,scrap,inline,59,True
2025-08-11,L1,Nike,Dunk Low Textile Upper,INS_02,šav neravnomjeran,major,rework,final,54,False
2025-09-05,L5,Crocs,Classic Clog Strap Assembly,INS_05,šav neravnomjeran,minor,rework,inline,45,True
2025-09-26,L4,Crocs,Bayaband Slide Upper,INS_10,šav neravnomjeran,minor,pass,final,55,False
2025-06-05,L3,Nike,ZoomX Carbon Plate Insert,INS_07,dimenzija van tolerancije,critical,scrap,inline,60,False
2025-05-15,L2,Nike,Air Max Flyknit Upper,INS_01,boja odstupa,major,scrap,inline,35,True
2026-01-20,L3,Nike,Vaporfly Engineered Mesh,INS_11,šav neravnomjeran,minor,pass,customer_return,51,False
2025-09-09,L8,Nike,Vaporfly Engineered Mesh,INS_09,ljepilo vidljivo,major,pass,final,61,True
2025-04-23,L8,Nike,Air Max Flyknit Upper,INS_13,boja odstupa,major,scrap,inline,63,True
2026-01-30,L5,Crocs,Bayaband Slide Upper,INS_06,šav neravnomjeran,minor,rework,customer_return,31,True
2025-04-15,L3,Nike,Vaporfly Engineered Mesh,INS_11,šav neravnomjeran,major,scrap,inline,53,True
2025-05-27,L2,Nike,Pegasus 3D Knit Collar,INS_03,šav neravnomjeran,minor,pass,final,47,True
2025-07-03,L8,Nike,Air Max Flyknit Upper,INS_14,ljepilo vidljivo,minor,pass,inline,41,False
2026-01-23,L6,Decathlon,Kalenji Trail Sole Unit,INS_14,đon delaminacija,critical,scrap,inline,41,True
2025-09-12,L3,Crocs,Bayaband Slide Upper,INS_06,šav neravnomjeran,major,rework,final,45,False
2025-10-10,L8,Nike,Air Max Flyknit Upper,INS_11,3D knit greška,major,rework,final,44,False
2025-11-06,L2,Nike,Air Max Flyknit Upper,INS_15,3D knit greška,critical,scrap,incoming,37,False
2025-09-09,L1,Crocs,Bayaband Slide Upper,INS_01,dimenzija van tolerancije,major,rework,inline,75,True
2025-12-02,L2,Nike,ZoomX Carbon Plate Insert,INS_12,ljepilo vidljivo,major,pass,inline,44,True
2025-05-07,L1,Nike,Pegasus 3D Knit Collar,INS_01,đon delaminacija,critical,scrap,final,28,True
2025-10-24,L4,Crocs,LiteRide Insole Unit,INS_09,boja odstupa,major,rework,final,35,False
2025-03-28,L2,Nike,ZoomX Carbon Plate Insert,INS_15,materijal oštećen,major,rework,final,44,True
2025-04-07,L2,Nike,ZoomX Carbon Plate Insert,INS_15,boja odstupa,minor,rework,final,50,True
2025-10-31,L1,Nike,Pegasus 3D Knit Collar,INS_06,ljepilo vidljivo,major,scrap,inline,53,False
2025-06-20,L2,Nike,Vaporfly Engineered Mesh,INS_06,šav neravnomjeran,major,scrap,inline,67,True
2025-04-10,L5,Nike,Pegasus 3D Knit Collar,INS_12,materijal oštećen,minor,pass,final,42,True
2025-11-25,L1,Nike,ZoomX Carbon Plate Insert,INS_13,ljepilo vidljivo,minor,pass,final,14,True
2025-11-14,L5,Crocs,LiteRide Insole Unit,INS_15,dimenzija van tolerancije,major,rework,final,44,True
2025-10-15,L1,Nike,Dunk Low Textile Upper,INS_14,ljepilo vidljivo,minor,pass,customer_return,55,True
2025-09-19,L7,Crocs,Classic Clog Strap Assembly,INS_10,boja odstupa,major,rework,final,49,True
2025-03-13,L2,Nike,Vaporfly Engineered Mesh,INS_04,šav neravnomjeran,minor,pass,incoming,44,True
2025-08-27,L1,Nike,ZoomX Carbon Plate Insert,INS_05,ljepilo vidljivo,minor,pass,inline,56,False
2025-06-03,L6,Nike,Pegasus 3D Knit Collar,INS_03,3D knit greška,major,scrap,final,45,False
2025-07-22,L8,Nike,ZoomX Carbon Plate Insert,INS_05,boja odstupa,major,pass,inline,35,True
2025-09-02,L2,Nike,Air Max Flyknit Upper,INS_14,šav neravnomjeran,major,rework,final,68,True
2025-11-07,L6,Crocs,Bayaband Slide Upper,INS_02,ljepilo vidljivo,minor,pass,final,37,True
2025-10-02,L8,Nike,Air Max Flyknit Upper,INS_06,boja odstupa,minor,pass,final,50,True
2025-08-08,L7,Decathlon,Kalenji Trail Sole Unit,INS_06,materijal oštećen,major,scrap,inline,52,False
2025-09-26,L3,Nike,ZoomX Carbon Plate Insert,INS_05,boja odstupa,major,scrap,final,64,True
2025-07-30,L7,Decathlon,Kalenji Trail Sole Unit,INS_15,logo pozicija,major,rework,final,48,True
2025-05-26,L6,Decathlon,Quechua Hiking Upper,INS_01,materijal oštećen,major,rework,inline,31,False
2026-01-08,L2,Nike,Dunk Low Textile Upper,INS_02,ljepilo vidljivo,minor,pass,customer_return,38,False
2025-08-01,L7,Decathlon,Kiprun Carbon Plate,INS_05,šav neravnomjeran,minor,pass,final,35,False
2026-01-07,L6,Decathlon,Kalenji Trail Sole Unit,INS_04,šav neravnomjeran,major,rework,inline,58,False
2025-03-05,L8,Crocs,LiteRide Insole Unit,INS_13,šav neravnomjeran,minor,pass,final,56,True
2025-09-12,L7,Decathlon,Quechua Hiking Upper,INS_06,logo pozicija,minor,pass,customer_return,40,False
2026-01-09,L5,Crocs,LiteRide Insole Unit,INS_12,boja odstupa,major,scrap,final,55,True
2026-02-19,L1,Nike,ZoomX Carbon Plate Insert,INS_12,boja odstupa,major,scrap,inline,70,False
2025-04-30,L4,Crocs,LiteRide Insole Unit,INS_01,đon delaminacija,major,pass,final,58,False
2025-04-30,L8,Nike,Dunk Low Textile Upper,INS_02,šav neravnomjeran,major,rework,inline,24,True
2025-05-27,L8,Nike,Vaporfly Engineered Mesh,INS_08,ljepilo vidljivo,major,pass,inline,54,True
2025-12-03,L6,Decathlon,Quechua Hiking Upper,INS_02,boja odstupa,minor,pass,inline,57,True
2025-03-10,L2,Nike,Vaporfly Engineered Mesh,INS_10,đon delaminacija,major,rework,final,45,False
2025-12-19,L3,Nike,Air Max Flyknit Upper,INS_13,ljepilo vidljivo,minor,pass,final,28,False
2025-11-13,L5,Nike,ZoomX Carbon Plate Insert,INS_07,3D knit greška,critical,scrap,inline,51,True
2025-03-24,L1,Nike,Vaporfly Engineered Mesh,INS_04,šav neravnomjeran,major,rework,final,40,False
2025-05-23,L7,Decathlon,Kalenji Trail Sole Unit,INS_02,materijal oštećen,major,rework,final,56,True
2025-10-30,L1,Nike,ZoomX Carbon Plate Insert,INS_15,šav neravnomjeran,minor,pass,final,46,True
2025-09-04,L3,Nike,ZoomX Carbon Plate Insert,INS_09,materijal oštećen,major,pass,inline,70,True
2026-02-13,L2,Nike,Air Max Flyknit Upper,INS_01,dimenzija van tolerancije,critical,scrap,final,48,True
2025-10-01,L6,Nike,Vaporfly Engineered Mesh,INS_02,materijal oštećen,major,rework,inline,41,True
2025-11-04,L1,Nike,Pegasus 3D Knit Collar,INS_03,materijal oštećen,minor,rework,inline,37,True
2026-02-20,L3,Nike,ZoomX Carbon Plate Insert,INS_08,boja odstupa,minor,pass,inline,46,False
2025-06-04,L6,Decathlon,Kiprun Carbon Plate,INS_10,šav neravnomjeran,minor,rework,incoming,46,True
2025-09-17,L3,Crocs,Classic Clog Strap Assembly,INS_10,šav neravnomjeran,minor,pass,inline,43,True
2025-03-04,L2,Nike,Pegasus 3D Knit Collar,INS_01,materijal oštećen,major,rework,inline,32,True
2025-03-20,L3,Nike,Air Max Flyknit Upper,INS_12,3D knit greška,minor,rework,final,35,False
2025-04-02,L1,Nike,Dunk Low Textile Upper,INS_13,đon delaminacija,minor,pass,incoming,37,True
2025-08-21,L4,Nike,Air Max Flyknit Upper,INS_03,boja odstupa,minor,pass,inline,41,True
2025-05-14,L3,Nike,Dunk Low Textile Upper,INS_08,materijal oštećen,major,rework,final,52,False
2025-06-09,L5,Crocs,Classic Clog Strap Assembly,INS_03,materijal oštećen,major,scrap,final,29,False
2025-03-20,L6,Decathlon,Quechua Hiking Upper,INS_09,ljepilo vidljivo,major,scrap,incoming,34,False
2026-02-12,L7,Decathlon,Kalenji Trail Sole Unit,INS_11,materijal oštećen,major,scrap,inline,55,True
2025-10-13,L4,Decathlon,Quechua Hiking Upper,INS_04,ljepilo vidljivo,minor,pass,inline,54,True
2025-03-06,L8,Nike,Vaporfly Engineered Mesh,INS_13,šav neravnomjeran,major,scrap,inline,39,False
2025-05-27,L8,Nike,Vaporfly Engineered Mesh,INS_12,3D knit greška,major,rework,final,37,True
2025-12-16,L4,Crocs,Bayaband Slide Upper,INS_07,šav neravnomjeran,major,rework,final,26,False
2025-03-27,L1,Nike,ZoomX Carbon Plate Insert,INS_08,3D knit greška,major,pass,customer_return,48,True
2025-04-22,L6,Decathlon,Kalenji Trail Sole Unit,INS_04,ljepilo vidljivo,major,rework,incoming,44,True
2025-12-18,L3,Nike,ZoomX Carbon Plate Insert,INS_02,ljepilo vidljivo,minor,rework,inline,59,False
2025-07-18,L3,Nike,Dunk Low Textile Upper,INS_10,dimenzija van tolerancije,major,rework,final,55,False
2026-02-02,L1,Nike,ZoomX Carbon Plate Insert,INS_05,đon delaminacija,major,rework,final,39,True
2026-02-20,L5,Crocs,LiteRide Insole Unit,INS_13,ljepilo vidljivo,major,rework,final,26,False
2025-08-22,L8,Nike,Dunk Low Textile Upper,INS_01,3D knit greška,major,scrap,final,36,False
2025-11-11,L2,Nike,Air Max Flyknit Upper,INS_09,đon delaminacija,critical,scrap,final,43,True
2025-09-05,L4,Crocs,Classic Clog Strap Assembly,INS_12,3D knit greška,major,rework,final,37,True
2025-08-07,L2,Nike,Vaporfly Engineered Mesh,INS_09,boja odstupa,minor,pass,final,37,True
2026-02-04,L6,Decathlon,Kiprun Carbon Plate,INS_04,đon delaminacija,major,scrap,final,47,False
2025-10-29,L7,Nike,Dunk Low Textile Upper,INS_09,boja odstupa,critical,scrap,inline,28,False
2025-11-07,L2,Nike,Air Max Flyknit Upper,INS_07,šav neravnomjeran,major,rework,incoming,50,True
2025-05-02,L1,Nike,Vaporfly Engineered Mesh,INS_09,dimenzija van tolerancije,minor,pass,inline,39,False
2025-05-23,L3,Nike,Air Max Flyknit Upper,INS_04,3D knit greška,major,scrap,inline,31,False
2026-01-20,L1,Nike,Dunk Low Textile Upper,INS_03,3D knit greška,major,rework,final,40,True
2025-10-13,L8,Crocs,Classic Clog Strap Assembly,INS_05,đon delaminacija,critical,scrap,inline,45,False
2025-08-19,L1,Nike,Air Max Flyknit Upper,INS_01,šav neravnomjeran,major,scrap,final,31,True
2025-12-25,L2,Nike,ZoomX Carbon Plate Insert,INS_09,logo pozicija,minor,pass,final,35,False
2025-09-02,L2,Nike,Air Max Flyknit Upper,INS_09,ljepilo vidljivo,minor,pass,final,33,True
2025-05-16,L2,Nike,Pegasus 3D Knit Collar,INS_08,materijal oštećen,major,rework,final,32,True
2025-05-28,L4,Crocs,Classic Clog Strap Assembly,INS_15,3D knit greška,major,scrap,incoming,46,False
2025-03-20,L1,Nike,Air Max Flyknit Upper,INS_08,šav neravnomjeran,minor,pass,final,35,False
2025-05-12,L2,Nike,Vaporfly Engineered Mesh,INS_13,logo pozicija,minor,pass,incoming,42,False
2025-09-25,L7,Nike,ZoomX Carbon Plate Insert,INS_15,ljepilo vidljivo,minor,rework,inline,50,True
2025-07-01,L8,Decathlon,Quechua Hiking Upper,INS_14,materijal oštećen,major,rework,inline,56,True
2025-04-10,L3,Nike,Vaporfly Engineered Mesh,INS_07,dimenzija van tolerancije,critical,scrap,final,74,True
2025-09-17,L7,Decathlon,Kalenji Trail Sole Unit,INS_06,đon delaminacija,critical,rework,inline,71,False
2025-04-18,L5,Crocs,LiteRide Insole Unit,INS_09,logo pozicija,critical,scrap,incoming,38,True
2025-06-11,L3,Nike,ZoomX Carbon Plate Insert,INS_07,3D knit greška,minor,pass,inline,52,False
2025-07-18,L2,Nike,Pegasus 3D Knit Collar,INS_06,đon delaminacija,major,rework,final,50,False
2025-09-08,L8,Nike,Dunk Low Textile Upper,INS_04,boja odstupa,minor,pass,inline,47,False
2025-10-20,L2,Nike,Vaporfly Engineered Mesh,INS_14,materijal oštećen,minor,pass,final,41,False
2025-09-12,L1,Nike,Air Max Flyknit Upper,INS_04,logo pozicija,minor,pass,inline,50,True
2025-04-10,L5,Nike,ZoomX Carbon Plate Insert,INS_14,boja odstupa,major,rework,final,39,False
2025-11-18,L4,Crocs,Classic Clog Strap Assembly,INS_08,šav neravnomjeran,major,pass,inline,55,True
2025-06-18,L8,Decathlon,Kiprun Carbon Plate,INS_01,boja odstupa,minor,pass,final,42,False
2026-02-04,L4,Crocs,LiteRide Insole Unit,INS_15,šav neravnomjeran,critical,scrap,final,42,True
2025-09-22,L4,Crocs,LiteRide Insole Unit,INS_09,3D knit greška,major,pass,final,59,True
2025-11-18,L1,Nike,Pegasus 3D Knit Collar,INS_04,ljepilo vidljivo,minor,pass,customer_return,35,True
2025-08-21,L2,Nike,ZoomX Carbon Plate Insert,INS_04,dimenzija van tolerancije,minor,pass,final,43,False
2025-04-02,L3,Nike,ZoomX Carbon Plate Insert,INS_02,ljepilo vidljivo,major,rework,inline,39,True
2025-11-21,L5,Decathlon,Quechua Hiking Upper,INS_09,boja odstupa,major,rework,inline,44,False
2025-11-19,L5,Crocs,LiteRide Insole Unit,INS_04,šav neravnomjeran,major,scrap,final,55,False
2025-04-28,L5,Crocs,Classic Clog Strap Assembly,INS_11,šav neravnomjeran,major,scrap,final,41,True
2025-09-18,L7,Decathlon,Quechua Hiking Upper,INS_10,ljepilo vidljivo,major,scrap,inline,36,False
2025-12-15,L2,Nike,Air Max Flyknit Upper,INS_06,3D knit greška,minor,scrap,inline,28,False
2025-05-14,L1,Nike,Air Max Flyknit Upper,INS_02,3D knit greška,minor,pass,final,50,True
2025-12-23,L8,Crocs,Bayaband Slide Upper,INS_03,materijal oštećen,major,rework,final,40,False
2025-06-10,L5,Decathlon,Kiprun Carbon Plate,INS_05,šav neravnomjeran,minor,rework,inline,38,True
2025-10-10,L3,Nike,Vaporfly Engineered Mesh,INS_05,boja odstupa,minor,pass,inline,27,False
2025-12-17,L8,Nike,Air Max Flyknit Upper,INS_08,ljepilo vidljivo,minor,scrap,inline,48,True
2025-06-11,L1,Nike,ZoomX Carbon Plate Insert,INS_15,materijal oštećen,critical,scrap,final,29,False
2025-10-17,L1,Nike,Dunk Low Textile Upper,INS_13,ljepilo vidljivo,major,rework,final,35,True
2025-09-11,L4,Crocs,Bayaband Slide Upper,INS_09,logo pozicija,minor,rework,final,58,True
2025-08-12,L5,Crocs,Classic Clog Strap Assembly,INS_05,boja odstupa,minor,pass,final,35,False
2025-03-27,L3,Nike,ZoomX Carbon Plate Insert,INS_13,dimenzija van tolerancije,major,rework,incoming,23,True
2025-06-30,L2,Nike,Pegasus 3D Knit Collar,INS_15,šav neravnomjeran,minor,pass,customer_return,33,True
2025-09-03,L7,Nike,Vaporfly Engineered Mesh,INS_06,ljepilo vidljivo,major,scrap,inline,47,False
2025-03-20,L8,Nike,Vaporfly Engineered Mesh,INS_13,materijal oštećen,major,rework,final,47,True
2025-07-25,L2,Nike,Air Max Flyknit Upper,INS_02,ljepilo vidljivo,minor,pass,inline,40,True
2025-07-21,L3,Nike,Dunk Low Textile Upper,INS_10,šav neravnomjeran,minor,pass,final,47,False
2025-06-16,L4,Decathlon,Quechua Hiking Upper,INS_12,materijal oštećen,major,rework,final,64,False
2025-11-10,L8,Crocs,Bayaband Slide Upper,INS_01,ljepilo vidljivo,major,rework,final,26,True
2025-10-10,L1,Nike,Air Max Flyknit Upper,INS_07,boja odstupa,minor,pass,incoming,44,False
2025-09-29,L6,Decathlon,Kiprun Carbon Plate,INS_01,boja odstupa,major,scrap,final,45,True
2025-07-22,L1,Nike,Vaporfly Engineered Mesh,INS_12,ljepilo vidljivo,major,rework,inline,58,False
2026-02-16,L2,Nike,Pegasus 3D Knit Collar,INS_03,materijal oštećen,critical,scrap,inline,66,True
2025-04-22,L1,Nike,Dunk Low Textile Upper,INS_10,materijal oštećen,minor,pass,final,56,True
2025-11-21,L5,Decathlon,Kalenji Trail Sole Unit,INS_09,đon delaminacija,major,scrap,inline,44,False
2025-12-31,L1,Nike,Dunk Low Textile Upper,INS_14,šav neravnomjeran,critical,scrap,final,74,False
2025-12-24,L1,Decathlon,Quechua Hiking Upper,INS_06,ljepilo vidljivo,major,rework,final,44,False
2025-09-05,L7,Decathlon,Kalenji Trail Sole Unit,INS_08,logo pozicija,minor,pass,inline,44,False
2025-03-05,L1,Nike,Dunk Low Textile Upper,INS_09,boja odstupa,critical,scrap,final,32,True
2025-06-17,L6,Decathlon,Kiprun Carbon Plate,INS_12,logo pozicija,minor,pass,customer_return,30,True
2025-05-15,L6,Decathlon,Kalenji Trail Sole Unit,INS_02,dimenzija van tolerancije,major,rework,final,53,True
2026-02-20,L8,Nike,Dunk Low Textile Upper,INS_10,dimenzija van tolerancije,major,scrap,final,52,False
2025-12-25,L7,Decathlon,Quechua Hiking Upper,INS_03,ljepilo vidljivo,major,scrap,customer_return,51,True
2025-09-11,L2,Nike,Dunk Low Textile Upper,INS_15,dimenzija van tolerancije,minor,pass,inline,47,False
2025-10-14,L6,Decathlon,Quechua Hiking Upper,INS_01,boja odstupa,major,rework,inline,43,False
2025-06-23,L3,Crocs,Bayaband Slide Upper,INS_09,logo pozicija,minor,rework,inline,29,False
2025-08-13,L3,Nike,Vaporfly Engineered Mesh,INS_06,materijal oštećen,critical,scrap,incoming,47,False
2026-02-02,L5,Nike,Vaporfly Engineered Mesh,INS_10,šav neravnomjeran,major,scrap,inline,46,True
2025-09-09,L1,Crocs,Bayaband Slide Upper,INS_14,ljepilo vidljivo,major,rework,incoming,43,True
2025-05-13,L2,Crocs,LiteRide Insole Unit,INS_05,ljepilo vidljivo,major,rework,final,56,True
2025-09-15,L2,Nike,Air Max Flyknit Upper,INS_15,3D knit greška,minor,pass,inline,58,False
2025-03-07,L5,Crocs,LiteRide Insole Unit,INS_12,materijal oštećen,critical,scrap,customer_return,32,True
2025-10-29,L7,Decathlon,Quechua Hiking Upper,INS_06,materijal oštećen,major,rework,final,36,True
2025-12-12,L1,Nike,Vaporfly Engineered Mesh,INS_06,logo pozicija,minor,rework,customer_return,35,False
2025-06-27,L6,Decathlon,Kalenji Trail Sole Unit,INS_02,logo pozicija,minor,pass,incoming,29,True
2025-10-06,L3,Nike,Pegasus 3D Knit Collar,INS_11,ljepilo vidljivo,major,rework,customer_return,45,True
2025-03-21,L8,Nike,ZoomX Carbon Plate Insert,INS_13,dimenzija van tolerancije,major,rework,inline,48,False
2026-02-11,L6,Nike,Vaporfly Engineered Mesh,INS_09,đon delaminacija,major,rework,final,66,True
2025-12-15,L8,Crocs,LiteRide Insole Unit,INS_14,dimenzija van tolerancije,major,rework,inline,54,True
2025-08-25,L8,Nike,ZoomX Carbon Plate Insert,INS_08,dimenzija van tolerancije,critical,scrap,customer_return,45,True
2025-04-24,L1,Nike,ZoomX Carbon Plate Insert,INS_10,materijal oštećen,minor,pass,inline,27,False
2025-09-30,L1,Nike,Dunk Low Textile Upper,INS_09,ljepilo vidljivo,minor,pass,inline,37,False
2025-12-02,L5,Crocs,Bayaband Slide Upper,INS_02,materijal oštećen,major,rework,inline,57,True
2025-08-06,L1,Nike,Pegasus 3D Knit Collar,INS_06,materijal oštećen,critical,scrap,incoming,35,True
2025-10-02,L5,Crocs,LiteRide Insole Unit,INS_05,logo pozicija,minor,pass,final,32,True
2025-05-14,L6,Decathlon,Kiprun Carbon Plate,INS_15,ljepilo vidljivo,minor,rework,final,39,True
2026-01-15,L1,Nike,Dunk Low Textile Upper,INS_10,šav neravnomjeran,major,pass,final,54,True
2025-05-07,L3,Crocs,Bayaband Slide Upper,INS_11,đon delaminacija,critical,scrap,final,32,False
2025-12-31,L4,Nike,Air Max Flyknit Upper,INS_02,materijal oštećen,major,scrap,customer_return,60,True
2025-10-23,L3,Nike,Pegasus 3D Knit Collar,INS_07,ljepilo vidljivo,minor,pass,final,57,False
2025-03-03,L1,Nike,Pegasus 3D Knit Collar,INS_12,boja odstupa,major,rework,incoming,49,False
2025-09-19,L4,Nike,Air Max Flyknit Upper,INS_02,ljepilo vidljivo,major,scrap,inline,31,True
2025-05-05,L8,Nike,Dunk Low Textile Upper,INS_01,đon delaminacija,major,pass,inline,35,True
2026-02-05,L4,Crocs,LiteRide Insole Unit,INS_12,materijal oštećen,major,scrap,final,34,False
2025-04-08,L7,Nike,Dunk Low Textile Upper,INS_03,boja odstupa,minor,pass,final,31,False
2025-07-31,L1,Nike,Vaporfly Engineered Mesh,INS_07,dimenzija van tolerancije,major,pass,inline,28,False
2025-09-01,L1,Nike,ZoomX Carbon Plate Insert,INS_11,materijal oštećen,major,rework,final,44,True
2025-03-07,L4,Crocs,LiteRide Insole Unit,INS_04,boja odstupa,major,pass,final,29,True
2025-03-21,L6,Decathlon,Quechua Hiking Upper,INS_09,šav neravnomjeran,minor,pass,inline,45,False
2025-04-09,L1,Nike,Dunk Low Textile Upper,INS_03,boja odstupa,major,pass,customer_return,61,True
2025-03-27,L3,Nike,ZoomX Carbon Plate Insert,INS_12,boja odstupa,minor,rework,final,49,True
2025-07-02,L6,Decathlon,Kiprun Carbon Plate,INS_01,materijal oštećen,major,rework,final,43,True
2025-03-14,L3,Nike,Vaporfly Engineered Mesh,INS_12,dimenzija van tolerancije,critical,scrap,final,79,True
2025-06-27,L4,Crocs,Classic Clog Strap Assembly,INS_07,3D knit greška,major,rework,inline,36,False
2025-07-21,L1,Nike,Air Max Flyknit Upper,INS_15,ljepilo vidljivo,minor,pass,final,29,False
2025-06-06,L2,Nike,Vaporfly Engineered Mesh,INS_07,šav neravnomjeran,minor,rework,inline,34,True
2025-03-27,L2,Nike,Dunk Low Textile Upper,INS_01,ljepilo vidljivo,minor,pass,inline,66,True
2025-05-09,L1,Nike,Vaporfly Engineered Mesh,INS_07,3D knit greška,major,scrap,inline,34,True
2025-04-10,L8,Crocs,Bayaband Slide Upper,INS_09,materijal oštećen,major,rework,incoming,50,False
2025-07-11,L7,Decathlon,Quechua Hiking Upper,INS_08,šav neravnomjeran,major,pass,final,45,True
2025-11-12,L4,Crocs,Classic Clog Strap Assembly,INS_02,3D knit greška,major,scrap,inline,54,False
2025-06-05,L1,Nike,Vaporfly Engineered Mesh,INS_02,šav neravnomjeran,minor,rework,inline,52,False
2025-04-30,L4,Crocs,LiteRide Insole Unit,INS_01,ljepilo vidljivo,major,rework,final,44,True
2025-07-07,L4,Crocs,LiteRide Insole Unit,INS_10,đon delaminacija,minor,pass,final,37,False
2025-04-02,L5,Crocs,Bayaband Slide Upper,INS_07,materijal oštećen,critical,rework,final,41,False
2025-10-28,L8,Nike,Air Max Flyknit Upper,INS_10,šav neravnomjeran,critical,scrap,final,45,False
2025-06-25,L2,Nike,Pegasus 3D Knit Collar,INS_14,boja odstupa,major,rework,final,54,True
2025-09-11,L8,Crocs,Bayaband Slide Upper,INS_08,šav neravnomjeran,major,rework,inline,40,False
2025-10-02,L8,Crocs,LiteRide Insole Unit,INS_02,šav neravnomjeran,minor,scrap,inline,35,True
2025-06-10,L5,Crocs,Classic Clog Strap Assembly,INS_07,šav neravnomjeran,minor,pass,final,45,False
2025-11-26,L2,Nike,ZoomX Carbon Plate Insert,INS_15,šav neravnomjeran,minor,pass,final,30,True
2025-10-29,L8,Nike,Air Max Flyknit Upper,INS_10,dimenzija van tolerancije,major,rework,final,53,True
2025-10-01,L5,Crocs,Bayaband Slide Upper,INS_10,ljepilo vidljivo,critical,scrap,final,31,False
2025-08-06,L6,Decathlon,Kalenji Trail Sole Unit,INS_10,dimenzija van tolerancije,major,rework,inline,16,True
2025-12-30,L2,Nike,Air Max Flyknit Upper,INS_14,šav neravnomjeran,minor,pass,final,34,True
2025-09-29,L1,Nike,ZoomX Carbon Plate Insert,INS_15,materijal oštećen,major,rework,final,44,False
2025-06-12,L6,Crocs,Bayaband Slide Upper,INS_04,dimenzija van tolerancije,major,rework,inline,28,False
2025-03-26,L1,Nike,Dunk Low Textile Upper,INS_07,logo pozicija,minor,pass,customer_return,49,True
2025-09-02,L2,Nike,Air Max Flyknit Upper,INS_08,šav neravnomjeran,minor,pass,final,75,True
2025-03-19,L4,Nike,Vaporfly Engineered Mesh,INS_15,šav neravnomjeran,critical,scrap,final,55,True
2026-01-01,L1,Nike,Vaporfly Engineered Mesh,INS_01,materijal oštećen,minor,pass,inline,47,True
2025-04-07,L6,Decathlon,Kiprun Carbon Plate,INS_11,boja odstupa,major,pass,final,42,False
2025-03-05,L6,Crocs,Classic Clog Strap Assembly,INS_08,dimenzija van tolerancije,critical,scrap,final,52,False
2025-10-14,L2,Nike,ZoomX Carbon Plate Insert,INS_09,boja odstupa,minor,pass,inline,40,True
2025-10-31,L3,Nike,Pegasus 3D Knit Collar,INS_09,materijal oštećen,major,pass,inline,61,True
2025-10-31,L4,Crocs,LiteRide Insole Unit,INS_07,boja odstupa,minor,pass,final,44,False
2025-06-09,L1,Nike,Air Max Flyknit Upper,INS_03,šav neravnomjeran,major,scrap,customer_return,49,True
2026-02-26,L1,Nike,Air Max Flyknit Upper,INS_10,3D knit greška,minor,pass,inline,54,True
2025-11-19,L2,Nike,Dunk Low Textile Upper,INS_15,šav neravnomjeran,major,rework,final,29,True
2025-03-07,L2,Nike,ZoomX Carbon Plate Insert,INS_05,dimenzija van tolerancije,major,pass,inline,30,True
2025-04-21,L1,Crocs,LiteRide Insole Unit,INS_06,3D knit greška,major,rework,final,55,True
2025-04-10,L2,Nike,Vaporfly Engineered Mesh,INS_14,šav neravnomjeran,major,rework,final,40,False
2025-09-23,L5,Crocs,Bayaband Slide Upper,INS_08,ljepilo vidljivo,minor,pass,inline,52,True
2025-04-17,L6,Decathlon,Kalenji Trail Sole Unit,INS_13,3D knit greška,major,rework,inline,69,True
2025-06-10,L5,Crocs,Classic Clog Strap Assembly,INS_10,ljepilo vidljivo,minor,rework,final,59,True
2025-04-23,L3,Nike,Dunk Low Textile Upper,INS_06,šav neravnomjeran,minor,pass,inline,33,True
2025-07-15,L8,Nike,Pegasus 3D Knit Collar,INS_01,boja odstupa,minor,pass,final,38,False
2026-01-14,L3,Nike,ZoomX Carbon Plate Insert,INS_13,materijal oštećen,major,rework,final,73,True
2025-10-08,L1,Nike,Dunk Low Textile Upper,INS_04,boja odstupa,major,rework,inline,42,True
2025-08-12,L2,Nike,Air Max Flyknit Upper,INS_10,logo pozicija,minor,rework,final,46,True
2025-05-02,L1,Nike,Vaporfly Engineered Mesh,INS_02,materijal oštećen,critical,scrap,incoming,48,True
2025-11-13,L7,Nike,Air Max Flyknit Upper,INS_09,šav neravnomjeran,minor,pass,final,53,True
2025-05-01,L8,Decathlon,Kalenji Trail Sole Unit,INS_10,boja odstupa,minor,rework,customer_return,59,True
2025-06-19,L6,Decathlon,Kiprun Carbon Plate,INS_14,materijal oštećen,minor,pass,inline,51,False
2025-12-19,L3,Crocs,LiteRide Insole Unit,INS_05,logo pozicija,critical,scrap,final,43,False
2025-04-07,L5,Nike,ZoomX Carbon Plate Insert,INS_07,boja odstupa,critical,scrap,inline,40,True
2025-04-22,L5,Crocs,Bayaband Slide Upper,INS_12,ljepilo vidljivo,major,rework,final,64,True
2025-04-25,L1,Nike,Dunk Low Textile Upper,INS_04,logo pozicija,minor,pass,inline,62,True
2025-06-04,L2,Nike,ZoomX Carbon Plate Insert,INS_12,šav neravnomjeran,critical,scrap,final,26,True
2025-04-04,L3,Nike,Vaporfly Engineered Mesh,INS_07,đon delaminacija,minor,pass,final,43,True
2025-09-02,L2,Nike,Air Max Flyknit Upper,INS_10,logo pozicija,minor,pass,inline,34,True
2026-02-17,L1,Nike,Pegasus 3D Knit Collar,INS_07,boja odstupa,major,rework,inline,48,True
2025-04-21,L5,Crocs,Bayaband Slide Upper,INS_12,dimenzija van tolerancije,minor,pass,final,52,False
2025-11-10,L6,Decathlon,Quechua Hiking Upper,INS_09,dimenzija van tolerancije,minor,rework,final,54,False
2026-02-26,L8,Nike,Pegasus 3D Knit Collar,INS_13,3D knit greška,major,rework,final,46,True
2025-12-30,L1,Nike,ZoomX Carbon Plate Insert,INS_15,materijal oštećen,minor,pass,final,37,True
2025-10-30,L6,Decathlon,Kiprun Carbon Plate,INS_10,šav neravnomjeran,major,rework,inline,48,False
2025-04-10,L1,Nike,Air Max Flyknit Upper,INS_09,dimenzija van tolerancije,major,scrap,final,54,False
2025-05-12,L3,Nike,Pegasus 3D Knit Collar,INS_10,šav neravnomjeran,major,rework,incoming,44,False
2025-04-08,L7,Nike,Dunk Low Textile Upper,INS_08,ljepilo vidljivo,minor,rework,final,58,True
2025-08-07,L1,Nike,ZoomX Carbon Plate Insert,INS_13,ljepilo vidljivo,major,pass,final,58,False
2025-04-24,L6,Decathlon,Quechua Hiking Upper,INS_11,ljepilo vidljivo,minor,pass,inline,23,False
2025-11-13,L1,Nike,Pegasus 3D Knit Collar,INS_01,3D knit greška,minor,pass,customer_return,40,False
2025-11-21,L2,Nike,Pegasus 3D Knit Collar,INS_03,šav neravnomjeran,minor,pass,inline,51,False
2025-03-31,L1,Nike,Dunk Low Textile Upper,INS_10,đon delaminacija,minor,pass,customer_return,49,True
2025-10-22,L3,Nike,ZoomX Carbon Plate Insert,INS_02,šav neravnomjeran,critical,scrap,final,32,True
2026-02-20,L6,Crocs,LiteRide Insole Unit,INS_02,boja odstupa,minor,pass,inline,51,True
2025-05-23,L5,Nike,Vaporfly Engineered Mesh,INS_09,šav neravnomjeran,minor,pass,customer_return,57,True
2025-10-20,L1,Nike,ZoomX Carbon Plate Insert,INS_08,dimenzija van tolerancije,minor,pass,final,67,False
2025-11-04,L8,Nike,Vaporfly Engineered Mesh,INS_08,boja odstupa,critical,scrap,final,32,True
2025-05-13,L1,Nike,ZoomX Carbon Plate Insert,INS_01,šav neravnomjeran,major,rework,final,49,False
2025-11-13,L2,Nike,Dunk Low Textile Upper,INS_14,materijal oštećen,minor,pass,customer_return,46,False
2025-03-10,L2,Nike,Vaporfly Engineered Mesh,INS_09,šav neravnomjeran,minor,scrap,inline,43,True
2025-06-02,L6,Decathlon,Kiprun Carbon Plate,INS_08,dimenzija van tolerancije,major,rework,incoming,44,True
2025-07-01,L8,Crocs,Bayaband Slide Upper,INS_06,materijal oštećen,major,scrap,inline,42,True
2025-10-24,L2,Nike,ZoomX Carbon Plate Insert,INS_06,dimenzija van tolerancije,major,scrap,final,69,True
2025-05-30,L1,Nike,ZoomX Carbon Plate Insert,INS_13,materijal oštećen,major,scrap,final,47,True
2025-06-20,L1,Nike,ZoomX Carbon Plate Insert,INS_05,dimenzija van tolerancije,critical,scrap,inline,42,True
2025-12-19,L3,Crocs,LiteRide Insole Unit,INS_04,materijal oštećen,critical,rework,final,71,True
2026-02-17,L3,Nike,Dunk Low Textile Upper,INS_14,materijal oštećen,major,scrap,inline,42,True
2025-12-25,L6,Crocs,Bayaband Slide Upper,INS_01,boja odstupa,major,scrap,inline,34,False
2025-06-11,L7,Decathlon,Kiprun Carbon Plate,INS_08,dimenzija van tolerancije,minor,pass,final,37,True
2025-04-18,L4,Crocs,LiteRide Insole Unit,INS_13,ljepilo vidljivo,major,rework,inline,62,True
2025-04-15,L2,Nike,Vaporfly Engineered Mesh,INS_15,materijal oštećen,major,rework,inline,51,True
2025-04-25,L3,Decathlon,Kalenji Trail Sole Unit,INS_10,šav neravnomjeran,minor,rework,inline,57,False
2025-10-06,L3,Nike,Dunk Low Textile Upper,INS_10,šav neravnomjeran,minor,pass,final,27,False
2025-04-29,L6,Decathlon,Kiprun Carbon Plate,INS_14,šav neravnomjeran,major,scrap,final,42,True
2025-10-22,L6,Decathlon,Kalenji Trail Sole Unit,INS_14,dimenzija van tolerancije,major,rework,final,76,True
2025-11-27,L2,Decathlon,Quechua Hiking Upper,INS_04,3D knit greška,major,rework,final,66,True
2025-09-24,L2,Nike,Dunk Low Textile Upper,INS_05,šav neravnomjeran,major,scrap,final,37,False
2026-02-18,L6,Decathlon,Kalenji Trail Sole Unit,INS_08,ljepilo vidljivo,minor,rework,final,49,False
2025-04-10,L1,Nike,Air Max Flyknit Upper,INS_12,šav neravnomjeran,major,scrap,inline,60,True
2025-12-29,L8,Decathlon,Kiprun Carbon Plate,INS_09,materijal oštećen,minor,pass,incoming,38,True
2025-03-07,L2,Nike,ZoomX Carbon Plate Insert,INS_12,boja odstupa,minor,pass,final,40,True
2025-10-10,L3,Nike,Vaporfly Engineered Mesh,INS_12,šav neravnomjeran,minor,rework,incoming,57,False
2025-07-17,L1,Nike,ZoomX Carbon Plate Insert,INS_15,3D knit greška,major,rework,customer_return,40,False
2025-10-15,L4,Crocs,Bayaband Slide Upper,INS_09,materijal oštećen,critical,scrap,inline,46,True
2025-04-28,L3,Nike,Vaporfly Engineered Mesh,INS_09,3D knit greška,major,rework,inline,32,True
2025-11-06,L7,Decathlon,Kiprun Carbon Plate,INS_02,ljepilo vidljivo,major,rework,inline,35,True
2025-12-26,L4,Crocs,Bayaband Slide Upper,INS_04,materijal oštećen,critical,scrap,final,54,True
2025-12-31,L4,Crocs,Classic Clog Strap Assembly,INS_03,logo pozicija,major,rework,inline,38,True
2025-03-07,L4,Crocs,LiteRide Insole Unit,INS_10,šav neravnomjeran,minor,pass,inline,41,True
2025-06-13,L1,Nike,Dunk Low Textile Upper,INS_06,šav neravnomjeran,major,pass,incoming,29,True
2025-05-07,L2,Nike,ZoomX Carbon Plate Insert,INS_07,ljepilo vidljivo,minor,pass,incoming,42,True
2025-06-19,L3,Nike,Air Max Flyknit Upper,INS_01,dimenzija van tolerancije,major,rework,final,50,True
2025-09-12,L1,Nike,Air Max Flyknit Upper,INS_11,šav neravnomjeran,major,rework,incoming,48,True
2025-10-13,L2,Nike,Pegasus 3D Knit Collar,INS_11,ljepilo vidljivo,major,rework,final,52,False
2025-12-05,L8,Nike,Dunk Low Textile Upper,INS_07,šav neravnomjeran,minor,pass,inline,31,False
2025-07-08,L1,Nike,ZoomX Carbon Plate Insert,INS_11,3D knit greška,critical,scrap,incoming,37,True
2025-09-03,L4,Crocs,Classic Clog Strap Assembly,INS_02,3D knit greška,minor,pass,inline,57,True
2025-10-27,L1,Nike,Dunk Low Textile Upper,INS_02,đon delaminacija,critical,scrap,final,33,True
2026-02-24,L2,Nike,Vaporfly Engineered Mesh,INS_04,boja odstupa,major,rework,inline,30,True
2025-11-27,L8,Nike,Pegasus 3D Knit Collar,INS_05,đon delaminacija,major,rework,inline,28,False
2025-12-09,L6,Decathlon,Kiprun Carbon Plate,INS_09,logo pozicija,minor,pass,inline,39,False
2025-06-30,L4,Crocs,Classic Clog Strap Assembly,INS_02,ljepilo vidljivo,minor,pass,final,58,False
2025-11-18,L1,Nike,Air Max Flyknit Upper,INS_14,dimenzija van tolerancije,major,pass,final,41,True
2025-04-25,L2,Nike,Dunk Low Textile Upper,INS_12,boja odstupa,major,pass,incoming,35,True
2025-09-12,L8,Nike,ZoomX Carbon Plate Insert,INS_07,šav neravnomjeran,minor,pass,final,37,True
2025-05-29,L1,Nike,ZoomX Carbon Plate Insert,INS_03,materijal oštećen,critical,scrap,final,38,False
2025-09-08,L3,Nike,ZoomX Carbon Plate Insert,INS_08,ljepilo vidljivo,minor,rework,final,44,False
2025-05-21,L8,Crocs,Classic Clog Strap Assembly,INS_08,šav neravnomjeran,minor,pass,final,33,True
2025-03-28,L1,Nike,Dunk Low Textile Upper,INS_03,šav neravnomjeran,major,scrap,final,39,True
2025-03-13,L2,Nike,Pegasus 3D Knit Collar,INS_04,dimenzija van tolerancije,critical,scrap,inline,49,True
2025-09-29,L8,Decathlon,Kalenji Trail Sole Unit,INS_02,materijal oštećen,critical,scrap,final,35,True
2025-06-09,L8,Crocs,Bayaband Slide Upper,INS_08,šav neravnomjeran,minor,pass,customer_return,66,False
2025-06-27,L4,Nike,Vaporfly Engineered Mesh,INS_11,šav neravnomjeran,minor,pass,customer_return,41,False
2025-03-06,L1,Crocs,LiteRide Insole Unit,INS_07,boja odstupa,minor,pass,inline,53,False
2025-11-17,L1,Nike,Dunk Low Textile Upper,INS_05,boja odstupa,major,rework,final,34,True
2025-04-02,L1,Nike,Air Max Flyknit Upper,INS_01,ljepilo vidljivo,minor,pass,inline,48,True
2025-04-22,L3,Nike,ZoomX Carbon Plate Insert,INS_03,šav neravnomjeran,major,scrap,incoming,38,False
2025-10-23,L5,Decathlon,Kiprun Carbon Plate,INS_13,boja odstupa,critical,scrap,final,54,False
2025-10-01,L3,Nike,Dunk Low Textile Upper,INS_12,3D knit greška,major,scrap,final,55,True
2025-05-05,L7,Decathlon,Quechua Hiking Upper,INS_02,materijal oštećen,minor,rework,inline,53,False
2025-12-05,L6,Decathlon,Kalenji Trail Sole Unit,INS_09,materijal oštećen,minor,pass,inline,66,False
2025-06-16,L1,Nike,Air Max Flyknit Upper,INS_05,šav neravnomjeran,minor,rework,inline,23,True
2025-08-06,L7,Decathlon,Kiprun Carbon Plate,INS_09,šav neravnomjeran,major,rework,final,22,False
2025-10-01,L3,Nike,Air Max Flyknit Upper,INS_08,ljepilo vidljivo,minor,pass,inline,52,False
2026-01-27,L4,Decathlon,Kalenji Trail Sole Unit,INS_06,boja odstupa,major,rework,final,33,True
2025-12-23,L4,Crocs,Bayaband Slide Upper,INS_06,šav neravnomjeran,major,rework,inline,59,True
2025-03-28,L8,Nike,Pegasus 3D Knit Collar,INS_14,šav neravnomjeran,critical,scrap,customer_return,49,True
2025-10-31,L8,Nike,Pegasus 3D Knit Collar,INS_13,ljepilo vidljivo,major,rework,final,54,False
2025-05-30,L5,Crocs,Classic Clog Strap Assembly,INS_07,ljepilo vidljivo,minor,pass,final,54,False
2025-03-21,L4,Crocs,Classic Clog Strap Assembly,INS_01,3D knit greška,major,scrap,final,48,True
2025-09-22,L8,Crocs,Bayaband Slide Upper,INS_08,šav neravnomjeran,critical,scrap,final,46,False
2026-02-20,L2,Nike,Air Max Flyknit Upper,INS_11,dimenzija van tolerancije,major,scrap,inline,59,True
2025-03-19,L1,Nike,Dunk Low Textile Upper,INS_01,šav neravnomjeran,minor,pass,inline,65,True
2025-06-03,L1,Nike,Air Max Flyknit Upper,INS_11,3D knit greška,major,rework,final,58,False
2025-11-27,L5,Crocs,Classic Clog Strap Assembly,INS_04,šav neravnomjeran,critical,scrap,inline,59,True
2025-11-26,L1,Nike,Vaporfly Engineered Mesh,INS_07,dimenzija van tolerancije,major,rework,final,56,True
2025-03-17,L7,Decathlon,Kalenji Trail Sole Unit,INS_01,logo pozicija,minor,pass,final,36,True
2025-03-17,L8,Nike,Dunk Low Textile Upper,INS_09,dimenzija van tolerancije,major,pass,final,24,True
2025-03-31,L5,Crocs,Bayaband Slide Upper,INS_13,ljepilo vidljivo,minor,pass,inline,37,True
2025-10-10,L1,Nike,ZoomX Carbon Plate Insert,INS_10,šav neravnomjeran,minor,pass,inline,60,True
2025-08-07,L6,Decathlon,Quechua Hiking Upper,INS_09,3D knit greška,major,pass,final,71,True
2025-10-06,L6,Nike,Dunk Low Textile Upper,INS_04,šav neravnomjeran,major,pass,inline,35,True
2025-06-30,L1,Nike,Air Max Flyknit Upper,INS_07,ljepilo vidljivo,minor,pass,final,39,True
2025-11-07,L2,Nike,Air Max Flyknit Upper,INS_03,boja odstupa,major,rework,incoming,48,True
2025-09-24,L2,Nike,Dunk Low Textile Upper,INS_15,šav neravnomjeran,critical,scrap,inline,26,False
2025-10-30,L3,Nike,ZoomX Carbon Plate Insert,INS_08,šav neravnomjeran,minor,pass,final,14,True
2025-07-11,L3,Nike,Air Max Flyknit Upper,INS_12,materijal oštećen,major,rework,final,41,False
2025-04-30,L6,Decathlon,Quechua Hiking Upper,INS_03,materijal oštećen,major,scrap,incoming,48,False
2025-05-21,L2,Nike,Air Max Flyknit Upper,INS_15,boja odstupa,minor,rework,final,58,True
2025-07-17,L4,Crocs,Classic Clog Strap Assembly,INS_15,ljepilo vidljivo,major,scrap,final,11,True
2026-02-23,L4,Crocs,Bayaband Slide Upper,INS_08,dimenzija van tolerancije,critical,rework,inline,48,False
2025-12-04,L1,Crocs,Bayaband Slide Upper,INS_01,logo pozicija,minor,pass,final,35,True
2026-02-10,L8,Crocs,LiteRide Insole Unit,INS_13,ljepilo vidljivo,major,scrap,final,51,True
2025-10-23,L1,Nike,Air Max Flyknit Upper,INS_13,šav neravnomjeran,critical,scrap,inline,43,True
2025-05-20,L1,Nike,Air Max Flyknit Upper,INS_03,ljepilo vidljivo,minor,rework,final,35,True
2025-09-16,L3,Nike,Pegasus 3D Knit Collar,INS_12,šav neravnomjeran,major,rework,final,39,False
2025-04-30,L6,Crocs,Bayaband Slide Upper,INS_14,šav neravnomjeran,minor,rework,final,49,False
2025-09-02,L2,Nike,Air Max Flyknit Upper,INS_09,dimenzija van tolerancije,minor,pass,final,48,True
2025-08-04,L3,Nike,Pegasus 3D Knit Collar,INS_11,boja odstupa,minor,rework,final,48,True
2025-10-03,L4,Crocs,LiteRide Insole Unit,INS_07,materijal oštećen,minor,rework,customer_return,36,True
2025-10-14,L2,Nike,ZoomX Carbon Plate Insert,INS_09,šav neravnomjeran,critical,scrap,final,49,False
2025-10-13,L3,Nike,Pegasus 3D Knit Collar,INS_02,dimenzija van tolerancije,major,rework,inline,46,False
2025-12-02,L3,Nike,Air Max Flyknit Upper,INS_07,dimenzija van tolerancije,major,rework,final,78,True
2025-10-14,L4,Decathlon,Quechua Hiking Upper,INS_08,boja odstupa,major,scrap,final,28,True
2025-09-17,L3,Nike,Vaporfly Engineered Mesh,INS_10,šav neravnomjeran,major,rework,final,49,False
2025-04-29,L2,Nike,Dunk Low Textile Upper,INS_07,dimenzija van tolerancije,major,scrap,final,50,True
2026-02-17,L4,Crocs,LiteRide Insole Unit,INS_02,dimenzija van tolerancije,major,rework,final,40,False
2025-05-05,L8,Nike,Dunk Low Textile Upper,INS_05,đon delaminacija,critical,scrap,inline,39,False
2025-07-18,L7,Decathlon,Kiprun Carbon Plate,INS_09,materijal oštećen,major,rework,final,37,False
2025-11-04,L2,Nike,Air Max Flyknit Upper,INS_07,materijal oštećen,major,rework,final,65,True
2025-05-09,L8,Nike,Dunk Low Textile Upper,INS_05,3D knit greška,major,rework,final,37,True
2025-07-25,L1,Nike,Vaporfly Engineered Mesh,INS_08,boja odstupa,minor,pass,final,41,False
2025-05-15,L5,Crocs,Classic Clog Strap Assembly,INS_01,dimenzija van tolerancije,major,scrap,final,53,True
2025-11-03,L4,Crocs,Bayaband Slide Upper,INS_03,materijal oštećen,minor,pass,inline,67,True
2025-09-12,L4,Crocs,LiteRide Insole Unit,INS_14,dimenzija van tolerancije,major,rework,final,35,False
2025-06-02,L5,Nike,ZoomX Carbon Plate Insert,INS_14,šav neravnomjeran,minor,rework,final,47,True
2025-11-12,L4,Nike,Air Max Flyknit Upper,INS_02,šav neravnomjeran,minor,pass,inline,27,True
2025-11-25,L4,Crocs,LiteRide Insole Unit,INS_01,boja odstupa,major,scrap,customer_return,58,True
2026-01-01,L1,Nike,Vaporfly Engineered Mesh,INS_06,šav neravnomjeran,minor,pass,final,39,True
2025-08-01,L7,Decathlon,Kiprun Carbon Plate,INS_12,boja odstupa,major,scrap,final,35,True
2025-12-19,L4,Crocs,LiteRide Insole Unit,INS_08,šav neravnomjeran,minor,pass,incoming,50,True
2025-10-31,L8,Nike,ZoomX Carbon Plate Insert,INS_13,ljepilo vidljivo,minor,rework,final,45,False
2025-11-13,L5,Crocs,Bayaband Slide Upper,INS_11,logo pozicija,critical,rework,final,59,False
2025-12-08,L1,Nike,Air Max Flyknit Upper,INS_03,3D knit greška,minor,pass,inline,38,True
2025-10-23,L1,Nike,Pegasus 3D Knit Collar,INS_02,boja odstupa,minor,pass,inline,48,False
2025-12-09,L4,Crocs,Bayaband Slide Upper,INS_06,materijal oštećen,critical,scrap,final,41,True
2025-10-09,L6,Nike,Dunk Low Textile Upper,INS_13,šav neravnomjeran,minor,rework,final,50,False
2025-03-18,L2,Nike,Vaporfly Engineered Mesh,INS_15,boja odstupa,critical,scrap,final,45,False
2025-03-18,L8,Nike,Dunk Low Textile Upper,INS_15,ljepilo vidljivo,minor,pass,inline,35,True
2025-03-07,L7,Decathlon,Quechua Hiking Upper,INS_05,šav neravnomjeran,major,scrap,final,42,True
2026-02-16,L2,Nike,ZoomX Carbon Plate Insert,INS_01,boja odstupa,minor,pass,final,44,True
2025-05-09,L8,Nike,ZoomX Carbon Plate Insert,INS_06,3D knit greška,major,rework,final,27,False
2026-01-30,L7,Nike,Dunk Low Textile Upper,INS_13,materijal oštećen,major,rework,final,54,False
2025-06-17,L5,Crocs,LiteRide Insole Unit,INS_12,boja odstupa,minor,pass,final,50,True
2026-02-05,L1,Nike,ZoomX Carbon Plate Insert,INS_13,3D knit greška,minor,pass,final,55,False
2025-06-03,L2,Nike,ZoomX Carbon Plate Insert,INS_09,šav neravnomjeran,minor,pass,final,40,True
2025-04-16,L3,Nike,Vaporfly Engineered Mesh,INS_13,šav neravnomjeran,minor,rework,incoming,39,True
2025-08-05,L6,Decathlon,Kalenji Trail Sole Unit,INS_10,šav neravnomjeran,minor,pass,incoming,43,False
2025-07-03,L6,Nike,Pegasus 3D Knit Collar,INS_06,materijal oštećen,major,scrap,final,51,True
2025-09-01,L5,Crocs,Bayaband Slide Upper,INS_04,logo pozicija,major,rework,inline,47,True
2025-09-15,L1,Nike,ZoomX Carbon Plate Insert,INS_05,3D knit greška,minor,pass,final,43,False
2025-04-16,L8,Nike,ZoomX Carbon Plate Insert,INS_15,materijal oštećen,minor,pass,final,36,False
2025-08-12,L6,Decathlon,Kiprun Carbon Plate,INS_15,šav neravnomjeran,minor,rework,incoming,58,True
2025-11-24,L7,Crocs,LiteRide Insole Unit,INS_03,ljepilo vidljivo,major,rework,customer_return,53,True
2025-07-24,L1,Nike,Vaporfly Engineered Mesh,INS_10,boja odstupa,major,scrap,final,41,True
2025-09-01,L2,Nike,Dunk Low Textile Upper,INS_08,šav neravnomjeran,critical,scrap,inline,44,True
2025-05-23,L3,Crocs,Bayaband Slide Upper,INS_02,materijal oštećen,minor,pass,inline,33,True
2025-10-13,L6,Decathlon,Kalenji Trail Sole Unit,INS_03,đon delaminacija,critical,scrap,incoming,31,True
2025-04-16,L8,Nike,ZoomX Carbon Plate Insert,INS_01,materijal oštećen,major,scrap,incoming,66,True
2025-12-05,L1,Nike,Air Max Flyknit Upper,INS_07,boja odstupa,major,rework,incoming,60,True
2025-07-30,L3,Nike,Pegasus 3D Knit Collar,INS_01,materijal oštećen,minor,pass,inline,41,True
2025-10-01,L5,Crocs,Bayaband Slide Upper,INS_06,boja odstupa,minor,pass,incoming,47,True
2025-03-06,L8,Nike,Vaporfly Engineered Mesh,INS_14,šav neravnomjeran,minor,pass,inline,42,True
2025-10-13,L2,Nike,Pegasus 3D Knit Collar,INS_14,3D knit greška,minor,rework,final,32,False
2025-03-10,L7,Decathlon,Kalenji Trail Sole Unit,INS_09,đon delaminacija,critical,scrap,final,45,True
2026-02-05,L7,Decathlon,Quechua Hiking Upper,INS_02,šav neravnomjeran,major,rework,inline,30,False
2025-10-15,L6,Decathlon,Kalenji Trail Sole Unit,INS_04,šav neravnomjeran,major,rework,final,53,False
2025-05-28,L6,Crocs,LiteRide Insole Unit,INS_12,šav neravnomjeran,minor,pass,final,43,False
2025-11-18,L6,Decathlon,Kiprun Carbon Plate,INS_04,ljepilo vidljivo,major,rework,inline,69,False
2025-05-29,L3,Decathlon,Kiprun Carbon Plate,INS_01,logo pozicija,minor,pass,final,39,True
2025-05-05,L8,Nike,Dunk Low Textile Upper,INS_15,đon delaminacija,major,scrap,final,33,True
2025-11-24,L1,Nike,Vaporfly Engineered Mesh,INS_12,logo pozicija,major,scrap,final,16,True
2025-03-17,L1,Nike,ZoomX Carbon Plate Insert,INS_13,šav neravnomjeran,minor,pass,inline,46,True
2026-02-25,L7,Decathlon,Kalenji Trail Sole Unit,INS_09,dimenzija van tolerancije,critical,scrap,inline,58,False
2025-05-29,L5,Crocs,Classic Clog Strap Assembly,INS_10,šav neravnomjeran,minor,rework,final,39,True
2025-05-09,L3,Nike,Air Max Flyknit Upper,INS_12,đon delaminacija,major,rework,incoming,63,True
2025-05-29,L1,Nike,ZoomX Carbon Plate Insert,INS_06,šav neravnomjeran,major,pass,inline,45,True
2025-12-01,L3,Nike,Dunk Low Textile Upper,INS_06,šav neravnomjeran,major,rework,final,41,True
2025-09-15,L2,Nike,Dunk Low Textile Upper,INS_02,šav neravnomjeran,major,rework,inline,54,False
2025-08-25,L8,Crocs,Classic Clog Strap Assembly,INS_15,3D knit greška,minor,scrap,final,38,True
2025-09-12,L8,Nike,Pegasus 3D Knit Collar,INS_13,boja odstupa,minor,pass,final,55,True
2025-06-06,L5,Crocs,Classic Clog Strap Assembly,INS_01,logo pozicija,major,rework,final,28,False
2025-11-28,L5,Nike,Vaporfly Engineered Mesh,INS_06,boja odstupa,minor,pass,incoming,48,True
2025-09-23,L5,Crocs,LiteRide Insole Unit,INS_04,3D knit greška,critical,scrap,inline,45,False
2026-01-30,L5,Crocs,Bayaband Slide Upper,INS_10,šav neravnomjeran,minor,pass,inline,24,True
2025-04-02,L2,Nike,Vaporfly Engineered Mesh,INS_12,đon delaminacija,major,pass,final,42,True
2025-11-20,L1,Nike,Air Max Flyknit Upper,INS_13,3D knit greška,major,rework,final,38,True
2025-11-18,L2,Nike,Dunk Low Textile Upper,INS_11,materijal oštećen,major,rework,final,41,True
2025-12-10,L8,Nike,Air Max Flyknit Upper,INS_08,boja odstupa,minor,rework,inline,43,False
2025-12-04,L1,Crocs,Bayaband Slide Upper,INS_05,đon delaminacija,critical,rework,final,64,False
2025-05-07,L7,Decathlon,Kiprun Carbon Plate,INS_13,dimenzija van tolerancije,major,rework,final,42,False
2025-05-30,L6,Decathlon,Kiprun Carbon Plate,INS_11,materijal oštećen,critical,scrap,final,54,True
2025-12-29,L2,Nike,Air Max Flyknit Upper,INS_13,materijal oštećen,major,rework,final,41,True
2025-04-24,L8,Crocs,Bayaband Slide Upper,INS_04,boja odstupa,critical,scrap,inline,57,True
2025-07-09,L2,Decathlon,Quechua Hiking Upper,INS_14,đon delaminacija,minor,pass,final,48,False
2025-06-11,L2,Nike,Air Max Flyknit Upper,INS_12,dimenzija van tolerancije,major,scrap,final,38,True
2025-08-19,L6,Crocs,Bayaband Slide Upper,INS_03,ljepilo vidljivo,minor,pass,final,36,True
2025-08-21,L8,Nike,Vaporfly Engineered Mesh,INS_10,materijal oštećen,major,rework,final,53,False
2025-03-25,L3,Nike,Air Max Flyknit Upper,INS_13,materijal oštećen,major,rework,inline,50,False
2025-09-02,L3,Nike,ZoomX Carbon Plate Insert,INS_12,materijal oštećen,major,pass,final,63,False
2025-09-10,L2,Nike,Vaporfly Engineered Mesh,INS_01,dimenzija van tolerancije,major,scrap,incoming,53,False
2025-10-16,L6,Decathlon,Kalenji Trail Sole Unit,INS_07,šav neravnomjeran,minor,pass,final,48,True
2025-11-18,L8,Crocs,LiteRide Insole Unit,INS_15,3D knit greška,major,rework,customer_return,43,True
2025-07-21,L6,Decathlon,Kalenji Trail Sole Unit,INS_09,boja odstupa,minor,pass,incoming,57,False
2025-07-09,L1,Nike,ZoomX Carbon Plate Insert,INS_02,materijal oštećen,major,rework,final,37,False
2025-06-16,L4,Decathlon,Quechua Hiking Upper,INS_03,dimenzija van tolerancije,major,rework,final,41,True
2025-11-24,L4,Crocs,LiteRide Insole Unit,INS_10,3D knit greška,major,rework,inline,25,True
2025-10-01,L2,Decathlon,Kalenji Trail Sole Unit,INS_10,3D knit greška,major,rework,final,48,False
2025-10-23,L8,Nike,ZoomX Carbon Plate Insert,INS_13,materijal oštećen,critical,scrap,final,60,True
2025-08-18,L4,Crocs,LiteRide Insole Unit,INS_13,ljepilo vidljivo,minor,pass,final,34,True
2025-10-15,L1,Nike,Dunk Low Textile Upper,INS_09,šav neravnomjeran,major,rework,final,42,True
2025-10-13,L2,Nike,Air Max Flyknit Upper,INS_14,ljepilo vidljivo,minor,pass,incoming,30,True
2025-07-03,L2,Crocs,Bayaband Slide Upper,INS_06,3D knit greška,critical,scrap,inline,47,False
2025-04-09,L4,Crocs,Bayaband Slide Upper,INS_11,đon delaminacija,critical,scrap,customer_return,37,False
2025-11-11,L1,Nike,Vaporfly Engineered Mesh,INS_03,ljepilo vidljivo,major,rework,inline,35,True
2025-09-29,L2,Nike,Air Max Flyknit Upper,INS_06,šav neravnomjeran,major,rework,final,64,False
2025-10-29,L1,Nike,Dunk Low Textile Upper,INS_07,ljepilo vidljivo,minor,pass,final,46,False
2025-10-20,L1,Nike,ZoomX Carbon Plate Insert,INS_01,dimenzija van tolerancije,major,rework,final,36,True
2026-02-03,L2,Crocs,Classic Clog Strap Assembly,INS_15,materijal oštećen,major,scrap,inline,70,True
2025-10-13,L2,Nike,Pegasus 3D Knit Collar,INS_03,ljepilo vidljivo,major,scrap,inline,31,False
2026-02-12,L3,Nike,Air Max Flyknit Upper,INS_05,šav neravnomjeran,major,pass,final,50,False
2025-10-30,L2,Nike,Vaporfly Engineered Mesh,INS_09,šav neravnomjeran,minor,rework,final,48,True
2025-04-11,L2,Nike,ZoomX Carbon Plate Insert,INS_05,ljepilo vidljivo,minor,rework,inline,49,False
2026-02-27,L2,Nike,Dunk Low Textile Upper,INS_15,boja odstupa,minor,scrap,final,73,True
2025-12-01,L8,Crocs,LiteRide Insole Unit,INS_15,šav neravnomjeran,major,rework,inline,51,False
2025-06-03,L8,Crocs,Bayaband Slide Upper,INS_11,dimenzija van tolerancije,major,rework,inline,39,False
2025-11-26,L1,Nike,ZoomX Carbon Plate Insert,INS_10,logo pozicija,major,rework,incoming,31,True
2025-07-07,L2,Nike,ZoomX Carbon Plate Insert,INS_04,šav neravnomjeran,major,rework,incoming,37,True
2025-10-31,L7,Decathlon,Kalenji Trail Sole Unit,INS_04,boja odstupa,major,rework,inline,53,True
2025-08-11,L2,Nike,ZoomX Carbon Plate Insert,INS_05,ljepilo vidljivo,minor,rework,incoming,62,True
2025-05-13,L8,Nike,ZoomX Carbon Plate Insert,INS_08,dimenzija van tolerancije,minor,pass,final,50,False
2026-02-18,L1,Nike,Dunk Low Textile Upper,INS_14,ljepilo vidljivo,minor,pass,final,36,False
2025-05-07,L4,Nike,ZoomX Carbon Plate Insert,INS_02,boja odstupa,major,scrap,final,52,True
2025-04-16,L2,Nike,Dunk Low Textile Upper,INS_12,šav neravnomjeran,major,rework,final,54,True
2025-10-16,L7,Decathlon,Kiprun Carbon Plate,INS_08,ljepilo vidljivo,major,rework,final,44,True
2025-10-13,L7,Crocs,Classic Clog Strap Assembly,INS_11,boja odstupa,critical,scrap,final,25,False
2025-07-16,L5,Crocs,Classic Clog Strap Assembly,INS_14,boja odstupa,major,rework,inline,59,False
2025-06-06,L8,Crocs,LiteRide Insole Unit,INS_12,materijal oštećen,critical,scrap,inline,60,True
2025-04-16,L3,Nike,Vaporfly Engineered Mesh,INS_10,ljepilo vidljivo,critical,rework,final,31,True
2025-08-22,L3,Nike,Dunk Low Textile Upper,INS_09,šav neravnomjeran,major,scrap,final,48,True
2026-02-12,L5,Crocs,LiteRide Insole Unit,INS_10,materijal oštećen,minor,rework,final,43,True
2025-08-25,L2,Nike,Pegasus 3D Knit Collar,INS_15,boja odstupa,major,scrap,inline,50,True
2026-02-27,L6,Crocs,Bayaband Slide Upper,INS_15,logo pozicija,minor,pass,inline,70,False
2025-05-15,L2,Nike,Vaporfly Engineered Mesh,INS_13,materijal oštećen,minor,rework,final,49,True
2025-04-30,L3,Crocs,Bayaband Slide Upper,INS_09,logo pozicija,major,rework,inline,53,True
2025-10-17,L3,Nike,ZoomX Carbon Plate Insert,INS_14,ljepilo vidljivo,minor,rework,customer_return,59,True
2025-11-04,L2,Nike,Air Max Flyknit Upper,INS_13,boja odstupa,critical,scrap,final,45,True
2025-04-01,L7,Nike,ZoomX Carbon Plate Insert,INS_07,materijal oštećen,major,pass,final,49,False
2025-10-24,L4,Crocs,LiteRide Insole Unit,INS_13,boja odstupa,minor,pass,inline,38,True
2025-12-30,L8,Nike,Dunk Low Textile Upper,INS_05,logo pozicija,major,rework,final,18,False
2025-09-11,L1,Nike,Pegasus 3D Knit Collar,INS_07,dimenzija van tolerancije,major,rework,customer_return,37,False
2025-05-12,L1,Crocs,LiteRide Insole Unit,INS_01,boja odstupa,major,pass,final,47,True
2025-11-20,L5,Decathlon,Kalenji Trail Sole Unit,INS_11,dimenzija van tolerancije,critical,scrap,final,64,True
2025-11-18,L1,Nike,Air Max Flyknit Upper,INS_03,dimenzija van tolerancije,critical,scrap,final,37,False
2025-06-17,L4,Crocs,Classic Clog Strap Assembly,INS_04,đon delaminacija,critical,scrap,final,29,True
2025-05-23,L4,Crocs,Classic Clog Strap Assembly,INS_05,dimenzija van tolerancije,major,rework,final,50,False
2026-01-28,L8,Crocs,LiteRide Insole Unit,INS_13,šav neravnomjeran,major,pass,final,24,True
2025-12-15,L6,Decathlon,Quechua Hiking Upper,INS_08,đon delaminacija,critical,scrap,final,46,False
2026-01-09,L6,Nike,ZoomX Carbon Plate Insert,INS_09,materijal oštećen,critical,scrap,final,53,True
2025-03-21,L3,Nike,ZoomX Carbon Plate Insert,INS_02,logo pozicija,minor,scrap,final,54,True
2026-01-28,L6,Decathlon,Kalenji Trail Sole Unit,INS_14,logo pozicija,minor,pass,final,36,True
2025-12-04,L5,Crocs,Classic Clog Strap Assembly,INS_02,logo pozicija,major,rework,final,64,True
2025-09-26,L2,Nike,Vaporfly Engineered Mesh,INS_13,šav neravnomjeran,minor,pass,inline,50,True
2025-09-12,L6,Decathlon,Quechua Hiking Upper,INS_14,ljepilo vidljivo,major,scrap,final,40,True
2025-05-14,L3,Nike,Dunk Low Textile Upper,INS_07,ljepilo vidljivo,minor,rework,inline,57,False
2025-09-18,L4,Decathlon,Kiprun Carbon Plate,INS_13,3D knit greška,major,rework,inline,57,True
2025-06-04,L5,Crocs,Classic Clog Strap Assembly,INS_12,3D knit greška,major,rework,final,70,True
2025-07-07,L7,Decathlon,Kalenji Trail Sole Unit,INS_01,šav neravnomjeran,major,scrap,inline,52,True
2025-10-31,L5,Crocs,LiteRide Insole Unit,INS_08,dimenzija van tolerancije,critical,scrap,final,45,True
2025-06-12,L3,Nike,Air Max Flyknit Upper,INS_08,đon delaminacija,minor,pass,inline,53,True
2025-09-02,L5,Crocs,Classic Clog Strap Assembly,INS_09,dimenzija van tolerancije,major,scrap,final,42,True
2025-08-28,L3,Nike,Air Max Flyknit Upper,INS_07,šav neravnomjeran,minor,rework,final,57,True
2025-06-04,L6,Decathlon,Kiprun Carbon Plate,INS_15,ljepilo vidljivo,minor,rework,final,52,True
2025-04-04,L7,Nike,Air Max Flyknit Upper,INS_07,boja odstupa,minor,pass,inline,62,False
2025-03-04,L4,Crocs,Classic Clog Strap Assembly,INS_14,đon delaminacija,critical,scrap,customer_return,38,True
2025-06-17,L2,Nike,Vaporfly Engineered Mesh,INS_09,dimenzija van tolerancije,minor,pass,inline,54,False
2025-10-02,L1,Nike,Air Max Flyknit Upper,INS_14,logo pozicija,minor,pass,incoming,64,True
2025-12-29,L8,Nike,Dunk Low Textile Upper,INS_01,materijal oštećen,critical,scrap,final,40,False
2026-02-10,L6,Decathlon,Kiprun Carbon Plate,INS_11,ljepilo vidljivo,major,scrap,final,37,True
2025-06-05,L1,Nike,Vaporfly Engineered Mesh,INS_09,materijal oštećen,minor,pass,inline,43,True
2025-12-12,L8,Nike,Pegasus 3D Knit Collar,INS_02,3D knit greška,major,scrap,inline,62,False
2025-06-25,L7,Decathlon,Quechua Hiking Upper,INS_12,šav neravnomjeran,major,pass,final,31,True
2025-05-27,L4,Crocs,Bayaband Slide Upper,INS_02,materijal oštećen,minor,pass,final,37,False
2025-07-01,L3,Nike,Air Max Flyknit Upper,INS_05,boja odstupa,minor,rework,final,26,False
2025-09-04,L1,Nike,Air Max Flyknit Upper,INS_12,šav neravnomjeran,major,scrap,inline,54,False
2025-11-24,L4,Crocs,LiteRide Insole Unit,INS_04,šav neravnomjeran,minor,rework,inline,46,True
2025-03-20,L6,Decathlon,Quechua Hiking Upper,INS_10,materijal oštećen,major,rework,final,65,False
2025-05-08,L5,Crocs,LiteRide Insole Unit,INS_12,ljepilo vidljivo,major,scrap,customer_return,51,False
2025-11-28,L1,Nike,Vaporfly Engineered Mesh,INS_07,ljepilo vidljivo,major,scrap,inline,46,False
2026-01-08,L7,Decathlon,Kalenji Trail Sole Unit,INS_03,šav neravnomjeran,minor,pass,final,28,False
2025-10-09,L1,Nike,Vaporfly Engineered Mesh,INS_03,logo pozicija,minor,pass,inline,25,True
2025-04-28,L1,Nike,Pegasus 3D Knit Collar,INS_12,šav neravnomjeran,major,scrap,inline,51,True
2025-03-10,L1,Nike,ZoomX Carbon Plate Insert,INS_09,boja odstupa,minor,pass,final,43,True
2025-05-16,L6,Decathlon,Kiprun Carbon Plate,INS_10,materijal oštećen,minor,scrap,inline,28,True
2025-05-08,L7,Decathlon,Kiprun Carbon Plate,INS_04,dimenzija van tolerancije,major,scrap,final,61,False
2025-03-13,L1,Crocs,Classic Clog Strap Assembly,INS_15,logo pozicija,minor,pass,inline,45,False
2025-03-20,L2,Nike,ZoomX Carbon Plate Insert,INS_10,ljepilo vidljivo,major,rework,inline,46,True
2025-11-21,L7,Decathlon,Kalenji Trail Sole Unit,INS_11,ljepilo vidljivo,minor,pass,inline,32,True
2025-09-24,L5,Decathlon,Quechua Hiking Upper,INS_03,ljepilo vidljivo,minor,pass,final,47,True
2026-02-13,L2,Nike,Vaporfly Engineered Mesh,INS_03,logo pozicija,minor,pass,inline,46,True
2026-01-26,L7,Decathlon,Kalenji Trail Sole Unit,INS_09,ljepilo vidljivo,minor,pass,incoming,41,True
2025-08-07,L5,Crocs,Bayaband Slide Upper,INS_06,boja odstupa,minor,pass,inline,40,True
2025-05-08,L3,Nike,Vaporfly Engineered Mesh,INS_15,dimenzija van tolerancije,major,scrap,final,54,False
2025-11-25,L8,Nike,Pegasus 3D Knit Collar,INS_13,materijal oštećen,major,rework,final,29,True
2026-01-12,L3,Crocs,Classic Clog Strap Assembly,INS_08,logo pozicija,major,rework,customer_return,59,True
2025-03-18,L5,Decathlon,Kalenji Trail Sole Unit,INS_09,logo pozicija,major,pass,inline,43,False
2025-06-26,L1,Nike,Air Max Flyknit Upper,INS_03,materijal oštećen,critical,scrap,inline,55,False
2025-11-06,L2,Nike,Air Max Flyknit Upper,INS_06,materijal oštećen,major,rework,final,31,True
2025-09-29,L2,Nike,Air Max Flyknit Upper,INS_11,ljepilo vidljivo,minor,rework,final,29,True
2025-06-20,L4,Crocs,LiteRide Insole Unit,INS_11,šav neravnomjeran,minor,pass,inline,39,True
2025-04-01,L3,Nike,Air Max Flyknit Upper,INS_04,logo pozicija,minor,pass,inline,60,True
2025-12-24,L4,Crocs,Classic Clog Strap Assembly,INS_01,logo pozicija,minor,rework,final,51,False
2025-11-28,L8,Nike,Dunk Low Textile Upper,INS_05,materijal oštećen,critical,scrap,incoming,54,True
2025-09-22,L1,Nike,Vaporfly Engineered Mesh,INS_12,boja odstupa,major,scrap,final,33,True
2025-03-07,L6,Nike,Vaporfly Engineered Mesh,INS_10,ljepilo vidljivo,minor,pass,customer_return,29,False
2026-02-05,L3,Nike,Dunk Low Textile Upper,INS_06,šav neravnomjeran,major,rework,inline,47,False
2025-11-18,L8,Nike,Pegasus 3D Knit Collar,INS_13,ljepilo vidljivo,critical,scrap,final,57,True
2025-04-28,L6,Decathlon,Kalenji Trail Sole Unit,INS_05,šav neravnomjeran,major,rework,final,54,True
2025-08-05,L7,Decathlon,Quechua Hiking Upper,INS_02,boja odstupa,critical,scrap,incoming,67,True
2025-11-14,L5,Crocs,Bayaband Slide Upper,INS_09,materijal oštećen,critical,scrap,final,67,False
2025-07-31,L5,Crocs,LiteRide Insole Unit,INS_04,logo pozicija,minor,rework,inline,31,True
2025-05-06,L8,Crocs,Classic Clog Strap Assembly,INS_13,dimenzija van tolerancije,major,rework,final,46,True
2026-02-17,L7,Decathlon,Quechua Hiking Upper,INS_09,3D knit greška,major,rework,final,59,False
2025-09-16,L1,Nike,Air Max Flyknit Upper,INS_03,materijal oštećen,minor,pass,final,42,True
2025-10-27,L3,Nike,Air Max Flyknit Upper,INS_01,šav neravnomjeran,minor,pass,inline,47,True
2025-08-08,L8,Nike,Air Max Flyknit Upper,INS_11,šav neravnomjeran,critical,scrap,final,45,True
2026-01-23,L3,Nike,Air Max Flyknit Upper,INS_05,boja odstupa,major,rework,customer_return,33,True
2025-11-27,L7,Decathlon,Quechua Hiking Upper,INS_10,šav neravnomjeran,minor,pass,inline,33,False
2025-06-06,L7,Decathlon,Quechua Hiking Upper,INS_09,materijal oštećen,critical,scrap,inline,50,False
2025-05-23,L5,Crocs,LiteRide Insole Unit,INS_04,ljepilo vidljivo,minor,rework,final,46,True
2026-01-12,L5,Crocs,Bayaband Slide Upper,INS_15,ljepilo vidljivo,minor,pass,final,45,True
2025-09-25,L7,Decathlon,Kalenji Trail Sole Unit,INS_06,materijal oštećen,critical,scrap,incoming,34,True
2026-02-26,L1,Nike,Pegasus 3D Knit Collar,INS_08,ljepilo vidljivo,major,pass,final,52,False
2025-10-15,L6,Decathlon,Kalenji Trail Sole Unit,INS_10,materijal oštećen,major,rework,incoming,15,True
2025-08-01,L2,Nike,ZoomX Carbon Plate Insert,INS_12,dimenzija van tolerancije,minor,pass,final,34,True
2025-11-12,L3,Nike,Dunk Low Textile Upper,INS_06,ljepilo vidljivo,major,rework,inline,48,False
2025-04-23,L7,Nike,Vaporfly Engineered Mesh,INS_03,ljepilo vidljivo,minor,pass,final,34,True
2025-04-11,L7,Crocs,Classic Clog Strap Assembly,INS_02,ljepilo vidljivo,minor,scrap,final,60,True
2025-03-20,L1,Nike,Pegasus 3D Knit Collar,INS_12,šav neravnomjeran,minor,pass,inline,41,False
2025-03-13,L4,Crocs,LiteRide Insole Unit,INS_03,ljepilo vidljivo,minor,pass,final,42,True
2025-08-11,L5,Crocs,Bayaband Slide Upper,INS_05,dimenzija van tolerancije,major,scrap,final,35,True
2025-06-17,L8,Nike,Vaporfly Engineered Mesh,INS_03,dimenzija van tolerancije,critical,scrap,final,33,True
2025-12-30,L6,Decathlon,Quechua Hiking Upper,INS_13,logo pozicija,major,rework,final,55,True
2025-10-24,L1,Nike,Dunk Low Textile Upper,INS_06,logo pozicija,minor,rework,inline,39,False
2025-08-21,L5,Crocs,Bayaband Slide Upper,INS_08,šav neravnomjeran,minor,pass,final,69,False
2025-11-19,L2,Nike,Dunk Low Textile Upper,INS_15,boja odstupa,critical,scrap,inline,51,True
2025-07-31,L4,Crocs,Bayaband Slide Upper,INS_13,boja odstupa,major,scrap,customer_return,38,True
2025-04-23,L8,Nike,Air Max Flyknit Upper,INS_09,materijal oštećen,major,scrap,final,32,False
2025-04-25,L5,Decathlon,Kalenji Trail Sole Unit,INS_11,ljepilo vidljivo,minor,rework,customer_return,54,False
2025-12-05,L5,Crocs,LiteRide Insole Unit,INS_03,šav neravnomjeran,minor,pass,final,44,True
2025-03-21,L7,Decathlon,Kalenji Trail Sole Unit,INS_15,đon delaminacija,major,pass,inline,53,True
2025-04-24,L8,Crocs,Bayaband Slide Upper,INS_12,dimenzija van tolerancije,minor,pass,inline,45,False
2025-07-29,L1,Nike,Air Max Flyknit Upper,INS_07,materijal oštećen,major,rework,final,46,True
2025-04-17,L7,Decathlon,Kalenji Trail Sole Unit,INS_10,dimenzija van tolerancije,major,rework,incoming,35,True
2025-03-26,L7,Decathlon,Quechua Hiking Upper,INS_13,materijal oštećen,critical,scrap,inline,28,True
2025-09-11,L1,Nike,Dunk Low Textile Upper,INS_04,logo pozicija,minor,pass,customer_return,38,True
2025-06-23,L8,Decathlon,Quechua Hiking Upper,INS_11,dimenzija van tolerancije,critical,rework,final,44,False
2025-09-12,L6,Decathlon,Quechua Hiking Upper,INS_14,ljepilo vidljivo,minor,pass,inline,17,False
2026-02-23,L6,Decathlon,Kalenji Trail Sole Unit,INS_03,materijal oštećen,major,rework,final,44,True
2025-03-17,L7,Decathlon,Kalenji Trail Sole Unit,INS_08,materijal oštećen,critical,scrap,inline,32,True
2025-06-03,L4,Decathlon,Kalenji Trail Sole Unit,INS_15,3D knit greška,major,rework,customer_return,57,True
2026-02-16,L2,Nike,ZoomX Carbon Plate Insert,INS_03,boja odstupa,major,scrap,final,36,False
2025-05-23,L4,Crocs,Bayaband Slide Upper,INS_01,materijal oštećen,major,rework,inline,40,True
2025-09-16,L4,Nike,ZoomX Carbon Plate Insert,INS_05,ljepilo vidljivo,major,rework,final,43,True
2025-06-30,L8,Crocs,Classic Clog Strap Assembly,INS_02,materijal oštećen,major,scrap,inline,31,True
2025-05-27,L4,Crocs,Bayaband Slide Upper,INS_15,šav neravnomjeran,major,rework,final,39,False
2025-09-12,L7,Nike,ZoomX Carbon Plate Insert,INS_07,ljepilo vidljivo,major,rework,final,55,False
2025-05-21,L3,Nike,Air Max Flyknit Upper,INS_15,šav neravnomjeran,minor,pass,inline,39,False
2025-04-10,L3,Nike,Vaporfly Engineered Mesh,INS_07,materijal oštećen,major,scrap,incoming,51,False
2025-04-01,L3,Nike,Vaporfly Engineered Mesh,INS_01,đon delaminacija,critical,scrap,customer_return,25,True
2025-09-29,L6,Decathlon,Kiprun Carbon Plate,INS_04,ljepilo vidljivo,minor,pass,inline,23,True
2026-02-20,L4,Nike,ZoomX Carbon Plate Insert,INS_12,materijal oštećen,minor,pass,incoming,47,True
2025-09-08,L4,Crocs,Classic Clog Strap Assembly,INS_09,boja odstupa,minor,pass,final,27,True
2026-02-25,L6,Decathlon,Kiprun Carbon Plate,INS_14,šav neravnomjeran,critical,scrap,inline,36,False
2026-01-22,L4,Nike,Dunk Low Textile Upper,INS_08,boja odstupa,major,scrap,customer_return,35,False
2025-03-21,L2,Nike,Dunk Low Textile Upper,INS_01,ljepilo vidljivo,minor,pass,final,57,False
2025-04-25,L4,Crocs,LiteRide Insole Unit,INS_04,boja odstupa,minor,pass,inline,42,True
2025-04-11,L7,Decathlon,Quechua Hiking Upper,INS_01,boja odstupa,major,scrap,customer_return,56,True
2025-09-12,L1,Nike,Air Max Flyknit Upper,INS_14,šav neravnomjeran,major,rework,final,31,False
2025-12-26,L5,Crocs,Bayaband Slide Upper,INS_10,boja odstupa,major,rework,final,18,True
2025-03-18,L2,Nike,Air Max Flyknit Upper,INS_08,šav neravnomjeran,minor,pass,final,28,True
2025-03-24,L1,Nike,Air Max Flyknit Upper,INS_08,boja odstupa,minor,scrap,inline,28,True
2025-06-19,L8,Crocs,LiteRide Insole Unit,INS_10,logo pozicija,major,rework,inline,63,True
2025-12-15,L3,Nike,ZoomX Carbon Plate Insert,INS_05,logo pozicija,critical,scrap,inline,38,False
2025-05-13,L8,Nike,ZoomX Carbon Plate Insert,INS_02,đon delaminacija,minor,pass,inline,54,True
2025-05-30,L4,Decathlon,Kalenji Trail Sole Unit,INS_15,logo pozicija,major,pass,final,27,True
2025-05-09,L1,Crocs,Bayaband Slide Upper,INS_03,ljepilo vidljivo,critical,rework,final,44,True
2025-08-19,L1,Nike,Vaporfly Engineered Mesh,INS_08,boja odstupa,minor,scrap,final,27,True
2025-12-30,L4,Nike,Pegasus 3D Knit Collar,INS_05,boja odstupa,minor,pass,final,28,True
2025-05-01,L4,Crocs,LiteRide Insole Unit,INS_09,boja odstupa,major,scrap,incoming,63,True
2025-08-08,L5,Crocs,Bayaband Slide Upper,INS_08,materijal oštećen,major,rework,final,49,True
2025-03-10,L8,Nike,Air Max Flyknit Upper,INS_09,dimenzija van tolerancije,minor,pass,inline,42,True
2025-04-23,L8,Decathlon,Quechua Hiking Upper,INS_04,šav neravnomjeran,minor,pass,inline,61,True
2025-12-26,L5,Crocs,LiteRide Insole Unit,INS_08,ljepilo vidljivo,minor,pass,incoming,34,False
2025-09-11,L2,Nike,Dunk Low Textile Upper,INS_15,ljepilo vidljivo,minor,rework,final,21,True
2025-08-21,L4,Crocs,Classic Clog Strap Assembly,INS_15,šav neravnomjeran,major,scrap,final,35,False
2025-05-19,L3,Nike,Pegasus 3D Knit Collar,INS_07,logo pozicija,minor,pass,inline,54,False
2025-10-17,L5,Decathlon,Kalenji Trail Sole Unit,INS_10,ljepilo vidljivo,minor,pass,inline,33,False
2025-06-17,L1,Nike,Pegasus 3D Knit Collar,INS_13,ljepilo vidljivo,minor,pass,inline,43,False
2026-01-22,L2,Crocs,Bayaband Slide Upper,INS_02,boja odstupa,minor,pass,final,21,True
2025-12-25,L3,Nike,ZoomX Carbon Plate Insert,INS_03,šav neravnomjeran,minor,pass,final,42,True
2026-01-16,L3,Nike,Vaporfly Engineered Mesh,INS_07,šav neravnomjeran,minor,pass,incoming,64,True
2025-06-11,L3,Nike,Dunk Low Textile Upper,INS_02,3D knit greška,minor,pass,inline,47,True
2026-02-06,L1,Nike,Pegasus 3D Knit Collar,INS_13,šav neravnomjeran,minor,pass,inline,57,False
2025-04-15,L3,Nike,Dunk Low Textile Upper,INS_15,đon delaminacija,critical,rework,inline,41,False
2025-09-08,L2,Nike,Dunk Low Textile Upper,INS_06,šav neravnomjeran,major,rework,inline,44,False
2025-09-26,L2,Crocs,LiteRide Insole Unit,INS_03,boja odstupa,minor,pass,final,53,True
2025-11-04,L2,Nike,Air Max Flyknit Upper,INS_09,ljepilo vidljivo,minor,pass,inline,57,True
2025-03-04,L2,Crocs,Classic Clog Strap Assembly,INS_06,šav neravnomjeran,minor,pass,inline,37,False
2025-11-17,L7,Crocs,Bayaband Slide Upper,INS_15,materijal oštećen,minor,pass,inline,32,True
2025-03-03,L2,Nike,ZoomX Carbon Plate Insert,INS_10,dimenzija van tolerancije,major,rework,customer_return,44,False
2025-06-30,L2,Nike,ZoomX Carbon Plate Insert,INS_13,materijal oštećen,critical,scrap,final,56,False
2025-11-11,L8,Nike,Vaporfly Engineered Mesh,INS_15,ljepilo vidljivo,minor,pass,incoming,42,True
2025-03-14,L1,Nike,ZoomX Carbon Plate Insert,INS_03,ljepilo vidljivo,major,rework,inline,52,True
2025-07-22,L3,Nike,Vaporfly Engineered Mesh,INS_10,logo pozicija,minor,rework,inline,51,True
2025-07-10,L6,Nike,Vaporfly Engineered Mesh,INS_14,materijal oštećen,critical,scrap,inline,43,True
2025-10-16,L3,Nike,ZoomX Carbon Plate Insert,INS_01,šav neravnomjeran,critical,scrap,incoming,54,True
2025-09-09,L8,Nike,Vaporfly Engineered Mesh,INS_15,šav neravnomjeran,major,rework,incoming,47,True
2026-02-17,L1,Nike,Pegasus 3D Knit Collar,INS_03,materijal oštećen,major,rework,inline,42,True
2025-07-24,L2,Nike,ZoomX Carbon Plate Insert,INS_12,boja odstupa,minor,pass,inline,39,True
2025-04-14,L5,Crocs,Classic Clog Strap Assembly,INS_06,3D knit greška,critical,rework,inline,53,False
2025-03-10,L8,Nike,Air Max Flyknit Upper,INS_01,materijal oštećen,minor,pass,inline,49,False
2026-02-12,L5,Crocs,LiteRide Insole Unit,INS_15,materijal oštećen,minor,pass,inline,52,False
2025-11-25,L1,Nike,Vaporfly Engineered Mesh,INS_10,materijal oštećen,minor,scrap,final,37,True
2026-02-18,L8,Decathlon,Quechua Hiking Upper,INS_15,šav neravnomjeran,major,rework,final,48,True
2025-05-27,L4,Decathlon,Kalenji Trail Sole Unit,INS_01,ljepilo vidljivo,major,scrap,incoming,39,True
2025-07-03,L8,Nike,Air Max Flyknit Upper,INS_03,boja odstupa,critical,rework,incoming,47,True
2025-12-30,L4,Nike,ZoomX Carbon Plate Insert,INS_11,dimenzija van tolerancije,major,pass,inline,37,True
2025-04-01,L8,Nike,Vaporfly Engineered Mesh,INS_03,šav neravnomjeran,minor,pass,inline,73,True
2025-03-07,L5,Nike,Pegasus 3D Knit Collar,INS_09,3D knit greška,minor,pass,incoming,51,False
2025-08-08,L7,Decathlon,Kalenji Trail Sole Unit,INS_14,šav neravnomjeran,critical,scrap,customer_return,70,True
2026-02-23,L8,Crocs,Classic Clog Strap Assembly,INS_07,ljepilo vidljivo,minor,rework,final,60,True
2025-05-06,L3,Nike,Dunk Low Textile Upper,INS_01,šav neravnomjeran,minor,pass,incoming,45,True
2025-07-11,L6,Decathlon,Kalenji Trail Sole Unit,INS_08,šav neravnomjeran,minor,rework,final,56,True
2025-03-31,L4,Crocs,Bayaband Slide Upper,INS_12,logo pozicija,minor,pass,final,54,False
2025-10-06,L8,Decathlon,Kalenji Trail Sole Unit,INS_09,3D knit greška,minor,pass,final,50,True
2025-09-03,L4,Crocs,Classic Clog Strap Assembly,INS_09,đon delaminacija,major,rework,customer_return,47,True
2025-06-12,L1,Nike,Vaporfly Engineered Mesh,INS_13,dimenzija van tolerancije,minor,rework,inline,47,True
2025-06-10,L8,Decathlon,Quechua Hiking Upper,INS_02,đon delaminacija,minor,rework,final,50,False
2025-05-15,L8,Decathlon,Quechua Hiking Upper,INS_13,logo pozicija,major,pass,customer_return,44,False
2025-07-10,L7,Decathlon,Quechua Hiking Upper,INS_02,logo pozicija,minor,pass,inline,38,True
2026-02-11,L5,Crocs,LiteRide Insole Unit,INS_04,materijal oštećen,major,pass,inline,43,True
2025-06-27,L4,Nike,Vaporfly Engineered Mesh,INS_07,šav neravnomjeran,minor,pass,final,37,True
2025-10-02,L2,Nike,Air Max Flyknit Upper,INS_06,ljepilo vidljivo,major,scrap,inline,50,False
2025-12-08,L1,Nike,Air Max Flyknit Upper,INS_03,đon delaminacija,critical,scrap,customer_return,28,True
2025-03-26,L8,Decathlon,Quechua Hiking Upper,INS_12,materijal oštećen,major,rework,final,33,True
2025-05-29,L1,Nike,ZoomX Carbon Plate Insert,INS_05,boja odstupa,critical,scrap,inline,36,False
2025-04-15,L1,Nike,Dunk Low Textile Upper,INS_07,šav neravnomjeran,major,pass,final,55,True
2025-10-20,L7,Decathlon,Quechua Hiking Upper,INS_12,šav neravnomjeran,major,rework,inline,60,True
2026-02-24,L2,Nike,Vaporfly Engineered Mesh,INS_11,šav neravnomjeran,major,pass,final,46,True
2025-03-13,L8,Decathlon,Kalenji Trail Sole Unit,INS_03,logo pozicija,major,scrap,inline,54,False
2025-05-15,L6,Decathlon,Kiprun Carbon Plate,INS_10,ljepilo vidljivo,major,pass,final,55,True
2025-03-26,L8,Decathlon,Quechua Hiking Upper,INS_04,boja odstupa,minor,pass,inline,23,True
2025-06-10,L5,Decathlon,Kiprun Carbon Plate,INS_13,materijal oštećen,major,rework,final,44,False
2025-07-08,L8,Crocs,LiteRide Insole Unit,INS_07,đon delaminacija,critical,scrap,final,48,True
2025-05-07,L6,Decathlon,Quechua Hiking Upper,INS_14,đon delaminacija,major,scrap,final,53,True
2025-07-14,L8,Nike,Air Max Flyknit Upper,INS_05,šav neravnomjeran,major,rework,final,46,False
2026-01-21,L3,Nike,Pegasus 3D Knit Collar,INS_02,dimenzija van tolerancije,minor,scrap,inline,37,False
2025-05-14,L3,Nike,Pegasus 3D Knit Collar,INS_08,boja odstupa,minor,pass,inline,49,True
2025-06-23,L3,Nike,Pegasus 3D Knit Collar,INS_15,šav neravnomjeran,major,pass,final,43,True
2025-07-07,L4,Crocs,LiteRide Insole Unit,INS_01,dimenzija van tolerancije,major,rework,inline,20,True
2025-03-07,L2,Nike,Vaporfly Engineered Mesh,INS_11,šav neravnomjeran,major,scrap,final,32,True
2026-01-08,L1,Crocs,Classic Clog Strap Assembly,INS_08,3D knit greška,minor,pass,inline,46,False
2025-06-02,L4,Decathlon,Kiprun Carbon Plate,INS_11,dimenzija van tolerancije,major,rework,final,59,True
2025-11-21,L1,Nike,Pegasus 3D Knit Collar,INS_14,ljepilo vidljivo,major,rework,incoming,29,False
2025-06-03,L3,Nike,Vaporfly Engineered Mesh,INS_15,šav neravnomjeran,major,rework,incoming,57,True
2025-09-12,L4,Crocs,Bayaband Slide Upper,INS_13,šav neravnomjeran,major,rework,final,41,False
2025-07-03,L3,Nike,Vaporfly Engineered Mesh,INS_14,boja odstupa,major,rework,inline,54,True
2025-09-15,L2,Nike,Air Max Flyknit Upper,INS_13,šav neravnomjeran,minor,pass,final,27,True
2025-06-27,L8,Crocs,Bayaband Slide Upper,INS_08,đon delaminacija,critical,scrap,incoming,48,False
2025-09-26,L4,Crocs,Classic Clog Strap Assembly,INS_02,logo pozicija,minor,scrap,final,51,True
2025-04-24,L8,Crocs,Bayaband Slide Upper,INS_01,đon delaminacija,major,scrap,final,49,True
2025-03-14,L2,Nike,ZoomX Carbon Plate Insert,INS_02,materijal oštećen,critical,scrap,inline,33,False
2025-11-19,L7,Nike,Air Max Flyknit Upper,INS_15,ljepilo vidljivo,minor,pass,inline,43,True
2026-02-11,L1,Nike,Vaporfly Engineered Mesh,INS_04,šav neravnomjeran,critical,scrap,final,60,True
2025-06-05,L4,Nike,Dunk Low Textile Upper,INS_01,ljepilo vidljivo,major,rework,inline,33,True
2025-09-19,L1,Nike,ZoomX Carbon Plate Insert,INS_10,ljepilo vidljivo,critical,scrap,incoming,43,True
2025-12-12,L6,Decathlon,Kiprun Carbon Plate,INS_01,ljepilo vidljivo,major,rework,final,65,True
2025-10-07,L4,Decathlon,Kalenji Trail Sole Unit,INS_08,dimenzija van tolerancije,major,rework,final,34,False
2026-01-29,L1,Nike,ZoomX Carbon Plate Insert,INS_09,ljepilo vidljivo,minor,rework,final,59,False
2026-01-27,L3,Nike,Pegasus 3D Knit Collar,INS_05,šav neravnomjeran,minor,pass,incoming,29,True
2026-02-27,L1,Nike,Vaporfly Engineered Mesh,INS_13,logo pozicija,major,pass,incoming,48,True
2025-04-14,L3,Nike,Pegasus 3D Knit Collar,INS_10,boja odstupa,major,rework,final,37,True
2025-06-20,L3,Nike,Dunk Low Textile Upper,INS_09,boja odstupa,major,scrap,inline,35,False
2025-04-29,L2,Nike,Dunk Low Textile Upper,INS_07,boja odstupa,major,scrap,final,29,True
2025-10-08,L8,Nike,Dunk Low Textile Upper,INS_06,logo pozicija,minor,pass,inline,36,True
2025-11-12,L7,Decathlon,Quechua Hiking Upper,INS_14,šav neravnomjeran,major,rework,customer_return,43,False
2025-09-15,L3,Nike,Vaporfly Engineered Mesh,INS_08,logo pozicija,major,scrap,incoming,37,True
2025-07-02,L5,Crocs,Classic Clog Strap Assembly,INS_03,dimenzija van tolerancije,critical,scrap,final,20,True
2025-05-01,L3,Nike,ZoomX Carbon Plate Insert,INS_07,šav neravnomjeran,critical,scrap,final,50,False
2026-01-05,L5,Crocs,Classic Clog Strap Assembly,INS_06,ljepilo vidljivo,minor,pass,customer_return,60,True
2026-02-13,L7,Decathlon,Kiprun Carbon Plate,INS_15,ljepilo vidljivo,critical,scrap,customer_return,41,True
2025-07-22,L4,Crocs,Classic Clog Strap Assembly,INS_02,ljepilo vidljivo,minor,pass,final,51,True
2025-04-24,L4,Crocs,LiteRide Insole Unit,INS_15,ljepilo vidljivo,major,rework,final,35,True
2025-04-25,L4,Nike,Air Max Flyknit Upper,INS_05,šav neravnomjeran,minor,pass,final,48,False
2025-04-25,L2,Nike,Dunk Low Textile Upper,INS_13,logo pozicija,minor,pass,final,23,True
2025-05-22,L8,Nike,Vaporfly Engineered Mesh,INS_05,boja odstupa,minor,pass,final,42,True
2025-06-09,L7,Nike,Dunk Low Textile Upper,INS_02,boja odstupa,major,rework,final,26,False
2025-06-03,L6,Decathlon,Quechua Hiking Upper,INS_13,logo pozicija,minor,pass,final,48,False
2026-02-02,L7,Decathlon,Kalenji Trail Sole Unit,INS_10,dimenzija van tolerancije,minor,pass,final,39,True
2026-02-27,L4,Crocs,LiteRide Insole Unit,INS_15,boja odstupa,major,scrap,final,61,True
2025-11-21,L7,Nike,Pegasus 3D Knit Collar,INS_02,dimenzija van tolerancije,minor,scrap,customer_return,18,True
2025-11-24,L2,Nike,Air Max Flyknit Upper,INS_15,dimenzija van tolerancije,major,rework,inline,57,False
2025-04-29,L8,Crocs,Classic Clog Strap Assembly,INS_05,ljepilo vidljivo,major,scrap,final,50,True
2025-09-02,L1,Nike,Dunk Low Textile Upper,INS_10,boja odstupa,critical,scrap,inline,50,True
2025-11-18,L5,Crocs,LiteRide Insole Unit,INS_11,ljepilo vidljivo,minor,pass,inline,50,True
2025-11-14,L5,Crocs,Bayaband Slide Upper,INS_03,boja odstupa,major,scrap,incoming,42,True
2025-09-11,L5,Crocs,Bayaband Slide Upper,INS_15,boja odstupa,critical,scrap,customer_return,60,False
2025-03-07,L1,Nike,Vaporfly Engineered Mesh,INS_05,đon delaminacija,major,rework,inline,58,True
2025-06-03,L6,Nike,Pegasus 3D Knit Collar,INS_01,boja odstupa,minor,pass,final,43,False
2025-07-17,L3,Nike,Dunk Low Textile Upper,INS_06,logo pozicija,minor,rework,final,57,True
2025-06-06,L1,Nike,Vaporfly Engineered Mesh,INS_09,ljepilo vidljivo,major,scrap,final,45,True
2025-09-30,L3,Nike,Air Max Flyknit Upper,INS_07,ljepilo vidljivo,minor,pass,final,51,True
2025-11-24,L8,Nike,Vaporfly Engineered Mesh,INS_07,đon delaminacija,critical,scrap,final,46,True
2025-10-15,L4,Crocs,Bayaband Slide Upper,INS_14,boja odstupa,major,pass,inline,28,True
2025-05-06,L4,Crocs,LiteRide Insole Unit,INS_12,šav neravnomjeran,major,rework,final,46,False
2025-06-20,L2,Nike,Vaporfly Engineered Mesh,INS_15,3D knit greška,minor,pass,incoming,37,False
2025-10-14,L7,Decathlon,Quechua Hiking Upper,INS_14,ljepilo vidljivo,major,rework,final,25,False
2025-06-13,L1,Nike,Dunk Low Textile Upper,INS_13,logo pozicija,major,rework,inline,44,False
2025-07-28,L3,Nike,ZoomX Carbon Plate Insert,INS_12,dimenzija van tolerancije,major,rework,final,55,True
2025-03-07,L4,Crocs,Bayaband Slide Upper,INS_03,ljepilo vidljivo,minor,pass,inline,47,False
2025-06-06,L4,Crocs,Bayaband Slide Upper,INS_12,boja odstupa,minor,pass,inline,41,True
2025-12-01,L6,Decathlon,Quechua Hiking Upper,INS_09,ljepilo vidljivo,major,rework,inline,57,True
2025-09-24,L6,Decathlon,Quechua Hiking Upper,INS_04,dimenzija van tolerancije,major,pass,inline,59,False
2025-04-03,L5,Crocs,LiteRide Insole Unit,INS_10,šav neravnomjeran,minor,pass,inline,43,True
2025-10-09,L5,Decathlon,Kalenji Trail Sole Unit,INS_15,đon delaminacija,critical,scrap,inline,47,True
2025-11-25,L4,Crocs,LiteRide Insole Unit,INS_08,logo pozicija,major,rework,customer_return,30,True
2026-02-26,L4,Crocs,LiteRide Insole Unit,INS_07,dimenzija van tolerancije,critical,rework,final,39,False
2026-01-23,L7,Decathlon,Kiprun Carbon Plate,INS_06,ljepilo vidljivo,major,scrap,inline,43,True
2025-10-29,L2,Crocs,LiteRide Insole Unit,INS_09,ljepilo vidljivo,minor,rework,final,46,True
2025-03-20,L5,Crocs,Bayaband Slide Upper,INS_11,ljepilo vidljivo,major,rework,inline,66,True
2025-05-29,L4,Crocs,LiteRide Insole Unit,INS_10,boja odstupa,major,scrap,final,36,True
2025-09-11,L8,Crocs,Bayaband Slide Upper,INS_15,materijal oštećen,minor,pass,final,30,True
2025-12-08,L7,Decathlon,Quechua Hiking Upper,INS_04,boja odstupa,critical,scrap,inline,54,False
2025-09-03,L3,Nike,ZoomX Carbon Plate Insert,INS_03,materijal oštećen,critical,scrap,incoming,84,True
2025-10-16,L4,Nike,ZoomX Carbon Plate Insert,INS_14,materijal oštećen,critical,scrap,final,41,True
2025-11-26,L4,Decathlon,Quechua Hiking Upper,INS_08,đon delaminacija,major,rework,final,61,True
2026-02-16,L8,Crocs,Classic Clog Strap Assembly,INS_08,šav neravnomjeran,major,rework,final,55,True
2025-08-14,L2,Nike,ZoomX Carbon Plate Insert,INS_04,ljepilo vidljivo,minor,pass,incoming,54,False
2025-11-07,L7,Decathlon,Quechua Hiking Upper,INS_12,boja odstupa,minor,pass,final,27,False
2025-06-05,L2,Nike,Pegasus 3D Knit Collar,INS_04,dimenzija van tolerancije,minor,rework,customer_return,31,False
2025-04-11,L4,Crocs,Bayaband Slide Upper,INS_10,materijal oštećen,major,rework,incoming,45,True
2025-05-23,L2,Nike,Air Max Flyknit Upper,INS_15,ljepilo vidljivo,minor,pass,final,45,True
2025-05-06,L4,Crocs,Classic Clog Strap Assembly,INS_10,šav neravnomjeran,major,scrap,incoming,48,True
2025-04-18,L4,Crocs,LiteRide Insole Unit,INS_06,materijal oštećen,major,pass,inline,41,True
2025-03-21,L6,Decathlon,Quechua Hiking Upper,INS_06,ljepilo vidljivo,minor,pass,inline,49,True
2025-12-19,L2,Nike,Vaporfly Engineered Mesh,INS_03,materijal oštećen,critical,rework,customer_return,29,False
2025-05-12,L5,Crocs,Classic Clog Strap Assembly,INS_09,ljepilo vidljivo,minor,rework,customer_return,65,True
2025-06-11,L8,Crocs,Classic Clog Strap Assembly,INS_03,šav neravnomjeran,minor,pass,inline,51,True
2025-03-11,L5,Nike,ZoomX Carbon Plate Insert,INS_11,đon delaminacija,major,rework,inline,34,True
2025-08-27,L5,Decathlon,Kalenji Trail Sole Unit,INS_04,3D knit greška,minor,pass,inline,33,True
2025-04-30,L8,Nike,Dunk Low Textile Upper,INS_01,boja odstupa,critical,scrap,inline,46,True
2025-03-03,L2,Nike,Pegasus 3D Knit Collar,INS_15,šav neravnomjeran,minor,rework,incoming,38,False
2025-06-18,L4,Nike,ZoomX Carbon Plate Insert,INS_06,ljepilo vidljivo,minor,pass,final,38,True
2026-02-25,L7,Decathlon,Kalenji Trail Sole Unit,INS_04,boja odstupa,major,scrap,final,51,False
2025-09-02,L5,Decathlon,Kalenji Trail Sole Unit,INS_11,dimenzija van tolerancije,major,scrap,inline,53,True
2025-07-24,L1,Nike,Air Max Flyknit Upper,INS_04,dimenzija van tolerancije,minor,pass,final,58,True
2025-06-26,L8,Crocs,Classic Clog Strap Assembly,INS_04,boja odstupa,major,rework,final,62,True
2025-11-20,L1,Nike,Dunk Low Textile Upper,INS_11,materijal oštećen,minor,pass,final,64,True
2026-02-24,L7,Decathlon,Kiprun Carbon Plate,INS_04,boja odstupa,major,pass,final,55,True
2025-04-22,L2,Nike,Air Max Flyknit Upper,INS_14,logo pozicija,minor,pass,final,45,False
2025-05-08,L1,Nike,Dunk Low Textile Upper,INS_01,dimenzija van tolerancije,critical,scrap,final,28,False
2025-11-20,L7,Crocs,Classic Clog Strap Assembly,INS_09,logo pozicija,minor,pass,inline,43,True
2026-02-10,L6,Nike,Dunk Low Textile Upper,INS_03,boja odstupa,major,pass,inline,36,False
2026-02-18,L3,Nike,Pegasus 3D Knit Collar,INS_12,boja odstupa,critical,scrap,final,42,True
2025-08-15,L3,Nike,Dunk Low Textile Upper,INS_05,3D knit greška,major,scrap,final,54,False
2025-11-10,L3,Nike,Vaporfly Engineered Mesh,INS_13,dimenzija van tolerancije,major,rework,customer_return,32,False
2025-09-23,L8,Decathlon,Kalenji Trail Sole Unit,INS_10,boja odstupa,minor,rework,incoming,56,True
2025-04-17,L7,Decathlon,Quechua Hiking Upper,INS_10,šav neravnomjeran,minor,pass,final,41,False
2026-01-28,L5,Crocs,Classic Clog Strap Assembly,INS_05,boja odstupa,minor,pass,inline,44,True
2025-04-03,L6,Decathlon,Kalenji Trail Sole Unit,INS_05,ljepilo vidljivo,major,pass,final,39,True
2025-10-27,L2,Crocs,Bayaband Slide Upper,INS_05,boja odstupa,minor,pass,inline,30,True
2025-11-12,L4,Crocs,Classic Clog Strap Assembly,INS_04,3D knit greška,major,rework,inline,54,False
2025-08-25,L2,Nike,Pegasus 3D Knit Collar,INS_14,đon delaminacija,major,rework,inline,54,True
2026-01-13,L1,Nike,Dunk Low Textile Upper,INS_15,boja odstupa,major,scrap,final,49,True
2025-06-30,L6,Decathlon,Kiprun Carbon Plate,INS_05,dimenzija van tolerancije,major,rework,final,42,False
2025-10-29,L5,Crocs,LiteRide Insole Unit,INS_02,đon delaminacija,critical,scrap,final,48,True
2025-07-22,L3,Nike,Air Max Flyknit Upper,INS_08,3D knit greška,critical,scrap,final,60,True
2025-04-11,L2,Nike,Dunk Low Textile Upper,INS_01,šav neravnomjeran,major,pass,final,42,True
2025-12-29,L1,Nike,Air Max Flyknit Upper,INS_07,boja odstupa,minor,pass,final,59,True
2025-09-22,L4,Decathlon,Quechua Hiking Upper,INS_04,boja odstupa,major,scrap,final,64,True
2025-05-28,L4,Crocs,LiteRide Insole Unit,INS_05,šav neravnomjeran,major,pass,final,39,True
2026-01-12,L1,Nike,Vaporfly Engineered Mesh,INS_06,boja odstupa,major,pass,incoming,51,False
2025-04-09,L3,Nike,Air Max Flyknit Upper,INS_10,logo pozicija,minor,pass,final,57,True
2025-10-22,L1,Nike,Pegasus 3D Knit Collar,INS_12,materijal oštećen,major,rework,inline,36,True
2025-11-07,L3,Nike,Vaporfly Engineered Mesh,INS_10,boja odstupa,major,scrap,inline,39,True
2025-10-02,L2,Nike,Air Max Flyknit Upper,INS_05,dimenzija van tolerancije,major,pass,inline,78,False
2025-04-10,L5,Nike,Pegasus 3D Knit Collar,INS_13,šav neravnomjeran,minor,pass,customer_return,39,False
2025-06-05,L5,Crocs,LiteRide Insole Unit,INS_15,đon delaminacija,critical,scrap,inline,41,True
2025-06-25,L3,Nike,Vaporfly Engineered Mesh,INS_04,šav neravnomjeran,major,scrap,inline,39,False
2025-09-10,L5,Crocs,LiteRide Insole Unit,INS_08,3D knit greška,minor,rework,final,63,False
2025-07-25,L2,Nike,Air Max Flyknit Upper,INS_09,3D knit greška,minor,rework,final,52,True
2026-02-25,L4,Crocs,Bayaband Slide Upper,INS_07,materijal oštećen,critical,scrap,final,49,False
2026-01-23,L4,Decathlon,Kalenji Trail Sole Unit,INS_04,dimenzija van tolerancije,minor,pass,final,40,False
2025-06-04,L8,Nike,ZoomX Carbon Plate Insert,INS_05,3D knit greška,major,rework,final,23,False
2025-04-29,L2,Nike,Dunk Low Textile Upper,INS_05,logo pozicija,major,rework,final,42,True
2025-10-24,L7,Decathlon,Kiprun Carbon Plate,INS_06,šav neravnomjeran,major,rework,final,49,True
2025-05-21,L6,Decathlon,Kiprun Carbon Plate,INS_04,ljepilo vidljivo,major,scrap,final,46,False
2025-03-17,L8,Nike,Dunk Low Textile Upper,INS_07,boja odstupa,minor,pass,final,11,True
2025-08-20,L7,Decathlon,Kiprun Carbon Plate,INS_10,materijal oštećen,critical,scrap,final,38,True
2025-09-25,L5,Crocs,Classic Clog Strap Assembly,INS_03,ljepilo vidljivo,minor,pass,inline,52,True
2025-05-27,L2,Nike,Pegasus 3D Knit Collar,INS_14,đon delaminacija,minor,pass,final,24,True
2025-06-16,L8,Decathlon,Kalenji Trail Sole Unit,INS_10,šav neravnomjeran,minor,scrap,final,31,True
2025-05-08,L5,Crocs,LiteRide Insole Unit,INS_13,đon delaminacija,minor,pass,final,35,True
2025-05-23,L1,Crocs,LiteRide Insole Unit,INS_05,ljepilo vidljivo,minor,pass,inline,56,True
2026-02-02,L8,Crocs,Classic Clog Strap Assembly,INS_06,šav neravnomjeran,major,rework,inline,49,False
2025-04-03,L3,Nike,Vaporfly Engineered Mesh,INS_01,materijal oštećen,minor,pass,inline,51,True
2026-01-29,L2,Nike,Vaporfly Engineered Mesh,INS_13,dimenzija van tolerancije,minor,pass,final,44,False
2025-03-26,L6,Decathlon,Kiprun Carbon Plate,INS_11,logo pozicija,minor,pass,incoming,50,True
2025-05-20,L3,Nike,Pegasus 3D Knit Collar,INS_07,boja odstupa,minor,pass,final,35,False
2025-05-02,L1,Nike,Vaporfly Engineered Mesh,INS_08,boja odstupa,major,scrap,final,48,True
2025-06-09,L6,Decathlon,Quechua Hiking Upper,INS_03,boja odstupa,minor,pass,final,59,True
2025-05-14,L1,Nike,Pegasus 3D Knit Collar,INS_14,boja odstupa,minor,pass,inline,42,True
2025-06-26,L5,Crocs,Classic Clog Strap Assembly,INS_09,đon delaminacija,minor,pass,inline,44,True
2025-03-26,L1,Nike,Pegasus 3D Knit Collar,INS_08,boja odstupa,major,scrap,inline,52,True
2025-11-13,L3,Nike,Pegasus 3D Knit Collar,INS_15,materijal oštećen,minor,rework,inline,43,True
2025-05-13,L4,Crocs,Classic Clog Strap Assembly,INS_01,boja odstupa,major,rework,customer_return,35,False
2026-02-19,L2,Nike,Air Max Flyknit Upper,INS_13,dimenzija van tolerancije,minor,pass,inline,23,True
2025-05-15,L5,Crocs,Classic Clog Strap Assembly,INS_13,3D knit greška,major,rework,inline,36,False
2025-09-10,L1,Nike,Pegasus 3D Knit Collar,INS_06,materijal oštećen,major,pass,final,26,True
2025-06-05,L3,Nike,Dunk Low Textile Upper,INS_08,dimenzija van tolerancije,minor,pass,final,44,False
2025-11-03,L7,Decathlon,Kalenji Trail Sole Unit,INS_05,materijal oštećen,minor,scrap,inline,28,True
2025-12-12,L7,Nike,ZoomX Carbon Plate Insert,INS_03,šav neravnomjeran,major,pass,final,46,True
2025-05-05,L4,Crocs,LiteRide Insole Unit,INS_14,ljepilo vidljivo,major,rework,final,45,True
2025-03-19,L5,Crocs,LiteRide Insole Unit,INS_08,materijal oštećen,major,rework,final,58,True
2025-07-17,L5,Crocs,Classic Clog Strap Assembly,INS_14,boja odstupa,major,rework,final,52,False
2025-10-22,L5,Nike,Vaporfly Engineered Mesh,INS_03,boja odstupa,critical,scrap,inline,39,False
2025-08-29,L2,Nike,Dunk Low Textile Upper,INS_09,dimenzija van tolerancije,major,rework,final,57,True
2025-11-04,L3,Decathlon,Kalenji Trail Sole Unit,INS_14,materijal oštećen,minor,rework,final,40,False
2025-03-21,L8,Decathlon,Kalenji Trail Sole Unit,INS_08,boja odstupa,major,scrap,customer_return,26,True
2025-10-09,L4,Decathlon,Kiprun Carbon Plate,INS_15,materijal oštećen,major,scrap,final,56,False
2025-10-08,L8,Crocs,Classic Clog Strap Assembly,INS_03,3D knit greška,minor,pass,final,47,True
2025-12-05,L1,Nike,Air Max Flyknit Upper,INS_03,šav neravnomjeran,major,rework,final,47,False
2026-01-01,L2,Nike,Air Max Flyknit Upper,INS_11,logo pozicija,minor,rework,final,58,True
2026-02-16,L2,Nike,ZoomX Carbon Plate Insert,INS_13,materijal oštećen,minor,pass,inline,41,False
2025-12-17,L2,Nike,Pegasus 3D Knit Collar,INS_04,ljepilo vidljivo,major,rework,final,36,False
2025-03-21,L1,Nike,Vaporfly Engineered Mesh,INS_05,ljepilo vidljivo,minor,rework,inline,73,True
2025-10-17,L4,Crocs,Bayaband Slide Upper,INS_02,boja odstupa,minor,pass,final,32,True
2025-10-14,L4,Crocs,LiteRide Insole Unit,INS_06,šav neravnomjeran,major,rework,final,40,False
2025-05-30,L1,Nike,ZoomX Carbon Plate Insert,INS_14,ljepilo vidljivo,minor,pass,incoming,59,True
2025-03-26,L6,Decathlon,Kalenji Trail Sole Unit,INS_07,dimenzija van tolerancije,major,rework,inline,43,True
2025-11-24,L4,Crocs,LiteRide Insole Unit,INS_10,3D knit greška,minor,pass,final,45,False
2025-05-30,L2,Crocs,Bayaband Slide Upper,INS_07,logo pozicija,minor,pass,final,37,True
2025-10-15,L6,Decathlon,Kalenji Trail Sole Unit,INS_11,šav neravnomjeran,minor,pass,final,58,False
2025-04-30,L2,Nike,Air Max Flyknit Upper,INS_08,materijal oštećen,major,rework,final,44,False
2025-05-05,L6,Nike,ZoomX Carbon Plate Insert,INS_04,boja odstupa,major,scrap,inline,46,True
2026-01-19,L1,Nike,ZoomX Carbon Plate Insert,INS_07,dimenzija van tolerancije,major,rework,final,45,False
2026-02-12,L6,Decathlon,Kiprun Carbon Plate,INS_08,3D knit greška,major,scrap,incoming,34,False
2025-03-19,L3,Nike,Pegasus 3D Knit Collar,INS_15,ljepilo vidljivo,major,scrap,inline,51,True
2026-01-20,L3,Crocs,Bayaband Slide Upper,INS_15,ljepilo vidljivo,minor,pass,inline,56,True
2025-04-17,L1,Nike,Pegasus 3D Knit Collar,INS_12,šav neravnomjeran,major,rework,inline,37,True
2025-04-14,L5,Crocs,Classic Clog Strap Assembly,INS_01,3D knit greška,minor,pass,final,47,True
2026-01-26,L8,Nike,Vaporfly Engineered Mesh,INS_07,materijal oštećen,minor,pass,inline,41,False
2025-04-28,L4,Crocs,Classic Clog Strap Assembly,INS_03,šav neravnomjeran,major,scrap,final,59,True
2025-05-23,L1,Crocs,LiteRide Insole Unit,INS_05,ljepilo vidljivo,minor,pass,final,59,True
2026-01-08,L7,Decathlon,Kalenji Trail Sole Unit,INS_10,ljepilo vidljivo,major,rework,final,45,True
2025-10-20,L7,Crocs,Bayaband Slide Upper,INS_10,dimenzija van tolerancije,major,rework,customer_return,33,False
2025-07-21,L2,Nike,Air Max Flyknit Upper,INS_07,dimenzija van tolerancije,major,rework,final,45,False
2025-05-30,L5,Crocs,Classic Clog Strap Assembly,INS_08,3D knit greška,critical,scrap,final,46,False
2025-06-03,L1,Nike,Vaporfly Engineered Mesh,INS_09,šav neravnomjeran,major,pass,inline,43,True
2025-10-31,L8,Nike,ZoomX Carbon Plate Insert,INS_03,đon delaminacija,critical,scrap,incoming,29,True
2026-01-14,L7,Decathlon,Quechua Hiking Upper,INS_13,đon delaminacija,major,scrap,inline,40,False
2025-07-10,L3,Nike,ZoomX Carbon Plate Insert,INS_10,logo pozicija,minor,pass,final,46,False
2025-04-08,L3,Nike,Air Max Flyknit Upper,INS_09,materijal oštećen,major,scrap,incoming,44,False
2025-03-25,L8,Nike,ZoomX Carbon Plate Insert,INS_13,3D knit greška,major,pass,inline,42,True
2025-08-01,L4,Crocs,Classic Clog Strap Assembly,INS_12,đon delaminacija,major,pass,inline,26,False
2025-04-11,L3,Nike,Pegasus 3D Knit Collar,INS_12,ljepilo vidljivo,minor,pass,final,47,False
2026-02-24,L1,Nike,Vaporfly Engineered Mesh,INS_02,materijal oštećen,minor,pass,final,53,False
2025-05-19,L2,Nike,ZoomX Carbon Plate Insert,INS_06,dimenzija van tolerancije,major,rework,final,49,True
2025-12-11,L2,Nike,Pegasus 3D Knit Collar,INS_04,boja odstupa,major,rework,final,47,True
2025-04-09,L5,Crocs,Classic Clog Strap Assembly,INS_01,ljepilo vidljivo,major,rework,final,45,False
2025-10-10,L7,Decathlon,Kiprun Carbon Plate,INS_09,šav neravnomjeran,minor,pass,inline,64,True
2026-01-01,L4,Crocs,Classic Clog Strap Assembly,INS_01,boja odstupa,major,scrap,customer_return,47,False
2025-10-02,L3,Nike,Vaporfly Engineered Mesh,INS_03,đon delaminacija,critical,scrap,incoming,89,False
2025-04-08,L1,Nike,Vaporfly Engineered Mesh,INS_13,3D knit greška,minor,pass,inline,27,True
2025-06-06,L5,Crocs,Bayaband Slide Upper,INS_15,dimenzija van tolerancije,critical,scrap,inline,40,True
2025-03-17,L4,Crocs,Bayaband Slide Upper,INS_12,šav neravnomjeran,critical,scrap,final,48,False
2025-11-11,L5,Crocs,Bayaband Slide Upper,INS_06,ljepilo vidljivo,major,scrap,inline,51,True
2025-11-21,L5,Decathlon,Quechua Hiking Upper,INS_01,3D knit greška,major,scrap,inline,50,False
2025-10-21,L1,Nike,Vaporfly Engineered Mesh,INS_08,šav neravnomjeran,major,rework,final,24,True
2025-04-14,L6,Decathlon,Kalenji Trail Sole Unit,INS_14,šav neravnomjeran,minor,pass,inline,44,True
2025-10-08,L8,Nike,ZoomX Carbon Plate Insert,INS_03,logo pozicija,minor,pass,final,22,True
2025-10-29,L1,Nike,Vaporfly Engineered Mesh,INS_07,boja odstupa,critical,rework,final,41,False
2025-04-01,L4,Crocs,LiteRide Insole Unit,INS_03,đon delaminacija,major,rework,final,43,True
2026-02-18,L2,Decathlon,Kalenji Trail Sole Unit,INS_14,šav neravnomjeran,critical,scrap,inline,29,True
2025-05-19,L8,Nike,Dunk Low Textile Upper,INS_14,3D knit greška,minor,pass,final,26,False
2025-03-18,L4,Crocs,Bayaband Slide Upper,INS_03,đon delaminacija,minor,pass,customer_return,37,False
2025-04-11,L1,Nike,Dunk Low Textile Upper,INS_11,materijal oštećen,major,scrap,inline,46,False
2025-09-01,L2,Nike,ZoomX Carbon Plate Insert,INS_12,ljepilo vidljivo,minor,pass,inline,41,False
2025-06-20,L4,Crocs,LiteRide Insole Unit,INS_11,šav neravnomjeran,minor,pass,inline,28,False
2025-04-22,L6,Decathlon,Kalenji Trail Sole Unit,INS_01,ljepilo vidljivo,minor,rework,inline,46,False
2025-05-14,L5,Decathlon,Kalenji Trail Sole Unit,INS_10,đon delaminacija,major,scrap,final,51,True
2025-10-30,L1,Nike,ZoomX Carbon Plate Insert,INS_04,logo pozicija,minor,pass,final,36,False
2026-02-10,L2,Nike,Dunk Low Textile Upper,INS_13,ljepilo vidljivo,minor,pass,incoming,40,True
2025-06-09,L2,Nike,Vaporfly Engineered Mesh,INS_02,dimenzija van tolerancije,major,rework,customer_return,32,True
2025-03-07,L8,Nike,ZoomX Carbon Plate Insert,INS_03,logo pozicija,major,rework,final,44,True
2026-02-17,L1,Nike,Dunk Low Textile Upper,INS_14,logo pozicija,minor,pass,inline,38,False
2025-05-19,L7,Decathlon,Kalenji Trail Sole Unit,INS_13,boja odstupa,major,rework,final,51,False
2025-06-20,L7,Decathlon,Quechua Hiking Upper,INS_01,ljepilo vidljivo,critical,scrap,inline,64,True
2026-02-05,L8,Crocs,Bayaband Slide Upper,INS_03,boja odstupa,major,rework,inline,43,False
2025-05-14,L4,Crocs,Bayaband Slide Upper,INS_11,materijal oštećen,major,rework,inline,36,True
2025-07-31,L1,Nike,Air Max Flyknit Upper,INS_04,logo pozicija,major,scrap,inline,41,False
2025-09-22,L5,Crocs,Bayaband Slide Upper,INS_04,đon delaminacija,major,scrap,final,57,False
2025-04-11,L8,Nike,Dunk Low Textile Upper,INS_09,logo pozicija,major,scrap,inline,72,True
2026-02-17,L6,Decathlon,Quechua Hiking Upper,INS_14,boja odstupa,major,pass,final,47,True
2025-03-05,L4,Crocs,Classic Clog Strap Assembly,INS_14,dimenzija van tolerancije,minor,pass,customer_return,49,False
2025-06-02,L7,Decathlon,Quechua Hiking Upper,INS_08,dimenzija van tolerancije,critical,scrap,final,62,False
2026-02-16,L7,Decathlon,Kalenji Trail Sole Unit,INS_14,boja odstupa,major,pass,incoming,41,True
2025-09-12,L3,Nike,Dunk Low Textile Upper,INS_10,boja odstupa,major,rework,final,39,False
2025-07-25,L2,Nike,Vaporfly Engineered Mesh,INS_05,ljepilo vidljivo,major,rework,final,40,True
2025-09-16,L5,Crocs,LiteRide Insole Unit,INS_10,dimenzija van tolerancije,major,rework,incoming,34,True
2025-03-14,L5,Crocs,Bayaband Slide Upper,INS_01,boja odstupa,minor,pass,final,27,True
2025-07-10,L3,Nike,Pegasus 3D Knit Collar,INS_12,materijal oštećen,minor,pass,final,54,False
2025-05-06,L1,Nike,Vaporfly Engineered Mesh,INS_02,3D knit greška,minor,pass,inline,43,True
2025-05-30,L1,Nike,Dunk Low Textile Upper,INS_11,materijal oštećen,major,scrap,final,30,True
2025-03-11,L4,Nike,Dunk Low Textile Upper,INS_06,ljepilo vidljivo,major,rework,final,51,True
2026-02-19,L4,Crocs,Bayaband Slide Upper,INS_04,boja odstupa,major,rework,final,49,False
2026-02-23,L2,Nike,Vaporfly Engineered Mesh,INS_07,boja odstupa,major,scrap,final,49,True
2026-02-12,L7,Decathlon,Kalenji Trail Sole Unit,INS_04,3D knit greška,minor,pass,final,28,True
2025-09-12,L6,Decathlon,Quechua Hiking Upper,INS_02,ljepilo vidljivo,major,scrap,inline,40,True
2025-11-24,L3,Nike,Vaporfly Engineered Mesh,INS_15,3D knit greška,minor,pass,inline,59,False
2025-07-22,L7,Decathlon,Kalenji Trail Sole Unit,INS_14,logo pozicija,minor,pass,final,48,False
2025-05-12,L3,Decathlon,Quechua Hiking Upper,INS_07,šav neravnomjeran,critical,scrap,final,10,True
2025-08-20,L3,Decathlon,Quechua Hiking Upper,INS_02,materijal oštećen,major,rework,inline,39,True
2025-03-31,L3,Nike,ZoomX Carbon Plate Insert,INS_07,materijal oštećen,critical,scrap,final,48,True
2025-04-14,L5,Crocs,Bayaband Slide Upper,INS_13,ljepilo vidljivo,minor,pass,incoming,40,True
2026-02-12,L4,Nike,Air Max Flyknit Upper,INS_01,šav neravnomjeran,major,rework,incoming,57,True
2025-11-14,L2,Nike,Vaporfly Engineered Mesh,INS_09,šav neravnomjeran,major,pass,incoming,58,True
2025-08-15,L1,Nike,Pegasus 3D Knit Collar,INS_04,boja odstupa,major,scrap,final,58,False
2025-06-05,L5,Crocs,LiteRide Insole Unit,INS_02,šav neravnomjeran,minor,pass,final,45,False
2025-12-09,L8,Nike,Air Max Flyknit Upper,INS_13,materijal oštećen,minor,pass,inline,48,False
2025-04-30,L7,Decathlon,Quechua Hiking Upper,INS_13,3D knit greška,critical,scrap,final,47,True
2025-03-11,L3,Nike,Air Max Flyknit Upper,INS_14,materijal oštećen,critical,scrap,final,75,True
2025-04-10,L4,Crocs,LiteRide Insole Unit,INS_03,ljepilo vidljivo,minor,pass,final,53,True
2025-06-18,L3,Nike,Pegasus 3D Knit Collar,INS_06,materijal oštećen,major,rework,final,55,True
2025-07-25,L8,Nike,Pegasus 3D Knit Collar,INS_08,ljepilo vidljivo,major,rework,final,40,True
2025-06-06,L8,Nike,Dunk Low Textile Upper,INS_05,materijal oštećen,major,rework,final,50,False
2025-03-20,L1,Nike,Air Max Flyknit Upper,INS_04,logo pozicija,major,scrap,final,32,False
2025-06-10,L4,Decathlon,Kalenji Trail Sole Unit,INS_03,šav neravnomjeran,major,rework,final,51,True
2025-06-24,L5,Crocs,Classic Clog Strap Assembly,INS_05,šav neravnomjeran,major,scrap,final,10,False
2025-05-28,L6,Decathlon,Quechua Hiking Upper,INS_14,materijal oštećen,critical,scrap,final,54,False
2025-11-19,L1,Nike,ZoomX Carbon Plate Insert,INS_03,šav neravnomjeran,minor,pass,final,18,True
2026-01-14,L5,Decathlon,Kalenji Trail Sole Unit,INS_12,ljepilo vidljivo,minor,pass,final,50,True
2025-11-12,L2,Nike,Pegasus 3D Knit Collar,INS_05,3D knit greška,minor,pass,final,24,True
2025-05-23,L8,Decathlon,Kalenji Trail Sole Unit,INS_12,šav neravnomjeran,major,scrap,inline,76,False
2026-01-19,L2,Nike,Dunk Low Textile Upper,INS_11,3D knit greška,major,rework,inline,40,True
2025-08-01,L6,Decathlon,Kiprun Carbon Plate,INS_06,3D knit greška,major,rework,customer_return,26,True
2025-06-23,L8,Decathlon,Quechua Hiking Upper,INS_10,ljepilo vidljivo,major,scrap,final,44,True
2026-01-12,L7,Decathlon,Kiprun Carbon Plate,INS_10,šav neravnomjeran,minor,pass,final,39,True
2025-11-05,L4,Crocs,Bayaband Slide Upper,INS_08,materijal oštećen,major,scrap,inline,42,False
2025-10-20,L1,Nike,ZoomX Carbon Plate Insert,INS_03,ljepilo vidljivo,major,rework,final,47,False
2025-06-02,L6,Nike,Pegasus 3D Knit Collar,INS_14,ljepilo vidljivo,major,rework,inline,50,False
2025-08-29,L2,Nike,Vaporfly Engineered Mesh,INS_13,ljepilo vidljivo,major,rework,final,51,True
2025-05-01,L6,Decathlon,Quechua Hiking Upper,INS_13,šav neravnomjeran,major,rework,final,26,True
2025-10-21,L2,Nike,Dunk Low Textile Upper,INS_15,šav neravnomjeran,major,rework,final,47,True
2025-09-12,L4,Crocs,Classic Clog Strap Assembly,INS_05,boja odstupa,critical,scrap,final,44,True
2025-11-20,L1,Nike,Air Max Flyknit Upper,INS_07,dimenzija van tolerancije,critical,scrap,final,49,False
2025-09-29,L4,Crocs,LiteRide Insole Unit,INS_04,šav neravnomjeran,critical,scrap,inline,31,True
2025-03-06,L1,Nike,Vaporfly Engineered Mesh,INS_07,dimenzija van tolerancije,major,rework,inline,28,True
2025-03-14,L1,Nike,ZoomX Carbon Plate Insert,INS_14,šav neravnomjeran,major,rework,inline,70,False
2025-04-16,L2,Crocs,Classic Clog Strap Assembly,INS_02,boja odstupa,major,rework,inline,42,False
2025-08-14,L1,Nike,Vaporfly Engineered Mesh,INS_03,ljepilo vidljivo,minor,pass,final,27,False
2026-02-02,L2,Nike,ZoomX Carbon Plate Insert,INS_09,ljepilo vidljivo,minor,rework,final,67,True
2025-10-30,L3,Nike,ZoomX Carbon Plate Insert,INS_02,ljepilo vidljivo,critical,scrap,incoming,54,True
2025-03-12,L1,Nike,ZoomX Carbon Plate Insert,INS_06,boja odstupa,major,rework,inline,32,False
2025-12-01,L7,Nike,ZoomX Carbon Plate Insert,INS_06,boja odstupa,minor,pass,final,56,False
2025-04-02,L8,Nike,Air Max Flyknit Upper,INS_08,materijal oštećen,major,pass,final,55,True
2025-03-14,L4,Crocs,Classic Clog Strap Assembly,INS_14,đon delaminacija,major,rework,incoming,47,False
2025-09-05,L8,Nike,Dunk Low Textile Upper,INS_03,boja odstupa,major,rework,inline,35,True
2025-07-02,L3,Nike,Air Max Flyknit Upper,INS_13,materijal oštećen,major,rework,customer_return,42,False
2026-01-16,L1,Nike,Air Max Flyknit Upper,INS_03,đon delaminacija,major,rework,inline,48,True
2026-02-12,L2,Nike,Dunk Low Textile Upper,INS_03,logo pozicija,critical,scrap,incoming,59,True
2025-05-01,L1,Nike,Vaporfly Engineered Mesh,INS_04,đon delaminacija,major,rework,final,41,True
2025-10-30,L1,Nike,ZoomX Carbon Plate Insert,INS_01,ljepilo vidljivo,major,scrap,inline,25,True
2025-04-03,L1,Nike,Dunk Low Textile Upper,INS_03,šav neravnomjeran,major,scrap,final,40,False
2025-07-25,L7,Decathlon,Kiprun Carbon Plate,INS_07,3D knit greška,minor,pass,inline,38,False
2025-03-28,L8,Crocs,Classic Clog Strap Assembly,INS_09,šav neravnomjeran,minor,pass,inline,38,False
2025-07-09,L3,Nike,Air Max Flyknit Upper,INS_04,logo pozicija,major,rework,final,33,False
2025-09-11,L1,Nike,Dunk Low Textile Upper,INS_06,šav neravnomjeran,major,scrap,final,27,True
2026-01-22,L1,Nike,Vaporfly Engineered Mesh,INS_07,3D knit greška,minor,scrap,final,58,True
2026-01-01,L2,Nike,Air Max Flyknit Upper,INS_14,đon delaminacija,major,scrap,final,35,True
2025-06-27,L3,Nike,Dunk Low Textile Upper,INS_10,šav neravnomjeran,major,rework,inline,52,False
2026-01-22,L3,Nike,ZoomX Carbon Plate Insert,INS_13,đon delaminacija,major,rework,final,35,True
2025-03-19,L3,Nike,Pegasus 3D Knit Collar,INS_04,šav neravnomjeran,major,rework,customer_return,36,False
2025-06-24,L5,Crocs,Classic Clog Strap Assembly,INS_12,materijal oštećen,major,rework,final,27,True
2025-04-15,L4,Crocs,LiteRide Insole Unit,INS_13,šav neravnomjeran,major,rework,inline,36,True
2025-07-14,L8,Nike,Air Max Flyknit Upper,INS_05,logo pozicija,minor,pass,final,37,True
2025-05-14,L2,Nike,ZoomX Carbon Plate Insert,INS_10,ljepilo vidljivo,minor,rework,final,58,True
2025-06-25,L4,Decathlon,Kalenji Trail Sole Unit,INS_08,3D knit greška,major,rework,final,50,True
2025-12-24,L6,Decathlon,Kalenji Trail Sole Unit,INS_10,boja odstupa,minor,pass,final,43,True
2025-07-18,L1,Nike,ZoomX Carbon Plate Insert,INS_07,ljepilo vidljivo,minor,rework,inline,49,True
2025-08-19,L8,Decathlon,Kiprun Carbon Plate,INS_13,ljepilo vidljivo,minor,pass,inline,49,True
2025-10-10,L7,Decathlon,Kiprun Carbon Plate,INS_01,ljepilo vidljivo,major,rework,inline,58,False
2025-03-25,L4,Crocs,Bayaband Slide Upper,INS_11,boja odstupa,critical,scrap,final,65,True
2025-11-06,L7,Crocs,LiteRide Insole Unit,INS_01,đon delaminacija,major,rework,inline,59,True
2026-01-19,L5,Crocs,Classic Clog Strap Assembly,INS_10,3D knit greška,major,scrap,customer_return,39,False
2026-01-22,L4,Decathlon,Kiprun Carbon Plate,INS_02,3D knit greška,minor,rework,incoming,69,True
2025-07-25,L4,Crocs,Bayaband Slide Upper,INS_14,šav neravnomjeran,major,rework,customer_return,32,False
2025-10-06,L1,Crocs,LiteRide Insole Unit,INS_15,3D knit greška,major,rework,customer_return,50,True
2026-02-11,L5,Crocs,Bayaband Slide Upper,INS_15,materijal oštećen,major,pass,inline,52,True
2025-11-10,L6,Decathlon,Kiprun Carbon Plate,INS_13,šav neravnomjeran,minor,pass,inline,44,False
2025-04-30,L5,Crocs,Bayaband Slide Upper,INS_07,3D knit greška,major,pass,inline,48,True
2025-09-16,L8,Nike,Vaporfly Engineered Mesh,INS_11,logo pozicija,minor,pass,final,37,False
2025-10-14,L3,Nike,Vaporfly Engineered Mesh,INS_12,šav neravnomjeran,major,pass,inline,46,False
2025-05-01,L6,Decathlon,Quechua Hiking Upper,INS_02,boja odstupa,major,scrap,inline,76,True
2025-12-30,L1,Nike,Pegasus 3D Knit Collar,INS_04,šav neravnomjeran,major,rework,incoming,42,True
2025-09-17,L3,Crocs,Classic Clog Strap Assembly,INS_01,šav neravnomjeran,minor,pass,inline,57,False
2025-09-19,L1,Nike,Dunk Low Textile Upper,INS_12,3D knit greška,major,rework,customer_return,48,True
2025-09-30,L5,Crocs,LiteRide Insole Unit,INS_15,materijal oštećen,major,rework,inline,43,False
2025-10-20,L7,Decathlon,Kiprun Carbon Plate,INS_01,3D knit greška,major,rework,customer_return,40,True
2025-10-28,L1,Nike,Pegasus 3D Knit Collar,INS_15,logo pozicija,minor,pass,final,31,True
2026-02-16,L7,Decathlon,Kiprun Carbon Plate,INS_15,boja odstupa,major,rework,final,43,False
2026-02-02,L2,Nike,ZoomX Carbon Plate Insert,INS_11,boja odstupa,minor,pass,inline,49,True
2025-11-07,L3,Nike,Vaporfly Engineered Mesh,INS_01,šav neravnomjeran,critical,scrap,final,46,True
2025-06-06,L2,Nike,Dunk Low Textile Upper,INS_09,dimenzija van tolerancije,major,rework,inline,47,False
2025-06-26,L7,Decathlon,Quechua Hiking Upper,INS_05,materijal oštećen,minor,pass,customer_return,36,False
2025-05-09,L8,Nike,ZoomX Carbon Plate Insert,INS_07,dimenzija van tolerancije,critical,scrap,final,54,False
2025-11-25,L7,Decathlon,Quechua Hiking Upper,INS_11,dimenzija van tolerancije,critical,scrap,final,63,True
2025-11-28,L5,Crocs,LiteRide Insole Unit,INS_07,boja odstupa,minor,rework,inline,30,True
2025-04-16,L1,Nike,Air Max Flyknit Upper,INS_09,šav neravnomjeran,critical,rework,inline,35,True
2025-07-23,L4,Nike,Vaporfly Engineered Mesh,INS_04,ljepilo vidljivo,minor,rework,final,64,True
2025-10-10,L6,Nike,Air Max Flyknit Upper,INS_07,materijal oštećen,major,rework,final,43,True
2025-04-23,L2,Crocs,Bayaband Slide Upper,INS_05,ljepilo vidljivo,major,scrap,final,42,True
2025-10-27,L7,Decathlon,Quechua Hiking Upper,INS_11,đon delaminacija,major,scrap,inline,44,False
2025-11-18,L8,Crocs,LiteRide Insole Unit,INS_12,đon delaminacija,minor,pass,inline,33,True
2025-10-21,L5,Crocs,Classic Clog Strap Assembly,INS_07,ljepilo vidljivo,minor,pass,incoming,34,True
2026-01-08,L7,Decathlon,Kalenji Trail Sole Unit,INS_09,ljepilo vidljivo,minor,rework,inline,68,False
2025-07-25,L5,Crocs,Bayaband Slide Upper,INS_04,šav neravnomjeran,minor,rework,final,56,True
2025-11-17,L6,Decathlon,Kalenji Trail Sole Unit,INS_06,ljepilo vidljivo,major,rework,final,52,True
2026-02-03,L5,Nike,Vaporfly Engineered Mesh,INS_10,logo pozicija,minor,pass,final,61,False
2025-12-25,L4,Crocs,Classic Clog Strap Assembly,INS_15,boja odstupa,major,rework,final,50,False
2025-10-01,L6,Decathlon,Kiprun Carbon Plate,INS_08,logo pozicija,major,rework,final,52,True
2025-11-19,L5,Crocs,LiteRide Insole Unit,INS_04,dimenzija van tolerancije,major,scrap,final,59,True
2025-07-15,L7,Nike,Vaporfly Engineered Mesh,INS_08,boja odstupa,minor,rework,final,34,True
2025-04-24,L5,Decathlon,Kalenji Trail Sole Unit,INS_05,ljepilo vidljivo,major,scrap,final,34,True
2025-11-12,L5,Crocs,Classic Clog Strap Assembly,INS_04,šav neravnomjeran,minor,rework,inline,39,False
2026-01-07,L1,Decathlon,Kalenji Trail Sole Unit,INS_09,ljepilo vidljivo,major,scrap,final,55,True
2025-09-05,L8,Nike,Dunk Low Textile Upper,INS_01,materijal oštećen,minor,rework,final,55,True
2025-08-07,L6,Decathlon,Kalenji Trail Sole Unit,INS_15,ljepilo vidljivo,major,scrap,inline,51,True
2025-09-18,L2,Crocs,Bayaband Slide Upper,INS_13,boja odstupa,minor,pass,final,50,True
2025-04-24,L2,Crocs,Bayaband Slide Upper,INS_14,materijal oštećen,major,rework,incoming,27,False
2025-12-19,L2,Nike,Pegasus 3D Knit Collar,INS_14,đon delaminacija,major,rework,inline,51,True
2025-05-23,L5,Crocs,Bayaband Slide Upper,INS_14,ljepilo vidljivo,major,rework,inline,62,False
2025-11-18,L4,Crocs,Classic Clog Strap Assembly,INS_07,šav neravnomjeran,major,scrap,final,68,False
2025-03-17,L8,Nike,Vaporfly Engineered Mesh,INS_06,ljepilo vidljivo,major,rework,inline,47,True
2025-03-17,L1,Nike,ZoomX Carbon Plate Insert,INS_03,ljepilo vidljivo,minor,scrap,final,30,True
2026-02-20,L1,Nike,ZoomX Carbon Plate Insert,INS_12,materijal oštećen,major,pass,inline,36,True
2025-05-12,L5,Crocs,Classic Clog Strap Assembly,INS_15,logo pozicija,minor,pass,final,58,True
2025-11-05,L1,Nike,Air Max Flyknit Upper,INS_01,materijal oštećen,minor,rework,inline,40,False
2025-06-18,L5,Crocs,Bayaband Slide Upper,INS_01,3D knit greška,critical,scrap,final,63,True
2025-09-22,L4,Decathlon,Quechua Hiking Upper,INS_02,đon delaminacija,critical,scrap,final,46,True
2025-04-10,L2,Nike,Vaporfly Engineered Mesh,INS_09,dimenzija van tolerancije,major,scrap,final,45,True
2025-07-21,L1,Nike,Air Max Flyknit Upper,INS_03,šav neravnomjeran,minor,pass,final,43,True
2025-12-26,L5,Crocs,Classic Clog Strap Assembly,INS_04,ljepilo vidljivo,minor,pass,final,57,True
2025-05-22,L2,Nike,Dunk Low Textile Upper,INS_09,dimenzija van tolerancije,critical,scrap,inline,43,True
2025-11-17,L5,Crocs,Classic Clog Strap Assembly,INS_11,materijal oštećen,major,scrap,final,55,True
2026-01-05,L2,Nike,Air Max Flyknit Upper,INS_14,šav neravnomjeran,major,scrap,inline,34,True
2025-06-26,L6,Decathlon,Kalenji Trail Sole Unit,INS_14,logo pozicija,minor,pass,final,53,True
2025-06-18,L7,Decathlon,Quechua Hiking Upper,INS_08,ljepilo vidljivo,major,scrap,final,33,True
2025-05-13,L6,Decathlon,Kiprun Carbon Plate,INS_06,šav neravnomjeran,major,scrap,final,42,True
2026-01-20,L1,Nike,Dunk Low Textile Upper,INS_01,boja odstupa,minor,rework,customer_return,64,True
2025-10-03,L3,Nike,ZoomX Carbon Plate Insert,INS_15,šav neravnomjeran,critical,scrap,final,32,True
2025-11-05,L1,Nike,Air Max Flyknit Upper,INS_03,ljepilo vidljivo,minor,rework,final,45,False
2025-05-01,L2,Crocs,LiteRide Insole Unit,INS_07,đon delaminacija,major,rework,inline,32,False
2025-12-19,L4,Crocs,Bayaband Slide Upper,INS_03,ljepilo vidljivo,minor,pass,inline,34,False
2025-05-02,L3,Decathlon,Quechua Hiking Upper,INS_15,šav neravnomjeran,minor,scrap,final,50,False
2025-11-10,L5,Crocs,LiteRide Insole Unit,INS_03,3D knit greška,major,scrap,inline,47,True
2025-11-11,L2,Nike,ZoomX Carbon Plate Insert,INS_06,ljepilo vidljivo,major,rework,final,45,True
2025-07-21,L2,Nike,Air Max Flyknit Upper,INS_11,boja odstupa,minor,pass,inline,33,True
2025-05-06,L6,Decathlon,Kalenji Trail Sole Unit,INS_09,boja odstupa,major,rework,final,50,False
2025-08-29,L8,Crocs,Bayaband Slide Upper,INS_06,boja odstupa,minor,scrap,final,55,True
2025-05-09,L7,Decathlon,Kalenji Trail Sole Unit,INS_12,ljepilo vidljivo,minor,pass,final,52,False
2025-10-31,L3,Nike,Dunk Low Textile Upper,INS_11,dimenzija van tolerancije,major,scrap,final,60,True
2025-04-24,L3,Crocs,Bayaband Slide Upper,INS_11,3D knit greška,major,rework,final,28,True
2025-12-01,L2,Nike,Air Max Flyknit Upper,INS_11,materijal oštećen,major,pass,final,53,True
2025-11-25,L1,Nike,ZoomX Carbon Plate Insert,INS_06,đon delaminacija,minor,pass,final,64,True
2025-03-17,L3,Decathlon,Kalenji Trail Sole Unit,INS_02,boja odstupa,critical,scrap,final,42,True
2025-09-30,L2,Nike,Air Max Flyknit Upper,INS_02,šav neravnomjeran,major,scrap,inline,28,False
2025-06-12,L3,Nike,ZoomX Carbon Plate Insert,INS_07,logo pozicija,major,pass,inline,29,True
2025-09-03,L8,Nike,Air Max Flyknit Upper,INS_04,boja odstupa,major,scrap,customer_return,33,True
2025-09-22,L2,Nike,Air Max Flyknit Upper,INS_15,3D knit greška,critical,rework,inline,37,False
2026-02-24,L2,Nike,Pegasus 3D Knit Collar,INS_11,šav neravnomjeran,minor,pass,final,43,False
2025-05-16,L4,Crocs,Bayaband Slide Upper,INS_03,šav neravnomjeran,major,rework,inline,42,True
2025-10-27,L6,Crocs,Classic Clog Strap Assembly,INS_06,3D knit greška,major,rework,final,42,False
2026-01-08,L2,Nike,Air Max Flyknit Upper,INS_15,boja odstupa,minor,pass,inline,43,True
2025-12-10,L2,Nike,ZoomX Carbon Plate Insert,INS_03,boja odstupa,major,scrap,final,46,False
2025-05-21,L5,Crocs,Bayaband Slide Upper,INS_09,logo pozicija,major,rework,inline,33,True
2026-01-13,L2,Nike,Air Max Flyknit Upper,INS_14,ljepilo vidljivo,minor,pass,inline,41,True
2025-09-30,L1,Nike,Dunk Low Textile Upper,INS_11,ljepilo vidljivo,minor,pass,inline,33,False
2026-02-11,L2,Nike,Dunk Low Textile Upper,INS_01,đon delaminacija,critical,scrap,final,42,True
2025-05-22,L2,Nike,Dunk Low Textile Upper,INS_14,đon delaminacija,critical,scrap,final,44,False
2025-07-23,L4,Nike,Vaporfly Engineered Mesh,INS_14,boja odstupa,major,rework,final,44,False
2025-06-30,L6,Decathlon,Kiprun Carbon Plate,INS_01,ljepilo vidljivo,major,scrap,final,43,True
2025-09-24,L8,Crocs,Classic Clog Strap Assembly,INS_04,šav neravnomjeran,major,rework,inline,31,True
2025-06-10,L8,Decathlon,Quechua Hiking Upper,INS_04,šav neravnomjeran,critical,scrap,final,38,False
2025-10-15,L4,Crocs,Bayaband Slide Upper,INS_10,boja odstupa,critical,scrap,final,56,False
2026-01-14,L6,Nike,Pegasus 3D Knit Collar,INS_12,ljepilo vidljivo,major,scrap,final,54,False
2025-03-31,L5,Crocs,Bayaband Slide Upper,INS_01,ljepilo vidljivo,major,rework,inline,29,False
2025-08-05,L2,Crocs,LiteRide Insole Unit,INS_08,materijal oštećen,minor,pass,final,80,False
2026-01-01,L8,Nike,Vaporfly Engineered Mesh,INS_11,ljepilo vidljivo,critical,rework,inline,36,False
2025-10-01,L4,Nike,Dunk Low Textile Upper,INS_02,materijal oštećen,major,rework,customer_return,34,False
2025-09-10,L2,Nike,Pegasus 3D Knit Collar,INS_04,materijal oštećen,major,scrap,customer_return,37,False
2025-11-17,L7,Crocs,Bayaband Slide Upper,INS_07,ljepilo vidljivo,major,rework,final,33,True
2025-03-24,L6,Decathlon,Kiprun Carbon Plate,INS_11,ljepilo vidljivo,minor,pass,customer_return,64,False
2025-12-03,L2,Nike,Dunk Low Textile Upper,INS_04,3D knit greška,major,scrap,final,55,True
2025-05-19,L2,Nike,ZoomX Carbon Plate Insert,INS_04,đon delaminacija,major,scrap,final,16,False
2025-11-04,L1,Nike,Vaporfly Engineered Mesh,INS_14,logo pozicija,major,scrap,inline,33,False
2026-02-26,L3,Crocs,Classic Clog Strap Assembly,INS_13,dimenzija van tolerancije,minor,rework,inline,64,False
2026-02-25,L5,Crocs,Bayaband Slide Upper,INS_04,šav neravnomjeran,major,rework,customer_return,52,True
2025-10-16,L3,Nike,ZoomX Carbon Plate Insert,INS_08,šav neravnomjeran,minor,pass,final,41,False
2025-04-18,L8,Nike,Pegasus 3D Knit Collar,INS_08,3D knit greška,major,rework,final,33,True
2025-05-06,L1,Nike,Pegasus 3D Knit Collar,INS_13,materijal oštećen,major,rework,customer_return,23,True
2025-07-22,L1,Nike,Vaporfly Engineered Mesh,INS_01,ljepilo vidljivo,minor,scrap,inline,32,False
2025-11-28,L7,Decathlon,Kiprun Carbon Plate,INS_10,šav neravnomjeran,minor,pass,customer_return,54,False
2025-11-26,L1,Nike,ZoomX Carbon Plate Insert,INS_14,šav neravnomjeran,major,rework,customer_return,43,False
2025-03-27,L3,Nike,Dunk Low Textile Upper,INS_05,dimenzija van tolerancije,critical,scrap,final,59,False
2025-06-24,L7,Decathlon,Kalenji Trail Sole Unit,INS_12,đon delaminacija,critical,scrap,final,43,False
2025-05-26,L4,Crocs,LiteRide Insole Unit,INS_03,đon delaminacija,major,rework,inline,61,False
2025-03-18,L6,Nike,Air Max Flyknit Upper,INS_15,boja odstupa,major,scrap,customer_return,56,True
2025-11-06,L2,Nike,Pegasus 3D Knit Collar,INS_13,dimenzija van tolerancije,major,rework,customer_return,56,False
2025-05-06,L2,Nike,ZoomX Carbon Plate Insert,INS_02,3D knit greška,major,rework,inline,38,True
2025-12-08,L2,Nike,Dunk Low Textile Upper,INS_06,šav neravnomjeran,minor,pass,final,53,True
2026-02-20,L5,Crocs,LiteRide Insole Unit,INS_07,logo pozicija,major,rework,incoming,23,False
2025-06-16,L6,Decathlon,Kiprun Carbon Plate,INS_06,materijal oštećen,major,scrap,incoming,57,True
2025-11-25,L1,Nike,ZoomX Carbon Plate Insert,INS_01,3D knit greška,major,scrap,inline,35,True
2025-05-26,L5,Decathlon,Quechua Hiking Upper,INS_01,logo pozicija,minor,pass,incoming,55,True
2025-04-16,L3,Nike,Vaporfly Engineered Mesh,INS_08,logo pozicija,minor,pass,incoming,43,True
2025-08-27,L6,Decathlon,Kalenji Trail Sole Unit,INS_06,3D knit greška,major,pass,inline,51,True
2026-02-20,L6,Crocs,Classic Clog Strap Assembly,INS_08,šav neravnomjeran,minor,pass,final,42,False
2026-01-29,L1,Nike,ZoomX Carbon Plate Insert,INS_14,ljepilo vidljivo,minor,rework,final,42,True
2025-03-07,L3,Nike,Pegasus 3D Knit Collar,INS_07,logo pozicija,major,scrap,inline,28,True
2026-02-27,L5,Decathlon,Kalenji Trail Sole Unit,INS_01,šav neravnomjeran,major,rework,final,42,True
2025-04-10,L4,Crocs,LiteRide Insole Unit,INS_14,dimenzija van tolerancije,major,rework,final,39,True
2025-03-24,L2,Nike,Pegasus 3D Knit Collar,INS_10,boja odstupa,major,rework,incoming,57,False
2025-10-17,L8,Nike,Pegasus 3D Knit Collar,INS_01,šav neravnomjeran,major,rework,inline,42,False
2025-10-17,L8,Crocs,Classic Clog Strap Assembly,INS_06,šav neravnomjeran,major,rework,final,54,True
2025-04-14,L3,Nike,Vaporfly Engineered Mesh,INS_07,ljepilo vidljivo,major,rework,customer_return,47,True
2025-05-05,L6,Nike,Pegasus 3D Knit Collar,INS_14,boja odstupa,minor,rework,inline,55,False
2025-10-08,L3,Nike,Dunk Low Textile Upper,INS_15,šav neravnomjeran,minor,pass,final,50,True
2025-09-11,L8,Crocs,Bayaband Slide Upper,INS_05,šav neravnomjeran,major,pass,customer_return,65,True
2026-02-05,L4,Crocs,Classic Clog Strap Assembly,INS_03,3D knit greška,major,rework,inline,50,True
2025-03-26,L1,Nike,Pegasus 3D Knit Collar,INS_07,ljepilo vidljivo,minor,pass,final,41,False
2025-07-01,L2,Nike,Dunk Low Textile Upper,INS_02,ljepilo vidljivo,minor,pass,final,38,True
2026-02-26,L4,Crocs,LiteRide Insole Unit,INS_13,dimenzija van tolerancije,minor,pass,inline,37,True
2026-01-01,L4,Crocs,Classic Clog Strap Assembly,INS_11,boja odstupa,major,rework,inline,52,False
2025-04-15,L3,Nike,Vaporfly Engineered Mesh,INS_06,šav neravnomjeran,minor,rework,inline,39,False
2025-05-27,L7,Decathlon,Quechua Hiking Upper,INS_15,ljepilo vidljivo,minor,pass,final,50,True
2026-01-21,L3,Nike,Pegasus 3D Knit Collar,INS_05,logo pozicija,major,scrap,inline,21,True
2025-11-21,L6,Decathlon,Quechua Hiking Upper,INS_01,logo pozicija,minor,pass,final,63,True
2025-04-15,L5,Crocs,LiteRide Insole Unit,INS_10,3D knit greška,major,rework,inline,58,False
2025-10-27,L3,Crocs,LiteRide Insole Unit,INS_07,šav neravnomjeran,major,rework,final,35,True
2025-11-03,L5,Crocs,LiteRide Insole Unit,INS_13,materijal oštećen,major,pass,inline,18,True
2025-06-02,L7,Decathlon,Kiprun Carbon Plate,INS_04,šav neravnomjeran,major,rework,inline,43,True
2025-03-14,L3,Nike,Vaporfly Engineered Mesh,INS_11,materijal oštećen,major,pass,inline,44,True
2025-07-11,L5,Nike,Air Max Flyknit Upper,INS_11,dimenzija van tolerancije,major,rework,inline,29,True
2025-11-14,L2,Nike,Vaporfly Engineered Mesh,INS_09,boja odstupa,major,scrap,inline,61,True
2025-08-25,L3,Nike,ZoomX Carbon Plate Insert,INS_13,šav neravnomjeran,major,rework,final,54,True
2026-01-09,L3,Nike,Dunk Low Textile Upper,INS_09,boja odstupa,major,pass,inline,76,True
2026-01-12,L4,Decathlon,Quechua Hiking Upper,INS_13,đon delaminacija,major,rework,final,38,False
2025-11-24,L5,Crocs,Classic Clog Strap Assembly,INS_10,boja odstupa,major,rework,final,32,True
2025-09-17,L7,Decathlon,Kalenji Trail Sole Unit,INS_12,dimenzija van tolerancije,major,rework,inline,37,True
2025-06-25,L4,Nike,ZoomX Carbon Plate Insert,INS_10,materijal oštećen,critical,scrap,inline,42,False
2025-03-03,L4,Crocs,Classic Clog Strap Assembly,INS_07,materijal oštećen,minor,pass,inline,56,False
2025-05-15,L6,Decathlon,Kalenji Trail Sole Unit,INS_15,materijal oštećen,major,rework,final,37,True
2025-10-10,L4,Decathlon,Kalenji Trail Sole Unit,INS_11,3D knit greška,major,scrap,inline,34,False
2026-02-04,L7,Decathlon,Kalenji Trail Sole Unit,INS_08,dimenzija van tolerancije,major,rework,final,48,True
2025-06-17,L3,Nike,ZoomX Carbon Plate Insert,INS_05,šav neravnomjeran,minor,pass,final,64,True
2025-07-24,L3,Nike,Pegasus 3D Knit Collar,INS_08,šav neravnomjeran,major,scrap,incoming,47,True
2025-05-09,L4,Nike,Air Max Flyknit Upper,INS_08,logo pozicija,critical,scrap,inline,28,False
2025-06-04,L6,Decathlon,Kiprun Carbon Plate,INS_09,šav neravnomjeran,critical,scrap,final,25,True
2025-11-04,L1,Nike,Pegasus 3D Knit Collar,INS_15,šav neravnomjeran,major,rework,final,46,True
2025-07-07,L1,Nike,Pegasus 3D Knit Collar,INS_05,ljepilo vidljivo,major,scrap,final,37,True
2025-08-26,L3,Nike,Dunk Low Textile Upper,INS_02,boja odstupa,major,scrap,customer_return,30,True
2025-03-18,L2,Nike,Vaporfly Engineered Mesh,INS_04,logo pozicija,minor,rework,final,38,True
2025-06-19,L5,Crocs,Classic Clog Strap Assembly,INS_01,boja odstupa,major,rework,inline,50,False
2025-09-15,L4,Crocs,Bayaband Slide Upper,INS_07,šav neravnomjeran,minor,pass,customer_return,38,True
2025-05-13,L3,Nike,Pegasus 3D Knit Collar,INS_10,dimenzija van tolerancije,minor,pass,final,50,True
2025-04-07,L7,Decathlon,Quechua Hiking Upper,INS_04,ljepilo vidljivo,minor,rework,final,37,True
2025-04-03,L1,Crocs,Bayaband Slide Upper,INS_10,ljepilo vidljivo,minor,scrap,final,29,True
2025-05-16,L8,Nike,Pegasus 3D Knit Collar,INS_08,materijal oštećen,minor,pass,final,41,True
2025-11-28,L7,Decathlon,Kiprun Carbon Plate,INS_03,šav neravnomjeran,critical,scrap,final,40,True
2025-07-09,L8,Crocs,Bayaband Slide Upper,INS_07,logo pozicija,minor,pass,inline,33,True
2025-10-16,L3,Nike,ZoomX Carbon Plate Insert,INS_07,boja odstupa,critical,scrap,final,50,False
2026-01-06,L6,Decathlon,Kalenji Trail Sole Unit,INS_10,šav neravnomjeran,minor,pass,final,26,True
2025-11-27,L8,Nike,Pegasus 3D Knit Collar,INS_06,šav neravnomjeran,minor,pass,final,39,True
2025-10-22,L1,Nike,Pegasus 3D Knit Collar,INS_08,boja odstupa,minor,pass,final,40,True
2026-02-11,L1,Nike,Vaporfly Engineered Mesh,INS_14,šav neravnomjeran,minor,pass,final,66,False
2025-10-08,L2,Nike,ZoomX Carbon Plate Insert,INS_02,boja odstupa,major,rework,incoming,73,False
2025-05-19,L5,Crocs,Classic Clog Strap Assembly,INS_09,boja odstupa,major,rework,customer_return,55,True
2025-04-30,L1,Nike,ZoomX Carbon Plate Insert,INS_15,ljepilo vidljivo,major,pass,customer_return,56,True
2025-10-27,L4,Nike,Vaporfly Engineered Mesh,INS_04,šav neravnomjeran,major,rework,inline,23,True
2025-08-04,L6,Decathlon,Quechua Hiking Upper,INS_12,3D knit greška,critical,scrap,final,23,True
2025-05-02,L3,Decathlon,Quechua Hiking Upper,INS_01,3D knit greška,critical,scrap,inline,47,True
2025-09-17,L7,Decathlon,Quechua Hiking Upper,INS_09,ljepilo vidljivo,major,scrap,final,25,True
2025-05-30,L4,Crocs,Bayaband Slide Upper,INS_07,materijal oštećen,major,rework,final,34,True
2026-02-02,L2,Nike,ZoomX Carbon Plate Insert,INS_04,3D knit greška,major,rework,final,56,True
2025-10-13,L4,Nike,Vaporfly Engineered Mesh,INS_14,materijal oštećen,minor,rework,final,45,True
2025-10-16,L8,Crocs,Bayaband Slide Upper,INS_12,đon delaminacija,major,rework,final,37,False
2025-12-15,L2,Nike,Air Max Flyknit Upper,INS_08,materijal oštećen,major,rework,final,60,False
2025-04-29,L4,Decathlon,Kalenji Trail Sole Unit,INS_05,boja odstupa,major,rework,inline,35,False
2025-10-27,L5,Crocs,Classic Clog Strap Assembly,INS_12,đon delaminacija,minor,rework,final,28,True
2026-01-22,L8,Decathlon,Kiprun Carbon Plate,INS_02,šav neravnomjeran,minor,pass,final,37,True
2025-06-19,L1,Nike,Dunk Low Textile Upper,INS_09,ljepilo vidljivo,minor,pass,inline,64,False
2025-06-26,L2,Nike,ZoomX Carbon Plate Insert,INS_10,3D knit greška,critical,scrap,final,44,False
2025-09-19,L2,Nike,Air Max Flyknit Upper,INS_12,boja odstupa,minor,pass,inline,36,True
2025-05-21,L3,Nike,Air Max Flyknit Upper,INS_15,šav neravnomjeran,minor,pass,inline,46,False
2025-06-26,L1,Nike,Dunk Low Textile Upper,INS_14,ljepilo vidljivo,minor,pass,inline,69,False
2025-06-23,L3,Nike,Pegasus 3D Knit Collar,INS_04,boja odstupa,minor,pass,final,55,False
2025-11-21,L3,Nike,Vaporfly Engineered Mesh,INS_08,đon delaminacija,major,scrap,final,39,True
2025-10-27,L8,Crocs,Classic Clog Strap Assembly,INS_10,boja odstupa,major,scrap,customer_return,42,False
2026-02-27,L1,Nike,Vaporfly Engineered Mesh,INS_11,šav neravnomjeran,minor,rework,final,56,False
2025-05-28,L3,Nike,Dunk Low Textile Upper,INS_11,materijal oštećen,major,scrap,final,33,True
2025-11-12,L6,Decathlon,Quechua Hiking Upper,INS_06,materijal oštećen,major,rework,final,36,False
2025-04-18,L6,Decathlon,Quechua Hiking Upper,INS_06,šav neravnomjeran,minor,pass,final,56,False
2025-09-01,L4,Decathlon,Kiprun Carbon Plate,INS_08,šav neravnomjeran,critical,rework,inline,38,False
2025-10-24,L3,Decathlon,Quechua Hiking Upper,INS_15,boja odstupa,minor,rework,final,50,False
2025-12-11,L6,Decathlon,Kiprun Carbon Plate,INS_09,šav neravnomjeran,major,rework,inline,46,False
2025-12-31,L2,Nike,Air Max Flyknit Upper,INS_03,ljepilo vidljivo,minor,pass,inline,37,True
2025-04-21,L3,Decathlon,Kalenji Trail Sole Unit,INS_08,boja odstupa,major,scrap,final,44,True
2025-10-21,L6,Decathlon,Kalenji Trail Sole Unit,INS_12,šav neravnomjeran,critical,scrap,final,54,True
2025-05-08,L3,Nike,ZoomX Carbon Plate Insert,INS_11,ljepilo vidljivo,minor,pass,customer_return,27,True
2025-05-05,L3,Nike,ZoomX Carbon Plate Insert,INS_12,šav neravnomjeran,minor,pass,incoming,48,False
2025-11-13,L4,Crocs,Classic Clog Strap Assembly,INS_11,boja odstupa,major,rework,final,44,False
2025-10-06,L1,Crocs,LiteRide Insole Unit,INS_04,šav neravnomjeran,minor,rework,inline,55,False
2025-10-23,L1,Nike,Pegasus 3D Knit Collar,INS_14,ljepilo vidljivo,major,scrap,final,44,False
2025-08-08,L1,Crocs,Classic Clog Strap Assembly,INS_08,dimenzija van tolerancije,major,rework,inline,57,True
2025-05-01,L6,Decathlon,Quechua Hiking Upper,INS_14,ljepilo vidljivo,major,scrap,inline,50,False
2025-11-12,L4,Crocs,Classic Clog Strap Assembly,INS_06,ljepilo vidljivo,major,scrap,final,43,False
2025-10-07,L2,Nike,Pegasus 3D Knit Collar,INS_15,3D knit greška,minor,rework,inline,52,True
2025-09-30,L4,Crocs,LiteRide Insole Unit,INS_06,logo pozicija,major,scrap,final,49,True
2025-06-23,L3,Nike,Pegasus 3D Knit Collar,INS_12,đon delaminacija,critical,scrap,customer_return,38,False
2025-09-02,L4,Nike,Dunk Low Textile Upper,INS_15,đon delaminacija,major,scrap,final,45,True
2025-08-08,L2,Decathlon,Kiprun Carbon Plate,INS_09,ljepilo vidljivo,critical,scrap,inline,27,False
2025-12-19,L1,Nike,ZoomX Carbon Plate Insert,INS_04,ljepilo vidljivo,minor,pass,final,56,True
2025-09-01,L7,Decathlon,Kalenji Trail Sole Unit,INS_11,ljepilo vidljivo,major,rework,customer_return,42,True
2025-04-16,L6,Nike,Vaporfly Engineered Mesh,INS_13,đon delaminacija,major,rework,inline,44,True
2025-12-01,L7,Decathlon,Quechua Hiking Upper,INS_08,šav neravnomjeran,major,rework,customer_return,39,False
2026-02-16,L1,Nike,Pegasus 3D Knit Collar,INS_03,logo pozicija,major,scrap,final,50,True
2025-07-03,L5,Crocs,Bayaband Slide Upper,INS_05,šav neravnomjeran,minor,pass,final,31,True
2025-06-20,L8,Decathlon,Quechua Hiking Upper,INS_12,ljepilo vidljivo,minor,pass,inline,46,False
2025-03-10,L3,Decathlon,Kalenji Trail Sole Unit,INS_09,materijal oštećen,minor,pass,final,39,True
2025-09-17,L8,Nike,Vaporfly Engineered Mesh,INS_03,šav neravnomjeran,minor,pass,final,52,True
2026-02-04,L5,Nike,Pegasus 3D Knit Collar,INS_08,materijal oštećen,major,scrap,inline,43,True
2025-06-17,L2,Nike,Dunk Low Textile Upper,INS_08,materijal oštećen,major,rework,customer_return,38,True
2025-09-25,L1,Nike,ZoomX Carbon Plate Insert,INS_05,šav neravnomjeran,minor,pass,inline,35,False
2025-10-06,L4,Crocs,Bayaband Slide Upper,INS_07,boja odstupa,minor,rework,final,24,True
2026-01-19,L7,Decathlon,Quechua Hiking Upper,INS_11,boja odstupa,major,rework,final,46,True
2025-04-29,L4,Decathlon,Quechua Hiking Upper,INS_15,šav neravnomjeran,major,rework,final,10,True
2025-10-09,L1,Nike,Air Max Flyknit Upper,INS_10,ljepilo vidljivo,major,scrap,final,27,True
2025-11-21,L5,Decathlon,Kalenji Trail Sole Unit,INS_02,ljepilo vidljivo,minor,rework,inline,49,False
2025-03-26,L5,Nike,Vaporfly Engineered Mesh,INS_12,dimenzija van tolerancije,critical,scrap,final,52,False
2025-09-15,L3,Nike,Vaporfly Engineered Mesh,INS_14,ljepilo vidljivo,critical,scrap,incoming,28,False
2025-03-07,L2,Nike,Vaporfly Engineered Mesh,INS_07,đon delaminacija,major,scrap,final,62,True
2025-09-02,L2,Nike,Air Max Flyknit Upper,INS_14,boja odstupa,critical,scrap,final,34,True
2025-11-10,L5,Crocs,LiteRide Insole Unit,INS_11,boja odstupa,major,scrap,inline,34,True
2025-11-12,L2,Nike,Pegasus 3D Knit Collar,INS_11,3D knit greška,major,scrap,incoming,39,False
2025-09-12,L1,Nike,Air Max Flyknit Upper,INS_04,logo pozicija,minor,pass,final,32,True
2026-01-21,L2,Nike,Pegasus 3D Knit Collar,INS_10,materijal oštećen,critical,scrap,inline,55,True
2025-05-20,L7,Decathlon,Kalenji Trail Sole Unit,INS_09,šav neravnomjeran,major,scrap,final,65,False
2025-08-06,L1,Nike,Air Max Flyknit Upper,INS_11,materijal oštećen,critical,scrap,final,45,False
2025-04-04,L1,Nike,ZoomX Carbon Plate Insert,INS_02,šav neravnomjeran,major,scrap,final,52,False
2025-11-12,L1,Nike,Dunk Low Textile Upper,INS_04,ljepilo vidljivo,minor,pass,final,47,True
2025-09-25,L2,Nike,Dunk Low Textile Upper,INS_10,3D knit greška,critical,scrap,inline,44,True
2025-07-09,L5,Nike,Dunk Low Textile Upper,INS_02,dimenzija van tolerancije,major,rework,customer_return,47,True
2025-12-18,L6,Decathlon,Quechua Hiking Upper,INS_02,3D knit greška,major,rework,final,39,False
2025-10-10,L4,Decathlon,Kalenji Trail Sole Unit,INS_15,materijal oštećen,major,rework,final,48,True
2025-04-24,L8,Nike,Dunk Low Textile Upper,INS_06,boja odstupa,minor,rework,final,42,True
2025-05-20,L3,Nike,Pegasus 3D Knit Collar,INS_11,ljepilo vidljivo,minor,pass,final,35,True
2025-10-22,L2,Nike,Air Max Flyknit Upper,INS_03,boja odstupa,major,rework,inline,57,True
2026-02-23,L2,Nike,Vaporfly Engineered Mesh,INS_11,šav neravnomjeran,critical,scrap,inline,52,True
2025-12-29,L2,Nike,Air Max Flyknit Upper,INS_07,boja odstupa,minor,pass,final,62,True
2025-04-18,L2,Nike,Air Max Flyknit Upper,INS_03,ljepilo vidljivo,major,rework,inline,28,False
2025-08-20,L1,Nike,Air Max Flyknit Upper,INS_09,logo pozicija,minor,pass,inline,34,False
2025-06-18,L1,Nike,ZoomX Carbon Plate Insert,INS_14,boja odstupa,critical,scrap,final,55,False
2025-05-16,L6,Decathlon,Quechua Hiking Upper,INS_11,3D knit greška,major,rework,final,57,True
2025-04-10,L8,Crocs,Classic Clog Strap Assembly,INS_02,boja odstupa,critical,scrap,final,43,False
2025-10-21,L7,Decathlon,Kalenji Trail Sole Unit,INS_04,ljepilo vidljivo,minor,scrap,inline,46,True
2025-10-07,L2,Nike,Pegasus 3D Knit Collar,INS_12,logo pozicija,minor,pass,final,40,False
2025-11-18,L8,Nike,Pegasus 3D Knit Collar,INS_15,boja odstupa,major,scrap,inline,60,True
2025-11-18,L7,Crocs,Bayaband Slide Upper,INS_02,boja odstupa,major,scrap,final,55,False
2025-10-10,L4,Crocs,Classic Clog Strap Assembly,INS_02,materijal oštećen,major,scrap,final,30,True
2025-08-06,L1,Nike,Pegasus 3D Knit Collar,INS_11,ljepilo vidljivo,minor,pass,inline,46,False
2025-11-19,L2,Nike,Air Max Flyknit Upper,INS_12,3D knit greška,minor,pass,final,70,False
2025-08-12,L8,Nike,ZoomX Carbon Plate Insert,INS_12,dimenzija van tolerancije,major,scrap,final,51,True
2025-06-06,L1,Nike,Dunk Low Textile Upper,INS_09,đon delaminacija,critical,scrap,final,36,True
2025-10-14,L5,Crocs,Classic Clog Strap Assembly,INS_05,šav neravnomjeran,major,rework,inline,60,True
2025-06-04,L3,Nike,Air Max Flyknit Upper,INS_07,đon delaminacija,critical,scrap,incoming,52,True
2025-03-27,L5,Crocs,LiteRide Insole Unit,INS_14,logo pozicija,minor,pass,final,61,False
2025-12-16,L1,Nike,Air Max Flyknit Upper,INS_14,ljepilo vidljivo,minor,pass,final,45,True
2025-12-30,L2,Nike,Air Max Flyknit Upper,INS_12,šav neravnomjeran,minor,pass,final,65,True
2025-10-23,L7,Decathlon,Quechua Hiking Upper,INS_10,šav neravnomjeran,major,scrap,final,42,False
2025-05-29,L8,Nike,Dunk Low Textile Upper,INS_10,šav neravnomjeran,major,rework,final,54,True
2025-11-25,L5,Nike,Vaporfly Engineered Mesh,INS_13,dimenzija van tolerancije,major,rework,inline,46,False
2026-02-24,L8,Decathlon,Kalenji Trail Sole Unit,INS_01,boja odstupa,minor,pass,inline,29,True
2026-02-05,L7,Decathlon,Kalenji Trail Sole Unit,INS_02,boja odstupa,minor,pass,final,48,False
2026-02-16,L1,Nike,Pegasus 3D Knit Collar,INS_07,đon delaminacija,major,rework,inline,66,True
2025-11-17,L1,Nike,Dunk Low Textile Upper,INS_02,boja odstupa,major,scrap,final,24,True
2025-06-11,L1,Nike,Dunk Low Textile Upper,INS_10,šav neravnomjeran,major,rework,final,48,False
2025-09-10,L4,Crocs,LiteRide Insole Unit,INS_14,dimenzija van tolerancije,critical,scrap,inline,43,True
2025-06-16,L8,Decathlon,Kalenji Trail Sole Unit,INS_02,boja odstupa,major,rework,final,41,False
2026-01-22,L7,Crocs,LiteRide Insole Unit,INS_11,dimenzija van tolerancije,critical,scrap,inline,39,True
2026-02-20,L8,Nike,Dunk Low Textile Upper,INS_11,3D knit greška,major,scrap,final,75,True
2025-07-11,L5,Crocs,LiteRide Insole Unit,INS_10,logo pozicija,minor,pass,final,52,True
2025-05-12,L7,Nike,Air Max Flyknit Upper,INS_10,đon delaminacija,critical,scrap,inline,35,True
2025-05-15,L6,Decathlon,Kiprun Carbon Plate,INS_05,boja odstupa,minor,rework,inline,55,False
2025-07-29,L1,Nike,Air Max Flyknit Upper,INS_13,3D knit greška,major,rework,inline,52,True
2026-01-19,L3,Nike,Vaporfly Engineered Mesh,INS_15,šav neravnomjeran,major,rework,inline,58,True
2025-10-17,L3,Nike,ZoomX Carbon Plate Insert,INS_02,materijal oštećen,major,rework,final,37,True
2025-11-20,L8,Crocs,LiteRide Insole Unit,INS_02,šav neravnomjeran,major,rework,inline,43,True
2025-06-06,L4,Crocs,Bayaband Slide Upper,INS_01,materijal oštećen,major,pass,incoming,50,False
2025-06-10,L1,Nike,Pegasus 3D Knit Collar,INS_02,dimenzija van tolerancije,minor,pass,inline,47,True
2025-10-13,L8,Nike,Dunk Low Textile Upper,INS_14,šav neravnomjeran,major,rework,final,42,True
2025-08-08,L4,Decathlon,Kiprun Carbon Plate,INS_02,materijal oštećen,minor,pass,final,31,True
2025-04-08,L7,Nike,Dunk Low Textile Upper,INS_02,đon delaminacija,major,scrap,final,50,True
2025-07-02,L7,Decathlon,Quechua Hiking Upper,INS_03,šav neravnomjeran,critical,scrap,final,65,False
2025-06-03,L1,Nike,Vaporfly Engineered Mesh,INS_11,boja odstupa,minor,pass,final,46,False
2026-02-19,L2,Nike,Air Max Flyknit Upper,INS_09,đon delaminacija,major,rework,inline,36,True
2025-06-10,L4,Decathlon,Kalenji Trail Sole Unit,INS_04,ljepilo vidljivo,minor,pass,final,30,False
2025-11-19,L1,Nike,ZoomX Carbon Plate Insert,INS_05,ljepilo vidljivo,minor,scrap,incoming,24,False
2025-04-03,L8,Decathlon,Quechua Hiking Upper,INS_03,ljepilo vidljivo,major,pass,inline,22,False
2025-09-24,L4,Crocs,Bayaband Slide Upper,INS_10,ljepilo vidljivo,major,rework,inline,58,True
2025-05-30,L3,Crocs,LiteRide Insole Unit,INS_13,ljepilo vidljivo,minor,pass,inline,42,True
2026-02-26,L4,Crocs,LiteRide Insole Unit,INS_10,ljepilo vidljivo,critical,scrap,inline,42,True
2025-09-22,L3,Nike,Vaporfly Engineered Mesh,INS_04,šav neravnomjeran,minor,pass,final,53,True
2026-02-04,L2,Nike,Air Max Flyknit Upper,INS_07,materijal oštećen,critical,scrap,customer_return,56,True
2025-07-28,L5,Crocs,Bayaband Slide Upper,INS_07,šav neravnomjeran,minor,pass,incoming,49,True
2025-10-09,L1,Nike,Air Max Flyknit Upper,INS_09,logo pozicija,minor,pass,inline,59,True
2025-05-14,L8,Decathlon,Kiprun Carbon Plate,INS_14,šav neravnomjeran,minor,rework,final,49,True
2025-05-06,L6,Decathlon,Kiprun Carbon Plate,INS_05,šav neravnomjeran,major,rework,final,64,False
2025-07-01,L7,Decathlon,Kalenji Trail Sole Unit,INS_06,šav neravnomjeran,major,scrap,inline,48,True
2025-04-09,L2,Nike,ZoomX Carbon Plate Insert,INS_04,ljepilo vidljivo,minor,pass,inline,59,False
2026-01-12,L5,Crocs,LiteRide Insole Unit,INS_01,đon delaminacija,major,rework,final,53,True
2025-12-03,L4,Crocs,Classic Clog Strap Assembly,INS_10,boja odstupa,minor,pass,final,44,False
2025-08-08,L1,Crocs,Classic Clog Strap Assembly,INS_06,ljepilo vidljivo,major,scrap,final,61,True
2025-06-03,L4,Decathlon,Quechua Hiking Upper,INS_11,ljepilo vidljivo,major,rework,final,32,True
2025-11-14,L6,Crocs,LiteRide Insole Unit,INS_12,materijal oštećen,minor,rework,inline,36,False
2025-07-25,L2,Nike,Air Max Flyknit Upper,INS_13,logo pozicija,minor,pass,inline,31,True
2025-05-12,L8,Decathlon,Quechua Hiking Upper,INS_03,ljepilo vidljivo,critical,rework,inline,48,True
2026-02-13,L1,Nike,ZoomX Carbon Plate Insert,INS_07,dimenzija van tolerancije,major,rework,inline,45,False
2025-12-18,L4,Crocs,Classic Clog Strap Assembly,INS_06,šav neravnomjeran,minor,pass,incoming,56,False
2025-09-26,L2,Crocs,LiteRide Insole Unit,INS_06,ljepilo vidljivo,critical,scrap,inline,36,True
2025-11-18,L5,Crocs,LiteRide Insole Unit,INS_03,3D knit greška,major,rework,inline,48,True
2025-04-22,L1,Nike,Air Max Flyknit Upper,INS_01,boja odstupa,minor,pass,final,50,False
2025-04-11,L5,Crocs,LiteRide Insole Unit,INS_12,šav neravnomjeran,minor,rework,final,46,False
2025-10-06,L2,Nike,Pegasus 3D Knit Collar,INS_08,materijal oštećen,minor,pass,final,34,False
2025-05-27,L6,Decathlon,Kiprun Carbon Plate,INS_05,boja odstupa,critical,scrap,final,42,False
2025-12-23,L2,Nike,Dunk Low Textile Upper,INS_05,šav neravnomjeran,major,pass,inline,49,True
2025-06-09,L1,Nike,Dunk Low Textile Upper,INS_15,ljepilo vidljivo,minor,rework,incoming,25,True
2026-01-05,L4,Crocs,Classic Clog Strap Assembly,INS_03,šav neravnomjeran,major,scrap,inline,32,True
2025-05-30,L4,Decathlon,Kalenji Trail Sole Unit,INS_14,ljepilo vidljivo,major,scrap,inline,37,True
2026-01-20,L5,Nike,ZoomX Carbon Plate Insert,INS_01,3D knit greška,major,rework,incoming,47,True
2025-03-26,L2,Nike,Air Max Flyknit Upper,INS_14,materijal oštećen,major,scrap,final,42,True
2025-11-18,L7,Decathlon,Kiprun Carbon Plate,INS_06,dimenzija van tolerancije,minor,rework,incoming,40,True
2025-04-01,L8,Crocs,LiteRide Insole Unit,INS_11,đon delaminacija,critical,scrap,inline,40,True
2025-04-18,L8,Decathlon,Quechua Hiking Upper,INS_03,boja odstupa,major,rework,final,36,False
2025-08-07,L1,Nike,ZoomX Carbon Plate Insert,INS_09,šav neravnomjeran,major,scrap,final,45,True
2025-10-14,L4,Decathlon,Quechua Hiking Upper,INS_11,šav neravnomjeran,major,scrap,final,31,False
2025-09-25,L2,Nike,Dunk Low Textile Upper,INS_10,ljepilo vidljivo,minor,pass,customer_return,58,True
2025-06-27,L5,Crocs,Bayaband Slide Upper,INS_06,šav neravnomjeran,major,scrap,inline,46,False
2026-01-26,L1,Nike,ZoomX Carbon Plate Insert,INS_07,3D knit greška,major,rework,inline,46,True
2026-02-23,L2,Nike,Dunk Low Textile Upper,INS_13,logo pozicija,minor,pass,inline,51,True
2025-05-30,L3,Nike,Air Max Flyknit Upper,INS_05,ljepilo vidljivo,minor,pass,final,44,False
2025-12-01,L7,Decathlon,Kalenji Trail Sole Unit,INS_11,logo pozicija,minor,pass,final,84,False
2025-04-17,L2,Crocs,Bayaband Slide Upper,INS_15,đon delaminacija,critical,rework,inline,52,True
2026-01-19,L6,Decathlon,Kiprun Carbon Plate,INS_07,ljepilo vidljivo,major,scrap,incoming,42,False
2025-12-11,L7,Decathlon,Kalenji Trail Sole Unit,INS_12,materijal oštećen,major,rework,final,44,True
2025-11-12,L4,Crocs,Classic Clog Strap Assembly,INS_02,materijal oštećen,critical,scrap,final,59,True
2025-10-08,L5,Crocs,LiteRide Insole Unit,INS_05,ljepilo vidljivo,minor,pass,final,49,True
2026-01-14,L1,Nike,Dunk Low Textile Upper,INS_13,šav neravnomjeran,minor,pass,final,41,True
2025-06-13,L2,Decathlon,Kiprun Carbon Plate,INS_11,šav neravnomjeran,minor,rework,inline,24,True
2025-05-16,L1,Nike,Pegasus 3D Knit Collar,INS_13,šav neravnomjeran,minor,rework,inline,43,False
2025-10-17,L7,Nike,Air Max Flyknit Upper,INS_10,šav neravnomjeran,major,scrap,final,38,True
2026-01-21,L4,Decathlon,Kalenji Trail Sole Unit,INS_10,logo pozicija,major,scrap,inline,35,True
2025-04-15,L4,Crocs,Bayaband Slide Upper,INS_12,šav neravnomjeran,major,rework,final,46,True
2026-01-29,L5,Crocs,Bayaband Slide Upper,INS_04,materijal oštećen,minor,pass,final,34,True
2025-11-10,L3,Nike,Vaporfly Engineered Mesh,INS_10,boja odstupa,minor,pass,final,27,True
2025-06-06,L7,Decathlon,Quechua Hiking Upper,INS_02,materijal oštećen,major,scrap,final,44,True
2025-06-23,L8,Decathlon,Quechua Hiking Upper,INS_02,3D knit greška,critical,scrap,incoming,33,True
2025-07-31,L2,Nike,Air Max Flyknit Upper,INS_03,šav neravnomjeran,major,rework,final,64,True
2025-04-23,L3,Nike,Dunk Low Textile Upper,INS_15,dimenzija van tolerancije,critical,scrap,inline,53,False
2025-03-28,L2,Nike,Vaporfly Engineered Mesh,INS_09,dimenzija van tolerancije,major,rework,inline,18,True
2025-11-03,L8,Crocs,Bayaband Slide Upper,INS_01,boja odstupa,critical,scrap,inline,60,True
2026-02-04,L1,Nike,Vaporfly Engineered Mesh,INS_04,boja odstupa,minor,pass,customer_return,51,False
2025-12-08,L1,Nike,Air Max Flyknit Upper,INS_12,ljepilo vidljivo,minor,rework,incoming,49,True
2025-06-11,L5,Crocs,Bayaband Slide Upper,INS_11,materijal oštećen,critical,scrap,final,55,True
2025-04-16,L1,Nike,Air Max Flyknit Upper,INS_01,materijal oštećen,critical,scrap,inline,47,False
2026-02-11,L2,Nike,Dunk Low Textile Upper,INS_08,đon delaminacija,critical,scrap,inline,39,False
2025-07-23,L4,Crocs,Bayaband Slide Upper,INS_08,materijal oštećen,major,rework,final,44,True
2025-09-25,L6,Nike,Pegasus 3D Knit Collar,INS_15,materijal oštećen,minor,pass,final,56,True
2026-02-25,L1,Crocs,LiteRide Insole Unit,INS_05,3D knit greška,minor,scrap,inline,34,False
2025-09-19,L6,Decathlon,Quechua Hiking Upper,INS_12,materijal oštećen,major,rework,final,45,True
2025-04-04,L4,Crocs,Bayaband Slide Upper,INS_13,boja odstupa,minor,pass,final,47,False
2025-11-27,L5,Crocs,LiteRide Insole Unit,INS_05,ljepilo vidljivo,major,rework,inline,42,True
2025-08-01,L7,Decathlon,Kiprun Carbon Plate,INS_08,materijal oštećen,minor,pass,final,26,True
2025-10-23,L4,Crocs,Bayaband Slide Upper,INS_05,materijal oštećen,critical,scrap,final,47,False
2025-08-29,L2,Nike,Dunk Low Textile Upper,INS_03,3D knit greška,major,scrap,final,23,False
2025-08-20,L2,Nike,Vaporfly Engineered Mesh,INS_13,materijal oštećen,minor,pass,inline,39,False
2025-10-08,L1,Nike,Dunk Low Textile Upper,INS_03,šav neravnomjeran,major,pass,inline,63,False
2025-05-01,L1,Nike,Vaporfly Engineered Mesh,INS_15,ljepilo vidljivo,major,rework,inline,40,True
2025-05-16,L5,Crocs,Bayaband Slide Upper,INS_03,logo pozicija,minor,rework,final,49,True
2025-10-08,L1,Nike,Dunk Low Textile Upper,INS_03,ljepilo vidljivo,major,rework,inline,27,False
2025-10-23,L3,Nike,Vaporfly Engineered Mesh,INS_04,đon delaminacija,critical,scrap,final,43,True
2025-10-17,L4,Nike,Vaporfly Engineered Mesh,INS_08,materijal oštećen,major,rework,inline,41,True
2026-01-27,L4,Nike,Vaporfly Engineered Mesh,INS_01,logo pozicija,major,rework,final,62,False
2025-03-31,L6,Decathlon,Kiprun Carbon Plate,INS_15,boja odstupa,major,rework,inline,36,False
2025-09-12,L7,Decathlon,Kalenji Trail Sole Unit,INS_13,3D knit greška,major,scrap,inline,37,True
2025-07-30,L2,Decathlon,Quechua Hiking Upper,INS_02,šav neravnomjeran,minor,rework,final,52,True
2025-11-03,L2,Nike,Air Max Flyknit Upper,INS_11,šav neravnomjeran,minor,pass,inline,49,True
2025-10-15,L4,Crocs,Bayaband Slide Upper,INS_07,dimenzija van tolerancije,major,rework,inline,44,True
2025-10-07,L4,Decathlon,Kalenji Trail Sole Unit,INS_06,dimenzija van tolerancije,critical,scrap,incoming,25,False
2025-10-01,L4,Crocs,Classic Clog Strap Assembly,INS_05,ljepilo vidljivo,critical,scrap,customer_return,68,False
2025-03-20,L4,Crocs,Bayaband Slide Upper,INS_11,šav neravnomjeran,minor,pass,final,26,True
2026-02-24,L1,Nike,Air Max Flyknit Upper,INS_01,dimenzija van tolerancije,minor,pass,inline,58,True
2025-08-08,L5,Crocs,Bayaband Slide Upper,INS_12,ljepilo vidljivo,major,rework,final,52,False
2025-09-12,L8,Crocs,Classic Clog Strap Assembly,INS_13,materijal oštećen,critical,scrap,inline,60,False
2025-11-27,L1,Nike,Vaporfly Engineered Mesh,INS_15,šav neravnomjeran,major,scrap,final,33,False
2025-05-19,L1,Nike,Dunk Low Textile Upper,INS_14,đon delaminacija,minor,pass,inline,61,False
2025-08-01,L4,Nike,Pegasus 3D Knit Collar,INS_03,dimenzija van tolerancije,minor,pass,final,61,True
2025-11-14,L6,Decathlon,Kiprun Carbon Plate,INS_07,boja odstupa,minor,scrap,inline,46,True
2025-07-30,L7,Decathlon,Quechua Hiking Upper,INS_08,materijal oštećen,major,rework,inline,46,True
2025-05-23,L1,Crocs,LiteRide Insole Unit,INS_13,3D knit greška,major,rework,final,35,True
2025-09-10,L6,Decathlon,Kiprun Carbon Plate,INS_05,šav neravnomjeran,minor,pass,final,59,False
2025-08-08,L5,Crocs,Bayaband Slide Upper,INS_09,ljepilo vidljivo,major,rework,customer_return,52,True
2025-05-14,L7,Decathlon,Quechua Hiking Upper,INS_01,ljepilo vidljivo,major,rework,incoming,20,False
2025-09-29,L5,Crocs,LiteRide Insole Unit,INS_12,logo pozicija,critical,scrap,final,26,True
2025-11-25,L1,Nike,ZoomX Carbon Plate Insert,INS_11,đon delaminacija,major,scrap,inline,30,False
2025-05-19,L3,Nike,Pegasus 3D Knit Collar,INS_05,šav neravnomjeran,major,pass,final,53,False
2025-04-29,L1,Nike,Vaporfly Engineered Mesh,INS_10,šav neravnomjeran,minor,pass,inline,47,False
2025-06-24,L2,Nike,Air Max Flyknit Upper,INS_08,ljepilo vidljivo,minor,rework,final,31,False
2025-04-29,L2,Nike,Dunk Low Textile Upper,INS_08,dimenzija van tolerancije,major,rework,final,36,False
2025-05-13,L3,Nike,Pegasus 3D Knit Collar,INS_09,3D knit greška,major,pass,final,34,True
2025-08-29,L1,Nike,Air Max Flyknit Upper,INS_10,šav neravnomjeran,minor,rework,inline,39,True
2025-07-16,L8,Nike,Vaporfly Engineered Mesh,INS_15,đon delaminacija,major,rework,final,21,True
2025-11-21,L1,Nike,Pegasus 3D Knit Collar,INS_13,dimenzija van tolerancije,minor,pass,customer_return,29,False
2025-03-10,L8,Nike,Vaporfly Engineered Mesh,INS_08,materijal oštećen,major,rework,incoming,71,True
2025-04-14,L7,Decathlon,Kiprun Carbon Plate,INS_12,boja odstupa,major,rework,final,61,False
2025-04-24,L5,Decathlon,Kalenji Trail Sole Unit,INS_12,3D knit greška,major,rework,final,28,True
2025-09-04,L6,Decathlon,Kalenji Trail Sole Unit,INS_06,boja odstupa,critical,scrap,final,40,False
2026-02-17,L7,Decathlon,Quechua Hiking Upper,INS_10,šav neravnomjeran,major,scrap,inline,34,True
2025-06-11,L8,Nike,Dunk Low Textile Upper,INS_11,dimenzija van tolerancije,major,rework,final,39,True
2025-07-10,L2,Nike,Air Max Flyknit Upper,INS_09,boja odstupa,critical,scrap,customer_return,39,True
2025-07-22,L5,Crocs,Bayaband Slide Upper,INS_06,logo pozicija,minor,pass,inline,56,True
2025-12-25,L6,Decathlon,Quechua Hiking Upper,INS_12,logo pozicija,major,rework,inline,36,True
2026-02-20,L7,Decathlon,Kalenji Trail Sole Unit,INS_08,3D knit greška,major,pass,final,35,True
2025-03-06,L7,Decathlon,Quechua Hiking Upper,INS_08,materijal oštećen,major,scrap,inline,35,True
2026-02-19,L3,Nike,ZoomX Carbon Plate Insert,INS_14,boja odstupa,minor,pass,inline,44,True
2025-06-23,L2,Nike,Vaporfly Engineered Mesh,INS_15,ljepilo vidljivo,minor,pass,final,17,True
2025-04-02,L5,Crocs,LiteRide Insole Unit,INS_06,boja odstupa,minor,pass,final,51,True
2025-05-15,L2,Nike,Vaporfly Engineered Mesh,INS_01,šav neravnomjeran,critical,scrap,inline,50,False
2025-03-05,L3,Nike,ZoomX Carbon Plate Insert,INS_12,ljepilo vidljivo,minor,rework,customer_return,53,False
2025-10-08,L4,Crocs,LiteRide Insole Unit,INS_11,ljepilo vidljivo,major,rework,final,32,True
2025-07-10,L3,Nike,ZoomX Carbon Plate Insert,INS_13,boja odstupa,minor,pass,inline,54,True
2025-04-22,L1,Nike,Dunk Low Textile Upper,INS_13,ljepilo vidljivo,major,rework,final,54,True
2025-07-31,L1,Nike,Air Max Flyknit Upper,INS_01,dimenzija van tolerancije,critical,scrap,final,46,True
2025-06-02,L6,Nike,Pegasus 3D Knit Collar,INS_07,materijal oštećen,major,rework,inline,43,False
2025-08-06,L7,Decathlon,Kiprun Carbon Plate,INS_01,šav neravnomjeran,major,rework,inline,44,False
2025-06-09,L4,Crocs,LiteRide Insole Unit,INS_08,dimenzija van tolerancije,critical,scrap,inline,44,True
2025-11-20,L4,Crocs,Bayaband Slide Upper,INS_07,šav neravnomjeran,minor,pass,final,47,True
2025-09-12,L3,Nike,Dunk Low Textile Upper,INS_09,boja odstupa,critical,scrap,inline,33,False
2025-04-04,L4,Crocs,Bayaband Slide Upper,INS_13,dimenzija van tolerancije,major,rework,final,33,True
2025-03-31,L4,Crocs,LiteRide Insole Unit,INS_01,ljepilo vidljivo,major,rework,final,43,True
2025-09-29,L5,Crocs,LiteRide Insole Unit,INS_15,šav neravnomjeran,minor,pass,inline,41,False
2025-11-25,L6,Decathlon,Quechua Hiking Upper,INS_10,đon delaminacija,critical,scrap,final,61,True
2025-11-03,L1,Nike,Dunk Low Textile Upper,INS_05,materijal oštećen,minor,pass,final,39,True
2025-07-03,L1,Nike,Vaporfly Engineered Mesh,INS_12,ljepilo vidljivo,major,rework,final,78,False
2025-09-17,L8,Nike,Vaporfly Engineered Mesh,INS_01,3D knit greška,minor,pass,final,46,False
2025-03-28,L2,Nike,Vaporfly Engineered Mesh,INS_11,ljepilo vidljivo,major,rework,final,55,False
2025-08-29,L5,Crocs,Bayaband Slide Upper,INS_13,materijal oštećen,major,scrap,inline,42,True
2025-08-08,L2,Nike,ZoomX Carbon Plate Insert,INS_05,boja odstupa,minor,scrap,customer_return,57,True
2025-11-07,L1,Nike,Dunk Low Textile Upper,INS_03,materijal oštećen,major,rework,inline,36,True
2025-05-09,L8,Nike,ZoomX Carbon Plate Insert,INS_12,materijal oštećen,minor,pass,inline,52,False
2025-07-23,L4,Nike,Vaporfly Engineered Mesh,INS_05,materijal oštećen,critical,scrap,final,30,False
2025-03-07,L7,Decathlon,Kalenji Trail Sole Unit,INS_11,ljepilo vidljivo,minor,rework,final,44,True
2025-07-28,L3,Nike,ZoomX Carbon Plate Insert,INS_03,boja odstupa,major,scrap,inline,30,True
2025-05-19,L8,Nike,Dunk Low Textile Upper,INS_15,ljepilo vidljivo,major,rework,final,23,True
2026-02-11,L8,Crocs,Bayaband Slide Upper,INS_07,ljepilo vidljivo,minor,pass,final,19,True
2025-11-12,L6,Decathlon,Kalenji Trail Sole Unit,INS_10,ljepilo vidljivo,minor,pass,inline,48,True
2025-07-24,L1,Nike,Air Max Flyknit Upper,INS_05,dimenzija van tolerancije,minor,pass,inline,31,False
2025-07-10,L8,Nike,Vaporfly Engineered Mesh,INS_04,boja odstupa,minor,pass,inline,69,True
2025-06-25,L7,Decathlon,Quechua Hiking Upper,INS_03,šav neravnomjeran,minor,pass,final,38,False
2026-02-05,L3,Nike,Vaporfly Engineered Mesh,INS_05,đon delaminacija,major,pass,final,54,True
2025-12-26,L7,Decathlon,Kalenji Trail Sole Unit,INS_12,đon delaminacija,minor,rework,final,52,True
2025-06-25,L1,Nike,Air Max Flyknit Upper,INS_14,materijal oštećen,major,rework,inline,31,True
2025-11-04,L4,Decathlon,Kalenji Trail Sole Unit,INS_02,materijal oštećen,major,rework,final,44,True
2026-01-30,L1,Nike,Vaporfly Engineered Mesh,INS_15,logo pozicija,major,scrap,inline,54,True
2025-09-04,L3,Nike,Vaporfly Engineered Mesh,INS_03,dimenzija van tolerancije,critical,rework,final,48,True
2025-07-31,L8,Crocs,Classic Clog Strap Assembly,INS_13,šav neravnomjeran,minor,rework,inline,34,True
2025-06-02,L7,Decathlon,Quechua Hiking Upper,INS_15,ljepilo vidljivo,minor,pass,final,46,False
2025-11-20,L2,Nike,Air Max Flyknit Upper,INS_09,ljepilo vidljivo,critical,scrap,final,39,True
2025-12-01,L2,Nike,Air Max Flyknit Upper,INS_01,šav neravnomjeran,major,pass,inline,45,False
2025-09-03,L2,Nike,Dunk Low Textile Upper,INS_01,boja odstupa,major,rework,final,39,True
2025-06-20,L2,Nike,Air Max Flyknit Upper,INS_14,šav neravnomjeran,minor,pass,inline,33,True
2025-07-25,L5,Crocs,Bayaband Slide Upper,INS_05,3D knit greška,critical,scrap,inline,51,False
2025-09-30,L1,Nike,Vaporfly Engineered Mesh,INS_11,ljepilo vidljivo,major,rework,inline,63,True
2025-05-01,L8,Decathlon,Kalenji Trail Sole Unit,INS_12,boja odstupa,minor,pass,inline,42,True
2025-06-20,L2,Nike,Vaporfly Engineered Mesh,INS_06,đon delaminacija,major,rework,final,10,True
2025-03-21,L6,Crocs,Bayaband Slide Upper,INS_09,materijal oštećen,major,scrap,inline,39,True
2025-11-27,L5,Crocs,LiteRide Insole Unit,INS_11,šav neravnomjeran,minor,pass,final,42,False
2025-11-18,L1,Nike,ZoomX Carbon Plate Insert,INS_08,logo pozicija,minor,pass,final,39,True
2025-11-14,L2,Nike,Vaporfly Engineered Mesh,INS_01,3D knit greška,minor,pass,final,36,True
2025-03-04,L1,Nike,Pegasus 3D Knit Collar,INS_02,ljepilo vidljivo,minor,pass,final,34,True
2025-11-12,L6,Decathlon,Quechua Hiking Upper,INS_09,šav neravnomjeran,minor,rework,customer_return,36,True
2025-08-15,L1,Nike,Pegasus 3D Knit Collar,INS_02,logo pozicija,minor,pass,inline,40,True
2025-04-14,L5,Crocs,Bayaband Slide Upper,INS_06,logo pozicija,minor,pass,inline,59,False
2025-10-31,L8,Nike,Dunk Low Textile Upper,INS_03,šav neravnomjeran,major,rework,final,61,True
2025-12-10,L1,Nike,Air Max Flyknit Upper,INS_02,šav neravnomjeran,major,rework,customer_return,43,False
2025-09-15,L3,Crocs,LiteRide Insole Unit,INS_07,ljepilo vidljivo,major,scrap,inline,16,True
2025-12-18,L5,Crocs,Classic Clog Strap Assembly,INS_03,boja odstupa,minor,rework,customer_return,66,True
2025-08-08,L6,Decathlon,Kalenji Trail Sole Unit,INS_10,materijal oštećen,critical,scrap,final,68,True
2025-05-12,L4,Crocs,Bayaband Slide Upper,INS_14,3D knit greška,major,pass,inline,50,False
2025-03-13,L3,Crocs,Bayaband Slide Upper,INS_03,ljepilo vidljivo,minor,pass,final,34,True
2025-06-16,L5,Crocs,Bayaband Slide Upper,INS_06,ljepilo vidljivo,major,rework,inline,37,True
2025-12-30,L5,Crocs,Bayaband Slide Upper,INS_04,3D knit greška,major,pass,final,48,False
2025-07-17,L4,Crocs,LiteRide Insole Unit,INS_03,materijal oštećen,major,rework,final,48,True
2025-08-05,L6,Decathlon,Kalenji Trail Sole Unit,INS_10,ljepilo vidljivo,major,rework,inline,55,True
2025-03-10,L2,Nike,Vaporfly Engineered Mesh,INS_10,dimenzija van tolerancije,minor,pass,final,37,True
2025-09-02,L6,Decathlon,Kiprun Carbon Plate,INS_13,materijal oštećen,major,scrap,final,57,True
2025-10-30,L2,Nike,Dunk Low Textile Upper,INS_09,ljepilo vidljivo,major,rework,inline,20,True
2025-10-03,L6,Decathlon,Kiprun Carbon Plate,INS_02,materijal oštećen,major,rework,final,57,True
2025-05-30,L1,Nike,Dunk Low Textile Upper,INS_12,boja odstupa,minor,pass,inline,44,False
2025-05-21,L2,Nike,Pegasus 3D Knit Collar,INS_09,šav neravnomjeran,minor,pass,incoming,38,False
2025-05-08,L3,Nike,Vaporfly Engineered Mesh,INS_15,đon delaminacija,major,rework,inline,41,True
2026-01-30,L3,Nike,Vaporfly Engineered Mesh,INS_01,šav neravnomjeran,major,scrap,inline,57,False
2026-02-11,L6,Nike,Vaporfly Engineered Mesh,INS_10,boja odstupa,major,rework,inline,43,True
2025-04-01,L5,Decathlon,Quechua Hiking Upper,INS_13,boja odstupa,major,rework,inline,42,False
2025-07-31,L5,Crocs,LiteRide Insole Unit,INS_07,ljepilo vidljivo,major,rework,final,35,False
2025-09-15,L2,Crocs,LiteRide Insole Unit,INS_01,logo pozicija,major,rework,final,39,True
2025-12-05,L4,Nike,Pegasus 3D Knit Collar,INS_14,3D knit greška,major,rework,customer_return,41,False
2025-03-11,L4,Nike,ZoomX Carbon Plate Insert,INS_11,dimenzija van tolerancije,critical,scrap,final,61,True
2025-11-21,L5,Nike,Vaporfly Engineered Mesh,INS_12,šav neravnomjeran,minor,pass,final,55,False
2026-02-11,L4,Crocs,Classic Clog Strap Assembly,INS_12,šav neravnomjeran,minor,pass,final,43,True
2025-08-27,L2,Nike,ZoomX Carbon Plate Insert,INS_01,logo pozicija,major,rework,inline,53,True
2025-11-24,L5,Nike,Air Max Flyknit Upper,INS_14,đon delaminacija,critical,scrap,final,40,True
2025-11-21,L1,Nike,Vaporfly Engineered Mesh,INS_01,boja odstupa,minor,rework,final,44,True
2025-06-24,L1,Nike,Vaporfly Engineered Mesh,INS_07,boja odstupa,minor,pass,final,44,False
2026-01-29,L1,Nike,ZoomX Carbon Plate Insert,INS_07,dimenzija van tolerancije,critical,scrap,inline,43,True
2025-07-01,L2,Nike,Dunk Low Textile Upper,INS_04,logo pozicija,major,scrap,final,59,True
2025-10-24,L2,Nike,Vaporfly Engineered Mesh,INS_02,boja odstupa,critical,scrap,final,46,True
2025-05-14,L6,Decathlon,Kiprun Carbon Plate,INS_06,ljepilo vidljivo,critical,scrap,inline,33,False
2025-10-14,L3,Nike,Dunk Low Textile Upper,INS_09,3D knit greška,major,rework,inline,62,True
2025-05-22,L2,Nike,ZoomX Carbon Plate Insert,INS_02,šav neravnomjeran,minor,pass,final,31,False
2026-01-06,L8,Nike,Pegasus 3D Knit Collar,INS_12,šav neravnomjeran,minor,pass,incoming,55,True
2025-03-18,L6,Nike,Air Max Flyknit Upper,INS_14,logo pozicija,critical,scrap,incoming,51,False
2025-05-21,L5,Crocs,LiteRide Insole Unit,INS_10,šav neravnomjeran,major,scrap,final,23,False
2025-09-25,L5,Crocs,Classic Clog Strap Assembly,INS_04,boja odstupa,major,rework,final,34,False
2026-02-11,L2,Nike,Vaporfly Engineered Mesh,INS_14,boja odstupa,major,rework,final,58,True
2025-08-05,L5,Crocs,Bayaband Slide Upper,INS_12,logo pozicija,minor,pass,final,49,True
2025-09-30,L2,Nike,Air Max Flyknit Upper,INS_03,boja odstupa,major,rework,inline,40,True
2025-03-05,L6,Crocs,Classic Clog Strap Assembly,INS_11,materijal oštećen,major,rework,customer_return,38,False
2025-12-24,L4,Crocs,Classic Clog Strap Assembly,INS_04,boja odstupa,minor,pass,incoming,45,False
2025-09-04,L5,Crocs,LiteRide Insole Unit,INS_02,boja odstupa,critical,rework,inline,59,True
2025-12-17,L3,Nike,Dunk Low Textile Upper,INS_09,3D knit greška,major,rework,final,36,False
2025-04-07,L3,Nike,Dunk Low Textile Upper,INS_15,šav neravnomjeran,critical,scrap,inline,48,True
2025-11-26,L1,Nike,ZoomX Carbon Plate Insert,INS_03,šav neravnomjeran,major,scrap,inline,62,True
2025-04-08,L1,Nike,Vaporfly Engineered Mesh,INS_14,ljepilo vidljivo,major,rework,inline,68,True
2025-04-14,L1,Nike,Dunk Low Textile Upper,INS_10,šav neravnomjeran,major,rework,customer_return,56,False
2025-09-03,L4,Crocs,Bayaband Slide Upper,INS_08,šav neravnomjeran,minor,pass,inline,58,True
2025-05-22,L3,Nike,Dunk Low Textile Upper,INS_07,materijal oštećen,major,rework,final,52,False
2025-06-27,L1,Nike,Vaporfly Engineered Mesh,INS_10,boja odstupa,major,rework,inline,23,True
2025-05-29,L4,Crocs,LiteRide Insole Unit,INS_12,dimenzija van tolerancije,major,rework,final,39,True
2025-04-01,L3,Nike,Vaporfly Engineered Mesh,INS_03,boja odstupa,critical,scrap,inline,49,True
2025-10-10,L8,Nike,Vaporfly Engineered Mesh,INS_08,šav neravnomjeran,minor,pass,final,24,False
2025-04-23,L4,Crocs,LiteRide Insole Unit,INS_13,šav neravnomjeran,minor,pass,inline,47,False
2026-01-14,L4,Decathlon,Quechua Hiking Upper,INS_08,boja odstupa,minor,pass,final,57,True
2025-10-03,L8,Nike,Vaporfly Engineered Mesh,INS_09,materijal oštećen,critical,scrap,inline,50,True
2025-03-24,L3,Nike,Vaporfly Engineered Mesh,INS_01,ljepilo vidljivo,major,rework,final,45,True
2025-08-11,L5,Crocs,Bayaband Slide Upper,INS_03,3D knit greška,major,rework,inline,46,True
2025-05-19,L8,Nike,Dunk Low Textile Upper,INS_06,šav neravnomjeran,minor,pass,final,58,True
2025-07-15,L4,Crocs,Bayaband Slide Upper,INS_12,šav neravnomjeran,minor,pass,inline,37,True
2025-09-10,L8,Nike,ZoomX Carbon Plate Insert,INS_10,materijal oštećen,major,pass,inline,36,True
2025-11-27,L1,Nike,Vaporfly Engineered Mesh,INS_14,dimenzija van tolerancije,major,pass,customer_return,33,True
2025-06-02,L3,Nike,Vaporfly Engineered Mesh,INS_14,3D knit greška,major,scrap,final,47,False
2026-01-01,L3,Nike,ZoomX Carbon Plate Insert,INS_12,boja odstupa,major,rework,customer_return,39,False
2025-06-17,L3,Nike,ZoomX Carbon Plate Insert,INS_05,3D knit greška,major,rework,inline,42,True
2025-05-16,L1,Nike,ZoomX Carbon Plate Insert,INS_14,đon delaminacija,minor,pass,final,56,False
2025-05-22,L5,Crocs,Bayaband Slide Upper,INS_05,ljepilo vidljivo,major,rework,incoming,53,False
2026-01-08,L3,Nike,Vaporfly Engineered Mesh,INS_11,šav neravnomjeran,minor,pass,final,59,True
2025-05-29,L7,Decathlon,Kiprun Carbon Plate,INS_07,đon delaminacija,critical,scrap,final,52,True
2025-09-15,L6,Decathlon,Quechua Hiking Upper,INS_03,boja odstupa,major,pass,final,51,False
2025-10-28,L5,Crocs,LiteRide Insole Unit,INS_07,boja odstupa,minor,rework,inline,53,False
2025-04-21,L5,Decathlon,Kiprun Carbon Plate,INS_05,materijal oštećen,major,scrap,incoming,29,True
2025-12-12,L8,Nike,Pegasus 3D Knit Collar,INS_15,đon delaminacija,minor,pass,inline,51,False
2026-02-17,L3,Nike,Dunk Low Textile Upper,INS_15,3D knit greška,minor,pass,final,55,False
2026-01-02,L7,Decathlon,Quechua Hiking Upper,INS_03,boja odstupa,major,pass,final,67,True
2025-04-02,L3,Nike,ZoomX Carbon Plate Insert,INS_15,3D knit greška,minor,rework,final,49,False
2025-03-14,L1,Nike,ZoomX Carbon Plate Insert,INS_11,boja odstupa,minor,pass,inline,56,False
2025-05-28,L8,Decathlon,Quechua Hiking Upper,INS_15,ljepilo vidljivo,major,rework,incoming,55,True
2025-11-04,L5,Crocs,LiteRide Insole Unit,INS_11,materijal oštećen,critical,scrap,final,53,True
2025-03-13,L3,Crocs,Bayaband Slide Upper,INS_07,ljepilo vidljivo,critical,scrap,final,54,True
2025-09-03,L6,Crocs,LiteRide Insole Unit,INS_12,3D knit greška,major,rework,inline,37,True
2025-06-06,L4,Crocs,Classic Clog Strap Assembly,INS_02,šav neravnomjeran,minor,pass,final,60,False
2025-12-09,L8,Nike,Air Max Flyknit Upper,INS_11,šav neravnomjeran,major,rework,final,81,True
2025-08-21,L7,Decathlon,Quechua Hiking Upper,INS_14,šav neravnomjeran,major,rework,customer_return,29,True
2025-06-12,L2,Nike,ZoomX Carbon Plate Insert,INS_07,materijal oštećen,major,rework,final,10,True
2025-06-06,L8,Crocs,LiteRide Insole Unit,INS_02,dimenzija van tolerancije,major,rework,inline,25,False
2025-05-08,L4,Crocs,Classic Clog Strap Assembly,INS_13,boja odstupa,major,scrap,inline,46,False
2025-06-30,L8,Nike,Vaporfly Engineered Mesh,INS_14,dimenzija van tolerancije,major,rework,final,37,True
2025-06-20,L1,Crocs,Bayaband Slide Upper,INS_07,ljepilo vidljivo,minor,pass,final,36,False
2025-10-03,L7,Decathlon,Kiprun Carbon Plate,INS_14,ljepilo vidljivo,minor,rework,final,16,True
2025-03-14,L3,Nike,Vaporfly Engineered Mesh,INS_01,materijal oštećen,critical,scrap,final,28,True
2025-07-21,L4,Crocs,Classic Clog Strap Assembly,INS_01,šav neravnomjeran,major,scrap,final,52,False
2025-12-09,L5,Crocs,Bayaband Slide Upper,INS_06,logo pozicija,minor,scrap,final,52,False
2025-11-11,L1,Nike,Vaporfly Engineered Mesh,INS_12,3D knit greška,major,pass,final,46,False
2025-12-04,L2,Crocs,Bayaband Slide Upper,INS_13,ljepilo vidljivo,minor,rework,final,25,True
2025-07-07,L2,Nike,Air Max Flyknit Upper,INS_09,3D knit greška,major,rework,inline,51,True
2025-12-09,L8,Nike,Air Max Flyknit Upper,INS_02,ljepilo vidljivo,minor,pass,incoming,66,True
2026-01-29,L5,Crocs,LiteRide Insole Unit,INS_03,ljepilo vidljivo,critical,scrap,incoming,27,False
2025-06-06,L3,Crocs,Classic Clog Strap Assembly,INS_11,logo pozicija,minor,pass,inline,36,False
2026-01-28,L2,Nike,Vaporfly Engineered Mesh,INS_04,šav neravnomjeran,minor,pass,customer_return,55,True
2025-04-21,L1,Nike,Pegasus 3D Knit Collar,INS_09,boja odstupa,major,scrap,final,51,True
2025-03-06,L1,Crocs,LiteRide Insole Unit,INS_14,boja odstupa,minor,pass,final,36,True
2026-01-01,L2,Nike,Vaporfly Engineered Mesh,INS_06,dimenzija van tolerancije,major,scrap,inline,71,False
2026-01-30,L3,Nike,Vaporfly Engineered Mesh,INS_01,materijal oštećen,minor,pass,inline,55,True
2025-04-03,L5,Crocs,LiteRide Insole Unit,INS_10,šav neravnomjeran,minor,pass,customer_return,22,True
2025-07-24,L8,Nike,Vaporfly Engineered Mesh,INS_01,boja odstupa,minor,rework,final,32,True
2025-08-18,L1,Nike,Pegasus 3D Knit Collar,INS_11,boja odstupa,minor,scrap,customer_return,43,True
2025-03-04,L5,Crocs,Classic Clog Strap Assembly,INS_15,šav neravnomjeran,minor,pass,final,53,False
2025-08-01,L4,Crocs,LiteRide Insole Unit,INS_05,3D knit greška,major,scrap,final,40,False
2025-03-21,L5,Crocs,Classic Clog Strap Assembly,INS_12,boja odstupa,critical,scrap,inline,72,True
2025-09-23,L2,Nike,ZoomX Carbon Plate Insert,INS_12,boja odstupa,minor,pass,incoming,60,True
2025-09-04,L5,Nike,Pegasus 3D Knit Collar,INS_11,boja odstupa,major,rework,inline,57,True
2025-03-26,L1,Nike,Dunk Low Textile Upper,INS_10,materijal oštećen,critical,scrap,inline,53,True
2025-10-09,L2,Nike,Air Max Flyknit Upper,INS_03,dimenzija van tolerancije,major,rework,final,40,False
2025-11-13,L8,Crocs,LiteRide Insole Unit,INS_12,šav neravnomjeran,minor,pass,inline,32,True
2026-02-09,L2,Nike,Pegasus 3D Knit Collar,INS_07,3D knit greška,minor,pass,final,44,True
2025-04-01,L3,Nike,Vaporfly Engineered Mesh,INS_08,logo pozicija,minor,pass,customer_return,46,False
2025-10-29,L3,Nike,Pegasus 3D Knit Collar,INS_09,logo pozicija,major,rework,final,39,True
2025-11-13,L1,Nike,Pegasus 3D Knit Collar,INS_12,ljepilo vidljivo,major,rework,inline,62,True
2025-11-07,L3,Nike,Pegasus 3D Knit Collar,INS_01,ljepilo vidljivo,major,pass,inline,57,False
2025-06-30,L8,Crocs,LiteRide Insole Unit,INS_09,đon delaminacija,critical,scrap,final,57,True
2025-11-28,L5,Crocs,LiteRide Insole Unit,INS_10,boja odstupa,major,rework,final,53,False
2025-10-03,L7,Decathlon,Kiprun Carbon Plate,INS_02,3D knit greška,minor,rework,final,51,True
2025-06-24,L1,Nike,Vaporfly Engineered Mesh,INS_08,šav neravnomjeran,minor,pass,inline,40,True
2025-09-03,L8,Nike,Air Max Flyknit Upper,INS_09,boja odstupa,major,rework,inline,54,True
2025-05-22,L4,Crocs,Classic Clog Strap Assembly,INS_01,materijal oštećen,critical,rework,final,47,False
2025-06-17,L7,Decathlon,Kalenji Trail Sole Unit,INS_02,dimenzija van tolerancije,major,rework,final,44,False
2025-07-02,L8,Crocs,Bayaband Slide Upper,INS_08,dimenzija van tolerancije,major,rework,inline,52,False
2025-04-21,L2,Nike,Vaporfly Engineered Mesh,INS_01,ljepilo vidljivo,major,pass,inline,34,True
2025-04-30,L4,Crocs,LiteRide Insole Unit,INS_07,šav neravnomjeran,critical,scrap,inline,60,False
2025-06-27,L2,Nike,Pegasus 3D Knit Collar,INS_11,dimenzija van tolerancije,major,scrap,incoming,42,False
2025-06-12,L6,Decathlon,Quechua Hiking Upper,INS_02,logo pozicija,minor,pass,inline,10,False
2025-11-25,L4,Crocs,LiteRide Insole Unit,INS_09,šav neravnomjeran,major,rework,inline,26,False
2026-02-06,L2,Nike,ZoomX Carbon Plate Insert,INS_08,dimenzija van tolerancije,major,pass,incoming,40,False
2025-05-29,L5,Crocs,Classic Clog Strap Assembly,INS_12,šav neravnomjeran,minor,pass,final,53,True
2025-04-04,L6,Crocs,LiteRide Insole Unit,INS_12,šav neravnomjeran,minor,rework,final,51,False
2025-09-30,L1,Nike,Vaporfly Engineered Mesh,INS_02,ljepilo vidljivo,major,pass,final,61,False
2025-10-17,L5,Crocs,Classic Clog Strap Assembly,INS_15,šav neravnomjeran,minor,pass,inline,27,False
2025-05-08,L4,Nike,Pegasus 3D Knit Collar,INS_06,logo pozicija,major,scrap,final,53,True
2025-04-25,L4,Nike,Air Max Flyknit Upper,INS_12,materijal oštećen,minor,pass,inline,36,True
2025-10-22,L1,Nike,Dunk Low Textile Upper,INS_14,ljepilo vidljivo,minor,pass,inline,29,False
2025-09-25,L1,Nike,Dunk Low Textile Upper,INS_06,materijal oštećen,minor,pass,final,27,True
2025-10-27,L4,Nike,Vaporfly Engineered Mesh,INS_10,boja odstupa,major,scrap,final,34,True
2025-04-29,L5,Crocs,Classic Clog Strap Assembly,INS_09,šav neravnomjeran,minor,rework,final,29,False
2025-10-08,L8,Nike,Dunk Low Textile Upper,INS_04,dimenzija van tolerancije,minor,pass,final,28,False
2025-09-18,L6,Decathlon,Quechua Hiking Upper,INS_15,šav neravnomjeran,major,scrap,final,24,True
2025-04-01,L3,Nike,ZoomX Carbon Plate Insert,INS_06,3D knit greška,critical,scrap,final,33,False
2025-06-18,L1,Nike,Dunk Low Textile Upper,INS_01,3D knit greška,major,rework,final,36,True
2025-06-27,L1,Nike,Vaporfly Engineered Mesh,INS_05,materijal oštećen,major,rework,final,48,False
2025-05-14,L8,Nike,Vaporfly Engineered Mesh,INS_02,boja odstupa,major,rework,inline,52,False
2025-04-17,L2,Nike,ZoomX Carbon Plate Insert,INS_15,materijal oštećen,critical,scrap,inline,28,True
2026-01-08,L4,Decathlon,Quechua Hiking Upper,INS_07,materijal oštećen,minor,pass,final,49,False
2025-04-17,L3,Nike,Pegasus 3D Knit Collar,INS_13,ljepilo vidljivo,minor,pass,final,58,False
2025-05-13,L1,Nike,ZoomX Carbon Plate Insert,INS_14,3D knit greška,critical,scrap,incoming,49,False
2025-06-13,L2,Decathlon,Kiprun Carbon Plate,INS_01,šav neravnomjeran,minor,pass,final,54,False
2025-09-12,L2,Nike,Air Max Flyknit Upper,INS_10,šav neravnomjeran,minor,pass,incoming,54,False
2025-11-18,L7,Decathlon,Kiprun Carbon Plate,INS_14,šav neravnomjeran,major,rework,final,71,True
2025-10-15,L4,Crocs,Bayaband Slide Upper,INS_07,dimenzija van tolerancije,critical,rework,incoming,52,False
2025-07-15,L5,Crocs,Bayaband Slide Upper,INS_13,dimenzija van tolerancije,critical,scrap,final,48,False
2025-03-18,L4,Crocs,Bayaband Slide Upper,INS_15,ljepilo vidljivo,minor,scrap,customer_return,60,True
2025-03-27,L3,Nike,ZoomX Carbon Plate Insert,INS_03,materijal oštećen,minor,rework,inline,73,False
2025-11-27,L1,Nike,Vaporfly Engineered Mesh,INS_09,materijal oštećen,major,rework,inline,37,True
2025-12-02,L8,Crocs,Classic Clog Strap Assembly,INS_14,materijal oštećen,minor,pass,final,34,True
2025-10-20,L5,Crocs,Classic Clog Strap Assembly,INS_02,materijal oštećen,major,rework,inline,49,True
2025-07-22,L8,Nike,ZoomX Carbon Plate Insert,INS_13,ljepilo vidljivo,major,rework,final,37,False
2025-05-12,L8,Decathlon,Quechua Hiking Upper,INS_05,dimenzija van tolerancije,minor,scrap,final,48,True
2025-09-30,L8,Nike,Dunk Low Textile Upper,INS_15,materijal oštećen,critical,scrap,customer_return,42,True
2026-01-13,L4,Crocs,Bayaband Slide Upper,INS_10,šav neravnomjeran,minor,pass,inline,33,False
2026-02-09,L3,Nike,Vaporfly Engineered Mesh,INS_10,boja odstupa,minor,rework,inline,20,True
2025-10-01,L3,Nike,Air Max Flyknit Upper,INS_09,šav neravnomjeran,major,rework,final,32,True
2025-08-08,L3,Nike,Vaporfly Engineered Mesh,INS_06,šav neravnomjeran,minor,rework,final,61,True
2025-12-12,L3,Nike,ZoomX Carbon Plate Insert,INS_03,3D knit greška,major,scrap,final,59,True
2025-08-21,L2,Nike,Air Max Flyknit Upper,INS_04,šav neravnomjeran,major,rework,final,53,True
2025-06-05,L5,Crocs,LiteRide Insole Unit,INS_13,šav neravnomjeran,critical,scrap,final,57,False
2025-08-27,L2,Crocs,LiteRide Insole Unit,INS_05,ljepilo vidljivo,major,scrap,inline,47,True
2025-03-19,L3,Crocs,Bayaband Slide Upper,INS_03,šav neravnomjeran,major,pass,inline,45,True
2025-11-12,L4,Crocs,Classic Clog Strap Assembly,INS_13,šav neravnomjeran,minor,pass,final,41,True
2025-07-14,L3,Nike,Vaporfly Engineered Mesh,INS_09,boja odstupa,minor,pass,incoming,35,False
2025-07-21,L2,Nike,Vaporfly Engineered Mesh,INS_07,materijal oštećen,minor,rework,final,43,False
2025-07-07,L3,Nike,Pegasus 3D Knit Collar,INS_08,3D knit greška,major,scrap,final,60,False
2025-09-03,L6,Crocs,LiteRide Insole Unit,INS_10,materijal oštećen,minor,pass,customer_return,42,True
2025-10-16,L5,Crocs,LiteRide Insole Unit,INS_07,materijal oštećen,major,pass,inline,54,True
2025-08-18,L6,Nike,Dunk Low Textile Upper,INS_12,šav neravnomjeran,minor,pass,final,35,True
2025-09-16,L5,Crocs,LiteRide Insole Unit,INS_02,đon delaminacija,minor,pass,final,49,True
2025-03-17,L4,Nike,Air Max Flyknit Upper,INS_01,materijal oštećen,major,rework,inline,34,True
2025-03-27,L1,Nike,Vaporfly Engineered Mesh,INS_15,šav neravnomjeran,major,rework,inline,46,False
2025-05-14,L2,Nike,ZoomX Carbon Plate Insert,INS_02,logo pozicija,major,rework,final,29,True
2025-06-13,L1,Nike,Dunk Low Textile Upper,INS_06,materijal oštećen,minor,pass,final,44,True
2025-05-14,L6,Decathlon,Kalenji Trail Sole Unit,INS_06,šav neravnomjeran,critical,scrap,inline,49,True
2025-04-01,L1,Nike,Dunk Low Textile Upper,INS_13,ljepilo vidljivo,major,scrap,inline,39,True
2025-10-30,L2,Nike,Vaporfly Engineered Mesh,INS_14,boja odstupa,minor,pass,inline,39,False
2025-06-27,L8,Crocs,Bayaband Slide Upper,INS_05,šav neravnomjeran,minor,pass,final,41,True
2025-08-01,L2,Nike,Air Max Flyknit Upper,INS_02,materijal oštećen,minor,pass,inline,51,True
2025-08-15,L1,Nike,Pegasus 3D Knit Collar,INS_07,ljepilo vidljivo,major,rework,inline,20,False
2025-06-04,L5,Crocs,Classic Clog Strap Assembly,INS_03,boja odstupa,critical,rework,final,63,True
2025-11-20,L1,Nike,Air Max Flyknit Upper,INS_09,dimenzija van tolerancije,minor,rework,final,44,False
2025-07-03,L1,Nike,Vaporfly Engineered Mesh,INS_09,3D knit greška,major,rework,final,47,True
2025-04-08,L4,Crocs,Classic Clog Strap Assembly,INS_04,boja odstupa,major,scrap,final,54,False
2025-04-10,L3,Nike,ZoomX Carbon Plate Insert,INS_13,đon delaminacija,major,pass,inline,34,True
2025-04-16,L3,Nike,Vaporfly Engineered Mesh,INS_08,dimenzija van tolerancije,minor,pass,final,35,True
2025-12-08,L5,Crocs,Bayaband Slide Upper,INS_08,materijal oštećen,critical,scrap,incoming,49,False
2026-01-27,L1,Nike,ZoomX Carbon Plate Insert,INS_02,šav neravnomjeran,major,pass,incoming,63,True
2025-05-27,L2,Nike,Pegasus 3D Knit Collar,INS_04,materijal oštećen,critical,scrap,final,47,True
2025-08-12,L3,Crocs,Bayaband Slide Upper,INS_11,3D knit greška,major,scrap,final,33,True
2025-05-15,L4,Crocs,LiteRide Insole Unit,INS_06,šav neravnomjeran,major,rework,incoming,29,True
2025-04-25,L7,Decathlon,Kiprun Carbon Plate,INS_14,šav neravnomjeran,major,scrap,customer_return,49,False
2025-11-10,L7,Decathlon,Kiprun Carbon Plate,INS_05,šav neravnomjeran,minor,scrap,inline,43,True
2025-08-19,L4,Crocs,Bayaband Slide Upper,INS_03,boja odstupa,minor,scrap,inline,53,True
2025-03-31,L6,Decathlon,Kalenji Trail Sole Unit,INS_04,dimenzija van tolerancije,major,rework,inline,44,True
2025-09-02,L4,Nike,Dunk Low Textile Upper,INS_07,boja odstupa,minor,rework,inline,40,True
2026-01-28,L1,Nike,ZoomX Carbon Plate Insert,INS_04,šav neravnomjeran,minor,pass,customer_return,32,False
2025-04-22,L6,Decathlon,Kalenji Trail Sole Unit,INS_12,boja odstupa,major,rework,final,55,True
2025-10-13,L1,Nike,Pegasus 3D Knit Collar,INS_03,boja odstupa,minor,rework,final,56,False
2025-05-07,L8,Decathlon,Kiprun Carbon Plate,INS_01,logo pozicija,minor,pass,final,83,True
2026-01-14,L4,Decathlon,Quechua Hiking Upper,INS_01,materijal oštećen,minor,pass,customer_return,55,True
2025-04-16,L5,Crocs,Bayaband Slide Upper,INS_07,đon delaminacija,critical,scrap,final,51,False
2026-01-08,L6,Nike,Dunk Low Textile Upper,INS_01,đon delaminacija,major,rework,final,45,True
2025-11-06,L3,Nike,Air Max Flyknit Upper,INS_12,dimenzija van tolerancije,critical,scrap,inline,37,False
2025-06-11,L2,Nike,Air Max Flyknit Upper,INS_10,đon delaminacija,major,pass,final,31,False
2025-11-13,L7,Decathlon,Kiprun Carbon Plate,INS_15,šav neravnomjeran,minor,rework,final,43,True
2025-08-19,L2,Nike,Dunk Low Textile Upper,INS_08,logo pozicija,minor,pass,inline,49,False
2025-05-19,L4,Crocs,Classic Clog Strap Assembly,INS_05,šav neravnomjeran,minor,pass,inline,38,False
2025-05-07,L7,Decathlon,Kiprun Carbon Plate,INS_07,materijal oštećen,major,rework,final,35,True
2026-02-17,L3,Nike,Pegasus 3D Knit Collar,INS_04,đon delaminacija,critical,scrap,final,50,False
2025-05-08,L4,Crocs,LiteRide Insole Unit,INS_14,ljepilo vidljivo,minor,rework,final,30,True
2025-10-30,L2,Nike,Vaporfly Engineered Mesh,INS_10,dimenzija van tolerancije,major,rework,inline,42,False
2025-10-08,L1,Nike,Dunk Low Textile Upper,INS_13,boja odstupa,minor,rework,final,64,False
2026-01-22,L1,Nike,Air Max Flyknit Upper,INS_03,boja odstupa,minor,rework,final,48,True
2025-10-08,L7,Decathlon,Kiprun Carbon Plate,INS_10,ljepilo vidljivo,minor,pass,final,32,False
2025-12-17,L4,Crocs,Bayaband Slide Upper,INS_15,šav neravnomjeran,major,scrap,final,40,False
2025-06-10,L8,Decathlon,Kiprun Carbon Plate,INS_13,materijal oštećen,major,rework,inline,43,True
2025-04-22,L5,Crocs,Bayaband Slide Upper,INS_15,materijal oštećen,major,scrap,inline,43,False
2026-01-09,L6,Nike,ZoomX Carbon Plate Insert,INS_09,šav neravnomjeran,minor,rework,final,46,True
2025-03-04,L8,Nike,Dunk Low Textile Upper,INS_13,logo pozicija,minor,pass,final,33,True
2025-03-14,L4,Crocs,Classic Clog Strap Assembly,INS_09,ljepilo vidljivo,major,pass,final,33,True
2025-11-05,L1,Nike,Dunk Low Textile Upper,INS_13,ljepilo vidljivo,minor,rework,final,42,True
2025-03-06,L1,Nike,Vaporfly Engineered Mesh,INS_02,boja odstupa,minor,pass,final,44,False
2025-09-17,L4,Crocs,Bayaband Slide Upper,INS_01,dimenzija van tolerancije,minor,pass,final,54,True
2025-07-30,L7,Crocs,Bayaband Slide Upper,INS_09,materijal oštećen,major,rework,incoming,50,True
2026-01-21,L1,Nike,Pegasus 3D Knit Collar,INS_10,ljepilo vidljivo,minor,pass,inline,53,True
2025-10-06,L5,Crocs,Bayaband Slide Upper,INS_14,ljepilo vidljivo,minor,pass,incoming,63,True
2026-02-25,L1,Nike,Air Max Flyknit Upper,INS_12,dimenzija van tolerancije,major,rework,inline,70,False
2025-09-19,L4,Nike,Air Max Flyknit Upper,INS_13,boja odstupa,major,scrap,incoming,57,True
2025-11-06,L3,Nike,Air Max Flyknit Upper,INS_09,ljepilo vidljivo,major,scrap,final,50,False
2026-02-17,L1,Nike,ZoomX Carbon Plate Insert,INS_14,dimenzija van tolerancije,major,rework,final,32,True
2025-04-15,L3,Nike,Dunk Low Textile Upper,INS_06,đon delaminacija,minor,pass,inline,33,True
2026-02-24,L2,Nike,Vaporfly Engineered Mesh,INS_11,boja odstupa,major,rework,inline,57,True
2025-10-27,L2,Crocs,Bayaband Slide Upper,INS_02,ljepilo vidljivo,minor,pass,customer_return,39,True
2025-09-16,L8,Nike,Vaporfly Engineered Mesh,INS_12,logo pozicija,major,rework,final,49,False
2025-10-08,L8,Nike,Dunk Low Textile Upper,INS_12,3D knit greška,major,rework,incoming,76,True
2025-06-16,L1,Nike,Air Max Flyknit Upper,INS_13,boja odstupa,major,rework,final,44,False
2025-07-04,L3,Nike,ZoomX Carbon Plate Insert,INS_01,3D knit greška,critical,scrap,final,53,False
2025-12-09,L3,Decathlon,Quechua Hiking Upper,INS_14,materijal oštećen,critical,scrap,final,69,True
2025-07-10,L2,Nike,Air Max Flyknit Upper,INS_12,3D knit greška,major,scrap,final,62,False
2025-06-26,L7,Nike,Vaporfly Engineered Mesh,INS_02,đon delaminacija,major,scrap,final,41,False
2025-07-21,L7,Decathlon,Kalenji Trail Sole Unit,INS_12,boja odstupa,minor,rework,inline,51,True
2025-09-10,L4,Crocs,Classic Clog Strap Assembly,INS_01,šav neravnomjeran,minor,pass,final,48,True
2025-09-15,L1,Nike,Air Max Flyknit Upper,INS_12,šav neravnomjeran,critical,scrap,final,60,True
2026-02-20,L1,Nike,Air Max Flyknit Upper,INS_01,boja odstupa,minor,pass,final,58,False
2025-05-02,L4,Crocs,Bayaband Slide Upper,INS_11,materijal oštećen,major,scrap,incoming,26,False
2025-05-28,L7,Nike,Vaporfly Engineered Mesh,INS_14,ljepilo vidljivo,minor,pass,final,26,False
2025-06-09,L7,Nike,Dunk Low Textile Upper,INS_02,boja odstupa,minor,scrap,incoming,41,False
2025-04-08,L1,Nike,ZoomX Carbon Plate Insert,INS_02,đon delaminacija,critical,scrap,inline,59,False
2026-02-18,L5,Nike,Dunk Low Textile Upper,INS_04,boja odstupa,major,rework,final,48,False
2025-06-23,L8,Decathlon,Quechua Hiking Upper,INS_02,šav neravnomjeran,minor,pass,final,22,True
2025-10-23,L6,Decathlon,Kiprun Carbon Plate,INS_09,dimenzija van tolerancije,minor,scrap,customer_return,33,False
2025-04-02,L8,Nike,Air Max Flyknit Upper,INS_01,materijal oštećen,major,scrap,final,39,True
2025-08-07,L8,Nike,Air Max Flyknit Upper,INS_15,ljepilo vidljivo,major,scrap,final,47,True
2025-10-08,L1,Nike,Dunk Low Textile Upper,INS_12,ljepilo vidljivo,minor,pass,final,43,True
2025-05-26,L5,Decathlon,Kiprun Carbon Plate,INS_06,ljepilo vidljivo,major,rework,inline,60,True
2025-11-27,L7,Decathlon,Kiprun Carbon Plate,INS_03,materijal oštećen,critical,scrap,final,49,True
2025-10-27,L1,Nike,Dunk Low Textile Upper,INS_03,materijal oštećen,major,rework,incoming,62,False
2025-04-17,L6,Crocs,LiteRide Insole Unit,INS_12,ljepilo vidljivo,minor,pass,inline,46,True
2025-04-18,L7,Decathlon,Kalenji Trail Sole Unit,INS_05,3D knit greška,minor,pass,incoming,45,False
2025-04-01,L5,Crocs,Bayaband Slide Upper,INS_07,ljepilo vidljivo,major,rework,final,64,True
2025-09-09,L1,Crocs,Bayaband Slide Upper,INS_05,3D knit greška,minor,rework,inline,29,False
2025-10-21,L3,Nike,Pegasus 3D Knit Collar,INS_08,ljepilo vidljivo,major,scrap,final,71,False
2025-12-05,L4,Nike,Pegasus 3D Knit Collar,INS_03,boja odstupa,minor,rework,inline,47,False
2025-10-13,L2,Nike,Pegasus 3D Knit Collar,INS_11,šav neravnomjeran,minor,pass,customer_return,28,False
2025-12-11,L2,Nike,Pegasus 3D Knit Collar,INS_10,boja odstupa,major,rework,customer_return,36,True
2025-03-17,L5,Crocs,Bayaband Slide Upper,INS_14,ljepilo vidljivo,minor,pass,inline,33,True
2025-10-02,L1,Nike,Air Max Flyknit Upper,INS_12,ljepilo vidljivo,major,rework,final,39,True
2025-04-01,L3,Nike,Air Max Flyknit Upper,INS_04,šav neravnomjeran,major,scrap,final,58,True
2025-09-04,L6,Decathlon,Kalenji Trail Sole Unit,INS_12,dimenzija van tolerancije,minor,pass,final,42,False
2026-01-13,L8,Nike,Dunk Low Textile Upper,INS_10,dimenzija van tolerancije,critical,scrap,final,40,True
2026-02-27,L1,Nike,ZoomX Carbon Plate Insert,INS_10,šav neravnomjeran,major,rework,final,35,True
2025-06-11,L4,Crocs,LiteRide Insole Unit,INS_08,boja odstupa,critical,scrap,customer_return,30,False
2025-05-09,L3,Nike,Air Max Flyknit Upper,INS_10,šav neravnomjeran,major,rework,inline,51,False
2025-05-05,L2,Nike,Vaporfly Engineered Mesh,INS_07,šav neravnomjeran,major,pass,final,33,False
2025-03-06,L4,Crocs,LiteRide Insole Unit,INS_09,dimenzija van tolerancije,major,rework,final,58,True
2025-10-02,L4,Crocs,Classic Clog Strap Assembly,INS_14,boja odstupa,minor,rework,inline,53,True
2025-05-20,L4,Crocs,Classic Clog Strap Assembly,INS_01,ljepilo vidljivo,minor,pass,inline,37,True
2026-02-02,L3,Nike,Vaporfly Engineered Mesh,INS_09,ljepilo vidljivo,minor,pass,final,45,True
2025-10-28,L1,Nike,ZoomX Carbon Plate Insert,INS_10,ljepilo vidljivo,critical,rework,inline,50,True
2025-05-19,L2,Nike,Pegasus 3D Knit Collar,INS_11,boja odstupa,major,rework,final,19,True
2025-04-29,L6,Decathlon,Kalenji Trail Sole Unit,INS_14,boja odstupa,major,rework,customer_return,46,False
2026-01-20,L8,Nike,ZoomX Carbon Plate Insert,INS_01,šav neravnomjeran,major,rework,incoming,39,True
2025-03-03,L2,Nike,ZoomX Carbon Plate Insert,INS_12,šav neravnomjeran,major,pass,final,71,True
2026-02-06,L4,Crocs,Bayaband Slide Upper,INS_13,ljepilo vidljivo,minor,pass,inline,49,False
2025-10-24,L5,Decathlon,Kalenji Trail Sole Unit,INS_10,đon delaminacija,major,rework,final,40,True
2025-03-14,L2,Nike,Dunk Low Textile Upper,INS_13,ljepilo vidljivo,minor,pass,incoming,23,False
2025-06-13,L2,Nike,Air Max Flyknit Upper,INS_05,šav neravnomjeran,minor,pass,final,65,False
2025-10-30,L1,Nike,ZoomX Carbon Plate Insert,INS_03,ljepilo vidljivo,minor,pass,inline,37,False
2025-04-08,L2,Nike,Vaporfly Engineered Mesh,INS_04,šav neravnomjeran,major,rework,inline,46,True
2025-03-10,L1,Nike,ZoomX Carbon Plate Insert,INS_04,šav neravnomjeran,major,scrap,inline,41,True
2025-10-14,L3,Nike,Dunk Low Textile Upper,INS_04,ljepilo vidljivo,minor,pass,final,51,False
2025-09-16,L5,Crocs,LiteRide Insole Unit,INS_09,logo pozicija,critical,scrap,inline,56,True
2025-08-21,L5,Crocs,LiteRide Insole Unit,INS_09,logo pozicija,minor,pass,final,46,True
2025-09-12,L1,Nike,Dunk Low Textile Upper,INS_02,3D knit greška,major,pass,final,40,False
2026-01-19,L8,Crocs,Bayaband Slide Upper,INS_02,ljepilo vidljivo,minor,pass,final,27,False
2026-02-03,L8,Crocs,LiteRide Insole Unit,INS_10,logo pozicija,major,rework,customer_return,37,False
2026-01-12,L8,Nike,ZoomX Carbon Plate Insert,INS_08,šav neravnomjeran,minor,pass,final,32,True
2025-05-28,L6,Decathlon,Quechua Hiking Upper,INS_04,đon delaminacija,critical,scrap,final,43,True
2025-09-17,L8,Nike,Vaporfly Engineered Mesh,INS_05,šav neravnomjeran,major,scrap,final,27,True
2025-04-02,L8,Nike,Pegasus 3D Knit Collar,INS_06,boja odstupa,minor,rework,inline,40,False
2025-07-09,L4,Crocs,Classic Clog Strap Assembly,INS_14,3D knit greška,major,scrap,inline,69,True
2025-09-23,L6,Decathlon,Quechua Hiking Upper,INS_09,materijal oštećen,major,rework,final,40,True
2025-10-07,L3,Nike,Dunk Low Textile Upper,INS_13,materijal oštećen,critical,scrap,final,38,True
2025-06-05,L2,Nike,Pegasus 3D Knit Collar,INS_03,ljepilo vidljivo,minor,pass,incoming,43,True
2026-02-19,L4,Crocs,LiteRide Insole Unit,INS_02,ljepilo vidljivo,major,rework,inline,47,True
2025-05-22,L1,Nike,ZoomX Carbon Plate Insert,INS_10,ljepilo vidljivo,minor,pass,final,42,True
2025-09-05,L8,Crocs,Bayaband Slide Upper,INS_10,ljepilo vidljivo,major,rework,final,50,True
2025-03-03,L5,Decathlon,Quechua Hiking Upper,INS_07,logo pozicija,minor,pass,customer_return,59,True
2025-03-24,L1,Nike,Vaporfly Engineered Mesh,INS_13,ljepilo vidljivo,major,pass,inline,48,False
2025-09-24,L3,Nike,ZoomX Carbon Plate Insert,INS_12,3D knit greška,minor,pass,incoming,39,False
2025-09-22,L8,Decathlon,Kalenji Trail Sole Unit,INS_01,šav neravnomjeran,minor,pass,inline,56,True
2025-05-16,L7,Decathlon,Kalenji Trail Sole Unit,INS_07,logo pozicija,minor,rework,customer_return,25,True
2025-03-12,L4,Crocs,Classic Clog Strap Assembly,INS_10,šav neravnomjeran,major,pass,inline,69,False
2025-05-22,L8,Nike,Vaporfly Engineered Mesh,INS_11,ljepilo vidljivo,minor,pass,final,44,False
2026-02-18,L5,Crocs,Classic Clog Strap Assembly,INS_05,đon delaminacija,minor,pass,final,61,False
2025-03-21,L4,Crocs,Classic Clog Strap Assembly,INS_15,boja odstupa,minor,pass,inline,48,True
2025-07-28,L1,Nike,ZoomX Carbon Plate Insert,INS_09,logo pozicija,major,rework,inline,48,False
2025-10-02,L2,Nike,Air Max Flyknit Upper,INS_02,dimenzija van tolerancije,major,rework,final,53,False
2025-04-07,L2,Nike,ZoomX Carbon Plate Insert,INS_01,3D knit greška,major,rework,final,43,True
2026-01-05,L2,Nike,Air Max Flyknit Upper,INS_09,boja odstupa,minor,rework,customer_return,36,False
2025-06-13,L6,Crocs,LiteRide Insole Unit,INS_05,logo pozicija,minor,pass,final,38,True
2025-11-25,L8,Crocs,LiteRide Insole Unit,INS_07,dimenzija van tolerancije,major,rework,final,43,True
2026-01-20,L5,Crocs,Classic Clog Strap Assembly,INS_05,ljepilo vidljivo,major,rework,final,53,False
2026-01-28,L2,Nike,Vaporfly Engineered Mesh,INS_13,boja odstupa,major,rework,inline,40,False
2025-05-05,L6,Decathlon,Quechua Hiking Upper,INS_15,ljepilo vidljivo,minor,pass,final,61,False
2025-09-23,L4,Crocs,Bayaband Slide Upper,INS_05,đon delaminacija,critical,scrap,customer_return,31,False
2025-05-13,L3,Nike,Pegasus 3D Knit Collar,INS_11,šav neravnomjeran,major,rework,final,50,True
2025-10-02,L3,Nike,Vaporfly Engineered Mesh,INS_05,ljepilo vidljivo,minor,pass,inline,49,True
2025-12-18,L3,Nike,ZoomX Carbon Plate Insert,INS_04,3D knit greška,minor,pass,final,51,True
2025-09-10,L1,Nike,Vaporfly Engineered Mesh,INS_13,šav neravnomjeran,major,scrap,final,54,True
2025-05-30,L1,Nike,Dunk Low Textile Upper,INS_15,3D knit greška,minor,pass,final,42,False
2025-04-03,L3,Nike,Air Max Flyknit Upper,INS_03,boja odstupa,major,rework,inline,46,True
2025-05-07,L4,Decathlon,Quechua Hiking Upper,INS_01,boja odstupa,minor,scrap,final,19,False
2025-06-30,L4,Crocs,LiteRide Insole Unit,INS_14,ljepilo vidljivo,minor,pass,final,27,False
2025-06-27,L3,Nike,Dunk Low Textile Upper,INS_10,3D knit greška,minor,pass,inline,43,True
2025-06-16,L3,Nike,ZoomX Carbon Plate Insert,INS_03,dimenzija van tolerancije,critical,scrap,final,46,False
2025-11-24,L6,Decathlon,Kiprun Carbon Plate,INS_07,šav neravnomjeran,minor,pass,inline,33,False
2025-09-05,L1,Nike,Vaporfly Engineered Mesh,INS_02,ljepilo vidljivo,minor,pass,final,31,True
2025-11-27,L7,Decathlon,Kiprun Carbon Plate,INS_03,dimenzija van tolerancije,minor,pass,inline,43,True
2025-09-03,L1,Nike,ZoomX Carbon Plate Insert,INS_06,3D knit greška,major,rework,final,52,False
2026-02-03,L2,Crocs,Classic Clog Strap Assembly,INS_09,boja odstupa,minor,pass,inline,26,False
2025-04-01,L1,Nike,Air Max Flyknit Upper,INS_15,šav neravnomjeran,major,rework,final,33,True
2025-09-10,L5,Decathlon,Kiprun Carbon Plate,INS_14,šav neravnomjeran,major,rework,final,50,True
2025-10-28,L2,Nike,Pegasus 3D Knit Collar,INS_09,materijal oštećen,minor,pass,inline,52,False
2026-01-08,L7,Nike,Air Max Flyknit Upper,INS_03,3D knit greška,major,scrap,final,61,True
2025-03-06,L1,Crocs,LiteRide Insole Unit,INS_07,ljepilo vidljivo,major,rework,final,52,True
2025-06-16,L3,Nike,ZoomX Carbon Plate Insert,INS_09,dimenzija van tolerancije,minor,rework,inline,49,False
2025-07-31,L3,Nike,Dunk Low Textile Upper,INS_14,ljepilo vidljivo,major,rework,final,52,True
2025-03-12,L7,Decathlon,Kiprun Carbon Plate,INS_01,materijal oštećen,major,rework,inline,35,False
2025-11-07,L1,Nike,Dunk Low Textile Upper,INS_15,dimenzija van tolerancije,minor,pass,final,37,True
2025-05-22,L1,Nike,Dunk Low Textile Upper,INS_04,materijal oštećen,major,rework,incoming,54,True
2025-12-26,L4,Crocs,Bayaband Slide Upper,INS_06,boja odstupa,major,scrap,customer_return,39,True
2025-12-23,L2,Nike,Air Max Flyknit Upper,INS_02,3D knit greška,major,rework,inline,71,True
2025-07-23,L6,Decathlon,Quechua Hiking Upper,INS_08,3D knit greška,major,rework,final,42,True
2025-04-23,L8,Nike,Air Max Flyknit Upper,INS_08,đon delaminacija,minor,pass,inline,53,False
2025-05-01,L7,Decathlon,Kalenji Trail Sole Unit,INS_10,ljepilo vidljivo,major,rework,final,35,True
2026-02-17,L1,Nike,Pegasus 3D Knit Collar,INS_13,3D knit greška,minor,pass,customer_return,34,True
2025-11-21,L3,Nike,ZoomX Carbon Plate Insert,INS_09,ljepilo vidljivo,minor,pass,incoming,26,True
2026-02-17,L4,Crocs,LiteRide Insole Unit,INS_02,šav neravnomjeran,minor,pass,inline,44,True
2025-04-07,L6,Decathlon,Kiprun Carbon Plate,INS_13,logo pozicija,major,scrap,inline,52,True
2025-06-11,L6,Decathlon,Quechua Hiking Upper,INS_05,ljepilo vidljivo,critical,scrap,inline,44,False
2026-01-02,L8,Crocs,Bayaband Slide Upper,INS_07,materijal oštećen,major,scrap,inline,53,False
2025-08-06,L3,Crocs,LiteRide Insole Unit,INS_06,materijal oštećen,minor,pass,inline,63,True
2025-05-07,L5,Crocs,LiteRide Insole Unit,INS_11,ljepilo vidljivo,major,rework,final,43,True
2025-05-08,L1,Nike,Dunk Low Textile Upper,INS_09,ljepilo vidljivo,minor,pass,inline,39,False
2025-11-24,L6,Decathlon,Kalenji Trail Sole Unit,INS_15,ljepilo vidljivo,critical,scrap,final,33,True
2026-02-10,L1,Nike,Vaporfly Engineered Mesh,INS_15,logo pozicija,major,rework,final,70,True
2025-04-21,L1,Nike,Air Max Flyknit Upper,INS_05,logo pozicija,minor,rework,incoming,36,True
2025-09-09,L7,Decathlon,Quechua Hiking Upper,INS_15,đon delaminacija,major,rework,inline,44,True
2025-09-19,L5,Nike,Pegasus 3D Knit Collar,INS_05,logo pozicija,minor,pass,inline,43,False
2025-09-09,L6,Nike,ZoomX Carbon Plate Insert,INS_10,šav neravnomjeran,major,pass,final,48,False
2025-10-21,L8,Crocs,Classic Clog Strap Assembly,INS_13,đon delaminacija,critical,scrap,inline,40,True
2025-11-12,L8,Decathlon,Quechua Hiking Upper,INS_15,šav neravnomjeran,critical,scrap,final,55,False
2026-02-20,L1,Nike,Dunk Low Textile Upper,INS_12,logo pozicija,minor,pass,final,56,True
2025-03-25,L2,Nike,Pegasus 3D Knit Collar,INS_13,logo pozicija,major,rework,final,38,True
2025-07-31,L8,Nike,Vaporfly Engineered Mesh,INS_12,šav neravnomjeran,major,rework,final,38,True
2025-11-10,L2,Nike,Dunk Low Textile Upper,INS_02,šav neravnomjeran,major,rework,final,54,False
2026-02-20,L2,Nike,Air Max Flyknit Upper,INS_12,šav neravnomjeran,minor,pass,inline,27,True
2025-05-28,L4,Crocs,Classic Clog Strap Assembly,INS_08,šav neravnomjeran,major,rework,final,65,True
2026-02-05,L8,Crocs,Bayaband Slide Upper,INS_14,dimenzija van tolerancije,major,rework,final,42,True
2025-05-28,L2,Nike,Vaporfly Engineered Mesh,INS_07,boja odstupa,minor,pass,incoming,40,False
2025-03-10,L2,Nike,Vaporfly Engineered Mesh,INS_03,boja odstupa,major,scrap,inline,46,False
2025-05-16,L4,Crocs,Classic Clog Strap Assembly,INS_14,3D knit greška,minor,pass,inline,48,True
2025-07-29,L1,Nike,ZoomX Carbon Plate Insert,INS_04,logo pozicija,major,pass,final,40,True
2025-04-02,L2,Nike,Vaporfly Engineered Mesh,INS_09,ljepilo vidljivo,minor,pass,inline,43,True
2025-05-16,L5,Crocs,Classic Clog Strap Assembly,INS_10,đon delaminacija,critical,scrap,incoming,49,False
2025-12-17,L2,Nike,Pegasus 3D Knit Collar,INS_10,šav neravnomjeran,major,rework,incoming,18,False
2025-06-17,L1,Nike,Vaporfly Engineered Mesh,INS_09,boja odstupa,major,scrap,inline,45,True
2025-12-31,L3,Nike,Air Max Flyknit Upper,INS_06,materijal oštećen,critical,scrap,inline,21,True
2025-03-14,L4,Crocs,Classic Clog Strap Assembly,INS_01,boja odstupa,minor,pass,inline,36,True
2025-11-25,L4,Crocs,LiteRide Insole Unit,INS_15,dimenzija van tolerancije,major,rework,inline,39,True
2025-04-01,L1,Nike,Air Max Flyknit Upper,INS_11,šav neravnomjeran,minor,pass,inline,48,False
2025-05-20,L3,Nike,Pegasus 3D Knit Collar,INS_09,ljepilo vidljivo,minor,pass,incoming,33,False
2025-03-21,L1,Nike,Pegasus 3D Knit Collar,INS_12,ljepilo vidljivo,major,scrap,customer_return,34,False
2025-10-23,L4,Crocs,Bayaband Slide Upper,INS_09,logo pozicija,critical,scrap,final,28,False
2025-05-09,L6,Decathlon,Quechua Hiking Upper,INS_13,logo pozicija,minor,pass,inline,32,False
2025-07-15,L2,Nike,Pegasus 3D Knit Collar,INS_10,boja odstupa,minor,pass,inline,34,False
2025-05-12,L2,Nike,Air Max Flyknit Upper,INS_13,boja odstupa,minor,pass,inline,43,False
2026-02-12,L8,Crocs,LiteRide Insole Unit,INS_15,šav neravnomjeran,minor,rework,final,57,True
2025-06-06,L2,Nike,Vaporfly Engineered Mesh,INS_05,šav neravnomjeran,minor,pass,final,57,True
2025-05-06,L3,Nike,Vaporfly Engineered Mesh,INS_01,šav neravnomjeran,critical,rework,inline,28,False
2026-01-28,L4,Crocs,LiteRide Insole Unit,INS_06,đon delaminacija,major,rework,final,20,True
2025-10-24,L1,Nike,Dunk Low Textile Upper,INS_09,3D knit greška,critical,scrap,final,31,True
2025-12-03,L6,Decathlon,Quechua Hiking Upper,INS_05,ljepilo vidljivo,minor,pass,final,52,True
2025-11-21,L5,Decathlon,Quechua Hiking Upper,INS_13,ljepilo vidljivo,major,rework,final,63,False
2025-06-20,L6,Decathlon,Kalenji Trail Sole Unit,INS_07,materijal oštećen,major,rework,incoming,31,True
2025-06-12,L5,Decathlon,Quechua Hiking Upper,INS_11,ljepilo vidljivo,minor,rework,final,45,False
2025-10-02,L8,Crocs,LiteRide Insole Unit,INS_08,šav neravnomjeran,major,rework,incoming,40,False
2026-02-05,L1,Nike,ZoomX Carbon Plate Insert,INS_01,šav neravnomjeran,minor,pass,incoming,37,False
2025-09-26,L1,Nike,Dunk Low Textile Upper,INS_10,šav neravnomjeran,major,scrap,inline,48,False
2025-05-02,L1,Nike,Pegasus 3D Knit Collar,INS_05,materijal oštećen,critical,scrap,incoming,54,True
2025-06-13,L3,Nike,Dunk Low Textile Upper,INS_10,ljepilo vidljivo,major,rework,final,54,True
2025-05-06,L4,Crocs,Classic Clog Strap Assembly,INS_13,šav neravnomjeran,major,scrap,incoming,46,True
2025-06-02,L1,Nike,ZoomX Carbon Plate Insert,INS_13,šav neravnomjeran,major,scrap,inline,40,False
2025-12-30,L2,Crocs,Classic Clog Strap Assembly,INS_02,logo pozicija,minor,rework,incoming,31,True
2025-08-19,L1,Nike,Air Max Flyknit Upper,INS_04,ljepilo vidljivo,major,pass,incoming,48,True
2025-11-14,L3,Nike,ZoomX Carbon Plate Insert,INS_06,šav neravnomjeran,major,rework,final,35,True
2025-10-27,L6,Decathlon,Quechua Hiking Upper,INS_10,šav neravnomjeran,minor,pass,final,50,True
2025-06-10,L3,Nike,Pegasus 3D Knit Collar,INS_11,boja odstupa,minor,pass,incoming,27,True
2025-11-11,L8,Crocs,LiteRide Insole Unit,INS_07,ljepilo vidljivo,minor,pass,inline,42,True
2025-05-01,L1,Nike,Air Max Flyknit Upper,INS_08,šav neravnomjeran,major,scrap,final,49,True
2025-09-19,L8,Nike,Pegasus 3D Knit Collar,INS_08,dimenzija van tolerancije,critical,scrap,inline,23,True
2025-04-08,L7,Nike,Dunk Low Textile Upper,INS_02,boja odstupa,major,scrap,final,66,True
2025-11-18,L8,Nike,Dunk Low Textile Upper,INS_14,dimenzija van tolerancije,major,rework,inline,73,True
2025-11-21,L2,Nike,Pegasus 3D Knit Collar,INS_10,šav neravnomjeran,minor,rework,final,59,True
2025-09-10,L5,Crocs,Classic Clog Strap Assembly,INS_12,dimenzija van tolerancije,major,rework,final,18,True
2025-12-01,L3,Nike,Air Max Flyknit Upper,INS_13,boja odstupa,major,rework,final,49,True
2025-05-07,L4,Nike,ZoomX Carbon Plate Insert,INS_10,3D knit greška,minor,pass,final,37,True
2025-05-02,L6,Decathlon,Kiprun Carbon Plate,INS_13,materijal oštećen,critical,scrap,final,49,True
2025-09-19,L6,Nike,Air Max Flyknit Upper,INS_12,3D knit greška,major,rework,inline,65,True
2026-02-19,L5,Crocs,LiteRide Insole Unit,INS_13,ljepilo vidljivo,major,scrap,final,30,True
2025-07-23,L8,Nike,Air Max Flyknit Upper,INS_07,šav neravnomjeran,major,rework,customer_return,46,False
2025-10-09,L4,Crocs,Bayaband Slide Upper,INS_02,materijal oštećen,minor,pass,final,57,True
2025-10-02,L5,Crocs,LiteRide Insole Unit,INS_01,dimenzija van tolerancije,major,rework,inline,38,False
2025-06-16,L7,Decathlon,Kiprun Carbon Plate,INS_04,boja odstupa,minor,rework,final,23,False
2025-03-10,L5,Crocs,Classic Clog Strap Assembly,INS_06,šav neravnomjeran,minor,pass,final,36,False
2025-10-28,L5,Crocs,LiteRide Insole Unit,INS_08,3D knit greška,major,rework,inline,32,False
2025-11-12,L6,Decathlon,Quechua Hiking Upper,INS_01,ljepilo vidljivo,minor,pass,final,43,True
2025-04-18,L3,Nike,Pegasus 3D Knit Collar,INS_09,boja odstupa,major,rework,final,36,True
2025-06-13,L1,Nike,Dunk Low Textile Upper,INS_09,dimenzija van tolerancije,major,rework,inline,31,True
2025-06-12,L3,Crocs,LiteRide Insole Unit,INS_04,ljepilo vidljivo,minor,pass,final,64,True
2025-03-20,L2,Nike,ZoomX Carbon Plate Insert,INS_15,šav neravnomjeran,minor,rework,inline,58,True
2025-08-12,L3,Nike,Air Max Flyknit Upper,INS_01,šav neravnomjeran,critical,scrap,final,24,False
2025-09-01,L3,Nike,Air Max Flyknit Upper,INS_08,boja odstupa,minor,pass,final,51,True
2025-12-01,L1,Nike,Pegasus 3D Knit Collar,INS_09,logo pozicija,minor,pass,final,53,True
2025-04-11,L6,Crocs,LiteRide Insole Unit,INS_11,3D knit greška,critical,scrap,inline,57,True
2025-10-15,L7,Decathlon,Quechua Hiking Upper,INS_15,ljepilo vidljivo,minor,pass,final,51,False
2025-06-06,L3,Crocs,Classic Clog Strap Assembly,INS_03,šav neravnomjeran,minor,rework,final,36,True
2026-02-24,L4,Crocs,Classic Clog Strap Assembly,INS_10,đon delaminacija,critical,rework,final,46,True
2025-11-19,L2,Nike,Dunk Low Textile Upper,INS_10,ljepilo vidljivo,minor,pass,inline,49,False
2025-09-01,L1,Nike,Air Max Flyknit Upper,INS_13,dimenzija van tolerancije,major,rework,final,34,True
2025-09-29,L8,Decathlon,Kalenji Trail Sole Unit,INS_02,ljepilo vidljivo,minor,rework,inline,41,True
2026-01-14,L8,Decathlon,Kiprun Carbon Plate,INS_03,materijal oštećen,minor,pass,final,51,False
2026-02-16,L5,Crocs,Bayaband Slide Upper,INS_10,šav neravnomjeran,major,rework,final,33,True
2025-05-15,L8,Crocs,Classic Clog Strap Assembly,INS_04,đon delaminacija,critical,scrap,inline,44,True
2025-07-14,L5,Crocs,Bayaband Slide Upper,INS_09,3D knit greška,major,rework,inline,45,False
2025-06-11,L5,Crocs,LiteRide Insole Unit,INS_01,materijal oštećen,major,rework,inline,49,True
2025-10-31,L3,Nike,Dunk Low Textile Upper,INS_15,materijal oštećen,major,rework,final,21,False
2025-09-09,L6,Nike,ZoomX Carbon Plate Insert,INS_06,šav neravnomjeran,major,rework,inline,43,True
2025-11-20,L8,Nike,Air Max Flyknit Upper,INS_07,materijal oštećen,major,rework,final,36,False
2025-03-21,L1,Nike,Vaporfly Engineered Mesh,INS_14,ljepilo vidljivo,minor,pass,final,37,False
2025-10-20,L3,Nike,Dunk Low Textile Upper,INS_15,ljepilo vidljivo,minor,rework,incoming,28,True
2026-01-20,L3,Nike,Air Max Flyknit Upper,INS_04,ljepilo vidljivo,minor,pass,inline,55,False
2025-04-11,L4,Crocs,LiteRide Insole Unit,INS_07,šav neravnomjeran,major,rework,inline,44,False
2025-06-24,L7,Decathlon,Kalenji Trail Sole Unit,INS_03,3D knit greška,major,scrap,final,58,True
2025-05-02,L7,Decathlon,Kalenji Trail Sole Unit,INS_13,dimenzija van tolerancije,minor,pass,customer_return,19,False
2025-07-16,L2,Nike,Air Max Flyknit Upper,INS_03,đon delaminacija,major,scrap,inline,40,True
2025-04-09,L1,Nike,Dunk Low Textile Upper,INS_05,3D knit greška,critical,scrap,inline,58,True
2025-10-27,L1,Nike,ZoomX Carbon Plate Insert,INS_09,boja odstupa,minor,pass,inline,67,False
2025-06-10,L6,Decathlon,Kalenji Trail Sole Unit,INS_06,ljepilo vidljivo,minor,pass,inline,52,True
2025-08-20,L7,Decathlon,Kiprun Carbon Plate,INS_15,materijal oštećen,critical,scrap,inline,43,True
2025-03-06,L2,Nike,Air Max Flyknit Upper,INS_11,boja odstupa,major,rework,inline,52,False
2025-11-26,L4,Crocs,Classic Clog Strap Assembly,INS_15,šav neravnomjeran,major,scrap,inline,52,True
2025-06-17,L3,Nike,ZoomX Carbon Plate Insert,INS_07,materijal oštećen,major,rework,final,36,False
2025-03-14,L3,Decathlon,Kalenji Trail Sole Unit,INS_02,3D knit greška,major,scrap,final,33,True
2025-04-01,L6,Decathlon,Kalenji Trail Sole Unit,INS_07,ljepilo vidljivo,critical,scrap,final,62,True
2025-12-22,L6,Decathlon,Kalenji Trail Sole Unit,INS_15,boja odstupa,major,pass,inline,35,True
2025-10-23,L8,Nike,Vaporfly Engineered Mesh,INS_15,dimenzija van tolerancije,major,rework,inline,41,True
2025-12-01,L3,Nike,Dunk Low Textile Upper,INS_01,đon delaminacija,major,rework,final,37,True
2025-08-22,L1,Nike,Dunk Low Textile Upper,INS_03,logo pozicija,major,pass,inline,50,True
2025-11-18,L1,Nike,Air Max Flyknit Upper,INS_09,ljepilo vidljivo,major,scrap,final,87,True
2025-06-17,L5,Crocs,Bayaband Slide Upper,INS_08,materijal oštećen,minor,pass,inline,33,True
2025-11-06,L4,Crocs,Classic Clog Strap Assembly,INS_13,3D knit greška,minor,rework,final,52,True
2025-09-25,L8,Crocs,LiteRide Insole Unit,INS_15,ljepilo vidljivo,major,rework,inline,44,True
2025-10-20,L1,Nike,ZoomX Carbon Plate Insert,INS_13,šav neravnomjeran,major,rework,incoming,43,False
2025-09-04,L3,Nike,ZoomX Carbon Plate Insert,INS_08,dimenzija van tolerancije,major,rework,inline,38,True
2025-10-14,L3,Nike,Dunk Low Textile Upper,INS_06,šav neravnomjeran,minor,pass,inline,51,False
2026-02-17,L5,Crocs,Bayaband Slide Upper,INS_01,boja odstupa,major,pass,final,48,False
2026-01-16,L1,Nike,Air Max Flyknit Upper,INS_11,logo pozicija,minor,rework,inline,55,True
2025-09-24,L7,Decathlon,Kalenji Trail Sole Unit,INS_10,dimenzija van tolerancije,critical,scrap,inline,54,True
2025-05-29,L2,Nike,Vaporfly Engineered Mesh,INS_13,šav neravnomjeran,minor,pass,final,48,True
2026-02-13,L7,Decathlon,Kiprun Carbon Plate,INS_06,logo pozicija,minor,pass,customer_return,79,False
2025-07-03,L2,Nike,Pegasus 3D Knit Collar,INS_13,dimenzija van tolerancije,minor,scrap,inline,51,False
2025-10-09,L7,Nike,Air Max Flyknit Upper,INS_05,dimenzija van tolerancije,major,scrap,final,58,False
2025-09-19,L1,Nike,ZoomX Carbon Plate Insert,INS_08,ljepilo vidljivo,minor,pass,final,51,True
2025-07-22,L3,Nike,Vaporfly Engineered Mesh,INS_09,đon delaminacija,major,scrap,final,31,True
2025-10-10,L6,Decathlon,Kiprun Carbon Plate,INS_07,dimenzija van tolerancije,major,rework,inline,43,True
2025-08-13,L1,Nike,Dunk Low Textile Upper,INS_06,dimenzija van tolerancije,critical,scrap,inline,31,False
2026-02-20,L3,Nike,ZoomX Carbon Plate Insert,INS_06,3D knit greška,major,scrap,inline,36,False
2025-09-15,L7,Decathlon,Kalenji Trail Sole Unit,INS_03,materijal oštećen,major,rework,inline,10,False
2025-07-24,L8,Nike,Vaporfly Engineered Mesh,INS_06,materijal oštećen,major,pass,final,42,True
2025-03-03,L3,Nike,Pegasus 3D Knit Collar,INS_01,ljepilo vidljivo,minor,pass,final,39,True
2025-03-31,L1,Nike,Dunk Low Textile Upper,INS_13,3D knit greška,minor,pass,inline,67,False
2026-02-11,L4,Crocs,Classic Clog Strap Assembly,INS_01,dimenzija van tolerancije,minor,pass,inline,39,True
2025-10-17,L5,Decathlon,Kalenji Trail Sole Unit,INS_06,ljepilo vidljivo,major,rework,final,40,False
2025-12-26,L6,Decathlon,Kalenji Trail Sole Unit,INS_08,materijal oštećen,major,scrap,inline,44,False
2025-09-29,L4,Crocs,Bayaband Slide Upper,INS_15,3D knit greška,major,rework,final,39,False
2025-05-13,L2,Nike,Dunk Low Textile Upper,INS_12,ljepilo vidljivo,minor,pass,inline,50,True
2025-09-15,L5,Crocs,LiteRide Insole Unit,INS_02,dimenzija van tolerancije,minor,pass,final,48,False
2025-04-10,L5,Nike,Pegasus 3D Knit Collar,INS_07,materijal oštećen,major,scrap,inline,31,True
2025-12-19,L5,Crocs,Bayaband Slide Upper,INS_03,ljepilo vidljivo,minor,rework,final,64,True
2025-10-16,L1,Nike,Pegasus 3D Knit Collar,INS_07,dimenzija van tolerancije,major,rework,inline,25,True
2025-07-25,L2,Nike,Air Max Flyknit Upper,INS_12,đon delaminacija,critical,scrap,incoming,39,False
2025-11-18,L2,Nike,Pegasus 3D Knit Collar,INS_02,dimenzija van tolerancije,minor,pass,final,31,True
2025-04-21,L1,Nike,Pegasus 3D Knit Collar,INS_08,materijal oštećen,major,rework,final,40,True
2025-07-23,L1,Crocs,Bayaband Slide Upper,INS_11,logo pozicija,major,scrap,customer_return,60,True
2025-08-25,L3,Nike,Pegasus 3D Knit Collar,INS_05,dimenzija van tolerancije,minor,pass,inline,40,False
2025-03-04,L8,Nike,Dunk Low Textile Upper,INS_15,šav neravnomjeran,minor,pass,final,56,False
2026-01-27,L3,Nike,Pegasus 3D Knit Collar,INS_06,boja odstupa,major,scrap,final,52,False
2025-04-21,L5,Decathlon,Kiprun Carbon Plate,INS_07,ljepilo vidljivo,minor,pass,final,56,True
2025-09-09,L8,Nike,Dunk Low Textile Upper,INS_11,đon delaminacija,critical,scrap,final,38,False
2025-10-09,L8,Decathlon,Kiprun Carbon Plate,INS_05,dimenzija van tolerancije,critical,scrap,inline,30,True
2025-08-22,L3,Nike,ZoomX Carbon Plate Insert,INS_04,3D knit greška,major,rework,final,53,True
2025-11-14,L2,Nike,Dunk Low Textile Upper,INS_03,materijal oštećen,major,rework,final,64,True
2025-04-24,L2,Crocs,Bayaband Slide Upper,INS_13,boja odstupa,major,pass,incoming,55,False
2025-08-12,L8,Decathlon,Kiprun Carbon Plate,INS_01,šav neravnomjeran,major,rework,incoming,27,True
2025-10-15,L4,Crocs,Bayaband Slide Upper,INS_11,logo pozicija,minor,pass,inline,61,False
2025-10-09,L3,Nike,Pegasus 3D Knit Collar,INS_15,materijal oštećen,critical,scrap,final,62,True
2025-11-10,L2,Crocs,LiteRide Insole Unit,INS_04,šav neravnomjeran,major,rework,final,39,True
2025-07-04,L6,Nike,Vaporfly Engineered Mesh,INS_05,dimenzija van tolerancije,critical,scrap,incoming,45,True
2025-11-10,L1,Nike,ZoomX Carbon Plate Insert,INS_05,materijal oštećen,major,rework,final,53,False
2025-11-24,L1,Nike,Vaporfly Engineered Mesh,INS_01,dimenzija van tolerancije,major,rework,incoming,63,False
2025-10-07,L3,Nike,Vaporfly Engineered Mesh,INS_12,3D knit greška,major,scrap,final,25,False
2025-06-02,L4,Crocs,Bayaband Slide Upper,INS_03,ljepilo vidljivo,minor,pass,final,45,True
2025-12-26,L7,Nike,Pegasus 3D Knit Collar,INS_14,boja odstupa,minor,rework,final,38,True
2025-06-17,L7,Decathlon,Quechua Hiking Upper,INS_14,ljepilo vidljivo,minor,pass,final,50,True
2025-04-22,L3,Nike,Vaporfly Engineered Mesh,INS_06,boja odstupa,major,rework,final,24,False
2025-08-12,L3,Nike,Pegasus 3D Knit Collar,INS_06,boja odstupa,major,rework,customer_return,51,False
2025-09-17,L7,Decathlon,Kalenji Trail Sole Unit,INS_11,šav neravnomjeran,major,rework,final,42,True
2025-06-30,L8,Nike,Vaporfly Engineered Mesh,INS_13,dimenzija van tolerancije,major,scrap,inline,50,True
2025-07-04,L2,Decathlon,Kalenji Trail Sole Unit,INS_09,šav neravnomjeran,critical,scrap,customer_return,34,False
2025-10-15,L7,Decathlon,Quechua Hiking Upper,INS_10,materijal oštećen,minor,pass,inline,52,True
2025-11-03,L5,Crocs,LiteRide Insole Unit,INS_05,šav neravnomjeran,major,scrap,final,30,False
2025-11-06,L3,Nike,Air Max Flyknit Upper,INS_06,šav neravnomjeran,major,rework,final,30,False
2025-11-18,L5,Crocs,LiteRide Insole Unit,INS_12,ljepilo vidljivo,minor,pass,inline,57,True
2025-05-22,L1,Nike,Dunk Low Textile Upper,INS_04,ljepilo vidljivo,minor,scrap,incoming,54,True
2025-06-17,L6,Crocs,Classic Clog Strap Assembly,INS_02,šav neravnomjeran,critical,scrap,inline,62,False
2025-10-22,L2,Nike,Air Max Flyknit Upper,INS_10,boja odstupa,minor,rework,final,42,False
2025-12-15,L1,Nike,Air Max Flyknit Upper,INS_12,3D knit greška,minor,pass,final,52,True
2025-06-11,L6,Decathlon,Kalenji Trail Sole Unit,INS_09,ljepilo vidljivo,major,rework,incoming,47,True
2025-09-01,L6,Decathlon,Kiprun Carbon Plate,INS_01,ljepilo vidljivo,minor,scrap,inline,45,True
2025-05-20,L4,Crocs,Bayaband Slide Upper,INS_12,đon delaminacija,major,rework,final,48,True
2025-08-06,L6,Decathlon,Kiprun Carbon Plate,INS_15,boja odstupa,minor,pass,customer_return,35,True
2025-10-29,L7,Nike,Dunk Low Textile Upper,INS_09,šav neravnomjeran,minor,pass,final,37,False
2026-02-19,L2,Nike,Vaporfly Engineered Mesh,INS_03,šav neravnomjeran,minor,pass,inline,57,False
2025-10-16,L7,Crocs,LiteRide Insole Unit,INS_15,3D knit greška,minor,pass,final,60,True
2025-10-09,L7,Nike,Air Max Flyknit Upper,INS_09,dimenzija van tolerancije,critical,scrap,final,58,True
2025-11-04,L4,Decathlon,Kalenji Trail Sole Unit,INS_12,ljepilo vidljivo,minor,pass,final,37,False
2025-03-05,L7,Decathlon,Kalenji Trail Sole Unit,INS_08,šav neravnomjeran,major,scrap,final,57,True
2025-05-21,L7,Decathlon,Quechua Hiking Upper,INS_11,šav neravnomjeran,minor,pass,inline,37,False
2025-07-23,L2,Nike,Air Max Flyknit Upper,INS_12,logo pozicija,major,rework,final,43,True
2025-08-18,L3,Nike,Dunk Low Textile Upper,INS_06,materijal oštećen,major,rework,final,37,False
2025-10-31,L3,Nike,Pegasus 3D Knit Collar,INS_04,ljepilo vidljivo,major,scrap,final,29,True
2025-05-22,L4,Crocs,Classic Clog Strap Assembly,INS_09,boja odstupa,minor,pass,incoming,40,False
2025-09-02,L2,Nike,Air Max Flyknit Upper,INS_12,boja odstupa,major,rework,final,64,True
2025-04-17,L8,Nike,Air Max Flyknit Upper,INS_09,materijal oštećen,critical,scrap,inline,42,False
2025-07-02,L3,Nike,Pegasus 3D Knit Collar,INS_11,šav neravnomjeran,major,rework,inline,34,True
2026-01-06,L1,Nike,Vaporfly Engineered Mesh,INS_03,materijal oštećen,minor,rework,inline,26,True
2025-11-21,L7,Decathlon,Kalenji Trail Sole Unit,INS_04,đon delaminacija,critical,scrap,inline,40,False
2025-04-22,L7,Decathlon,Kalenji Trail Sole Unit,INS_01,ljepilo vidljivo,major,scrap,final,59,True
2025-10-09,L2,Nike,Air Max Flyknit Upper,INS_05,materijal oštećen,critical,scrap,incoming,39,True
2025-05-23,L3,Nike,Air Max Flyknit Upper,INS_11,ljepilo vidljivo,minor,pass,final,37,True
2025-09-25,L7,Decathlon,Kiprun Carbon Plate,INS_11,3D knit greška,minor,pass,inline,44,False
2025-05-13,L5,Crocs,Classic Clog Strap Assembly,INS_06,3D knit greška,critical,scrap,customer_return,43,False
2026-02-12,L1,Nike,Pegasus 3D Knit Collar,INS_14,3D knit greška,minor,pass,inline,46,True
2025-12-09,L8,Nike,Air Max Flyknit Upper,INS_06,3D knit greška,major,scrap,customer_return,64,False
2025-12-05,L7,Decathlon,Quechua Hiking Upper,INS_03,logo pozicija,minor,pass,final,59,True
2026-02-20,L1,Nike,ZoomX Carbon Plate Insert,INS_13,ljepilo vidljivo,major,pass,final,27,True
2025-11-12,L6,Decathlon,Kalenji Trail Sole Unit,INS_15,šav neravnomjeran,minor,rework,final,17,True
2025-05-08,L4,Nike,Pegasus 3D Knit Collar,INS_09,logo pozicija,minor,pass,inline,46,False
2025-05-20,L1,Decathlon,Quechua Hiking Upper,INS_15,šav neravnomjeran,major,rework,final,38,True
2025-12-11,L7,Nike,Pegasus 3D Knit Collar,INS_06,dimenzija van tolerancije,major,rework,inline,51,True
2025-04-07,L1,Nike,Pegasus 3D Knit Collar,INS_12,dimenzija van tolerancije,major,pass,final,51,True
2025-03-25,L1,Nike,Pegasus 3D Knit Collar,INS_12,ljepilo vidljivo,major,rework,final,24,True
2025-03-25,L3,Crocs,Bayaband Slide Upper,INS_02,đon delaminacija,critical,scrap,inline,32,True
2025-03-11,L5,Nike,ZoomX Carbon Plate Insert,INS_01,materijal oštećen,major,pass,final,27,True
2025-05-08,L7,Decathlon,Quechua Hiking Upper,INS_11,dimenzija van tolerancije,critical,scrap,final,38,True
2025-12-08,L3,Nike,Pegasus 3D Knit Collar,INS_14,ljepilo vidljivo,critical,scrap,final,33,False
2025-03-28,L6,Decathlon,Kalenji Trail Sole Unit,INS_02,materijal oštećen,major,rework,inline,50,False
2026-02-25,L6,Decathlon,Quechua Hiking Upper,INS_04,šav neravnomjeran,minor,rework,inline,54,True
2025-06-03,L7,Decathlon,Quechua Hiking Upper,INS_01,šav neravnomjeran,critical,scrap,customer_return,53,False
2026-01-30,L2,Crocs,Classic Clog Strap Assembly,INS_14,đon delaminacija,major,rework,final,54,False
2026-02-04,L7,Decathlon,Kalenji Trail Sole Unit,INS_15,materijal oštećen,critical,scrap,final,40,False
2025-09-23,L8,Nike,Dunk Low Textile Upper,INS_05,boja odstupa,critical,scrap,inline,27,True
2025-06-09,L2,Nike,Air Max Flyknit Upper,INS_10,đon delaminacija,major,scrap,customer_return,45,True
2025-12-02,L3,Nike,Air Max Flyknit Upper,INS_08,dimenzija van tolerancije,major,rework,customer_return,42,True
2026-01-05,L1,Nike,Dunk Low Textile Upper,INS_15,boja odstupa,minor,pass,inline,53,True
2025-06-11,L6,Decathlon,Kalenji Trail Sole Unit,INS_11,ljepilo vidljivo,major,rework,inline,41,True
2026-01-02,L7,Nike,Dunk Low Textile Upper,INS_12,šav neravnomjeran,critical,scrap,inline,53,True
2025-10-17,L1,Nike,Dunk Low Textile Upper,INS_01,ljepilo vidljivo,minor,rework,inline,20,True
2025-08-05,L4,Crocs,Bayaband Slide Upper,INS_09,ljepilo vidljivo,major,scrap,final,68,True
2025-12-22,L6,Decathlon,Kiprun Carbon Plate,INS_13,3D knit greška,major,rework,final,50,False
2025-10-31,L1,Nike,Pegasus 3D Knit Collar,INS_14,materijal oštećen,major,scrap,final,44,True
2025-09-02,L8,Nike,ZoomX Carbon Plate Insert,INS_06,šav neravnomjeran,minor,pass,final,32,True
2026-01-20,L2,Crocs,Classic Clog Strap Assembly,INS_03,materijal oštećen,major,rework,final,32,True
2025-05-14,L2,Nike,Pegasus 3D Knit Collar,INS_10,materijal oštećen,major,rework,final,64,True
2026-02-26,L4,Crocs,LiteRide Insole Unit,INS_14,boja odstupa,minor,pass,incoming,34,True
2025-05-23,L2,Decathlon,Kalenji Trail Sole Unit,INS_07,materijal oštećen,minor,pass,inline,48,False
2025-08-15,L8,Crocs,LiteRide Insole Unit,INS_15,šav neravnomjeran,major,rework,final,42,True
2025-04-03,L2,Nike,Dunk Low Textile Upper,INS_03,dimenzija van tolerancije,major,scrap,inline,57,False
2025-05-19,L5,Crocs,Bayaband Slide Upper,INS_15,logo pozicija,major,rework,incoming,33,False
2025-03-03,L1,Nike,Dunk Low Textile Upper,INS_14,ljepilo vidljivo,major,rework,incoming,42,False
2025-08-05,L3,Nike,ZoomX Carbon Plate Insert,INS_06,3D knit greška,major,rework,final,70,False
2025-04-21,L5,Crocs,Bayaband Slide Upper,INS_12,3D knit greška,critical,scrap,inline,32,False
2025-04-03,L2,Nike,Air Max Flyknit Upper,INS_15,dimenzija van tolerancije,major,rework,incoming,54,True
2025-10-31,L8,Nike,Dunk Low Textile Upper,INS_08,boja odstupa,major,scrap,final,40,False
2025-05-19,L1,Crocs,LiteRide Insole Unit,INS_04,boja odstupa,major,rework,final,38,True
2025-12-01,L4,Crocs,LiteRide Insole Unit,INS_08,šav neravnomjeran,minor,pass,inline,36,True
2025-08-12,L4,Crocs,LiteRide Insole Unit,INS_03,dimenzija van tolerancije,critical,scrap,final,30,False
2025-04-11,L3,Nike,Pegasus 3D Knit Collar,INS_02,šav neravnomjeran,major,rework,final,53,True
2025-03-14,L2,Nike,Vaporfly Engineered Mesh,INS_10,đon delaminacija,minor,pass,inline,52,True
2025-04-23,L6,Decathlon,Kiprun Carbon Plate,INS_06,dimenzija van tolerancije,critical,scrap,final,41,False
2025-07-01,L8,Crocs,Bayaband Slide Upper,INS_13,materijal oštećen,major,rework,incoming,23,True
2025-11-03,L5,Crocs,LiteRide Insole Unit,INS_05,logo pozicija,major,scrap,inline,44,True
2025-07-02,L5,Crocs,Classic Clog Strap Assembly,INS_14,materijal oštećen,minor,pass,final,46,False
2025-07-03,L2,Nike,Pegasus 3D Knit Collar,INS_11,logo pozicija,minor,pass,final,55,False
2026-02-02,L4,Crocs,LiteRide Insole Unit,INS_08,đon delaminacija,major,rework,customer_return,68,True
2025-10-15,L4,Crocs,Bayaband Slide Upper,INS_03,đon delaminacija,critical,scrap,final,55,False
2025-04-16,L2,Nike,ZoomX Carbon Plate Insert,INS_07,boja odstupa,minor,pass,final,32,True
2025-07-03,L3,Crocs,Bayaband Slide Upper,INS_02,boja odstupa,major,scrap,final,44,False
2025-05-15,L1,Nike,Dunk Low Textile Upper,INS_06,ljepilo vidljivo,minor,pass,inline,59,False
2025-04-04,L1,Nike,ZoomX Carbon Plate Insert,INS_01,šav neravnomjeran,major,rework,final,47,True
2025-09-24,L6,Decathlon,Quechua Hiking Upper,INS_10,šav neravnomjeran,minor,pass,inline,39,False
2025-03-17,L6,Decathlon,Kalenji Trail Sole Unit,INS_10,3D knit greška,critical,scrap,final,48,True
2026-01-22,L3,Nike,ZoomX Carbon Plate Insert,INS_14,boja odstupa,major,scrap,inline,43,True
2025-12-31,L5,Crocs,Bayaband Slide Upper,INS_14,logo pozicija,major,scrap,inline,47,True
2025-10-07,L2,Nike,Pegasus 3D Knit Collar,INS_03,dimenzija van tolerancije,critical,scrap,incoming,49,False
2025-12-02,L3,Nike,Air Max Flyknit Upper,INS_13,dimenzija van tolerancije,major,rework,inline,52,True
2025-09-26,L5,Crocs,LiteRide Insole Unit,INS_04,dimenzija van tolerancije,critical,scrap,final,33,False
2025-03-11,L4,Nike,Dunk Low Textile Upper,INS_12,materijal oštećen,major,rework,inline,65,False
2025-10-17,L1,Nike,Dunk Low Textile Upper,INS_07,boja odstupa,minor,pass,final,46,True
2025-04-02,L1,Nike,Dunk Low Textile Upper,INS_10,šav neravnomjeran,major,rework,final,47,False
2025-11-10,L6,Decathlon,Quechua Hiking Upper,INS_07,materijal oštećen,major,rework,inline,31,False
2025-03-27,L1,Nike,ZoomX Carbon Plate Insert,INS_07,dimenzija van tolerancije,major,rework,final,48,True
2025-09-05,L8,Nike,Dunk Low Textile Upper,INS_12,šav neravnomjeran,major,rework,customer_return,45,True
2025-03-10,L3,Decathlon,Kalenji Trail Sole Unit,INS_07,dimenzija van tolerancije,minor,pass,final,60,False
2026-01-16,L4,Crocs,Classic Clog Strap Assembly,INS_02,ljepilo vidljivo,minor,pass,inline,39,False
2026-01-08,L8,Nike,Dunk Low Textile Upper,INS_01,ljepilo vidljivo,major,rework,inline,25,True
2025-07-08,L1,Nike,ZoomX Carbon Plate Insert,INS_10,ljepilo vidljivo,minor,pass,customer_return,47,True
2025-11-24,L6,Decathlon,Kalenji Trail Sole Unit,INS_01,šav neravnomjeran,major,rework,final,42,False
2026-02-18,L8,Decathlon,Quechua Hiking Upper,INS_07,boja odstupa,minor,pass,final,34,True
2025-04-25,L1,Nike,Dunk Low Textile Upper,INS_15,boja odstupa,minor,pass,final,56,True
2025-11-18,L7,Crocs,Bayaband Slide Upper,INS_04,dimenzija van tolerancije,major,rework,final,44,True
2025-09-04,L1,Nike,ZoomX Carbon Plate Insert,INS_02,dimenzija van tolerancije,major,scrap,customer_return,52,False
2025-07-10,L2,Nike,ZoomX Carbon Plate Insert,INS_01,šav neravnomjeran,major,scrap,inline,44,True
2025-10-07,L8,Decathlon,Kiprun Carbon Plate,INS_14,šav neravnomjeran,critical,scrap,inline,34,True
2025-12-18,L6,Decathlon,Quechua Hiking Upper,INS_11,boja odstupa,minor,pass,final,57,True
2025-06-20,L3,Nike,Pegasus 3D Knit Collar,INS_08,materijal oštećen,major,rework,incoming,51,False
2025-05-01,L3,Nike,ZoomX Carbon Plate Insert,INS_14,3D knit greška,minor,pass,final,70,True
2025-10-10,L8,Decathlon,Kalenji Trail Sole Unit,INS_06,logo pozicija,minor,pass,inline,22,True
2025-03-24,L7,Decathlon,Kalenji Trail Sole Unit,INS_13,šav neravnomjeran,minor,pass,final,50,False
2025-08-20,L5,Crocs,LiteRide Insole Unit,INS_04,ljepilo vidljivo,minor,rework,final,56,True
2025-05-01,L6,Decathlon,Kiprun Carbon Plate,INS_08,ljepilo vidljivo,major,rework,final,51,True
2025-12-05,L5,Nike,Vaporfly Engineered Mesh,INS_06,šav neravnomjeran,critical,scrap,final,29,True
2025-12-15,L6,Decathlon,Quechua Hiking Upper,INS_06,dimenzija van tolerancije,major,rework,inline,62,False
2025-10-15,L5,Decathlon,Quechua Hiking Upper,INS_12,ljepilo vidljivo,major,scrap,final,42,False
2025-07-01,L2,Nike,Dunk Low Textile Upper,INS_05,boja odstupa,critical,scrap,inline,50,True
2025-04-15,L6,Decathlon,Kiprun Carbon Plate,INS_13,logo pozicija,major,rework,inline,62,True
2025-10-22,L7,Decathlon,Quechua Hiking Upper,INS_01,boja odstupa,minor,pass,final,22,True
2025-09-01,L2,Nike,Dunk Low Textile Upper,INS_07,3D knit greška,minor,pass,inline,45,True
2025-04-23,L3,Nike,Air Max Flyknit Upper,INS_04,dimenzija van tolerancije,critical,scrap,final,27,True
2025-03-31,L6,Decathlon,Quechua Hiking Upper,INS_01,ljepilo vidljivo,minor,pass,inline,44,True
2025-03-17,L7,Crocs,Classic Clog Strap Assembly,INS_14,logo pozicija,minor,pass,final,58,True
2026-02-23,L4,Crocs,Classic Clog Strap Assembly,INS_10,ljepilo vidljivo,minor,pass,inline,42,True
2025-08-19,L3,Nike,Pegasus 3D Knit Collar,INS_15,logo pozicija,minor,pass,final,51,True
2025-04-10,L3,Nike,ZoomX Carbon Plate Insert,INS_09,materijal oštećen,critical,scrap,inline,54,False
2025-11-28,L8,Crocs,Bayaband Slide Upper,INS_08,materijal oštećen,major,rework,inline,57,True
2025-05-14,L4,Crocs,Classic Clog Strap Assembly,INS_13,3D knit greška,major,rework,incoming,49,False
2025-05-14,L6,Decathlon,Kalenji Trail Sole Unit,INS_10,đon delaminacija,critical,scrap,inline,51,False
2025-03-21,L3,Nike,Vaporfly Engineered Mesh,INS_08,boja odstupa,minor,rework,final,29,True
2026-02-05,L8,Nike,ZoomX Carbon Plate Insert,INS_12,ljepilo vidljivo,major,rework,customer_return,38,False
2025-06-20,L3,Nike,Dunk Low Textile Upper,INS_05,đon delaminacija,critical,scrap,inline,50,False
2025-09-09,L4,Crocs,LiteRide Insole Unit,INS_13,šav neravnomjeran,minor,pass,final,35,False
2025-05-05,L5,Crocs,LiteRide Insole Unit,INS_07,3D knit greška,minor,pass,final,38,True
2025-03-03,L1,Nike,Pegasus 3D Knit Collar,INS_14,ljepilo vidljivo,minor,pass,final,61,True
2025-03-28,L1,Nike,Pegasus 3D Knit Collar,INS_03,boja odstupa,minor,pass,final,43,True
2025-06-18,L3,Nike,Pegasus 3D Knit Collar,INS_14,šav neravnomjeran,major,pass,final,45,True
2025-05-14,L3,Nike,Dunk Low Textile Upper,INS_10,šav neravnomjeran,minor,pass,inline,49,True
2025-10-02,L2,Nike,Air Max Flyknit Upper,INS_08,šav neravnomjeran,minor,pass,final,28,True
2025-04-18,L1,Nike,Air Max Flyknit Upper,INS_13,šav neravnomjeran,major,rework,inline,67,False
2025-03-14,L1,Nike,Dunk Low Textile Upper,INS_10,ljepilo vidljivo,major,rework,final,58,True
2025-03-14,L7,Decathlon,Kalenji Trail Sole Unit,INS_08,boja odstupa,major,scrap,incoming,68,False
2026-02-13,L3,Nike,Air Max Flyknit Upper,INS_14,boja odstupa,critical,scrap,final,54,False
2025-09-23,L1,Nike,Air Max Flyknit Upper,INS_06,šav neravnomjeran,minor,pass,final,54,True
2025-10-20,L3,Nike,Dunk Low Textile Upper,INS_11,boja odstupa,minor,pass,customer_return,33,True
2025-10-15,L7,Nike,Dunk Low Textile Upper,INS_04,šav neravnomjeran,minor,pass,final,49,True
2025-04-11,L8,Nike,Dunk Low Textile Upper,INS_12,logo pozicija,major,rework,final,72,True
2025-05-21,L1,Nike,Air Max Flyknit Upper,INS_08,ljepilo vidljivo,minor,pass,final,48,True
2026-01-19,L4,Nike,ZoomX Carbon Plate Insert,INS_15,boja odstupa,critical,scrap,final,42,False
2025-10-13,L8,Nike,Dunk Low Textile Upper,INS_11,logo pozicija,major,pass,final,54,False
2025-06-12,L4,Crocs,Bayaband Slide Upper,INS_12,dimenzija van tolerancije,critical,scrap,inline,30,True
2025-09-30,L6,Decathlon,Kalenji Trail Sole Unit,INS_11,boja odstupa,major,rework,inline,32,False
2025-10-07,L1,Nike,Dunk Low Textile Upper,INS_01,boja odstupa,major,rework,final,37,True
2025-08-26,L8,Decathlon,Kalenji Trail Sole Unit,INS_13,ljepilo vidljivo,critical,scrap,inline,59,False
2025-07-09,L2,Nike,Vaporfly Engineered Mesh,INS_10,šav neravnomjeran,major,rework,inline,54,True
2025-05-08,L2,Nike,ZoomX Carbon Plate Insert,INS_14,šav neravnomjeran,major,rework,inline,51,True
2026-01-02,L1,Nike,ZoomX Carbon Plate Insert,INS_06,ljepilo vidljivo,minor,pass,final,48,False
2025-11-04,L2,Nike,Air Max Flyknit Upper,INS_13,šav neravnomjeran,major,rework,final,68,True
2025-11-10,L1,Nike,Air Max Flyknit Upper,INS_08,ljepilo vidljivo,major,rework,final,39,False
2025-11-03,L3,Nike,Vaporfly Engineered Mesh,INS_12,ljepilo vidljivo,major,pass,final,50,False
2025-05-22,L7,Decathlon,Quechua Hiking Upper,INS_03,dimenzija van tolerancije,major,scrap,inline,29,False
2025-07-02,L4,Crocs,Bayaband Slide Upper,INS_11,ljepilo vidljivo,minor,pass,incoming,44,False
2025-05-16,L6,Decathlon,Kiprun Carbon Plate,INS_15,šav neravnomjeran,critical,scrap,inline,62,False
2025-11-14,L4,Crocs,Bayaband Slide Upper,INS_11,logo pozicija,major,rework,incoming,36,True
2025-04-03,L5,Decathlon,Kalenji Trail Sole Unit,INS_01,dimenzija van tolerancije,critical,scrap,final,53,True
2025-10-30,L5,Crocs,Classic Clog Strap Assembly,INS_11,ljepilo vidljivo,minor,pass,final,45,False
2025-10-31,L5,Crocs,LiteRide Insole Unit,INS_11,šav neravnomjeran,critical,scrap,final,53,True
2025-03-18,L4,Crocs,Bayaband Slide Upper,INS_13,šav neravnomjeran,major,scrap,inline,54,True
2025-03-12,L5,Crocs,LiteRide Insole Unit,INS_12,šav neravnomjeran,major,scrap,final,41,True
2025-06-12,L8,Nike,Vaporfly Engineered Mesh,INS_01,šav neravnomjeran,minor,rework,final,45,True
2025-11-06,L4,Crocs,Classic Clog Strap Assembly,INS_14,ljepilo vidljivo,major,scrap,final,42,True
2025-04-21,L1,Nike,Pegasus 3D Knit Collar,INS_10,boja odstupa,minor,pass,incoming,45,True
2025-04-11,L3,Nike,Air Max Flyknit Upper,INS_09,dimenzija van tolerancije,minor,pass,final,55,False
2025-04-01,L3,Nike,Vaporfly Engineered Mesh,INS_10,šav neravnomjeran,major,scrap,inline,44,False
2025-08-19,L4,Crocs,Bayaband Slide Upper,INS_03,materijal oštećen,minor,pass,inline,28,False
2025-06-12,L4,Crocs,Bayaband Slide Upper,INS_01,ljepilo vidljivo,minor,pass,final,29,False
2025-05-22,L5,Crocs,Classic Clog Strap Assembly,INS_08,materijal oštećen,critical,scrap,final,49,False
2025-12-26,L2,Nike,ZoomX Carbon Plate Insert,INS_15,đon delaminacija,major,scrap,final,37,False
2025-03-20,L5,Crocs,Classic Clog Strap Assembly,INS_12,materijal oštećen,critical,scrap,inline,32,True
2025-04-04,L8,Decathlon,Kalenji Trail Sole Unit,INS_09,đon delaminacija,minor,pass,final,34,True
2025-07-16,L4,Crocs,Bayaband Slide Upper,INS_04,materijal oštećen,major,scrap,customer_return,46,True
2025-09-17,L7,Decathlon,Kalenji Trail Sole Unit,INS_11,ljepilo vidljivo,minor,pass,final,54,True
2025-04-01,L2,Nike,Air Max Flyknit Upper,INS_08,ljepilo vidljivo,major,scrap,incoming,26,True
2025-04-07,L6,Decathlon,Kiprun Carbon Plate,INS_08,šav neravnomjeran,critical,scrap,final,58,True
2025-05-08,L3,Nike,ZoomX Carbon Plate Insert,INS_01,materijal oštećen,minor,pass,inline,45,True
2025-07-25,L8,Nike,Pegasus 3D Knit Collar,INS_14,đon delaminacija,critical,scrap,final,44,True
2025-06-30,L2,Nike,Air Max Flyknit Upper,INS_01,ljepilo vidljivo,minor,pass,final,38,True
2025-08-14,L7,Crocs,Bayaband Slide Upper,INS_02,šav neravnomjeran,major,scrap,inline,54,False
2026-02-06,L2,Nike,Dunk Low Textile Upper,INS_09,materijal oštećen,major,rework,inline,32,True
2025-05-20,L7,Decathlon,Kalenji Trail Sole Unit,INS_13,3D knit greška,minor,rework,inline,21,False
2025-11-06,L4,Crocs,Classic Clog Strap Assembly,INS_10,đon delaminacija,critical,scrap,customer_return,48,True
2025-04-24,L1,Nike,ZoomX Carbon Plate Insert,INS_08,3D knit greška,major,rework,inline,47,True
2025-10-28,L4,Decathlon,Kiprun Carbon Plate,INS_12,materijal oštećen,critical,scrap,final,55,False
2025-11-26,L7,Decathlon,Quechua Hiking Upper,INS_08,ljepilo vidljivo,major,scrap,final,50,True
2025-05-13,L4,Crocs,LiteRide Insole Unit,INS_07,materijal oštećen,major,rework,incoming,46,False
2025-04-30,L4,Crocs,Classic Clog Strap Assembly,INS_08,šav neravnomjeran,minor,pass,final,35,True
2025-10-01,L1,Nike,Air Max Flyknit Upper,INS_05,materijal oštećen,critical,scrap,inline,36,True
2025-03-03,L2,Nike,Pegasus 3D Knit Collar,INS_10,ljepilo vidljivo,minor,pass,incoming,58,True
2025-06-24,L3,Crocs,LiteRide Insole Unit,INS_01,šav neravnomjeran,critical,rework,final,59,False
2026-02-02,L7,Decathlon,Kalenji Trail Sole Unit,INS_08,boja odstupa,critical,scrap,final,59,True
2025-05-05,L3,Nike,ZoomX Carbon Plate Insert,INS_12,3D knit greška,major,rework,inline,35,True
2025-05-22,L8,Decathlon,Kalenji Trail Sole Unit,INS_07,ljepilo vidljivo,minor,pass,final,52,True
2025-09-08,L1,Nike,Vaporfly Engineered Mesh,INS_03,đon delaminacija,critical,scrap,final,33,True
2025-09-15,L3,Nike,Vaporfly Engineered Mesh,INS_02,šav neravnomjeran,minor,pass,final,47,True
2025-07-29,L7,Decathlon,Quechua Hiking Upper,INS_07,ljepilo vidljivo,minor,pass,final,31,True
2025-10-09,L2,Nike,Pegasus 3D Knit Collar,INS_09,đon delaminacija,critical,scrap,final,33,False
2025-06-11,L1,Nike,Dunk Low Textile Upper,INS_05,boja odstupa,major,rework,final,45,True
2025-06-24,L2,Nike,Air Max Flyknit Upper,INS_15,ljepilo vidljivo,minor,pass,final,55,False
2025-04-01,L6,Decathlon,Kalenji Trail Sole Unit,INS_12,šav neravnomjeran,major,scrap,inline,55,True
2025-08-29,L1,Nike,Pegasus 3D Knit Collar,INS_02,đon delaminacija,major,rework,inline,41,False
2025-05-09,L8,Nike,Dunk Low Textile Upper,INS_05,šav neravnomjeran,major,rework,final,66,True
2025-03-06,L8,Nike,Vaporfly Engineered Mesh,INS_15,šav neravnomjeran,major,rework,final,45,False
2025-07-03,L1,Nike,Vaporfly Engineered Mesh,INS_01,materijal oštećen,minor,pass,final,38,False
2026-02-27,L4,Crocs,LiteRide Insole Unit,INS_09,ljepilo vidljivo,minor,pass,incoming,38,True
2025-10-31,L2,Nike,Air Max Flyknit Upper,INS_15,materijal oštećen,minor,rework,final,67,False
2025-07-31,L1,Decathlon,Kiprun Carbon Plate,INS_02,đon delaminacija,major,scrap,inline,61,False
2025-07-11,L1,Nike,Air Max Flyknit Upper,INS_12,boja odstupa,minor,rework,inline,42,True
2025-10-01,L7,Decathlon,Quechua Hiking Upper,INS_05,3D knit greška,minor,pass,incoming,38,True
2025-03-31,L1,Nike,Dunk Low Textile Upper,INS_07,materijal oštećen,minor,pass,inline,52,True
2026-02-27,L4,Crocs,Bayaband Slide Upper,INS_04,materijal oštećen,major,pass,inline,46,True
2025-08-18,L5,Decathlon,Quechua Hiking Upper,INS_05,ljepilo vidljivo,major,rework,inline,41,False
2026-02-05,L5,Crocs,Classic Clog Strap Assembly,INS_08,ljepilo vidljivo,minor,pass,customer_return,21,True
2025-04-02,L8,Nike,Air Max Flyknit Upper,INS_12,šav neravnomjeran,major,rework,inline,48,True
2025-11-20,L3,Nike,Pegasus 3D Knit Collar,INS_15,logo pozicija,minor,pass,final,65,False
2026-01-14,L5,Crocs,LiteRide Insole Unit,INS_04,materijal oštećen,major,rework,inline,39,False
2025-11-25,L3,Crocs,Bayaband Slide Upper,INS_07,đon delaminacija,critical,scrap,final,49,True
2025-04-15,L8,Nike,Air Max Flyknit Upper,INS_13,šav neravnomjeran,major,scrap,final,18,False
2025-10-27,L8,Crocs,Classic Clog Strap Assembly,INS_09,materijal oštećen,critical,scrap,final,31,True
2026-01-22,L5,Crocs,LiteRide Insole Unit,INS_04,logo pozicija,minor,pass,inline,32,True
2025-08-18,L1,Crocs,LiteRide Insole Unit,INS_11,boja odstupa,minor,pass,customer_return,52,True
2025-08-14,L6,Decathlon,Kiprun Carbon Plate,INS_07,logo pozicija,major,rework,incoming,32,True
2025-05-06,L1,Nike,Vaporfly Engineered Mesh,INS_04,dimenzija van tolerancije,minor,pass,inline,50,False
2026-01-21,L1,Nike,Pegasus 3D Knit Collar,INS_04,ljepilo vidljivo,minor,pass,inline,55,True
2025-10-13,L3,Nike,Vaporfly Engineered Mesh,INS_14,3D knit greška,minor,pass,inline,41,True
2025-11-10,L2,Nike,Pegasus 3D Knit Collar,INS_15,materijal oštećen,minor,pass,final,48,True
2025-07-31,L2,Nike,Air Max Flyknit Upper,INS_03,ljepilo vidljivo,major,scrap,final,12,True
2025-10-13,L5,Crocs,Classic Clog Strap Assembly,INS_06,logo pozicija,minor,pass,customer_return,63,True
2025-09-03,L1,Nike,Pegasus 3D Knit Collar,INS_15,logo pozicija,minor,rework,final,27,True
2025-06-20,L3,Nike,Dunk Low Textile Upper,INS_08,šav neravnomjeran,minor,pass,final,33,True
2025-05-16,L5,Crocs,Classic Clog Strap Assembly,INS_07,đon delaminacija,critical,scrap,final,58,False
2025-06-17,L2,Nike,Vaporfly Engineered Mesh,INS_01,šav neravnomjeran,major,scrap,final,42,False
2026-02-05,L3,Nike,Dunk Low Textile Upper,INS_10,boja odstupa,minor,pass,inline,59,False
2025-08-20,L3,Nike,Dunk Low Textile Upper,INS_05,ljepilo vidljivo,minor,rework,inline,31,False
2025-10-08,L8,Nike,Dunk Low Textile Upper,INS_10,logo pozicija,minor,pass,final,54,False
2025-08-29,L2,Nike,Vaporfly Engineered Mesh,INS_08,ljepilo vidljivo,minor,pass,final,36,True
2025-04-29,L6,Decathlon,Kiprun Carbon Plate,INS_08,3D knit greška,minor,pass,final,51,True
2025-09-26,L5,Crocs,LiteRide Insole Unit,INS_03,ljepilo vidljivo,major,rework,inline,50,True
2026-02-05,L2,Crocs,Classic Clog Strap Assembly,INS_01,ljepilo vidljivo,major,rework,final,58,False
2025-11-18,L4,Crocs,Classic Clog Strap Assembly,INS_14,3D knit greška,minor,rework,inline,48,True
2025-09-05,L4,Crocs,Classic Clog Strap Assembly,INS_10,boja odstupa,major,rework,final,37,True
2025-09-03,L7,Nike,Vaporfly Engineered Mesh,INS_10,ljepilo vidljivo,minor,pass,incoming,41,False
2025-08-20,L8,Nike,Pegasus 3D Knit Collar,INS_02,đon delaminacija,critical,scrap,inline,25,True
2025-09-09,L1,Crocs,LiteRide Insole Unit,INS_14,ljepilo vidljivo,major,rework,final,54,True
2025-04-28,L3,Nike,ZoomX Carbon Plate Insert,INS_06,boja odstupa,major,rework,inline,48,False
2025-10-02,L4,Crocs,Classic Clog Strap Assembly,INS_06,logo pozicija,major,rework,inline,32,False
2025-05-09,L1,Crocs,Bayaband Slide Upper,INS_11,šav neravnomjeran,critical,scrap,final,53,False
2025-03-12,L4,Crocs,Classic Clog Strap Assembly,INS_03,materijal oštećen,critical,scrap,final,58,False
2025-06-20,L3,Nike,Dunk Low Textile Upper,INS_08,šav neravnomjeran,major,rework,inline,53,True
2026-02-20,L6,Decathlon,Quechua Hiking Upper,INS_02,logo pozicija,minor,pass,final,33,False
2026-02-27,L5,Decathlon,Kalenji Trail Sole Unit,INS_06,3D knit greška,minor,pass,inline,76,True
2025-03-31,L5,Crocs,Bayaband Slide Upper,INS_08,dimenzija van tolerancije,major,rework,final,59,True
2026-01-05,L6,Decathlon,Quechua Hiking Upper,INS_14,šav neravnomjeran,major,rework,final,55,True
2025-10-10,L4,Crocs,Classic Clog Strap Assembly,INS_12,3D knit greška,major,scrap,inline,49,True
2025-06-26,L1,Nike,Dunk Low Textile Upper,INS_13,materijal oštećen,critical,scrap,final,38,True
2025-03-31,L5,Crocs,Bayaband Slide Upper,INS_12,dimenzija van tolerancije,major,pass,final,53,False
2025-03-06,L6,Decathlon,Kiprun Carbon Plate,INS_10,đon delaminacija,critical,scrap,final,52,True
2025-08-21,L3,Nike,Air Max Flyknit Upper,INS_07,dimenzija van tolerancije,major,rework,incoming,54,True
2026-02-09,L5,Crocs,Bayaband Slide Upper,INS_01,boja odstupa,major,rework,inline,58,False
2025-05-28,L1,Nike,Pegasus 3D Knit Collar,INS_02,boja odstupa,minor,pass,inline,62,True
2025-05-09,L1,Nike,Air Max Flyknit Upper,INS_02,đon delaminacija,minor,pass,final,42,False
2025-10-22,L3,Nike,ZoomX Carbon Plate Insert,INS_07,šav neravnomjeran,major,rework,final,21,True
2025-10-08,L2,Nike,ZoomX Carbon Plate Insert,INS_05,dimenzija van tolerancije,minor,pass,final,45,True
2025-05-19,L6,Decathlon,Quechua Hiking Upper,INS_05,boja odstupa,major,rework,final,61,True
2025-10-22,L7,Decathlon,Quechua Hiking Upper,INS_15,3D knit greška,major,scrap,final,45,True
2025-03-14,L4,Crocs,Bayaband Slide Upper,INS_06,ljepilo vidljivo,major,scrap,final,38,False
2025-05-30,L8,Decathlon,Quechua Hiking Upper,INS_15,dimenzija van tolerancije,critical,scrap,final,33,False
2025-03-11,L5,Nike,ZoomX Carbon Plate Insert,INS_11,šav neravnomjeran,minor,rework,final,39,True
2025-06-16,L4,Nike,Vaporfly Engineered Mesh,INS_14,ljepilo vidljivo,minor,pass,inline,52,True
2025-03-28,L1,Nike,Pegasus 3D Knit Collar,INS_12,boja odstupa,major,rework,inline,65,False
2026-02-16,L5,Crocs,Bayaband Slide Upper,INS_15,logo pozicija,minor,pass,final,53,True
2025-10-15,L2,Nike,Pegasus 3D Knit Collar,INS_12,dimenzija van tolerancije,minor,pass,inline,34,True
2025-11-12,L3,Nike,Dunk Low Textile Upper,INS_03,boja odstupa,major,rework,final,40,True
2025-03-06,L1,Crocs,LiteRide Insole Unit,INS_12,šav neravnomjeran,major,rework,inline,56,True
2025-06-13,L6,Nike,Dunk Low Textile Upper,INS_13,materijal oštećen,major,scrap,inline,55,True
2025-08-07,L8,Decathlon,Quechua Hiking Upper,INS_02,šav neravnomjeran,minor,rework,final,50,True
2025-04-25,L4,Crocs,LiteRide Insole Unit,INS_08,materijal oštećen,major,rework,final,58,True
2025-05-09,L6,Decathlon,Quechua Hiking Upper,INS_14,dimenzija van tolerancije,critical,scrap,final,48,False
2025-05-12,L2,Nike,Vaporfly Engineered Mesh,INS_06,materijal oštećen,minor,pass,final,30,False
2026-01-09,L3,Nike,Dunk Low Textile Upper,INS_03,boja odstupa,minor,pass,final,68,True
2025-06-30,L1,Nike,Air Max Flyknit Upper,INS_06,dimenzija van tolerancije,major,pass,final,45,False
2025-11-24,L3,Nike,Air Max Flyknit Upper,INS_07,ljepilo vidljivo,minor,pass,final,50,False
2025-12-05,L8,Nike,Dunk Low Textile Upper,INS_04,logo pozicija,major,rework,final,33,True
2025-11-10,L8,Crocs,Bayaband Slide Upper,INS_14,šav neravnomjeran,minor,rework,final,42,False
2025-09-03,L5,Crocs,Classic Clog Strap Assembly,INS_03,šav neravnomjeran,minor,pass,final,47,True
2025-06-05,L4,Crocs,LiteRide Insole Unit,INS_01,šav neravnomjeran,major,rework,inline,45,True
2025-03-27,L2,Nike,Pegasus 3D Knit Collar,INS_11,šav neravnomjeran,minor,pass,incoming,54,False
2025-07-04,L7,Nike,Pegasus 3D Knit Collar,INS_04,dimenzija van tolerancije,minor,pass,final,43,False
2025-08-27,L2,Nike,ZoomX Carbon Plate Insert,INS_03,šav neravnomjeran,minor,pass,customer_return,34,True
2026-02-12,L4,Nike,Pegasus 3D Knit Collar,INS_02,materijal oštećen,major,rework,incoming,34,False
2026-02-13,L6,Decathlon,Quechua Hiking Upper,INS_01,dimenzija van tolerancije,critical,scrap,incoming,30,True
2026-01-20,L1,Nike,Pegasus 3D Knit Collar,INS_03,ljepilo vidljivo,major,rework,final,51,True
2025-12-08,L2,Nike,Air Max Flyknit Upper,INS_11,materijal oštećen,major,rework,final,67,False
2026-01-08,L2,Nike,Dunk Low Textile Upper,INS_09,materijal oštećen,minor,pass,inline,58,True
2025-06-30,L3,Nike,Air Max Flyknit Upper,INS_01,dimenzija van tolerancije,critical,scrap,final,44,True
2025-09-04,L5,Nike,Pegasus 3D Knit Collar,INS_12,šav neravnomjeran,major,scrap,incoming,42,False
2025-04-02,L1,Nike,Air Max Flyknit Upper,INS_09,šav neravnomjeran,major,scrap,inline,34,True
2025-09-15,L1,Nike,Air Max Flyknit Upper,INS_10,3D knit greška,major,rework,incoming,31,False
2025-08-08,L6,Decathlon,Kiprun Carbon Plate,INS_15,ljepilo vidljivo,major,scrap,customer_return,36,True
2026-02-20,L7,Decathlon,Quechua Hiking Upper,INS_02,šav neravnomjeran,minor,rework,inline,50,True
2025-08-29,L5,Crocs,Classic Clog Strap Assembly,INS_12,boja odstupa,critical,scrap,inline,42,False
2025-06-26,L5,Crocs,Classic Clog Strap Assembly,INS_01,materijal oštećen,major,rework,inline,42,False
2025-12-24,L4,Crocs,LiteRide Insole Unit,INS_15,materijal oštećen,major,rework,final,45,True
2025-05-14,L2,Nike,Pegasus 3D Knit Collar,INS_02,šav neravnomjeran,major,rework,final,52,True
2026-01-30,L7,Nike,Dunk Low Textile Upper,INS_03,logo pozicija,critical,scrap,inline,62,True
2025-04-28,L1,Nike,Dunk Low Textile Upper,INS_14,materijal oštećen,major,rework,incoming,26,True
2025-05-13,L7,Decathlon,Kiprun Carbon Plate,INS_04,boja odstupa,major,scrap,final,49,True
2025-04-01,L8,Nike,Dunk Low Textile Upper,INS_14,đon delaminacija,major,rework,inline,49,False
2025-04-23,L3,Nike,Dunk Low Textile Upper,INS_12,3D knit greška,critical,scrap,final,48,True
2025-10-23,L1,Decathlon,Kalenji Trail Sole Unit,INS_13,dimenzija van tolerancije,critical,scrap,inline,32,True
2025-06-11,L1,Decathlon,Quechua Hiking Upper,INS_02,dimenzija van tolerancije,critical,scrap,inline,47,False
2025-08-08,L8,Decathlon,Kiprun Carbon Plate,INS_11,šav neravnomjeran,minor,pass,final,47,True
2026-02-19,L2,Nike,Air Max Flyknit Upper,INS_11,dimenzija van tolerancije,major,pass,final,45,True
2025-05-19,L3,Nike,Pegasus 3D Knit Collar,INS_09,šav neravnomjeran,major,scrap,final,35,True
2025-05-27,L7,Crocs,Bayaband Slide Upper,INS_08,šav neravnomjeran,major,scrap,inline,48,True
2025-06-18,L1,Nike,ZoomX Carbon Plate Insert,INS_04,materijal oštećen,critical,scrap,inline,56,True
2025-12-29,L7,Crocs,LiteRide Insole Unit,INS_06,logo pozicija,major,rework,final,40,True
2026-01-15,L1,Nike,Dunk Low Textile Upper,INS_06,materijal oštećen,minor,pass,inline,43,True
2025-07-16,L3,Nike,ZoomX Carbon Plate Insert,INS_05,šav neravnomjeran,critical,scrap,inline,53,True
2026-02-23,L6,Decathlon,Kiprun Carbon Plate,INS_03,đon delaminacija,major,scrap,final,42,True
2025-03-17,L1,Nike,Vaporfly Engineered Mesh,INS_07,dimenzija van tolerancije,minor,pass,final,67,True
2025-03-05,L6,Decathlon,Kalenji Trail Sole Unit,INS_11,dimenzija van tolerancije,critical,scrap,final,50,True
2026-01-23,L7,Decathlon,Kiprun Carbon Plate,INS_13,boja odstupa,minor,pass,customer_return,45,True
2025-04-21,L3,Nike,Dunk Low Textile Upper,INS_10,3D knit greška,major,scrap,inline,40,True
2025-09-17,L1,Nike,Dunk Low Textile Upper,INS_10,dimenzija van tolerancije,major,rework,inline,37,True
2025-10-22,L1,Nike,Dunk Low Textile Upper,INS_02,boja odstupa,minor,pass,final,40,True
2025-03-03,L4,Crocs,Classic Clog Strap Assembly,INS_05,logo pozicija,minor,rework,final,50,True
2025-05-07,L2,Nike,ZoomX Carbon Plate Insert,INS_11,đon delaminacija,minor,rework,final,46,True
2025-04-15,L2,Nike,Vaporfly Engineered Mesh,INS_04,šav neravnomjeran,major,rework,final,64,True
2025-05-07,L5,Crocs,LiteRide Insole Unit,INS_09,materijal oštećen,major,scrap,final,40,True
2026-02-16,L2,Nike,Pegasus 3D Knit Collar,INS_14,šav neravnomjeran,major,rework,final,42,False
2026-02-11,L7,Decathlon,Kiprun Carbon Plate,INS_09,đon delaminacija,major,rework,final,36,True
2026-01-12,L2,Nike,Air Max Flyknit Upper,INS_10,3D knit greška,critical,scrap,customer_return,27,True
2025-03-31,L3,Nike,ZoomX Carbon Plate Insert,INS_15,boja odstupa,minor,pass,final,31,False
2025-08-07,L6,Decathlon,Quechua Hiking Upper,INS_14,ljepilo vidljivo,minor,pass,final,61,False
2026-01-14,L2,Nike,ZoomX Carbon Plate Insert,INS_05,šav neravnomjeran,major,rework,final,51,True
2025-10-24,L1,Nike,Dunk Low Textile Upper,INS_13,3D knit greška,minor,rework,final,52,True
2025-05-05,L4,Nike,Pegasus 3D Knit Collar,INS_11,šav neravnomjeran,major,scrap,inline,66,False
2025-09-11,L6,Decathlon,Kiprun Carbon Plate,INS_04,đon delaminacija,minor,pass,final,38,True
2025-07-11,L4,Crocs,Bayaband Slide Upper,INS_04,logo pozicija,minor,pass,final,52,True
2025-11-13,L2,Nike,Dunk Low Textile Upper,INS_01,šav neravnomjeran,critical,scrap,final,10,False
2025-10-07,L1,Nike,Pegasus 3D Knit Collar,INS_09,dimenzija van tolerancije,major,pass,incoming,42,True
2025-12-05,L8,Nike,Air Max Flyknit Upper,INS_04,ljepilo vidljivo,major,rework,final,36,True
2025-04-14,L3,Nike,Vaporfly Engineered Mesh,INS_11,materijal oštećen,major,scrap,final,51,True
2025-08-25,L5,Crocs,LiteRide Insole Unit,INS_08,3D knit greška,minor,rework,inline,43,False
2025-10-10,L6,Decathlon,Kalenji Trail Sole Unit,INS_04,boja odstupa,major,rework,inline,34,False
2026-02-11,L1,Nike,Vaporfly Engineered Mesh,INS_02,ljepilo vidljivo,minor,rework,final,57,False
2025-03-21,L4,Crocs,Classic Clog Strap Assembly,INS_10,materijal oštećen,major,rework,final,41,True
2025-09-03,L1,Nike,ZoomX Carbon Plate Insert,INS_02,logo pozicija,major,scrap,final,45,True
2025-03-12,L3,Nike,Dunk Low Textile Upper,INS_07,ljepilo vidljivo,minor,rework,final,59,True
2025-05-28,L3,Nike,Air Max Flyknit Upper,INS_06,šav neravnomjeran,minor,pass,final,58,False
2025-09-12,L8,Nike,ZoomX Carbon Plate Insert,INS_09,materijal oštećen,major,rework,final,26,False
2025-08-05,L5,Crocs,Bayaband Slide Upper,INS_06,ljepilo vidljivo,major,rework,final,44,False
2025-12-26,L3,Nike,Air Max Flyknit Upper,INS_02,šav neravnomjeran,minor,pass,inline,56,True
2025-04-21,L1,Nike,Pegasus 3D Knit Collar,INS_01,šav neravnomjeran,minor,pass,customer_return,48,False
2025-05-02,L4,Crocs,Bayaband Slide Upper,INS_01,3D knit greška,minor,scrap,final,19,True
2025-11-19,L1,Nike,ZoomX Carbon Plate Insert,INS_14,logo pozicija,minor,rework,final,39,True
2025-09-04,L2,Crocs,LiteRide Insole Unit,INS_09,šav neravnomjeran,minor,pass,final,52,True
2025-09-19,L1,Nike,ZoomX Carbon Plate Insert,INS_09,đon delaminacija,minor,pass,final,48,False
2026-02-02,L7,Decathlon,Quechua Hiking Upper,INS_03,ljepilo vidljivo,major,scrap,final,63,False
2025-11-18,L4,Crocs,LiteRide Insole Unit,INS_10,logo pozicija,minor,pass,customer_return,44,False
2025-03-14,L1,Nike,Dunk Low Textile Upper,INS_03,ljepilo vidljivo,major,pass,inline,47,True
2025-06-17,L2,Nike,Vaporfly Engineered Mesh,INS_01,materijal oštećen,critical,scrap,final,34,True
2025-09-22,L2,Nike,Air Max Flyknit Upper,INS_14,materijal oštećen,critical,scrap,inline,54,True
2026-01-27,L8,Nike,Vaporfly Engineered Mesh,INS_09,3D knit greška,major,rework,inline,44,True
2025-12-03,L1,Nike,Pegasus 3D Knit Collar,INS_14,đon delaminacija,minor,pass,final,38,False
2025-11-17,L4,Crocs,Classic Clog Strap Assembly,INS_09,đon delaminacija,major,rework,inline,34,False
2025-12-25,L7,Decathlon,Quechua Hiking Upper,INS_13,logo pozicija,minor,pass,final,60,False
2026-01-26,L1,Nike,ZoomX Carbon Plate Insert,INS_05,dimenzija van tolerancije,critical,scrap,final,49,True
2025-04-30,L7,Decathlon,Quechua Hiking Upper,INS_12,boja odstupa,major,scrap,final,62,True
2025-11-17,L6,Nike,ZoomX Carbon Plate Insert,INS_04,ljepilo vidljivo,major,pass,final,29,False
2025-04-11,L3,Nike,Air Max Flyknit Upper,INS_09,boja odstupa,major,rework,final,44,True
2026-02-13,L2,Nike,Air Max Flyknit Upper,INS_01,materijal oštećen,major,rework,final,50,True
2025-05-07,L2,Decathlon,Quechua Hiking Upper,INS_14,materijal oštećen,major,pass,final,38,True
2025-03-27,L4,Decathlon,Kalenji Trail Sole Unit,INS_14,boja odstupa,minor,pass,customer_return,27,True
2025-04-29,L1,Nike,ZoomX Carbon Plate Insert,INS_10,dimenzija van tolerancije,critical,scrap,inline,56,False
2025-06-20,L3,Nike,Pegasus 3D Knit Collar,INS_13,ljepilo vidljivo,minor,pass,final,38,True
2025-08-14,L1,Crocs,Bayaband Slide Upper,INS_08,logo pozicija,major,rework,final,55,True
2026-01-07,L5,Crocs,Classic Clog Strap Assembly,INS_13,šav neravnomjeran,critical,scrap,inline,56,False
2025-08-18,L3,Nike,Dunk Low Textile Upper,INS_04,boja odstupa,minor,pass,inline,39,True
2025-03-05,L7,Nike,Pegasus 3D Knit Collar,INS_09,šav neravnomjeran,minor,rework,final,32,True
2025-06-11,L6,Decathlon,Quechua Hiking Upper,INS_05,ljepilo vidljivo,minor,pass,final,46,True
2025-03-07,L7,Decathlon,Quechua Hiking Upper,INS_08,3D knit greška,major,scrap,inline,38,False
2025-07-31,L4,Crocs,Bayaband Slide Upper,INS_08,logo pozicija,major,rework,final,52,True
2025-12-22,L8,Crocs,Classic Clog Strap Assembly,INS_03,boja odstupa,minor,pass,final,48,True
2025-05-02,L8,Decathlon,Kalenji Trail Sole Unit,INS_02,boja odstupa,major,rework,inline,41,True
2026-02-16,L1,Nike,Pegasus 3D Knit Collar,INS_05,šav neravnomjeran,minor,pass,final,44,True
2025-11-17,L7,Crocs,Bayaband Slide Upper,INS_10,3D knit greška,major,rework,final,26,True
2025-10-14,L4,Decathlon,Kalenji Trail Sole Unit,INS_15,boja odstupa,minor,pass,final,37,True
2025-12-08,L1,Nike,Air Max Flyknit Upper,INS_04,logo pozicija,minor,pass,inline,56,True
2025-06-18,L7,Decathlon,Quechua Hiking Upper,INS_10,šav neravnomjeran,major,rework,final,33,False
2026-01-12,L2,Nike,Pegasus 3D Knit Collar,INS_06,ljepilo vidljivo,minor,rework,incoming,33,False
2025-11-21,L3,Nike,Vaporfly Engineered Mesh,INS_15,boja odstupa,minor,pass,final,44,True
2025-11-13,L1,Nike,Pegasus 3D Knit Collar,INS_13,đon delaminacija,major,rework,inline,36,True
2025-06-16,L1,Nike,Air Max Flyknit Upper,INS_08,boja odstupa,minor,pass,inline,38,True
2025-06-19,L6,Decathlon,Kiprun Carbon Plate,INS_14,ljepilo vidljivo,major,scrap,inline,37,True
2025-03-28,L6,Crocs,Classic Clog Strap Assembly,INS_08,šav neravnomjeran,major,rework,final,40,True
2025-03-31,L8,Crocs,Classic Clog Strap Assembly,INS_11,ljepilo vidljivo,major,scrap,inline,44,False
2025-06-04,L3,Nike,ZoomX Carbon Plate Insert,INS_13,ljepilo vidljivo,major,rework,final,41,True
2025-04-18,L1,Nike,Air Max Flyknit Upper,INS_01,3D knit greška,major,rework,final,19,True
2025-10-23,L3,Nike,Vaporfly Engineered Mesh,INS_04,đon delaminacija,critical,scrap,inline,48,True
2026-02-17,L8,Decathlon,Kiprun Carbon Plate,INS_04,dimenzija van tolerancije,major,scrap,incoming,36,True
2025-12-04,L1,Nike,Vaporfly Engineered Mesh,INS_12,dimenzija van tolerancije,major,rework,final,50,True
2025-09-02,L2,Nike,Air Max Flyknit Upper,INS_01,ljepilo vidljivo,minor,scrap,final,41,True
2025-06-16,L5,Crocs,Bayaband Slide Upper,INS_09,boja odstupa,minor,rework,final,38,False
2025-05-09,L2,Nike,Dunk Low Textile Upper,INS_09,boja odstupa,minor,pass,final,53,True
2025-04-18,L6,Decathlon,Quechua Hiking Upper,INS_09,ljepilo vidljivo,minor,pass,final,66,False
2025-11-21,L7,Decathlon,Kalenji Trail Sole Unit,INS_12,materijal oštećen,minor,pass,inline,39,False
2025-11-25,L5,Nike,Vaporfly Engineered Mesh,INS_15,3D knit greška,critical,scrap,incoming,48,True
2026-02-03,L2,Nike,Air Max Flyknit Upper,INS_11,šav neravnomjeran,major,scrap,final,32,False
2025-07-21,L1,Nike,Air Max Flyknit Upper,INS_01,3D knit greška,major,scrap,final,51,False
2026-02-17,L4,Crocs,Classic Clog Strap Assembly,INS_14,šav neravnomjeran,major,rework,customer_return,63,False
2025-08-21,L6,Decathlon,Kalenji Trail Sole Unit,INS_02,boja odstupa,minor,pass,final,28,False
2025-03-04,L1,Nike,Pegasus 3D Knit Collar,INS_15,dimenzija van tolerancije,critical,scrap,final,29,False
2025-04-24,L4,Crocs,LiteRide Insole Unit,INS_14,šav neravnomjeran,major,scrap,final,33,True
2025-05-12,L2,Nike,Air Max Flyknit Upper,INS_08,dimenzija van tolerancije,minor,rework,final,54,True
2025-12-29,L2,Nike,Dunk Low Textile Upper,INS_02,šav neravnomjeran,major,rework,inline,50,True
2025-11-28,L3,Nike,Air Max Flyknit Upper,INS_07,đon delaminacija,minor,rework,final,44,True
2025-09-15,L5,Crocs,Bayaband Slide Upper,INS_10,materijal oštećen,critical,scrap,inline,68,True
2025-03-17,L1,Nike,ZoomX Carbon Plate Insert,INS_11,ljepilo vidljivo,minor,pass,final,46,False
2025-03-06,L5,Decathlon,Quechua Hiking Upper,INS_13,logo pozicija,major,rework,incoming,59,False
2025-04-30,L2,Nike,ZoomX Carbon Plate Insert,INS_10,logo pozicija,minor,pass,inline,46,False
2025-09-11,L2,Nike,Dunk Low Textile Upper,INS_11,logo pozicija,major,rework,customer_return,56,True
2025-09-30,L7,Crocs,Bayaband Slide Upper,INS_04,ljepilo vidljivo,major,rework,inline,48,False
2025-11-26,L3,Nike,Dunk Low Textile Upper,INS_10,boja odstupa,minor,rework,inline,51,False
2025-05-19,L2,Nike,Pegasus 3D Knit Collar,INS_15,3D knit greška,major,rework,inline,46,True
2026-02-26,L3,Crocs,Classic Clog Strap Assembly,INS_02,boja odstupa,minor,rework,inline,38,True
2025-03-19,L8,Crocs,Bayaband Slide Upper,INS_02,šav neravnomjeran,minor,pass,final,50,True
2025-11-28,L7,Decathlon,Quechua Hiking Upper,INS_13,ljepilo vidljivo,minor,pass,inline,46,True
2025-07-30,L1,Nike,ZoomX Carbon Plate Insert,INS_09,ljepilo vidljivo,critical,scrap,final,47,True
2025-09-19,L6,Nike,Air Max Flyknit Upper,INS_14,šav neravnomjeran,major,rework,final,33,False
2025-11-20,L4,Crocs,Bayaband Slide Upper,INS_12,ljepilo vidljivo,major,pass,final,59,True
2025-10-08,L3,Nike,Dunk Low Textile Upper,INS_15,đon delaminacija,critical,rework,inline,43,True
2025-05-26,L8,Crocs,LiteRide Insole Unit,INS_14,ljepilo vidljivo,critical,scrap,final,39,True
2025-06-17,L5,Crocs,LiteRide Insole Unit,INS_05,šav neravnomjeran,minor,pass,customer_return,56,True
2025-08-12,L1,Crocs,LiteRide Insole Unit,INS_06,šav neravnomjeran,major,scrap,inline,35,True
2025-09-23,L1,Crocs,LiteRide Insole Unit,INS_05,šav neravnomjeran,major,rework,final,36,True
2025-06-18,L8,Decathlon,Quechua Hiking Upper,INS_04,dimenzija van tolerancije,minor,pass,final,56,False
2026-02-20,L1,Nike,Air Max Flyknit Upper,INS_09,materijal oštećen,minor,pass,incoming,53,True
2025-07-18,L2,Nike,Pegasus 3D Knit Collar,INS_14,boja odstupa,minor,scrap,inline,36,True
2025-11-25,L5,Nike,Vaporfly Engineered Mesh,INS_04,materijal oštećen,critical,scrap,inline,37,True
2025-06-19,L4,Crocs,LiteRide Insole Unit,INS_15,ljepilo vidljivo,minor,pass,final,53,True
2025-07-16,L1,Nike,Pegasus 3D Knit Collar,INS_06,đon delaminacija,critical,rework,final,26,False
2026-02-25,L5,Crocs,Bayaband Slide Upper,INS_08,đon delaminacija,minor,scrap,final,52,False
2025-03-31,L1,Nike,Pegasus 3D Knit Collar,INS_05,šav neravnomjeran,minor,pass,inline,35,True
2025-10-23,L1,Nike,Pegasus 3D Knit Collar,INS_06,šav neravnomjeran,major,rework,customer_return,10,True
2025-09-01,L8,Crocs,Classic Clog Strap Assembly,INS_10,ljepilo vidljivo,major,scrap,final,34,True
2025-10-15,L8,Nike,Dunk Low Textile Upper,INS_01,materijal oštećen,major,rework,inline,45,False
2025-04-04,L8,Decathlon,Kalenji Trail Sole Unit,INS_11,boja odstupa,major,scrap,inline,30,True
2025-04-30,L5,Crocs,LiteRide Insole Unit,INS_02,boja odstupa,major,pass,incoming,61,False
2025-05-13,L5,Crocs,LiteRide Insole Unit,INS_02,ljepilo vidljivo,minor,pass,inline,20,False
2025-11-19,L2,Nike,Air Max Flyknit Upper,INS_05,3D knit greška,major,scrap,final,41,False
2025-03-03,L3,Nike,Vaporfly Engineered Mesh,INS_02,šav neravnomjeran,minor,rework,inline,44,False
2025-03-07,L4,Crocs,Bayaband Slide Upper,INS_10,šav neravnomjeran,major,rework,inline,48,True
2025-04-18,L5,Crocs,Classic Clog Strap Assembly,INS_12,ljepilo vidljivo,minor,pass,customer_return,69,True
2025-09-09,L4,Crocs,LiteRide Insole Unit,INS_01,materijal oštećen,critical,rework,final,38,True
2025-09-17,L2,Nike,Dunk Low Textile Upper,INS_10,dimenzija van tolerancije,minor,pass,final,35,True
2025-09-04,L3,Nike,Vaporfly Engineered Mesh,INS_13,ljepilo vidljivo,major,rework,inline,50,True
2025-09-08,L8,Nike,Vaporfly Engineered Mesh,INS_15,logo pozicija,minor,rework,final,54,False
2025-09-10,L7,Decathlon,Kalenji Trail Sole Unit,INS_06,šav neravnomjeran,major,scrap,inline,40,False
2025-08-11,L7,Nike,ZoomX Carbon Plate Insert,INS_15,šav neravnomjeran,major,rework,inline,41,True
2025-04-30,L4,Crocs,LiteRide Insole Unit,INS_02,logo pozicija,minor,pass,final,35,False
2025-09-04,L5,Crocs,Classic Clog Strap Assembly,INS_09,boja odstupa,major,rework,final,45,True
2025-11-21,L8,Crocs,Bayaband Slide Upper,INS_09,boja odstupa,critical,scrap,final,43,True
2025-10-14,L1,Nike,Pegasus 3D Knit Collar,INS_06,boja odstupa,minor,rework,inline,28,False
2025-04-16,L6,Nike,Vaporfly Engineered Mesh,INS_07,logo pozicija,minor,pass,incoming,44,False
2025-09-23,L4,Crocs,Bayaband Slide Upper,INS_13,logo pozicija,major,scrap,final,63,True
2025-04-14,L6,Decathlon,Kalenji Trail Sole Unit,INS_07,boja odstupa,minor,pass,inline,55,True
2025-11-14,L2,Nike,Vaporfly Engineered Mesh,INS_04,materijal oštećen,critical,scrap,incoming,31,True
2025-10-14,L1,Nike,ZoomX Carbon Plate Insert,INS_06,3D knit greška,major,scrap,inline,55,True
2025-08-27,L7,Decathlon,Kiprun Carbon Plate,INS_12,ljepilo vidljivo,minor,pass,incoming,61,True
2025-10-16,L1,Nike,Air Max Flyknit Upper,INS_03,dimenzija van tolerancije,critical,rework,customer_return,47,True
2025-03-21,L8,Nike,ZoomX Carbon Plate Insert,INS_10,boja odstupa,major,scrap,inline,50,True
2025-11-14,L2,Nike,Vaporfly Engineered Mesh,INS_12,3D knit greška,minor,pass,inline,55,True
2025-05-27,L2,Nike,Vaporfly Engineered Mesh,INS_14,3D knit greška,major,scrap,inline,50,True
2025-04-25,L4,Nike,Air Max Flyknit Upper,INS_06,ljepilo vidljivo,major,pass,final,40,True
2025-11-14,L3,Nike,Air Max Flyknit Upper,INS_03,materijal oštećen,minor,pass,final,27,True
2025-03-25,L6,Decathlon,Kalenji Trail Sole Unit,INS_13,3D knit greška,major,scrap,final,60,False
2025-09-09,L3,Nike,Air Max Flyknit Upper,INS_12,3D knit greška,minor,pass,inline,10,False
2026-02-04,L2,Nike,Vaporfly Engineered Mesh,INS_03,šav neravnomjeran,major,scrap,final,45,True
2025-09-29,L2,Nike,Air Max Flyknit Upper,INS_03,šav neravnomjeran,minor,pass,customer_return,57,True
2025-11-24,L6,Decathlon,Quechua Hiking Upper,INS_03,boja odstupa,minor,pass,inline,45,True
2026-01-27,L6,Nike,Dunk Low Textile Upper,INS_10,dimenzija van tolerancije,major,pass,final,59,True
2025-04-22,L6,Decathlon,Kalenji Trail Sole Unit,INS_08,đon delaminacija,minor,pass,final,36,False
2025-09-01,L6,Decathlon,Quechua Hiking Upper,INS_06,dimenzija van tolerancije,minor,rework,inline,36,True
2025-11-06,L6,Decathlon,Kalenji Trail Sole Unit,INS_05,boja odstupa,critical,scrap,customer_return,57,True
2026-02-16,L5,Crocs,Bayaband Slide Upper,INS_11,ljepilo vidljivo,minor,pass,inline,49,False
2025-08-22,L8,Nike,Dunk Low Textile Upper,INS_03,ljepilo vidljivo,minor,rework,inline,55,True
2025-08-21,L3,Crocs,Bayaband Slide Upper,INS_14,ljepilo vidljivo,minor,pass,inline,55,False
2025-05-08,L8,Nike,Dunk Low Textile Upper,INS_08,šav neravnomjeran,minor,pass,final,54,False
2025-08-20,L2,Nike,Vaporfly Engineered Mesh,INS_10,ljepilo vidljivo,minor,pass,inline,32,True
2025-03-11,L3,Nike,Pegasus 3D Knit Collar,INS_02,ljepilo vidljivo,minor,pass,customer_return,19,False
2025-06-27,L3,Crocs,LiteRide Insole Unit,INS_03,šav neravnomjeran,major,rework,final,50,True
2025-11-07,L5,Crocs,LiteRide Insole Unit,INS_12,boja odstupa,minor,pass,final,37,True
2025-05-28,L4,Crocs,LiteRide Insole Unit,INS_10,ljepilo vidljivo,minor,pass,final,72,True
2025-12-02,L1,Nike,Pegasus 3D Knit Collar,INS_12,dimenzija van tolerancije,critical,scrap,final,37,True
2025-11-07,L7,Decathlon,Kalenji Trail Sole Unit,INS_10,ljepilo vidljivo,major,rework,inline,49,True
2025-05-30,L8,Crocs,LiteRide Insole Unit,INS_01,šav neravnomjeran,minor,pass,final,43,True
2025-12-17,L5,Nike,Pegasus 3D Knit Collar,INS_01,dimenzija van tolerancije,minor,pass,final,47,False
2025-12-15,L8,Crocs,LiteRide Insole Unit,INS_09,šav neravnomjeran,critical,scrap,final,46,True
2025-08-21,L8,Decathlon,Kiprun Carbon Plate,INS_12,materijal oštećen,major,scrap,inline,54,True
2025-06-02,L4,Decathlon,Kiprun Carbon Plate,INS_05,šav neravnomjeran,minor,rework,inline,49,True
2025-09-01,L2,Nike,ZoomX Carbon Plate Insert,INS_01,ljepilo vidljivo,major,scrap,final,24,False
2025-10-10,L2,Nike,Pegasus 3D Knit Collar,INS_12,šav neravnomjeran,critical,scrap,final,55,True
2025-08-04,L2,Nike,Air Max Flyknit Upper,INS_08,šav neravnomjeran,minor,rework,final,28,True
2025-03-18,L3,Nike,ZoomX Carbon Plate Insert,INS_15,3D knit greška,major,scrap,inline,52,True
2025-04-29,L3,Nike,Vaporfly Engineered Mesh,INS_01,logo pozicija,minor,pass,inline,46,True
2025-09-18,L2,Nike,Vaporfly Engineered Mesh,INS_04,šav neravnomjeran,major,rework,inline,22,True
2025-09-24,L4,Crocs,Bayaband Slide Upper,INS_08,šav neravnomjeran,minor,pass,incoming,37,True
2025-03-13,L1,Crocs,Classic Clog Strap Assembly,INS_13,dimenzija van tolerancije,critical,scrap,inline,50,True
2025-10-15,L3,Nike,Dunk Low Textile Upper,INS_10,šav neravnomjeran,minor,rework,inline,33,False
2026-02-24,L6,Decathlon,Kiprun Carbon Plate,INS_08,ljepilo vidljivo,minor,pass,final,16,True
2026-02-11,L1,Nike,Pegasus 3D Knit Collar,INS_05,đon delaminacija,critical,scrap,final,49,True
2025-11-07,L1,Nike,Dunk Low Textile Upper,INS_10,boja odstupa,critical,scrap,inline,41,True
2025-03-12,L7,Decathlon,Quechua Hiking Upper,INS_04,dimenzija van tolerancije,major,rework,customer_return,36,True
2026-01-05,L1,Nike,Air Max Flyknit Upper,INS_05,šav neravnomjeran,minor,pass,final,36,True
2025-06-24,L7,Decathlon,Kalenji Trail Sole Unit,INS_11,dimenzija van tolerancije,minor,pass,customer_return,73,True
2025-09-22,L3,Nike,Vaporfly Engineered Mesh,INS_02,šav neravnomjeran,critical,scrap,final,33,True
2025-09-15,L1,Nike,Air Max Flyknit Upper,INS_06,dimenzija van tolerancije,major,rework,final,39,False
2025-08-14,L2,Nike,ZoomX Carbon Plate Insert,INS_09,logo pozicija,minor,pass,final,37,True
2025-05-26,L8,Crocs,LiteRide Insole Unit,INS_14,3D knit greška,critical,scrap,inline,60,False
2025-10-09,L7,Decathlon,Kiprun Carbon Plate,INS_15,ljepilo vidljivo,critical,scrap,inline,61,False
2026-02-24,L3,Nike,Pegasus 3D Knit Collar,INS_12,materijal oštećen,minor,pass,customer_return,43,True
2025-03-25,L7,Nike,Air Max Flyknit Upper,INS_04,boja odstupa,major,rework,final,36,False
2025-03-12,L4,Crocs,LiteRide Insole Unit,INS_13,logo pozicija,minor,pass,inline,39,True
2025-08-28,L1,Nike,Air Max Flyknit Upper,INS_10,materijal oštećen,minor,pass,final,64,True
2025-07-30,L4,Crocs,Classic Clog Strap Assembly,INS_10,đon delaminacija,minor,pass,inline,45,True
2025-04-30,L1,Nike,Vaporfly Engineered Mesh,INS_06,ljepilo vidljivo,minor,pass,inline,56,False
2025-08-28,L6,Decathlon,Quechua Hiking Upper,INS_05,boja odstupa,major,rework,final,44,True
2025-05-02,L3,Decathlon,Quechua Hiking Upper,INS_06,boja odstupa,critical,rework,customer_return,54,False
2025-06-25,L7,Decathlon,Quechua Hiking Upper,INS_05,šav neravnomjeran,minor,pass,final,65,True
2025-05-30,L5,Crocs,Classic Clog Strap Assembly,INS_11,materijal oštećen,major,pass,final,43,False
2025-08-28,L6,Decathlon,Kalenji Trail Sole Unit,INS_06,šav neravnomjeran,critical,scrap,final,29,False
2025-06-10,L5,Crocs,Classic Clog Strap Assembly,INS_07,materijal oštećen,major,scrap,inline,53,True
2025-06-12,L5,Crocs,Classic Clog Strap Assembly,INS_01,boja odstupa,major,pass,final,17,True
2025-07-14,L3,Nike,Vaporfly Engineered Mesh,INS_09,šav neravnomjeran,major,rework,customer_return,70,True
2025-06-26,L8,Nike,Dunk Low Textile Upper,INS_14,ljepilo vidljivo,minor,pass,final,33,True
2025-09-08,L1,Nike,Pegasus 3D Knit Collar,INS_15,đon delaminacija,critical,scrap,incoming,52,True
2025-03-13,L3,Nike,Vaporfly Engineered Mesh,INS_11,logo pozicija,major,rework,incoming,28,False
2025-05-08,L2,Nike,ZoomX Carbon Plate Insert,INS_10,šav neravnomjeran,minor,rework,final,64,True
2026-02-05,L3,Nike,Vaporfly Engineered Mesh,INS_07,šav neravnomjeran,minor,pass,final,60,True
2025-04-04,L2,Nike,Dunk Low Textile Upper,INS_13,ljepilo vidljivo,minor,pass,inline,53,True
2025-03-05,L7,Decathlon,Kalenji Trail Sole Unit,INS_09,logo pozicija,minor,rework,inline,26,True
2025-10-29,L5,Decathlon,Kalenji Trail Sole Unit,INS_14,dimenzija van tolerancije,major,rework,incoming,46,False
2025-08-11,L1,Nike,Vaporfly Engineered Mesh,INS_12,šav neravnomjeran,major,rework,final,48,True
2025-03-17,L3,Nike,Pegasus 3D Knit Collar,INS_03,ljepilo vidljivo,minor,pass,inline,46,False
2025-03-20,L8,Nike,Vaporfly Engineered Mesh,INS_04,ljepilo vidljivo,minor,rework,final,35,True
2025-05-02,L3,Decathlon,Quechua Hiking Upper,INS_04,3D knit greška,minor,pass,final,39,True
2025-11-06,L3,Nike,Air Max Flyknit Upper,INS_14,šav neravnomjeran,minor,pass,final,45,True
2025-06-18,L8,Decathlon,Kiprun Carbon Plate,INS_09,boja odstupa,minor,pass,inline,38,False
2025-10-06,L7,Decathlon,Kiprun Carbon Plate,INS_14,šav neravnomjeran,minor,rework,final,54,False
2025-05-07,L5,Decathlon,Kalenji Trail Sole Unit,INS_09,šav neravnomjeran,minor,rework,final,53,True
2025-10-07,L2,Nike,Dunk Low Textile Upper,INS_09,šav neravnomjeran,minor,rework,inline,55,True
2025-06-06,L3,Crocs,Classic Clog Strap Assembly,INS_09,boja odstupa,major,rework,final,50,True
2025-10-10,L4,Crocs,Bayaband Slide Upper,INS_02,logo pozicija,minor,pass,final,37,False
2026-02-10,L4,Decathlon,Kalenji Trail Sole Unit,INS_09,dimenzija van tolerancije,minor,pass,final,34,False
2025-09-10,L6,Decathlon,Quechua Hiking Upper,INS_09,đon delaminacija,critical,scrap,incoming,60,False
2025-10-08,L1,Nike,Dunk Low Textile Upper,INS_06,materijal oštećen,critical,rework,inline,41,True
2025-06-25,L2,Nike,Pegasus 3D Knit Collar,INS_04,šav neravnomjeran,minor,pass,inline,22,True
2026-02-26,L3,Nike,ZoomX Carbon Plate Insert,INS_10,šav neravnomjeran,minor,pass,final,53,True
2025-09-17,L2,Nike,Air Max Flyknit Upper,INS_06,ljepilo vidljivo,major,rework,inline,52,True
2025-04-10,L5,Nike,ZoomX Carbon Plate Insert,INS_06,ljepilo vidljivo,minor,scrap,inline,46,True
2025-12-11,L1,Nike,Dunk Low Textile Upper,INS_07,ljepilo vidljivo,major,scrap,inline,59,True
2025-10-02,L4,Crocs,Classic Clog Strap Assembly,INS_01,boja odstupa,critical,scrap,final,44,True
2025-03-20,L8,Nike,ZoomX Carbon Plate Insert,INS_08,boja odstupa,major,scrap,inline,50,True
2025-03-26,L1,Nike,Pegasus 3D Knit Collar,INS_10,dimenzija van tolerancije,critical,scrap,final,35,True
2025-09-11,L4,Crocs,Bayaband Slide Upper,INS_09,3D knit greška,critical,scrap,inline,46,True
2025-11-07,L5,Crocs,LiteRide Insole Unit,INS_04,materijal oštećen,minor,pass,final,44,True
2025-10-21,L2,Nike,Pegasus 3D Knit Collar,INS_07,đon delaminacija,critical,scrap,inline,41,False
2025-05-14,L1,Nike,Air Max Flyknit Upper,INS_03,3D knit greška,major,rework,inline,43,True
2025-08-01,L6,Decathlon,Kiprun Carbon Plate,INS_12,boja odstupa,minor,pass,incoming,61,True
2025-11-20,L6,Decathlon,Kalenji Trail Sole Unit,INS_06,šav neravnomjeran,minor,pass,incoming,59,True
2026-01-26,L2,Nike,Vaporfly Engineered Mesh,INS_06,logo pozicija,major,rework,final,21,False
2025-12-30,L4,Nike,Pegasus 3D Knit Collar,INS_06,materijal oštećen,critical,scrap,customer_return,55,False
2025-11-12,L7,Decathlon,Kalenji Trail Sole Unit,INS_10,boja odstupa,major,scrap,inline,45,True
2025-11-26,L3,Nike,Pegasus 3D Knit Collar,INS_07,ljepilo vidljivo,major,scrap,final,57,True
2025-06-09,L5,Nike,Pegasus 3D Knit Collar,INS_01,materijal oštećen,major,scrap,inline,35,False
2025-04-22,L6,Decathlon,Kalenji Trail Sole Unit,INS_10,ljepilo vidljivo,minor,pass,final,34,False
2025-05-27,L2,Nike,Pegasus 3D Knit Collar,INS_05,materijal oštećen,minor,rework,final,61,False
2025-05-08,L3,Decathlon,Kalenji Trail Sole Unit,INS_12,ljepilo vidljivo,major,pass,final,50,False
2025-07-10,L7,Nike,Dunk Low Textile Upper,INS_02,logo pozicija,minor,scrap,inline,38,False
2025-06-11,L7,Decathlon,Kalenji Trail Sole Unit,INS_10,3D knit greška,major,rework,final,55,True
2025-06-20,L7,Decathlon,Quechua Hiking Upper,INS_14,logo pozicija,minor,rework,final,17,True
2025-08-07,L1,Nike,Vaporfly Engineered Mesh,INS_03,boja odstupa,major,rework,final,54,False
2025-04-08,L5,Crocs,LiteRide Insole Unit,INS_02,đon delaminacija,minor,pass,final,50,True
2025-07-23,L1,Nike,Vaporfly Engineered Mesh,INS_06,ljepilo vidljivo,minor,pass,final,61,True
2026-02-16,L4,Crocs,Classic Clog Strap Assembly,INS_08,logo pozicija,minor,pass,final,52,True
2025-10-08,L5,Crocs,Bayaband Slide Upper,INS_13,šav neravnomjeran,critical,scrap,final,62,True
2025-09-15,L5,Crocs,LiteRide Insole Unit,INS_10,materijal oštećen,major,pass,final,47,False
2025-10-22,L8,Nike,Vaporfly Engineered Mesh,INS_13,materijal oštećen,minor,rework,final,44,False
2025-10-15,L1,Nike,Dunk Low Textile Upper,INS_09,materijal oštećen,minor,pass,customer_return,44,True
2025-10-17,L2,Nike,Vaporfly Engineered Mesh,INS_06,šav neravnomjeran,major,rework,inline,69,True
2025-04-29,L1,Nike,Vaporfly Engineered Mesh,INS_13,logo pozicija,minor,pass,final,42,False
2025-03-20,L7,Decathlon,Quechua Hiking Upper,INS_05,ljepilo vidljivo,major,rework,final,52,False
2025-07-02,L6,Nike,ZoomX Carbon Plate Insert,INS_12,šav neravnomjeran,minor,pass,inline,61,True
2025-10-15,L1,Nike,Dunk Low Textile Upper,INS_03,materijal oštećen,major,scrap,final,60,True
2025-12-24,L5,Crocs,Classic Clog Strap Assembly,INS_14,materijal oštećen,critical,scrap,inline,52,False
2025-09-04,L3,Nike,ZoomX Carbon Plate Insert,INS_13,šav neravnomjeran,minor,pass,incoming,47,True
2025-11-05,L2,Nike,Pegasus 3D Knit Collar,INS_04,3D knit greška,major,scrap,inline,34,True
2025-07-18,L4,Decathlon,Kalenji Trail Sole Unit,INS_12,šav neravnomjeran,major,scrap,inline,45,True
2025-10-03,L5,Crocs,Classic Clog Strap Assembly,INS_15,3D knit greška,major,rework,incoming,46,True
2025-09-17,L2,Nike,Dunk Low Textile Upper,INS_07,đon delaminacija,major,scrap,inline,44,True
2026-01-14,L8,Nike,Vaporfly Engineered Mesh,INS_04,šav neravnomjeran,major,rework,final,36,True
2025-11-18,L1,Nike,ZoomX Carbon Plate Insert,INS_13,materijal oštećen,minor,rework,final,46,True
2025-03-04,L5,Crocs,Classic Clog Strap Assembly,INS_07,logo pozicija,minor,pass,inline,48,False
2025-12-05,L4,Nike,Pegasus 3D Knit Collar,INS_01,šav neravnomjeran,major,rework,final,45,True
2025-07-01,L2,Nike,Vaporfly Engineered Mesh,INS_07,materijal oštećen,minor,pass,final,31,True
2025-03-04,L6,Decathlon,Quechua Hiking Upper,INS_13,šav neravnomjeran,major,rework,inline,53,True
2025-05-21,L1,Nike,Air Max Flyknit Upper,INS_03,ljepilo vidljivo,minor,rework,incoming,44,False
2025-10-17,L4,Nike,Vaporfly Engineered Mesh,INS_06,boja odstupa,minor,pass,final,42,True
2026-01-20,L2,Crocs,Classic Clog Strap Assembly,INS_04,šav neravnomjeran,minor,pass,final,56,True
2026-01-15,L1,Nike,Pegasus 3D Knit Collar,INS_09,šav neravnomjeran,minor,pass,inline,44,False
2026-02-18,L3,Nike,Pegasus 3D Knit Collar,INS_05,ljepilo vidljivo,major,rework,inline,67,False
2025-12-10,L3,Nike,Vaporfly Engineered Mesh,INS_08,dimenzija van tolerancije,major,scrap,inline,20,False
2025-05-16,L1,Nike,ZoomX Carbon Plate Insert,INS_08,šav neravnomjeran,minor,rework,incoming,53,True
2025-03-12,L4,Crocs,LiteRide Insole Unit,INS_02,đon delaminacija,critical,scrap,inline,53,True
2026-02-16,L3,Nike,ZoomX Carbon Plate Insert,INS_15,ljepilo vidljivo,major,rework,final,38,False
2025-11-04,L8,Nike,Vaporfly Engineered Mesh,INS_06,3D knit greška,minor,pass,final,29,False
2025-04-25,L3,Nike,Vaporfly Engineered Mesh,INS_04,šav neravnomjeran,minor,pass,inline,33,False
2026-02-25,L6,Decathlon,Kiprun Carbon Plate,INS_11,logo pozicija,minor,pass,final,49,True
2025-10-14,L2,Nike,Air Max Flyknit Upper,INS_12,logo pozicija,critical,scrap,final,50,True
2025-04-25,L1,Decathlon,Kiprun Carbon Plate,INS_07,šav neravnomjeran,critical,scrap,final,51,False
2025-09-02,L7,Decathlon,Kiprun Carbon Plate,INS_10,šav neravnomjeran,major,rework,final,59,False
2025-05-14,L2,Nike,ZoomX Carbon Plate Insert,INS_12,boja odstupa,major,scrap,incoming,32,False
2025-11-18,L2,Nike,Dunk Low Textile Upper,INS_01,materijal oštećen,major,rework,final,55,False
2026-02-18,L2,Nike,Air Max Flyknit Upper,INS_14,šav neravnomjeran,critical,scrap,inline,54,False
2025-09-11,L5,Crocs,Bayaband Slide Upper,INS_09,boja odstupa,major,rework,final,45,True
2025-05-15,L4,Decathlon,Kiprun Carbon Plate,INS_01,dimenzija van tolerancije,major,rework,final,69,False
2026-01-05,L1,Nike,Dunk Low Textile Upper,INS_11,ljepilo vidljivo,minor,pass,incoming,51,False
2025-05-29,L2,Nike,Vaporfly Engineered Mesh,INS_07,dimenzija van tolerancije,minor,pass,final,29,False
2025-10-30,L3,Nike,Vaporfly Engineered Mesh,INS_02,materijal oštećen,major,scrap,final,50,True
2025-11-19,L3,Nike,ZoomX Carbon Plate Insert,INS_13,šav neravnomjeran,critical,scrap,final,28,False
2025-12-23,L5,Crocs,Bayaband Slide Upper,INS_02,đon delaminacija,minor,rework,inline,24,False
2025-04-24,L2,Crocs,Bayaband Slide Upper,INS_04,dimenzija van tolerancije,major,rework,incoming,40,True
2025-04-22,L1,Nike,Dunk Low Textile Upper,INS_01,logo pozicija,minor,rework,inline,41,True
2025-09-05,L3,Nike,Dunk Low Textile Upper,INS_12,boja odstupa,minor,pass,inline,44,True
2025-09-30,L1,Nike,Vaporfly Engineered Mesh,INS_08,boja odstupa,minor,pass,final,29,True
2026-02-20,L4,Crocs,Bayaband Slide Upper,INS_14,ljepilo vidljivo,minor,pass,inline,57,True
2025-07-07,L2,Nike,ZoomX Carbon Plate Insert,INS_14,ljepilo vidljivo,major,rework,final,40,True
2025-12-26,L5,Crocs,Classic Clog Strap Assembly,INS_13,boja odstupa,major,rework,final,46,True
2025-04-17,L5,Crocs,LiteRide Insole Unit,INS_14,logo pozicija,minor,pass,customer_return,22,True
2026-01-07,L7,Decathlon,Kalenji Trail Sole Unit,INS_10,materijal oštećen,minor,pass,final,34,True
2025-10-14,L3,Nike,Dunk Low Textile Upper,INS_05,ljepilo vidljivo,major,rework,inline,56,False
2025-05-26,L5,Decathlon,Kiprun Carbon Plate,INS_06,boja odstupa,major,rework,inline,47,True
2026-02-18,L6,Decathlon,Kiprun Carbon Plate,INS_02,dimenzija van tolerancije,minor,pass,inline,28,False
2025-10-20,L6,Nike,Air Max Flyknit Upper,INS_05,dimenzija van tolerancije,minor,pass,customer_return,44,False
2025-04-17,L1,Decathlon,Kalenji Trail Sole Unit,INS_04,šav neravnomjeran,major,rework,final,41,False
2025-10-03,L4,Crocs,LiteRide Insole Unit,INS_13,šav neravnomjeran,critical,scrap,final,52,True
2025-04-08,L4,Crocs,Classic Clog Strap Assembly,INS_10,dimenzija van tolerancije,minor,pass,customer_return,53,False
2025-06-19,L5,Crocs,Classic Clog Strap Assembly,INS_15,ljepilo vidljivo,major,scrap,final,65,True
2025-11-25,L6,Decathlon,Kiprun Carbon Plate,INS_03,šav neravnomjeran,minor,pass,inline,46,False
2025-04-02,L4,Crocs,Classic Clog Strap Assembly,INS_04,dimenzija van tolerancije,major,rework,inline,63,False
2025-11-17,L1,Nike,Dunk Low Textile Upper,INS_06,dimenzija van tolerancije,minor,scrap,final,57,False
2025-05-21,L6,Nike,ZoomX Carbon Plate Insert,INS_14,dimenzija van tolerancije,critical,scrap,inline,52,True
2025-03-12,L3,Nike,Pegasus 3D Knit Collar,INS_06,materijal oštećen,major,rework,final,59,True
2026-01-14,L7,Decathlon,Quechua Hiking Upper,INS_13,boja odstupa,major,pass,final,32,False
2025-09-25,L6,Nike,Pegasus 3D Knit Collar,INS_15,logo pozicija,major,rework,final,35,False
2025-10-07,L5,Crocs,Bayaband Slide Upper,INS_15,boja odstupa,critical,scrap,inline,25,False
2025-10-06,L3,Crocs,Bayaband Slide Upper,INS_04,dimenzija van tolerancije,critical,scrap,final,52,True
2025-11-21,L8,Nike,ZoomX Carbon Plate Insert,INS_13,boja odstupa,major,scrap,incoming,25,False
2025-10-07,L4,Decathlon,Kiprun Carbon Plate,INS_13,materijal oštećen,minor,pass,final,39,False
2025-12-29,L8,Decathlon,Kiprun Carbon Plate,INS_03,šav neravnomjeran,major,rework,final,47,True
2025-11-28,L3,Nike,Air Max Flyknit Upper,INS_03,boja odstupa,minor,pass,inline,26,True
2025-11-25,L4,Crocs,LiteRide Insole Unit,INS_12,logo pozicija,major,rework,inline,59,False
2026-01-13,L8,Decathlon,Quechua Hiking Upper,INS_05,ljepilo vidljivo,critical,scrap,final,41,False
2025-10-31,L2,Nike,Pegasus 3D Knit Collar,INS_14,šav neravnomjeran,major,scrap,incoming,20,True
2025-05-30,L3,Nike,Air Max Flyknit Upper,INS_08,ljepilo vidljivo,minor,pass,final,43,True
2026-01-05,L4,Crocs,LiteRide Insole Unit,INS_06,dimenzija van tolerancije,minor,pass,final,37,False
2025-08-22,L2,Nike,Pegasus 3D Knit Collar,INS_12,šav neravnomjeran,major,scrap,inline,59,True
2025-10-20,L3,Nike,Pegasus 3D Knit Collar,INS_13,logo pozicija,major,rework,final,47,False
2025-04-09,L1,Nike,Dunk Low Textile Upper,INS_11,ljepilo vidljivo,minor,pass,final,47,False
2025-07-30,L3,Nike,ZoomX Carbon Plate Insert,INS_05,šav neravnomjeran,minor,pass,incoming,46,True
2026-02-26,L3,Crocs,Classic Clog Strap Assembly,INS_02,boja odstupa,minor,pass,final,41,True
2025-04-02,L5,Crocs,Bayaband Slide Upper,INS_13,šav neravnomjeran,major,rework,final,51,False
2025-03-26,L6,Decathlon,Kiprun Carbon Plate,INS_05,ljepilo vidljivo,minor,pass,customer_return,49,False
2026-02-13,L3,Nike,Pegasus 3D Knit Collar,INS_12,šav neravnomjeran,major,rework,final,39,True
2025-10-10,L8,Nike,Air Max Flyknit Upper,INS_06,šav neravnomjeran,minor,rework,final,41,True
2025-03-05,L2,Nike,ZoomX Carbon Plate Insert,INS_09,materijal oštećen,minor,pass,final,42,True
2025-08-27,L7,Decathlon,Kiprun Carbon Plate,INS_09,đon delaminacija,major,rework,inline,40,True
2025-07-02,L4,Crocs,Bayaband Slide Upper,INS_09,materijal oštećen,minor,rework,final,37,False
2025-10-10,L8,Nike,Air Max Flyknit Upper,INS_08,logo pozicija,minor,rework,inline,52,True
2025-11-13,L1,Nike,Pegasus 3D Knit Collar,INS_03,ljepilo vidljivo,major,rework,final,44,True
2025-09-09,L6,Decathlon,Quechua Hiking Upper,INS_06,3D knit greška,major,scrap,inline,21,True
2025-04-01,L3,Nike,Air Max Flyknit Upper,INS_03,ljepilo vidljivo,major,scrap,inline,45,True
2025-07-29,L4,Nike,Vaporfly Engineered Mesh,INS_11,šav neravnomjeran,major,rework,inline,55,True
2026-02-12,L6,Decathlon,Kiprun Carbon Plate,INS_12,boja odstupa,minor,pass,final,27,False
2025-03-21,L7,Crocs,Bayaband Slide Upper,INS_15,šav neravnomjeran,major,rework,final,61,True
2026-01-27,L1,Decathlon,Quechua Hiking Upper,INS_13,šav neravnomjeran,major,scrap,inline,38,True
2025-11-05,L5,Crocs,LiteRide Insole Unit,INS_10,logo pozicija,minor,pass,final,33,False
2025-03-13,L5,Nike,Air Max Flyknit Upper,INS_10,boja odstupa,minor,pass,inline,69,False
2025-05-21,L5,Crocs,LiteRide Insole Unit,INS_01,đon delaminacija,critical,scrap,final,30,False
2025-06-09,L7,Nike,Dunk Low Textile Upper,INS_08,boja odstupa,major,rework,final,45,True
2025-10-13,L4,Decathlon,Quechua Hiking Upper,INS_08,3D knit greška,major,scrap,final,65,True
2025-09-04,L1,Nike,Air Max Flyknit Upper,INS_14,ljepilo vidljivo,major,scrap,final,50,True
2025-06-18,L2,Nike,Pegasus 3D Knit Collar,INS_09,materijal oštećen,major,rework,inline,49,False
2025-03-17,L8,Nike,Vaporfly Engineered Mesh,INS_13,dimenzija van tolerancije,major,scrap,final,40,True
2025-08-19,L4,Crocs,Bayaband Slide Upper,INS_14,đon delaminacija,minor,pass,final,58,True
2025-05-16,L7,Crocs,LiteRide Insole Unit,INS_15,šav neravnomjeran,critical,scrap,final,65,False
2025-12-16,L8,Crocs,Classic Clog Strap Assembly,INS_09,3D knit greška,major,rework,inline,46,True
2025-09-09,L2,Crocs,Bayaband Slide Upper,INS_09,boja odstupa,major,rework,final,29,False
2025-06-23,L3,Crocs,Bayaband Slide Upper,INS_07,dimenzija van tolerancije,critical,scrap,final,38,False
2025-05-12,L7,Crocs,Bayaband Slide Upper,INS_03,materijal oštećen,major,rework,final,47,True
2025-11-10,L8,Crocs,LiteRide Insole Unit,INS_09,ljepilo vidljivo,minor,pass,inline,46,False
2025-08-08,L2,Nike,Dunk Low Textile Upper,INS_12,logo pozicija,minor,rework,final,39,True
2025-09-17,L7,Decathlon,Kalenji Trail Sole Unit,INS_09,materijal oštećen,minor,rework,inline,68,True
2025-05-12,L1,Nike,ZoomX Carbon Plate Insert,INS_06,3D knit greška,minor,rework,final,32,False
2025-10-07,L2,Nike,Dunk Low Textile Upper,INS_11,boja odstupa,minor,rework,final,58,True
2025-05-16,L2,Nike,Pegasus 3D Knit Collar,INS_05,ljepilo vidljivo,minor,pass,inline,59,True
2025-05-16,L1,Nike,ZoomX Carbon Plate Insert,INS_11,šav neravnomjeran,minor,pass,final,26,False
2025-05-12,L4,Crocs,Bayaband Slide Upper,INS_02,boja odstupa,major,rework,final,50,True
2025-06-18,L8,Decathlon,Kiprun Carbon Plate,INS_06,šav neravnomjeran,major,scrap,incoming,28,False
2025-03-06,L2,Crocs,Bayaband Slide Upper,INS_08,boja odstupa,minor,pass,inline,51,False
2025-06-09,L3,Crocs,LiteRide Insole Unit,INS_10,šav neravnomjeran,major,rework,inline,41,False
2025-04-23,L6,Decathlon,Quechua Hiking Upper,INS_03,đon delaminacija,critical,scrap,final,36,True
2025-06-13,L5,Crocs,Classic Clog Strap Assembly,INS_02,boja odstupa,minor,rework,final,25,True
2025-04-29,L3,Nike,Vaporfly Engineered Mesh,INS_08,3D knit greška,major,scrap,final,62,True
2025-07-29,L2,Nike,Vaporfly Engineered Mesh,INS_04,đon delaminacija,minor,scrap,inline,21,True
2025-11-11,L1,Nike,Vaporfly Engineered Mesh,INS_11,3D knit greška,critical,scrap,customer_return,45,False
2025-12-29,L1,Nike,Air Max Flyknit Upper,INS_04,3D knit greška,critical,scrap,final,45,False
2025-06-20,L3,Nike,Pegasus 3D Knit Collar,INS_02,boja odstupa,minor,rework,final,49,True
2025-12-18,L5,Crocs,Classic Clog Strap Assembly,INS_13,3D knit greška,minor,rework,final,32,True
2025-08-06,L5,Nike,Dunk Low Textile Upper,INS_01,šav neravnomjeran,major,rework,incoming,53,True
2025-12-09,L3,Nike,ZoomX Carbon Plate Insert,INS_10,šav neravnomjeran,minor,pass,final,23,False
2025-07-11,L2,Nike,Dunk Low Textile Upper,INS_10,materijal oštećen,major,scrap,inline,50,True
2025-05-06,L3,Nike,Air Max Flyknit Upper,INS_13,materijal oštećen,minor,pass,final,65,False
2025-10-22,L4,Decathlon,Quechua Hiking Upper,INS_07,dimenzija van tolerancije,minor,pass,incoming,38,True
2025-04-03,L5,Crocs,Bayaband Slide Upper,INS_03,boja odstupa,minor,rework,final,22,False
2025-05-05,L3,Nike,ZoomX Carbon Plate Insert,INS_05,šav neravnomjeran,minor,pass,final,64,False
2025-08-27,L1,Nike,Vaporfly Engineered Mesh,INS_08,đon delaminacija,major,scrap,final,50,True
2025-12-18,L7,Decathlon,Kalenji Trail Sole Unit,INS_15,šav neravnomjeran,major,rework,final,34,False
2025-10-08,L5,Nike,Air Max Flyknit Upper,INS_08,ljepilo vidljivo,major,rework,inline,24,False
2025-11-21,L4,Nike,Dunk Low Textile Upper,INS_05,materijal oštećen,major,rework,inline,33,True
2025-05-05,L3,Nike,Vaporfly Engineered Mesh,INS_03,boja odstupa,minor,rework,final,41,True
2025-12-19,L8,Nike,Air Max Flyknit Upper,INS_06,boja odstupa,major,rework,final,41,True
2025-03-05,L1,Nike,Dunk Low Textile Upper,INS_11,ljepilo vidljivo,major,scrap,inline,42,False
2025-11-21,L2,Nike,Pegasus 3D Knit Collar,INS_08,logo pozicija,minor,pass,final,39,False
2025-05-22,L2,Nike,ZoomX Carbon Plate Insert,INS_05,materijal oštećen,major,rework,final,54,True
2025-12-09,L3,Nike,ZoomX Carbon Plate Insert,INS_07,3D knit greška,minor,pass,inline,42,True
2025-11-27,L1,Crocs,LiteRide Insole Unit,INS_03,logo pozicija,minor,rework,final,39,False
2025-06-03,L1,Nike,Air Max Flyknit Upper,INS_10,boja odstupa,major,rework,final,38,True
2025-10-16,L3,Nike,ZoomX Carbon Plate Insert,INS_09,boja odstupa,major,pass,inline,27,True
2025-10-13,L4,Nike,Vaporfly Engineered Mesh,INS_08,dimenzija van tolerancije,major,scrap,final,39,False
2025-10-16,L5,Crocs,LiteRide Insole Unit,INS_06,šav neravnomjeran,minor,rework,inline,21,True
2025-10-17,L1,Nike,Dunk Low Textile Upper,INS_15,ljepilo vidljivo,minor,pass,inline,27,True
2025-07-16,L3,Crocs,Bayaband Slide Upper,INS_15,đon delaminacija,critical,scrap,final,65,True
2025-09-01,L3,Nike,Pegasus 3D Knit Collar,INS_03,boja odstupa,major,rework,final,32,False
2025-09-19,L5,Crocs,Bayaband Slide Upper,INS_08,ljepilo vidljivo,minor,rework,final,28,True
2025-04-07,L4,Crocs,Bayaband Slide Upper,INS_12,šav neravnomjeran,minor,pass,final,17,True
2025-08-29,L3,Nike,ZoomX Carbon Plate Insert,INS_04,boja odstupa,major,scrap,inline,30,False
2025-06-03,L7,Decathlon,Kalenji Trail Sole Unit,INS_13,logo pozicija,minor,pass,final,64,False
2025-05-20,L6,Decathlon,Kiprun Carbon Plate,INS_04,ljepilo vidljivo,major,scrap,final,38,False
2025-04-21,L4,Crocs,Classic Clog Strap Assembly,INS_05,boja odstupa,minor,pass,incoming,34,True
2025-05-07,L5,Decathlon,Kalenji Trail Sole Unit,INS_05,ljepilo vidljivo,major,rework,inline,41,False
2025-08-13,L1,Nike,Air Max Flyknit Upper,INS_02,materijal oštećen,minor,pass,inline,45,True
2025-06-02,L8,Nike,Pegasus 3D Knit Collar,INS_02,materijal oštećen,major,rework,customer_return,50,True
2025-04-03,L5,Decathlon,Kalenji Trail Sole Unit,INS_14,šav neravnomjeran,major,scrap,customer_return,53,True
2026-01-12,L2,Crocs,Classic Clog Strap Assembly,INS_01,šav neravnomjeran,major,scrap,incoming,58,True
2025-03-06,L7,Decathlon,Kalenji Trail Sole Unit,INS_12,šav neravnomjeran,minor,pass,final,60,False
2025-09-25,L4,Crocs,Classic Clog Strap Assembly,INS_04,dimenzija van tolerancije,major,rework,final,58,False
2026-02-18,L6,Decathlon,Kiprun Carbon Plate,INS_14,boja odstupa,major,rework,inline,34,True
2025-11-12,L7,Decathlon,Quechua Hiking Upper,INS_01,boja odstupa,minor,pass,inline,32,False
2025-11-05,L6,Decathlon,Quechua Hiking Upper,INS_05,ljepilo vidljivo,minor,rework,inline,20,False
2025-05-20,L4,Crocs,Bayaband Slide Upper,INS_03,materijal oštećen,minor,pass,customer_return,46,False
2025-11-14,L6,Decathlon,Kiprun Carbon Plate,INS_13,logo pozicija,minor,pass,final,53,False
2025-08-13,L6,Decathlon,Quechua Hiking Upper,INS_14,dimenzija van tolerancije,major,scrap,inline,48,True
2026-01-15,L5,Decathlon,Kalenji Trail Sole Unit,INS_05,dimenzija van tolerancije,minor,pass,final,42,True
2025-08-11,L1,Nike,Vaporfly Engineered Mesh,INS_07,šav neravnomjeran,critical,scrap,final,33,False
2025-06-26,L7,Decathlon,Quechua Hiking Upper,INS_07,materijal oštećen,major,rework,inline,53,True
2025-05-09,L5,Crocs,LiteRide Insole Unit,INS_15,materijal oštećen,major,rework,final,36,False
2026-02-26,L6,Crocs,LiteRide Insole Unit,INS_09,3D knit greška,minor,pass,inline,41,True
2025-04-28,L2,Nike,Vaporfly Engineered Mesh,INS_15,ljepilo vidljivo,major,scrap,inline,45,True
2025-11-27,L8,Decathlon,Kiprun Carbon Plate,INS_01,dimenzija van tolerancije,major,scrap,inline,43,True
2025-12-02,L4,Crocs,Bayaband Slide Upper,INS_13,materijal oštećen,major,scrap,inline,49,True
2025-09-30,L2,Nike,Air Max Flyknit Upper,INS_10,materijal oštećen,major,rework,final,29,True
2025-11-12,L2,Nike,Pegasus 3D Knit Collar,INS_09,ljepilo vidljivo,minor,rework,final,23,False
2025-05-22,L3,Nike,Vaporfly Engineered Mesh,INS_02,dimenzija van tolerancije,critical,scrap,final,42,True
2025-11-12,L2,Nike,Pegasus 3D Knit Collar,INS_15,logo pozicija,minor,pass,customer_return,67,False
2025-10-20,L1,Nike,ZoomX Carbon Plate Insert,INS_07,3D knit greška,major,rework,final,56,False
2025-09-29,L1,Nike,Pegasus 3D Knit Collar,INS_15,materijal oštećen,minor,pass,incoming,63,True
2026-02-27,L2,Nike,Vaporfly Engineered Mesh,INS_14,šav neravnomjeran,minor,pass,final,27,True
2025-10-13,L2,Nike,Pegasus 3D Knit Collar,INS_14,đon delaminacija,critical,scrap,inline,34,False
2025-10-10,L2,Nike,Pegasus 3D Knit Collar,INS_05,ljepilo vidljivo,minor,rework,incoming,58,False
2025-06-02,L4,Decathlon,Kiprun Carbon Plate,INS_03,materijal oštećen,minor,scrap,final,29,False
2025-03-06,L2,Nike,Pegasus 3D Knit Collar,INS_13,boja odstupa,minor,pass,final,60,False
2026-01-08,L2,Nike,Air Max Flyknit Upper,INS_14,šav neravnomjeran,major,scrap,inline,31,False
2025-09-26,L5,Crocs,LiteRide Insole Unit,INS_02,3D knit greška,minor,pass,inline,59,True
2026-01-14,L5,Crocs,LiteRide Insole Unit,INS_13,materijal oštećen,major,scrap,final,42,True
2025-10-01,L1,Nike,Air Max Flyknit Upper,INS_05,dimenzija van tolerancije,minor,pass,final,74,False
2025-08-12,L1,Decathlon,Quechua Hiking Upper,INS_12,dimenzija van tolerancije,major,rework,final,57,True
2026-02-25,L5,Crocs,Bayaband Slide Upper,INS_14,logo pozicija,minor,scrap,final,43,False
2025-09-01,L7,Decathlon,Kalenji Trail Sole Unit,INS_11,3D knit greška,major,scrap,final,26,True
2025-06-05,L1,Nike,ZoomX Carbon Plate Insert,INS_04,šav neravnomjeran,minor,rework,final,38,True
2025-09-25,L8,Crocs,LiteRide Insole Unit,INS_07,šav neravnomjeran,major,rework,customer_return,46,True
2025-10-10,L1,Nike,Air Max Flyknit Upper,INS_05,ljepilo vidljivo,minor,pass,inline,42,True
2026-01-23,L2,Crocs,LiteRide Insole Unit,INS_06,ljepilo vidljivo,major,scrap,final,36,True
2025-11-03,L2,Nike,Pegasus 3D Knit Collar,INS_08,dimenzija van tolerancije,minor,pass,final,48,False
2025-12-09,L5,Nike,Pegasus 3D Knit Collar,INS_12,dimenzija van tolerancije,minor,pass,inline,64,True
2026-01-15,L8,Nike,ZoomX Carbon Plate Insert,INS_08,3D knit greška,major,scrap,inline,36,False
2025-10-01,L1,Nike,Vaporfly Engineered Mesh,INS_06,šav neravnomjeran,major,scrap,inline,49,False
2025-05-15,L8,Crocs,Classic Clog Strap Assembly,INS_14,materijal oštećen,minor,rework,inline,56,False
2025-11-07,L3,Nike,Pegasus 3D Knit Collar,INS_01,ljepilo vidljivo,major,scrap,inline,49,True
2025-03-26,L1,Nike,Pegasus 3D Knit Collar,INS_15,đon delaminacija,critical,scrap,final,37,False
2025-08-15,L6,Decathlon,Quechua Hiking Upper,INS_04,šav neravnomjeran,major,rework,inline,40,False
2025-08-14,L2,Nike,ZoomX Carbon Plate Insert,INS_14,ljepilo vidljivo,critical,scrap,inline,53,True
2025-11-27,L5,Crocs,LiteRide Insole Unit,INS_14,dimenzija van tolerancije,critical,scrap,final,52,True
2025-03-06,L2,Nike,Pegasus 3D Knit Collar,INS_08,logo pozicija,minor,rework,final,43,False
2025-05-28,L6,Decathlon,Kalenji Trail Sole Unit,INS_09,boja odstupa,critical,scrap,inline,30,True
2025-05-12,L1,Nike,ZoomX Carbon Plate Insert,INS_13,šav neravnomjeran,minor,pass,final,52,False
2025-09-15,L7,Decathlon,Kiprun Carbon Plate,INS_12,đon delaminacija,major,scrap,final,68,False
2025-05-02,L1,Nike,Pegasus 3D Knit Collar,INS_03,logo pozicija,major,rework,inline,56,True
2025-04-15,L2,Nike,Vaporfly Engineered Mesh,INS_09,dimenzija van tolerancije,major,rework,final,51,False
2025-08-25,L5,Crocs,Bayaband Slide Upper,INS_04,šav neravnomjeran,major,rework,incoming,28,True
2025-09-29,L1,Nike,ZoomX Carbon Plate Insert,INS_06,ljepilo vidljivo,critical,scrap,inline,41,True
2025-07-17,L6,Decathlon,Kalenji Trail Sole Unit,INS_09,logo pozicija,major,scrap,final,34,True
2025-04-04,L2,Nike,Air Max Flyknit Upper,INS_01,ljepilo vidljivo,minor,pass,final,64,True
2026-02-05,L8,Nike,Vaporfly Engineered Mesh,INS_11,logo pozicija,minor,rework,final,55,False
2025-10-31,L8,Nike,Pegasus 3D Knit Collar,INS_13,ljepilo vidljivo,minor,pass,inline,45,True
2025-12-08,L5,Crocs,Bayaband Slide Upper,INS_06,3D knit greška,critical,scrap,inline,33,False
2025-11-12,L3,Nike,Dunk Low Textile Upper,INS_14,šav neravnomjeran,major,rework,final,49,True
2025-12-19,L2,Nike,Vaporfly Engineered Mesh,INS_13,šav neravnomjeran,minor,rework,final,69,True
2025-07-04,L6,Nike,Vaporfly Engineered Mesh,INS_09,šav neravnomjeran,minor,pass,inline,34,False
2025-09-11,L8,Nike,ZoomX Carbon Plate Insert,INS_12,3D knit greška,major,rework,inline,50,False
2025-04-25,L3,Decathlon,Kalenji Trail Sole Unit,INS_08,ljepilo vidljivo,minor,pass,inline,38,False
2026-01-30,L5,Crocs,Bayaband Slide Upper,INS_10,ljepilo vidljivo,major,scrap,final,72,True
2025-09-02,L2,Nike,Air Max Flyknit Upper,INS_10,materijal oštećen,minor,pass,final,45,True
2025-03-28,L8,Decathlon,Kiprun Carbon Plate,INS_13,ljepilo vidljivo,minor,pass,final,46,False
2025-10-07,L1,Nike,Dunk Low Textile Upper,INS_04,šav neravnomjeran,major,pass,final,54,True
2025-05-12,L5,Crocs,Classic Clog Strap Assembly,INS_10,logo pozicija,major,rework,inline,31,True
2025-10-06,L6,Nike,Dunk Low Textile Upper,INS_05,đon delaminacija,major,rework,inline,43,False
2026-01-23,L6,Decathlon,Kalenji Trail Sole Unit,INS_13,3D knit greška,major,scrap,incoming,47,False
2025-10-03,L8,Decathlon,Kalenji Trail Sole Unit,INS_03,šav neravnomjeran,major,rework,inline,35,True
2025-12-05,L7,Decathlon,Kalenji Trail Sole Unit,INS_07,đon delaminacija,major,rework,final,48,False
2025-03-28,L1,Nike,Dunk Low Textile Upper,INS_14,šav neravnomjeran,minor,rework,final,41,True
2025-10-07,L8,Nike,Air Max Flyknit Upper,INS_12,dimenzija van tolerancije,critical,scrap,inline,37,True
2025-03-07,L5,Nike,Pegasus 3D Knit Collar,INS_04,šav neravnomjeran,major,rework,incoming,33,True
2025-06-02,L6,Nike,Pegasus 3D Knit Collar,INS_12,đon delaminacija,critical,scrap,final,66,True
2025-08-07,L3,Nike,Pegasus 3D Knit Collar,INS_14,logo pozicija,major,scrap,inline,64,True
2025-03-05,L3,Nike,Pegasus 3D Knit Collar,INS_06,šav neravnomjeran,minor,pass,final,59,False
2025-09-12,L4,Crocs,Classic Clog Strap Assembly,INS_10,ljepilo vidljivo,major,rework,customer_return,17,False
2025-04-14,L6,Decathlon,Kalenji Trail Sole Unit,INS_03,ljepilo vidljivo,major,pass,customer_return,40,False
2025-08-15,L2,Nike,Vaporfly Engineered Mesh,INS_07,šav neravnomjeran,minor,pass,customer_return,59,False
2025-05-06,L4,Crocs,LiteRide Insole Unit,INS_07,logo pozicija,major,rework,final,51,False
2026-01-28,L3,Nike,Vaporfly Engineered Mesh,INS_14,boja odstupa,critical,scrap,final,34,False
2025-06-03,L1,Nike,Air Max Flyknit Upper,INS_12,materijal oštećen,critical,scrap,final,33,True
2025-08-19,L6,Decathlon,Kiprun Carbon Plate,INS_09,boja odstupa,critical,scrap,final,36,True
2025-04-09,L2,Nike,Pegasus 3D Knit Collar,INS_14,šav neravnomjeran,minor,pass,inline,32,True
2025-09-01,L1,Nike,Air Max Flyknit Upper,INS_07,boja odstupa,minor,pass,final,54,True
2025-05-14,L8,Nike,Vaporfly Engineered Mesh,INS_06,šav neravnomjeran,minor,pass,inline,56,False
2025-12-30,L2,Nike,Air Max Flyknit Upper,INS_03,materijal oštećen,major,rework,final,55,True
2025-04-21,L1,Nike,Pegasus 3D Knit Collar,INS_12,3D knit greška,minor,pass,final,28,False
2025-06-27,L1,Nike,Vaporfly Engineered Mesh,INS_11,đon delaminacija,critical,scrap,final,40,True
2025-11-24,L5,Crocs,Classic Clog Strap Assembly,INS_10,šav neravnomjeran,major,rework,final,38,False
2026-01-02,L2,Nike,Air Max Flyknit Upper,INS_03,materijal oštećen,minor,pass,final,59,True
2025-11-28,L2,Nike,ZoomX Carbon Plate Insert,INS_14,đon delaminacija,critical,scrap,final,39,False
2025-04-29,L8,Nike,Vaporfly Engineered Mesh,INS_13,boja odstupa,major,rework,inline,44,True
2025-08-29,L6,Nike,Air Max Flyknit Upper,INS_01,ljepilo vidljivo,minor,pass,customer_return,19,True
2025-04-15,L3,Nike,Vaporfly Engineered Mesh,INS_04,dimenzija van tolerancije,minor,pass,inline,42,False
2025-03-28,L5,Crocs,Classic Clog Strap Assembly,INS_01,3D knit greška,minor,rework,inline,30,False
2025-05-15,L1,Nike,ZoomX Carbon Plate Insert,INS_15,boja odstupa,minor,pass,final,55,True
2025-12-30,L1,Nike,Dunk Low Textile Upper,INS_13,šav neravnomjeran,minor,pass,incoming,27,False
2025-11-24,L3,Nike,Vaporfly Engineered Mesh,INS_09,šav neravnomjeran,major,rework,inline,51,True
2025-08-21,L8,Nike,Vaporfly Engineered Mesh,INS_07,dimenzija van tolerancije,critical,rework,final,43,True
2025-09-11,L5,Crocs,Classic Clog Strap Assembly,INS_01,dimenzija van tolerancije,critical,scrap,inline,42,False
2025-09-01,L7,Decathlon,Kalenji Trail Sole Unit,INS_09,materijal oštećen,minor,pass,final,35,True
2025-04-09,L6,Decathlon,Kiprun Carbon Plate,INS_09,3D knit greška,minor,pass,incoming,47,True
2025-10-24,L1,Nike,Dunk Low Textile Upper,INS_05,ljepilo vidljivo,minor,pass,final,60,True
2025-12-26,L6,Nike,ZoomX Carbon Plate Insert,INS_10,ljepilo vidljivo,minor,pass,inline,56,False
2025-03-21,L3,Nike,Air Max Flyknit Upper,INS_01,šav neravnomjeran,major,scrap,inline,26,True
2025-06-16,L1,Nike,Air Max Flyknit Upper,INS_10,materijal oštećen,major,rework,final,53,True
2025-04-16,L1,Decathlon,Quechua Hiking Upper,INS_08,šav neravnomjeran,major,rework,final,48,True
2025-09-02,L2,Nike,Air Max Flyknit Upper,INS_15,šav neravnomjeran,major,rework,final,41,True
2025-06-30,L1,Nike,Air Max Flyknit Upper,INS_02,logo pozicija,major,rework,inline,40,True
2025-11-25,L2,Nike,ZoomX Carbon Plate Insert,INS_09,logo pozicija,minor,rework,incoming,36,True
2025-04-02,L1,Nike,Air Max Flyknit Upper,INS_11,materijal oštećen,minor,pass,inline,52,True
2025-10-30,L1,Nike,Pegasus 3D Knit Collar,INS_03,materijal oštećen,major,rework,customer_return,13,True
2025-04-30,L3,Nike,ZoomX Carbon Plate Insert,INS_04,logo pozicija,major,scrap,customer_return,49,True
2025-03-04,L1,Nike,Dunk Low Textile Upper,INS_14,materijal oštećen,major,rework,final,49,False
2025-06-03,L7,Decathlon,Kalenji Trail Sole Unit,INS_08,boja odstupa,major,pass,inline,58,True
2026-01-29,L6,Decathlon,Kalenji Trail Sole Unit,INS_04,ljepilo vidljivo,minor,pass,incoming,60,False
2025-03-17,L3,Nike,Pegasus 3D Knit Collar,INS_13,šav neravnomjeran,minor,pass,final,31,True
2026-01-26,L3,Nike,Dunk Low Textile Upper,INS_08,materijal oštećen,minor,pass,final,53,False
2025-03-28,L4,Decathlon,Kalenji Trail Sole Unit,INS_09,đon delaminacija,minor,rework,inline,45,False
2025-12-17,L8,Nike,Pegasus 3D Knit Collar,INS_07,šav neravnomjeran,major,rework,final,81,True
2025-11-20,L5,Nike,Vaporfly Engineered Mesh,INS_04,ljepilo vidljivo,minor,pass,incoming,65,True
2025-09-19,L4,Nike,Air Max Flyknit Upper,INS_01,ljepilo vidljivo,minor,pass,final,35,False
2025-06-18,L1,Nike,Dunk Low Textile Upper,INS_13,3D knit greška,minor,pass,final,54,False
2025-05-13,L6,Decathlon,Quechua Hiking Upper,INS_08,ljepilo vidljivo,major,rework,final,61,False
2025-10-10,L8,Nike,Air Max Flyknit Upper,INS_11,šav neravnomjeran,minor,pass,final,42,False
2025-09-26,L1,Nike,Dunk Low Textile Upper,INS_09,dimenzija van tolerancije,major,rework,inline,70,True
2025-07-14,L1,Nike,Dunk Low Textile Upper,INS_05,ljepilo vidljivo,minor,pass,final,50,False
2025-09-09,L2,Nike,Vaporfly Engineered Mesh,INS_12,boja odstupa,major,rework,final,44,False
2025-06-10,L2,Crocs,Bayaband Slide Upper,INS_11,materijal oštećen,minor,rework,inline,49,True
2025-10-23,L7,Decathlon,Kalenji Trail Sole Unit,INS_10,šav neravnomjeran,critical,scrap,inline,53,True
2025-11-11,L7,Decathlon,Kalenji Trail Sole Unit,INS_13,boja odstupa,major,rework,final,41,True
2025-04-03,L2,Nike,Pegasus 3D Knit Collar,INS_14,boja odstupa,minor,pass,inline,41,True
2025-08-01,L7,Crocs,LiteRide Insole Unit,INS_11,šav neravnomjeran,major,pass,inline,28,True
2025-05-29,L6,Decathlon,Kiprun Carbon Plate,INS_11,šav neravnomjeran,major,scrap,final,63,False
2025-07-30,L3,Nike,ZoomX Carbon Plate Insert,INS_11,ljepilo vidljivo,major,rework,final,49,False
2025-06-30,L2,Nike,Pegasus 3D Knit Collar,INS_15,logo pozicija,minor,pass,incoming,31,False
2025-11-11,L7,Decathlon,Kiprun Carbon Plate,INS_01,3D knit greška,critical,rework,final,57,False
2025-06-19,L2,Decathlon,Quechua Hiking Upper,INS_06,šav neravnomjeran,major,scrap,inline,61,True
2025-10-10,L4,Decathlon,Kalenji Trail Sole Unit,INS_13,šav neravnomjeran,minor,pass,inline,50,True
2025-05-20,L2,Nike,Vaporfly Engineered Mesh,INS_06,logo pozicija,minor,rework,final,49,False
2025-09-19,L6,Decathlon,Kiprun Carbon Plate,INS_11,boja odstupa,major,rework,inline,58,False
2025-11-17,L8,Decathlon,Quechua Hiking Upper,INS_02,materijal oštećen,critical,rework,final,56,True
2025-10-16,L5,Crocs,LiteRide Insole Unit,INS_12,ljepilo vidljivo,major,scrap,inline,51,True
2025-11-25,L6,Decathlon,Quechua Hiking Upper,INS_01,logo pozicija,major,scrap,final,23,False
2025-08-08,L1,Crocs,Classic Clog Strap Assembly,INS_12,dimenzija van tolerancije,major,rework,final,56,False
2026-01-07,L1,Crocs,LiteRide Insole Unit,INS_08,boja odstupa,major,rework,final,42,True
2025-06-19,L5,Crocs,Classic Clog Strap Assembly,INS_08,boja odstupa,minor,pass,final,37,True
2026-01-16,L8,Crocs,Bayaband Slide Upper,INS_03,boja odstupa,major,scrap,customer_return,40,False
2026-02-09,L1,Nike,Air Max Flyknit Upper,INS_08,dimenzija van tolerancije,critical,scrap,incoming,52,True
2025-03-20,L3,Nike,ZoomX Carbon Plate Insert,INS_05,3D knit greška,minor,pass,incoming,54,True
2025-09-15,L4,Crocs,Classic Clog Strap Assembly,INS_07,đon delaminacija,minor,rework,final,44,False
2025-12-03,L2,Nike,Air Max Flyknit Upper,INS_15,šav neravnomjeran,minor,pass,inline,28,False
2025-03-12,L8,Decathlon,Kiprun Carbon Plate,INS_01,ljepilo vidljivo,major,rework,inline,64,True
2025-11-27,L5,Nike,Air Max Flyknit Upper,INS_03,ljepilo vidljivo,major,rework,final,57,True
2025-10-22,L8,Nike,Vaporfly Engineered Mesh,INS_02,boja odstupa,major,rework,inline,37,True
2026-02-17,L4,Crocs,LiteRide Insole Unit,INS_10,materijal oštećen,major,rework,inline,52,False
2026-02-10,L6,Nike,Dunk Low Textile Upper,INS_07,ljepilo vidljivo,minor,rework,final,34,False
2026-02-12,L1,Nike,Air Max Flyknit Upper,INS_06,logo pozicija,minor,rework,final,74,True
2025-12-26,L5,Crocs,LiteRide Insole Unit,INS_08,đon delaminacija,major,rework,final,65,False
2025-07-22,L4,Crocs,Classic Clog Strap Assembly,INS_13,3D knit greška,major,rework,final,62,False
2025-09-18,L2,Nike,Vaporfly Engineered Mesh,INS_01,boja odstupa,major,scrap,inline,31,False
2025-03-27,L3,Nike,ZoomX Carbon Plate Insert,INS_12,materijal oštećen,major,pass,inline,40,True
2025-11-12,L2,Nike,Pegasus 3D Knit Collar,INS_06,šav neravnomjeran,major,rework,final,58,True
2025-12-24,L5,Crocs,Classic Clog Strap Assembly,INS_08,dimenzija van tolerancije,major,scrap,final,43,True
2025-05-23,L6,Decathlon,Quechua Hiking Upper,INS_15,dimenzija van tolerancije,critical,scrap,final,51,False
2025-10-30,L3,Nike,ZoomX Carbon Plate Insert,INS_04,ljepilo vidljivo,major,pass,inline,40,False
2025-06-26,L1,Nike,Air Max Flyknit Upper,INS_05,đon delaminacija,major,rework,inline,34,True
2025-04-08,L8,Decathlon,Kiprun Carbon Plate,INS_13,ljepilo vidljivo,major,rework,final,48,True
2025-04-07,L6,Decathlon,Kiprun Carbon Plate,INS_04,materijal oštećen,minor,pass,final,52,True
2025-05-16,L3,Nike,Pegasus 3D Knit Collar,INS_10,materijal oštećen,major,rework,final,49,True
2025-11-25,L7,Decathlon,Kiprun Carbon Plate,INS_13,materijal oštećen,minor,rework,final,54,True
2025-08-18,L4,Crocs,LiteRide Insole Unit,INS_05,šav neravnomjeran,major,rework,final,44,True
2025-04-22,L7,Decathlon,Kalenji Trail Sole Unit,INS_06,ljepilo vidljivo,minor,pass,inline,53,True
2025-03-13,L5,Nike,Air Max Flyknit Upper,INS_14,ljepilo vidljivo,minor,pass,inline,39,True
2025-03-12,L4,Crocs,Classic Clog Strap Assembly,INS_06,ljepilo vidljivo,major,rework,inline,30,True
2026-01-13,L5,Crocs,LiteRide Insole Unit,INS_15,boja odstupa,minor,pass,incoming,43,True
2026-02-25,L3,Nike,ZoomX Carbon Plate Insert,INS_05,šav neravnomjeran,minor,pass,final,33,True
2026-02-13,L1,Nike,ZoomX Carbon Plate Insert,INS_12,ljepilo vidljivo,minor,pass,final,61,True
2025-03-28,L6,Decathlon,Kalenji Trail Sole Unit,INS_07,šav neravnomjeran,major,rework,final,44,True
2025-06-10,L8,Decathlon,Kiprun Carbon Plate,INS_05,dimenzija van tolerancije,major,rework,final,42,True
2025-07-23,L4,Crocs,Bayaband Slide Upper,INS_12,dimenzija van tolerancije,major,scrap,final,27,True
2025-11-05,L2,Nike,Vaporfly Engineered Mesh,INS_01,dimenzija van tolerancije,critical,scrap,inline,42,True
2025-10-27,L6,Crocs,Classic Clog Strap Assembly,INS_09,boja odstupa,minor,pass,inline,39,True
2025-03-21,L5,Crocs,Bayaband Slide Upper,INS_02,dimenzija van tolerancije,critical,rework,final,35,True
2025-06-12,L3,Crocs,LiteRide Insole Unit,INS_14,boja odstupa,major,scrap,final,61,True
2025-04-18,L1,Nike,Vaporfly Engineered Mesh,INS_01,boja odstupa,minor,pass,incoming,75,True
2025-10-13,L2,Nike,Air Max Flyknit Upper,INS_11,3D knit greška,major,scrap,customer_return,44,True
2025-11-07,L8,Nike,Vaporfly Engineered Mesh,INS_11,ljepilo vidljivo,minor,pass,final,37,False
2025-05-01,L2,Crocs,LiteRide Insole Unit,INS_09,materijal oštećen,minor,pass,final,42,False
2025-10-29,L3,Nike,Pegasus 3D Knit Collar,INS_04,boja odstupa,minor,pass,final,48,True
2025-12-11,L1,Nike,Dunk Low Textile Upper,INS_11,boja odstupa,major,rework,inline,43,True
2026-01-07,L5,Crocs,Classic Clog Strap Assembly,INS_06,šav neravnomjeran,minor,pass,final,55,True
2025-05-14,L1,Nike,Pegasus 3D Knit Collar,INS_13,materijal oštećen,critical,scrap,final,52,False
2025-06-11,L1,Nike,Dunk Low Textile Upper,INS_09,šav neravnomjeran,critical,scrap,final,59,True
2025-05-21,L4,Crocs,Bayaband Slide Upper,INS_07,ljepilo vidljivo,major,rework,final,27,True
2025-05-20,L8,Nike,Dunk Low Textile Upper,INS_13,šav neravnomjeran,minor,rework,inline,48,True
2025-06-20,L8,Decathlon,Quechua Hiking Upper,INS_13,đon delaminacija,major,scrap,inline,49,True
2025-07-07,L3,Nike,Vaporfly Engineered Mesh,INS_13,đon delaminacija,critical,rework,inline,41,False
2025-07-18,L4,Crocs,LiteRide Insole Unit,INS_02,ljepilo vidljivo,minor,pass,final,42,False
2026-01-12,L7,Decathlon,Kiprun Carbon Plate,INS_15,dimenzija van tolerancije,critical,scrap,final,45,False
2026-02-18,L3,Nike,Pegasus 3D Knit Collar,INS_12,boja odstupa,major,rework,customer_return,74,True
2025-09-15,L7,Decathlon,Kiprun Carbon Plate,INS_09,materijal oštećen,major,rework,inline,68,True
2026-02-19,L1,Nike,Air Max Flyknit Upper,INS_14,materijal oštećen,critical,scrap,incoming,26,True
2026-01-27,L8,Decathlon,Kiprun Carbon Plate,INS_03,šav neravnomjeran,major,pass,final,46,True
2025-09-24,L2,Nike,ZoomX Carbon Plate Insert,INS_10,materijal oštećen,major,rework,inline,40,False
2025-08-04,L4,Crocs,Classic Clog Strap Assembly,INS_13,šav neravnomjeran,major,rework,inline,54,False
2025-06-05,L4,Nike,Dunk Low Textile Upper,INS_03,ljepilo vidljivo,minor,scrap,final,42,False
2025-09-02,L1,Nike,Vaporfly Engineered Mesh,INS_07,dimenzija van tolerancije,major,rework,final,53,True
2026-02-02,L6,Decathlon,Kalenji Trail Sole Unit,INS_02,đon delaminacija,major,rework,final,70,True
2025-08-26,L3,Nike,Dunk Low Textile Upper,INS_06,ljepilo vidljivo,critical,scrap,inline,55,True
2025-07-09,L5,Nike,Dunk Low Textile Upper,INS_05,materijal oštećen,major,pass,inline,36,True
2025-09-02,L8,Nike,ZoomX Carbon Plate Insert,INS_12,ljepilo vidljivo,minor,pass,final,56,True
2025-09-29,L1,Nike,Air Max Flyknit Upper,INS_06,boja odstupa,major,pass,inline,47,True
2025-03-06,L2,Nike,Air Max Flyknit Upper,INS_10,logo pozicija,minor,pass,inline,53,True
2026-01-02,L4,Crocs,Bayaband Slide Upper,INS_05,boja odstupa,major,rework,final,22,False
2025-10-17,L3,Nike,ZoomX Carbon Plate Insert,INS_02,boja odstupa,minor,pass,inline,54,True
2025-11-10,L8,Crocs,LiteRide Insole Unit,INS_08,šav neravnomjeran,critical,scrap,incoming,31,True
2025-06-23,L1,Nike,Pegasus 3D Knit Collar,INS_03,ljepilo vidljivo,minor,pass,final,40,True
2026-02-19,L6,Decathlon,Kalenji Trail Sole Unit,INS_10,đon delaminacija,critical,scrap,inline,29,False
2025-05-16,L7,Decathlon,Kalenji Trail Sole Unit,INS_02,đon delaminacija,major,pass,final,34,False
2025-11-27,L8,Nike,Pegasus 3D Knit Collar,INS_06,boja odstupa,minor,pass,inline,43,False
2025-03-27,L4,Decathlon,Kalenji Trail Sole Unit,INS_04,ljepilo vidljivo,minor,scrap,inline,25,True
2025-08-15,L7,Decathlon,Kiprun Carbon Plate,INS_07,šav neravnomjeran,major,rework,customer_return,35,True
2025-09-10,L7,Decathlon,Kiprun Carbon Plate,INS_13,ljepilo vidljivo,major,scrap,final,27,True
2026-02-05,L1,Nike,ZoomX Carbon Plate Insert,INS_15,3D knit greška,major,scrap,incoming,35,True
2025-10-17,L7,Decathlon,Kiprun Carbon Plate,INS_03,materijal oštećen,major,rework,incoming,67,False
2025-08-08,L4,Decathlon,Kiprun Carbon Plate,INS_05,dimenzija van tolerancije,minor,pass,customer_return,36,True
2025-03-27,L7,Decathlon,Kiprun Carbon Plate,INS_02,materijal oštećen,major,rework,inline,46,True
2025-03-21,L3,Nike,Vaporfly Engineered Mesh,INS_10,ljepilo vidljivo,major,scrap,final,30,False
2025-10-24,L8,Decathlon,Kalenji Trail Sole Unit,INS_05,dimenzija van tolerancije,major,rework,final,48,False
2025-04-22,L3,Nike,ZoomX Carbon Plate Insert,INS_01,đon delaminacija,critical,scrap,final,26,True
2025-10-08,L4,Nike,ZoomX Carbon Plate Insert,INS_08,logo pozicija,critical,scrap,inline,68,False
2025-07-10,L1,Nike,Pegasus 3D Knit Collar,INS_02,materijal oštećen,minor,pass,final,58,False
2025-05-14,L1,Crocs,Bayaband Slide Upper,INS_13,ljepilo vidljivo,major,rework,final,64,False
2025-05-15,L7,Decathlon,Kiprun Carbon Plate,INS_11,logo pozicija,major,pass,incoming,33,False
2026-01-28,L3,Nike,Vaporfly Engineered Mesh,INS_02,šav neravnomjeran,major,rework,final,45,True
2026-01-12,L1,Nike,ZoomX Carbon Plate Insert,INS_13,materijal oštećen,major,rework,final,35,True
2026-02-16,L4,Nike,ZoomX Carbon Plate Insert,INS_14,đon delaminacija,critical,rework,final,38,False
2025-03-05,L1,Nike,Dunk Low Textile Upper,INS_07,šav neravnomjeran,minor,pass,final,35,False
2025-09-11,L6,Nike,Pegasus 3D Knit Collar,INS_13,logo pozicija,minor,scrap,final,47,False
2025-06-06,L6,Decathlon,Kiprun Carbon Plate,INS_05,ljepilo vidljivo,minor,pass,incoming,35,False
2025-07-22,L4,Crocs,Bayaband Slide Upper,INS_10,đon delaminacija,critical,scrap,final,42,True
2025-05-07,L2,Nike,ZoomX Carbon Plate Insert,INS_15,šav neravnomjeran,minor,pass,incoming,37,True
2025-09-22,L2,Nike,Dunk Low Textile Upper,INS_08,đon delaminacija,minor,pass,incoming,35,False
2025-12-26,L7,Nike,Pegasus 3D Knit Collar,INS_13,boja odstupa,minor,rework,final,48,False
2025-06-20,L6,Decathlon,Quechua Hiking Upper,INS_09,šav neravnomjeran,critical,scrap,inline,23,False
2026-01-14,L3,Nike,Air Max Flyknit Upper,INS_09,šav neravnomjeran,critical,rework,final,38,True
2025-03-13,L5,Nike,Air Max Flyknit Upper,INS_13,ljepilo vidljivo,minor,pass,final,34,True
2025-05-23,L8,Decathlon,Kiprun Carbon Plate,INS_01,dimenzija van tolerancije,critical,rework,final,42,False
2025-08-20,L6,Decathlon,Kiprun Carbon Plate,INS_09,đon delaminacija,major,scrap,inline,43,True
2025-05-13,L4,Crocs,LiteRide Insole Unit,INS_03,šav neravnomjeran,major,scrap,final,45,True
2025-08-18,L3,Nike,Vaporfly Engineered Mesh,INS_03,šav neravnomjeran,minor,rework,inline,40,True
2025-03-04,L6,Decathlon,Kalenji Trail Sole Unit,INS_04,šav neravnomjeran,minor,pass,final,38,False
2025-09-19,L4,Nike,Air Max Flyknit Upper,INS_01,boja odstupa,major,pass,inline,36,True
2025-10-15,L6,Decathlon,Kalenji Trail Sole Unit,INS_07,đon delaminacija,critical,scrap,inline,65,False
2025-03-24,L2,Nike,ZoomX Carbon Plate Insert,INS_01,šav neravnomjeran,minor,pass,customer_return,66,True
2025-11-18,L2,Decathlon,Kalenji Trail Sole Unit,INS_14,boja odstupa,minor,rework,final,35,True
2025-07-30,L4,Crocs,Classic Clog Strap Assembly,INS_06,materijal oštećen,minor,pass,inline,40,False
2025-10-15,L6,Decathlon,Kalenji Trail Sole Unit,INS_09,ljepilo vidljivo,major,scrap,inline,31,False
2025-04-29,L1,Nike,ZoomX Carbon Plate Insert,INS_03,boja odstupa,minor,pass,incoming,64,True
2025-04-28,L2,Nike,Vaporfly Engineered Mesh,INS_13,boja odstupa,minor,pass,customer_return,55,True
2025-06-04,L3,Nike,ZoomX Carbon Plate Insert,INS_09,3D knit greška,minor,rework,final,29,False
2025-08-29,L5,Crocs,Bayaband Slide Upper,INS_02,šav neravnomjeran,minor,pass,final,37,True
2026-02-02,L8,Decathlon,Quechua Hiking Upper,INS_08,ljepilo vidljivo,major,rework,inline,27,False
2025-05-09,L4,Nike,ZoomX Carbon Plate Insert,INS_05,ljepilo vidljivo,minor,pass,final,55,True
2025-10-23,L2,Nike,Air Max Flyknit Upper,INS_04,ljepilo vidljivo,major,scrap,final,42,True
2025-03-05,L3,Nike,Pegasus 3D Knit Collar,INS_07,3D knit greška,minor,rework,incoming,25,True
2025-11-24,L3,Nike,Air Max Flyknit Upper,INS_10,materijal oštećen,critical,scrap,final,60,False
2025-03-20,L4,Crocs,Bayaband Slide Upper,INS_03,đon delaminacija,critical,scrap,final,37,False
2025-05-14,L1,Crocs,Bayaband Slide Upper,INS_14,đon delaminacija,minor,pass,incoming,48,True
2025-09-03,L5,Crocs,Classic Clog Strap Assembly,INS_08,materijal oštećen,major,rework,incoming,28,True
2025-03-28,L6,Decathlon,Kalenji Trail Sole Unit,INS_09,šav neravnomjeran,major,scrap,inline,28,True
2025-11-05,L3,Nike,Dunk Low Textile Upper,INS_06,šav neravnomjeran,minor,rework,customer_return,56,False
2025-08-14,L1,Nike,Vaporfly Engineered Mesh,INS_09,šav neravnomjeran,minor,pass,final,51,True
2025-04-23,L3,Nike,Air Max Flyknit Upper,INS_04,ljepilo vidljivo,critical,scrap,final,47,True
2025-10-03,L8,Decathlon,Kalenji Trail Sole Unit,INS_12,šav neravnomjeran,critical,scrap,final,18,True
2025-05-15,L7,Decathlon,Kalenji Trail Sole Unit,INS_13,materijal oštećen,minor,pass,inline,31,True
2025-03-12,L8,Nike,ZoomX Carbon Plate Insert,INS_06,ljepilo vidljivo,minor,pass,final,62,False
2025-08-27,L7,Decathlon,Kiprun Carbon Plate,INS_01,boja odstupa,minor,pass,inline,42,True
2025-07-08,L3,Nike,Vaporfly Engineered Mesh,INS_09,boja odstupa,minor,rework,final,46,True
2025-12-25,L2,Nike,ZoomX Carbon Plate Insert,INS_10,šav neravnomjeran,minor,pass,inline,40,True
2025-08-26,L2,Nike,Dunk Low Textile Upper,INS_14,šav neravnomjeran,minor,rework,final,30,True
2025-09-03,L8,Nike,Air Max Flyknit Upper,INS_05,dimenzija van tolerancije,major,pass,inline,27,True
2025-07-21,L5,Crocs,Classic Clog Strap Assembly,INS_10,3D knit greška,major,rework,inline,50,False
2025-09-29,L3,Nike,Pegasus 3D Knit Collar,INS_08,dimenzija van tolerancije,major,rework,final,33,False
2025-04-17,L7,Decathlon,Kalenji Trail Sole Unit,INS_15,šav neravnomjeran,minor,pass,inline,60,False
2025-12-18,L6,Decathlon,Kalenji Trail Sole Unit,INS_09,3D knit greška,critical,scrap,inline,51,True
2025-03-24,L1,Nike,Air Max Flyknit Upper,INS_12,ljepilo vidljivo,minor,pass,final,37,False
2025-10-22,L7,Decathlon,Quechua Hiking Upper,INS_14,boja odstupa,minor,rework,incoming,48,True
2026-01-30,L8,Nike,ZoomX Carbon Plate Insert,INS_09,boja odstupa,minor,pass,final,47,False
2025-09-22,L2,Nike,Air Max Flyknit Upper,INS_13,šav neravnomjeran,minor,pass,inline,62,False
2026-01-14,L7,Decathlon,Quechua Hiking Upper,INS_11,materijal oštećen,major,rework,customer_return,58,False
2025-04-28,L8,Nike,ZoomX Carbon Plate Insert,INS_10,šav neravnomjeran,major,rework,final,46,False
2025-09-08,L8,Crocs,Bayaband Slide Upper,INS_15,ljepilo vidljivo,major,scrap,final,42,True
2025-06-18,L2,Crocs,Bayaband Slide Upper,INS_06,dimenzija van tolerancije,major,scrap,incoming,56,False
2025-10-03,L1,Nike,Dunk Low Textile Upper,INS_14,materijal oštećen,critical,scrap,final,25,True
2025-10-17,L7,Decathlon,Kalenji Trail Sole Unit,INS_11,ljepilo vidljivo,minor,pass,final,53,True
2025-05-09,L1,Crocs,Bayaband Slide Upper,INS_03,boja odstupa,minor,pass,final,42,False
2025-07-11,L5,Crocs,Bayaband Slide Upper,INS_07,logo pozicija,minor,pass,inline,42,True
2025-06-19,L1,Nike,Vaporfly Engineered Mesh,INS_04,ljepilo vidljivo,major,rework,final,31,True
2025-11-17,L3,Nike,Pegasus 3D Knit Collar,INS_06,dimenzija van tolerancije,minor,pass,inline,33,True
2025-05-22,L5,Crocs,Bayaband Slide Upper,INS_04,materijal oštećen,critical,scrap,final,47,True
2025-06-05,L1,Nike,ZoomX Carbon Plate Insert,INS_10,boja odstupa,minor,scrap,final,50,False
2025-03-21,L8,Nike,ZoomX Carbon Plate Insert,INS_12,boja odstupa,minor,rework,inline,61,True
2025-03-06,L2,Nike,Air Max Flyknit Upper,INS_13,ljepilo vidljivo,minor,rework,inline,54,False
2025-04-08,L7,Decathlon,Kiprun Carbon Plate,INS_11,šav neravnomjeran,major,rework,inline,31,True
2025-06-03,L2,Nike,ZoomX Carbon Plate Insert,INS_01,dimenzija van tolerancije,minor,pass,inline,53,False
2025-08-07,L6,Decathlon,Quechua Hiking Upper,INS_12,logo pozicija,minor,pass,final,47,False
2025-11-24,L7,Decathlon,Kiprun Carbon Plate,INS_02,boja odstupa,minor,pass,inline,59,False
2025-08-28,L4,Crocs,Classic Clog Strap Assembly,INS_14,ljepilo vidljivo,minor,rework,final,52,True
2026-02-17,L8,Crocs,Classic Clog Strap Assembly,INS_12,dimenzija van tolerancije,major,rework,final,50,True
2025-04-22,L5,Crocs,Bayaband Slide Upper,INS_09,dimenzija van tolerancije,minor,rework,inline,41,True
2025-06-25,L1,Nike,Air Max Flyknit Upper,INS_03,materijal oštećen,major,rework,inline,34,False
2025-07-25,L1,Nike,Vaporfly Engineered Mesh,INS_07,šav neravnomjeran,minor,pass,final,57,True
2026-02-19,L2,Nike,Air Max Flyknit Upper,INS_05,šav neravnomjeran,minor,pass,final,29,True
2025-05-13,L6,Decathlon,Kiprun Carbon Plate,INS_01,đon delaminacija,minor,pass,inline,41,True
2025-09-30,L2,Nike,Air Max Flyknit Upper,INS_06,boja odstupa,major,pass,customer_return,44,True
2025-11-25,L2,Nike,ZoomX Carbon Plate Insert,INS_08,đon delaminacija,critical,scrap,inline,62,True
2025-09-02,L5,Crocs,Classic Clog Strap Assembly,INS_02,šav neravnomjeran,minor,pass,customer_return,41,False
2025-03-05,L4,Decathlon,Quechua Hiking Upper,INS_11,šav neravnomjeran,major,rework,final,30,True
2025-04-16,L5,Crocs,LiteRide Insole Unit,INS_11,đon delaminacija,major,scrap,inline,69,True
2025-07-18,L1,Nike,ZoomX Carbon Plate Insert,INS_08,ljepilo vidljivo,minor,pass,final,45,True
2025-10-23,L7,Decathlon,Kalenji Trail Sole Unit,INS_05,logo pozicija,minor,rework,incoming,29,True
2025-11-12,L5,Nike,Air Max Flyknit Upper,INS_05,đon delaminacija,major,rework,inline,53,False
2025-12-24,L7,Decathlon,Kiprun Carbon Plate,INS_01,šav neravnomjeran,major,rework,inline,65,False
2026-02-03,L5,Nike,Vaporfly Engineered Mesh,INS_11,šav neravnomjeran,major,rework,customer_return,31,False
2025-12-05,L7,Decathlon,Quechua Hiking Upper,INS_10,materijal oštećen,minor,rework,final,22,False
2025-12-10,L5,Crocs,Classic Clog Strap Assembly,INS_07,materijal oštećen,major,scrap,incoming,59,True
2025-09-17,L5,Crocs,Classic Clog Strap Assembly,INS_07,boja odstupa,major,rework,final,36,True
2025-09-15,L8,Nike,Air Max Flyknit Upper,INS_05,logo pozicija,major,rework,final,32,False
2025-11-20,L4,Crocs,Bayaband Slide Upper,INS_13,materijal oštećen,major,scrap,inline,43,True
2025-09-10,L8,Crocs,LiteRide Insole Unit,INS_08,šav neravnomjeran,minor,pass,inline,39,True
2025-09-01,L4,Decathlon,Kiprun Carbon Plate,INS_13,šav neravnomjeran,major,rework,inline,63,True
2025-05-13,L8,Crocs,Classic Clog Strap Assembly,INS_15,logo pozicija,minor,pass,customer_return,31,True
2025-04-22,L5,Crocs,Bayaband Slide Upper,INS_11,šav neravnomjeran,minor,pass,incoming,28,True
2025-07-14,L8,Nike,Air Max Flyknit Upper,INS_12,3D knit greška,major,rework,final,30,True
2025-05-22,L3,Nike,Vaporfly Engineered Mesh,INS_09,boja odstupa,minor,rework,final,25,True
2025-06-04,L7,Crocs,LiteRide Insole Unit,INS_03,boja odstupa,minor,rework,incoming,67,True
2026-02-23,L4,Crocs,Classic Clog Strap Assembly,INS_14,šav neravnomjeran,minor,pass,inline,43,False
2025-04-09,L4,Crocs,Bayaband Slide Upper,INS_08,ljepilo vidljivo,minor,pass,final,39,False
2026-02-04,L8,Crocs,LiteRide Insole Unit,INS_11,šav neravnomjeran,major,rework,incoming,50,False
2025-05-29,L1,Nike,ZoomX Carbon Plate Insert,INS_11,logo pozicija,major,rework,final,47,False
2025-10-30,L6,Nike,Air Max Flyknit Upper,INS_15,ljepilo vidljivo,critical,scrap,final,58,False
2025-12-30,L2,Decathlon,Quechua Hiking Upper,INS_14,boja odstupa,major,rework,final,36,False
2025-12-08,L1,Nike,Vaporfly Engineered Mesh,INS_06,boja odstupa,critical,scrap,final,63,True
2025-05-08,L5,Crocs,LiteRide Insole Unit,INS_10,boja odstupa,minor,pass,final,58,True
2025-08-13,L1,Nike,Air Max Flyknit Upper,INS_04,šav neravnomjeran,major,rework,final,53,True
2025-06-24,L3,Decathlon,Kalenji Trail Sole Unit,INS_04,ljepilo vidljivo,critical,scrap,inline,49,False
2026-01-21,L1,Nike,Vaporfly Engineered Mesh,INS_11,dimenzija van tolerancije,minor,pass,final,61,False
2025-11-10,L2,Nike,Pegasus 3D Knit Collar,INS_14,ljepilo vidljivo,minor,pass,final,53,True
2025-06-25,L8,Nike,Pegasus 3D Knit Collar,INS_12,boja odstupa,major,rework,final,53,False
2025-06-16,L1,Nike,Pegasus 3D Knit Collar,INS_09,3D knit greška,major,scrap,final,53,True
2025-07-03,L2,Crocs,Bayaband Slide Upper,INS_03,3D knit greška,minor,pass,customer_return,46,False
2025-09-30,L3,Nike,Air Max Flyknit Upper,INS_01,logo pozicija,minor,pass,final,55,False
2026-01-02,L2,Nike,Air Max Flyknit Upper,INS_10,šav neravnomjeran,minor,pass,inline,49,True
2026-02-18,L2,Decathlon,Kalenji Trail Sole Unit,INS_01,logo pozicija,minor,pass,final,25,True
2025-10-03,L6,Crocs,LiteRide Insole Unit,INS_11,materijal oštećen,major,rework,final,61,False
2025-06-17,L1,Nike,Vaporfly Engineered Mesh,INS_04,šav neravnomjeran,major,rework,final,40,True
2025-04-16,L8,Nike,Air Max Flyknit Upper,INS_02,šav neravnomjeran,major,pass,customer_return,33,True
2025-06-20,L7,Decathlon,Kalenji Trail Sole Unit,INS_13,boja odstupa,minor,pass,inline,55,True
2026-02-27,L6,Crocs,Bayaband Slide Upper,INS_01,ljepilo vidljivo,major,rework,final,35,False
2025-11-27,L7,Decathlon,Kiprun Carbon Plate,INS_10,logo pozicija,major,rework,inline,48,True
2025-10-17,L8,Nike,Pegasus 3D Knit Collar,INS_08,šav neravnomjeran,major,scrap,inline,50,True
2026-01-15,L5,Nike,Dunk Low Textile Upper,INS_12,boja odstupa,major,rework,final,55,True
2025-09-29,L7,Crocs,Bayaband Slide Upper,INS_07,ljepilo vidljivo,critical,scrap,final,48,True
2025-04-03,L3,Nike,Vaporfly Engineered Mesh,INS_02,boja odstupa,major,rework,final,45,True
2026-01-30,L1,Nike,Vaporfly Engineered Mesh,INS_14,ljepilo vidljivo,minor,pass,final,56,True
2026-02-26,L5,Crocs,Classic Clog Strap Assembly,INS_08,3D knit greška,major,scrap,final,37,True
2025-04-21,L2,Nike,Dunk Low Textile Upper,INS_06,đon delaminacija,major,rework,inline,49,False
2025-09-30,L7,Crocs,Bayaband Slide Upper,INS_07,boja odstupa,major,pass,final,38,False
2025-05-21,L2,Nike,Air Max Flyknit Upper,INS_09,ljepilo vidljivo,minor,pass,customer_return,61,True
2025-04-14,L2,Nike,Vaporfly Engineered Mesh,INS_15,ljepilo vidljivo,major,scrap,final,41,True
2025-03-31,L4,Crocs,LiteRide Insole Unit,INS_09,3D knit greška,minor,pass,final,10,True
2025-12-03,L1,Nike,Dunk Low Textile Upper,INS_15,šav neravnomjeran,major,rework,inline,38,True
2025-11-14,L3,Nike,Air Max Flyknit Upper,INS_02,boja odstupa,critical,rework,final,55,False
2025-05-29,L4,Crocs,LiteRide Insole Unit,INS_09,dimenzija van tolerancije,minor,pass,inline,53,False
2025-11-18,L3,Nike,Dunk Low Textile Upper,INS_04,ljepilo vidljivo,minor,pass,inline,26,False
2025-09-04,L2,Nike,Vaporfly Engineered Mesh,INS_04,đon delaminacija,minor,scrap,final,65,True
2025-12-30,L4,Crocs,Bayaband Slide Upper,INS_04,ljepilo vidljivo,major,rework,final,58,False
2025-05-30,L3,Nike,Air Max Flyknit Upper,INS_08,materijal oštećen,major,rework,final,57,True
2026-02-26,L2,Nike,Vaporfly Engineered Mesh,INS_12,dimenzija van tolerancije,minor,pass,inline,68,True
2025-11-10,L5,Crocs,LiteRide Insole Unit,INS_05,đon delaminacija,minor,pass,incoming,61,False
2026-02-11,L6,Decathlon,Kalenji Trail Sole Unit,INS_10,šav neravnomjeran,minor,pass,inline,53,False
2025-03-06,L1,Crocs,LiteRide Insole Unit,INS_13,materijal oštećen,major,scrap,final,32,True
2026-02-20,L5,Crocs,Bayaband Slide Upper,INS_04,šav neravnomjeran,critical,scrap,incoming,47,True
2025-11-12,L1,Nike,Pegasus 3D Knit Collar,INS_03,đon delaminacija,minor,pass,incoming,25,False
2025-12-25,L5,Crocs,Bayaband Slide Upper,INS_07,3D knit greška,minor,pass,final,32,False
2025-04-21,L7,Decathlon,Kiprun Carbon Plate,INS_07,ljepilo vidljivo,minor,rework,final,53,False
2026-01-21,L5,Crocs,LiteRide Insole Unit,INS_07,3D knit greška,major,scrap,incoming,34,True
2025-12-01,L1,Nike,Air Max Flyknit Upper,INS_14,šav neravnomjeran,minor,pass,final,68,False
2025-03-10,L6,Decathlon,Kiprun Carbon Plate,INS_05,ljepilo vidljivo,minor,pass,inline,48,False
2026-02-19,L1,Nike,Dunk Low Textile Upper,INS_12,ljepilo vidljivo,minor,pass,final,44,True
2025-05-01,L2,Nike,Air Max Flyknit Upper,INS_03,boja odstupa,major,rework,final,41,False
2025-10-03,L1,Nike,Dunk Low Textile Upper,INS_10,materijal oštećen,critical,rework,final,37,False
2025-05-05,L5,Crocs,Classic Clog Strap Assembly,INS_02,ljepilo vidljivo,major,scrap,incoming,43,False
2025-04-17,L1,Nike,Pegasus 3D Knit Collar,INS_15,logo pozicija,minor,pass,final,58,True
2025-10-17,L1,Nike,Dunk Low Textile Upper,INS_06,šav neravnomjeran,major,rework,final,45,True
2025-10-14,L3,Nike,Dunk Low Textile Upper,INS_15,šav neravnomjeran,minor,pass,final,37,False
2025-07-18,L3,Nike,Dunk Low Textile Upper,INS_15,boja odstupa,major,rework,inline,46,True
2025-04-23,L3,Nike,Dunk Low Textile Upper,INS_05,3D knit greška,major,scrap,final,44,True
2025-07-16,L1,Nike,Pegasus 3D Knit Collar,INS_11,đon delaminacija,critical,scrap,inline,36,False
2025-04-09,L5,Crocs,Bayaband Slide Upper,INS_12,boja odstupa,major,rework,customer_return,31,False
2025-12-26,L7,Nike,Pegasus 3D Knit Collar,INS_08,3D knit greška,minor,pass,final,41,True
2025-08-20,L2,Nike,Vaporfly Engineered Mesh,INS_12,boja odstupa,minor,pass,final,38,True
2025-04-22,L2,Nike,Air Max Flyknit Upper,INS_04,šav neravnomjeran,minor,pass,final,58,False
2025-08-11,L3,Nike,Dunk Low Textile Upper,INS_01,đon delaminacija,critical,scrap,final,41,False
2025-05-05,L3,Nike,Vaporfly Engineered Mesh,INS_09,logo pozicija,major,rework,final,74,True
2025-09-12,L1,Nike,Air Max Flyknit Upper,INS_15,dimenzija van tolerancije,minor,pass,final,41,False
2025-07-15,L2,Nike,Pegasus 3D Knit Collar,INS_14,materijal oštećen,major,rework,final,42,True
2025-03-05,L8,Crocs,Bayaband Slide Upper,INS_14,3D knit greška,minor,pass,customer_return,56,True
2025-09-03,L8,Nike,Air Max Flyknit Upper,INS_04,ljepilo vidljivo,minor,pass,inline,45,True
2025-10-22,L5,Crocs,LiteRide Insole Unit,INS_15,ljepilo vidljivo,minor,pass,final,42,True
2025-06-23,L5,Crocs,LiteRide Insole Unit,INS_13,šav neravnomjeran,major,rework,final,41,True
2026-02-13,L3,Nike,Pegasus 3D Knit Collar,INS_15,ljepilo vidljivo,major,scrap,inline,46,True
2026-02-19,L4,Crocs,Bayaband Slide Upper,INS_05,đon delaminacija,critical,rework,inline,33,True
2026-01-30,L3,Nike,Pegasus 3D Knit Collar,INS_10,šav neravnomjeran,major,rework,final,67,True
2025-03-17,L5,Crocs,Bayaband Slide Upper,INS_01,šav neravnomjeran,minor,rework,final,18,True
2025-10-03,L4,Crocs,LiteRide Insole Unit,INS_10,đon delaminacija,critical,scrap,final,32,True
2025-09-24,L2,Nike,ZoomX Carbon Plate Insert,INS_01,dimenzija van tolerancije,major,rework,final,46,True
2025-12-19,L8,Nike,Air Max Flyknit Upper,INS_05,dimenzija van tolerancije,major,scrap,final,39,True
2025-09-29,L6,Decathlon,Quechua Hiking Upper,INS_05,boja odstupa,minor,pass,inline,57,True
2025-08-15,L6,Decathlon,Quechua Hiking Upper,INS_10,ljepilo vidljivo,major,scrap,inline,32,True
2025-03-12,L5,Crocs,LiteRide Insole Unit,INS_05,šav neravnomjeran,critical,scrap,final,57,True
2025-09-22,L2,Nike,Air Max Flyknit Upper,INS_10,ljepilo vidljivo,minor,rework,inline,40,False
2025-04-09,L4,Crocs,Classic Clog Strap Assembly,INS_09,đon delaminacija,critical,scrap,final,58,False
2025-04-01,L2,Crocs,LiteRide Insole Unit,INS_13,dimenzija van tolerancije,major,rework,inline,64,False
2025-10-22,L5,Nike,Vaporfly Engineered Mesh,INS_15,materijal oštećen,major,scrap,inline,37,True
2026-02-24,L2,Nike,Vaporfly Engineered Mesh,INS_11,boja odstupa,critical,scrap,inline,26,False
2025-11-06,L4,Crocs,Classic Clog Strap Assembly,INS_09,ljepilo vidljivo,minor,pass,incoming,32,True
2026-02-26,L1,Nike,Air Max Flyknit Upper,INS_11,3D knit greška,minor,pass,inline,48,False
2025-05-12,L4,Nike,ZoomX Carbon Plate Insert,INS_01,ljepilo vidljivo,minor,rework,inline,61,True
2025-04-08,L5,Crocs,LiteRide Insole Unit,INS_14,ljepilo vidljivo,major,rework,inline,70,False
2025-10-31,L8,Nike,Pegasus 3D Knit Collar,INS_07,3D knit greška,major,rework,inline,47,False
2025-12-16,L4,Crocs,Bayaband Slide Upper,INS_14,ljepilo vidljivo,critical,scrap,inline,32,False
2025-11-10,L1,Nike,ZoomX Carbon Plate Insert,INS_12,šav neravnomjeran,critical,scrap,inline,56,False
2025-09-26,L8,Crocs,LiteRide Insole Unit,INS_09,materijal oštećen,critical,scrap,final,42,True
2025-06-05,L8,Nike,Air Max Flyknit Upper,INS_12,šav neravnomjeran,critical,scrap,inline,60,False
2026-02-25,L7,Decathlon,Kalenji Trail Sole Unit,INS_15,šav neravnomjeran,minor,pass,inline,46,True
2026-02-03,L3,Nike,Vaporfly Engineered Mesh,INS_12,šav neravnomjeran,minor,pass,final,41,True
2026-02-05,L1,Nike,ZoomX Carbon Plate Insert,INS_01,boja odstupa,minor,rework,inline,25,True
2025-07-17,L2,Nike,Pegasus 3D Knit Collar,INS_02,3D knit greška,minor,pass,final,33,True
2025-05-22,L1,Nike,ZoomX Carbon Plate Insert,INS_11,ljepilo vidljivo,major,pass,incoming,68,False
2025-03-21,L6,Crocs,Bayaband Slide Upper,INS_02,materijal oštećen,major,pass,final,55,False
2025-04-17,L6,Decathlon,Kiprun Carbon Plate,INS_08,šav neravnomjeran,minor,rework,final,62,True
2025-05-08,L1,Nike,ZoomX Carbon Plate Insert,INS_12,šav neravnomjeran,major,rework,inline,66,False
2025-07-24,L4,Decathlon,Kiprun Carbon Plate,INS_13,3D knit greška,major,rework,inline,25,True
2025-04-03,L7,Decathlon,Quechua Hiking Upper,INS_04,dimenzija van tolerancije,critical,scrap,final,76,True
2025-03-28,L3,Nike,Pegasus 3D Knit Collar,INS_13,šav neravnomjeran,major,rework,incoming,42,False
2025-06-06,L5,Crocs,Bayaband Slide Upper,INS_06,boja odstupa,major,scrap,incoming,30,True
2025-10-08,L8,Nike,Dunk Low Textile Upper,INS_13,šav neravnomjeran,minor,pass,inline,45,True
2025-10-07,L4,Decathlon,Kalenji Trail Sole Unit,INS_12,ljepilo vidljivo,minor,scrap,final,45,True
2025-11-11,L6,Decathlon,Quechua Hiking Upper,INS_02,dimenzija van tolerancije,critical,scrap,final,48,False
2025-12-09,L7,Decathlon,Kalenji Trail Sole Unit,INS_05,šav neravnomjeran,minor,pass,final,39,True
2025-05-08,L2,Nike,ZoomX Carbon Plate Insert,INS_11,materijal oštećen,major,rework,final,21,False
2025-03-03,L1,Nike,Dunk Low Textile Upper,INS_04,šav neravnomjeran,major,rework,incoming,31,True
2025-10-23,L6,Decathlon,Kiprun Carbon Plate,INS_04,logo pozicija,minor,pass,final,42,False
2026-02-19,L4,Crocs,Bayaband Slide Upper,INS_07,materijal oštećen,major,rework,final,37,True
2025-06-25,L6,Crocs,LiteRide Insole Unit,INS_10,šav neravnomjeran,minor,rework,final,43,False
2025-10-24,L2,Nike,Vaporfly Engineered Mesh,INS_04,boja odstupa,major,rework,final,45,True
2025-03-17,L7,Decathlon,Kalenji Trail Sole Unit,INS_05,boja odstupa,minor,pass,inline,38,False
2025-12-11,L3,Nike,ZoomX Carbon Plate Insert,INS_07,boja odstupa,minor,scrap,final,67,True
2026-02-19,L8,Nike,Dunk Low Textile Upper,INS_04,đon delaminacija,minor,pass,customer_return,52,True
2025-06-25,L2,Nike,Air Max Flyknit Upper,INS_15,ljepilo vidljivo,minor,pass,final,44,True
2025-08-20,L5,Crocs,LiteRide Insole Unit,INS_14,ljepilo vidljivo,major,pass,final,42,True
2025-11-03,L2,Nike,Air Max Flyknit Upper,INS_07,materijal oštećen,major,scrap,inline,50,False
2025-09-17,L1,Nike,Dunk Low Textile Upper,INS_12,đon delaminacija,minor,pass,inline,71,True
2025-03-21,L6,Decathlon,Kiprun Carbon Plate,INS_15,materijal oštećen,minor,pass,inline,69,False
2025-11-24,L2,Decathlon,Kalenji Trail Sole Unit,INS_14,đon delaminacija,major,scrap,inline,64,True
2025-05-16,L6,Decathlon,Quechua Hiking Upper,INS_14,šav neravnomjeran,minor,pass,final,56,True
2026-01-20,L4,Decathlon,Kiprun Carbon Plate,INS_13,materijal oštećen,minor,rework,inline,61,True
2025-05-22,L8,Nike,Vaporfly Engineered Mesh,INS_04,šav neravnomjeran,minor,pass,inline,51,True
2025-10-21,L2,Nike,Air Max Flyknit Upper,INS_08,boja odstupa,major,rework,final,33,False
2025-03-10,L4,Crocs,Classic Clog Strap Assembly,INS_11,šav neravnomjeran,minor,pass,incoming,50,False
2025-06-05,L2,Nike,Pegasus 3D Knit Collar,INS_08,boja odstupa,minor,pass,inline,76,False
2025-05-09,L4,Nike,Air Max Flyknit Upper,INS_07,šav neravnomjeran,major,rework,customer_return,60,False
2025-05-06,L2,Nike,ZoomX Carbon Plate Insert,INS_06,3D knit greška,minor,pass,inline,61,True
2025-07-23,L2,Nike,Air Max Flyknit Upper,INS_15,boja odstupa,minor,rework,inline,53,True
2025-06-04,L4,Crocs,Bayaband Slide Upper,INS_10,ljepilo vidljivo,minor,pass,inline,39,False
2025-04-01,L8,Crocs,LiteRide Insole Unit,INS_04,ljepilo vidljivo,major,scrap,final,28,True
2025-09-29,L7,Decathlon,Kiprun Carbon Plate,INS_09,ljepilo vidljivo,minor,pass,final,53,True
2025-10-10,L2,Nike,Pegasus 3D Knit Collar,INS_05,logo pozicija,major,rework,inline,71,False
2025-11-12,L7,Decathlon,Kalenji Trail Sole Unit,INS_01,ljepilo vidljivo,major,scrap,final,32,False
2025-03-11,L2,Nike,ZoomX Carbon Plate Insert,INS_13,šav neravnomjeran,minor,pass,inline,67,True
2025-03-25,L2,Nike,Dunk Low Textile Upper,INS_09,šav neravnomjeran,major,rework,final,49,True
2025-09-30,L1,Nike,Vaporfly Engineered Mesh,INS_15,ljepilo vidljivo,minor,pass,final,48,True
2025-12-30,L1,Nike,Dunk Low Textile Upper,INS_14,3D knit greška,critical,scrap,final,38,True
2025-08-11,L8,Nike,Vaporfly Engineered Mesh,INS_15,materijal oštećen,major,rework,final,24,False
2025-09-22,L8,Crocs,Bayaband Slide Upper,INS_11,boja odstupa,major,rework,final,57,True
2025-03-07,L6,Nike,Vaporfly Engineered Mesh,INS_08,logo pozicija,minor,pass,inline,35,True
2025-05-26,L4,Crocs,Bayaband Slide Upper,INS_03,boja odstupa,major,scrap,final,55,False
2025-04-07,L1,Nike,Air Max Flyknit Upper,INS_09,logo pozicija,minor,pass,final,68,False
2025-06-25,L1,Nike,Air Max Flyknit Upper,INS_02,šav neravnomjeran,minor,scrap,final,52,True
2025-11-14,L2,Nike,Vaporfly Engineered Mesh,INS_08,ljepilo vidljivo,minor,pass,inline,47,True
2025-10-01,L2,Decathlon,Kalenji Trail Sole Unit,INS_07,logo pozicija,minor,pass,final,45,True
2025-09-16,L4,Nike,ZoomX Carbon Plate Insert,INS_09,šav neravnomjeran,minor,pass,incoming,53,True
2025-11-17,L6,Nike,ZoomX Carbon Plate Insert,INS_13,materijal oštećen,minor,rework,inline,58,True
2025-11-18,L3,Nike,Dunk Low Textile Upper,INS_09,šav neravnomjeran,major,scrap,final,64,False
2025-10-14,L8,Nike,ZoomX Carbon Plate Insert,INS_13,3D knit greška,minor,pass,final,31,False
2025-06-13,L5,Crocs,Classic Clog Strap Assembly,INS_03,logo pozicija,minor,pass,inline,58,True
2025-09-10,L2,Nike,Pegasus 3D Knit Collar,INS_08,3D knit greška,major,rework,final,61,False
2025-07-31,L2,Nike,Air Max Flyknit Upper,INS_14,šav neravnomjeran,minor,scrap,final,32,True
2025-09-25,L6,Nike,Pegasus 3D Knit Collar,INS_06,dimenzija van tolerancije,major,scrap,final,46,False
2025-03-04,L6,Decathlon,Kalenji Trail Sole Unit,INS_02,dimenzija van tolerancije,minor,pass,inline,30,False
2025-08-26,L5,Crocs,Bayaband Slide Upper,INS_14,ljepilo vidljivo,minor,pass,final,10,False
2025-09-15,L1,Nike,Air Max Flyknit Upper,INS_01,šav neravnomjeran,minor,pass,inline,43,True
2025-08-27,L3,Nike,Vaporfly Engineered Mesh,INS_09,materijal oštećen,major,pass,inline,56,True
2025-10-16,L4,Nike,ZoomX Carbon Plate Insert,INS_15,ljepilo vidljivo,major,rework,customer_return,37,True
2025-07-21,L7,Decathlon,Kalenji Trail Sole Unit,INS_14,materijal oštećen,minor,rework,customer_return,57,True
2025-04-18,L1,Nike,Air Max Flyknit Upper,INS_10,logo pozicija,minor,pass,final,45,True
2025-09-23,L4,Crocs,Bayaband Slide Upper,INS_07,logo pozicija,minor,pass,inline,34,False
2025-03-21,L5,Crocs,Bayaband Slide Upper,INS_10,šav neravnomjeran,major,rework,final,48,False
2025-03-19,L4,Nike,Vaporfly Engineered Mesh,INS_15,3D knit greška,major,rework,customer_return,41,False
2025-05-05,L1,Nike,Pegasus 3D Knit Collar,INS_08,boja odstupa,minor,pass,inline,49,True
2025-06-26,L7,Decathlon,Kiprun Carbon Plate,INS_14,đon delaminacija,critical,scrap,inline,43,True
2025-11-19,L5,Crocs,Bayaband Slide Upper,INS_12,3D knit greška,critical,scrap,final,48,True
2025-09-18,L8,Nike,Vaporfly Engineered Mesh,INS_05,boja odstupa,minor,pass,final,55,False
2025-05-14,L2,Nike,Vaporfly Engineered Mesh,INS_13,materijal oštećen,minor,rework,final,45,True
2025-07-14,L2,Nike,Pegasus 3D Knit Collar,INS_08,materijal oštećen,major,rework,final,47,True
2025-10-23,L2,Nike,Air Max Flyknit Upper,INS_14,ljepilo vidljivo,major,scrap,final,45,True
2025-11-07,L6,Crocs,Bayaband Slide Upper,INS_02,dimenzija van tolerancije,minor,pass,inline,71,True
2025-10-23,L7,Decathlon,Kalenji Trail Sole Unit,INS_05,dimenzija van tolerancije,major,scrap,inline,44,True
2025-07-07,L2,Nike,Pegasus 3D Knit Collar,INS_04,šav neravnomjeran,minor,pass,incoming,39,True
2025-09-19,L1,Nike,ZoomX Carbon Plate Insert,INS_13,đon delaminacija,major,rework,final,34,False
2025-10-14,L6,Decathlon,Quechua Hiking Upper,INS_10,3D knit greška,major,rework,inline,36,True
2026-02-18,L5,Nike,Dunk Low Textile Upper,INS_11,materijal oštećen,major,scrap,final,55,False
2025-10-24,L5,Decathlon,Kalenji Trail Sole Unit,INS_09,3D knit greška,major,rework,final,39,True
2025-06-24,L1,Nike,Vaporfly Engineered Mesh,INS_10,materijal oštećen,major,rework,final,58,True
2025-07-30,L1,Nike,Pegasus 3D Knit Collar,INS_15,dimenzija van tolerancije,critical,scrap,final,26,False
2025-07-29,L4,Crocs,LiteRide Insole Unit,INS_15,materijal oštećen,critical,scrap,customer_return,54,True
2025-12-09,L6,Decathlon,Kiprun Carbon Plate,INS_05,boja odstupa,minor,pass,inline,58,True
2025-09-10,L4,Crocs,LiteRide Insole Unit,INS_06,ljepilo vidljivo,minor,pass,final,31,False
2025-08-25,L4,Crocs,Bayaband Slide Upper,INS_05,boja odstupa,major,rework,customer_return,32,False
2026-02-24,L6,Nike,ZoomX Carbon Plate Insert,INS_02,boja odstupa,critical,scrap,final,59,True
2025-03-12,L2,Nike,Pegasus 3D Knit Collar,INS_03,šav neravnomjeran,major,pass,inline,53,True
2025-09-22,L1,Nike,Vaporfly Engineered Mesh,INS_10,ljepilo vidljivo,minor,pass,final,32,True
2025-12-17,L8,Nike,Air Max Flyknit Upper,INS_02,boja odstupa,major,rework,customer_return,49,False
2026-02-04,L1,Nike,Vaporfly Engineered Mesh,INS_03,logo pozicija,minor,pass,final,39,False
2025-11-20,L5,Nike,Vaporfly Engineered Mesh,INS_09,boja odstupa,major,rework,inline,32,False
2025-08-14,L6,Decathlon,Kiprun Carbon Plate,INS_06,3D knit greška,major,scrap,final,52,True
2025-11-19,L1,Nike,ZoomX Carbon Plate Insert,INS_01,ljepilo vidljivo,major,scrap,incoming,56,True
2025-10-01,L4,Nike,Dunk Low Textile Upper,INS_05,3D knit greška,critical,scrap,final,45,True
2025-05-07,L1,Crocs,Bayaband Slide Upper,INS_06,šav neravnomjeran,major,scrap,final,32,True
2025-06-18,L7,Decathlon,Quechua Hiking Upper,INS_11,dimenzija van tolerancije,major,scrap,inline,28,True
2025-10-24,L3,Nike,Dunk Low Textile Upper,INS_14,boja odstupa,major,rework,inline,42,True
2026-02-16,L2,Nike,ZoomX Carbon Plate Insert,INS_04,boja odstupa,major,rework,final,68,False
2025-03-04,L5,Crocs,Classic Clog Strap Assembly,INS_02,materijal oštećen,minor,pass,incoming,47,True
2025-03-20,L8,Nike,ZoomX Carbon Plate Insert,INS_10,ljepilo vidljivo,major,rework,final,33,True
2026-02-02,L5,Crocs,Classic Clog Strap Assembly,INS_02,materijal oštećen,minor,pass,incoming,39,True
2025-05-02,L2,Nike,ZoomX Carbon Plate Insert,INS_04,dimenzija van tolerancije,major,rework,incoming,38,False
2026-02-06,L1,Nike,Vaporfly Engineered Mesh,INS_07,šav neravnomjeran,major,rework,final,23,False
2025-05-06,L8,Crocs,Classic Clog Strap Assembly,INS_14,šav neravnomjeran,major,scrap,final,50,False
2025-09-30,L7,Nike,Dunk Low Textile Upper,INS_08,ljepilo vidljivo,major,rework,final,38,True
2025-05-23,L4,Crocs,Bayaband Slide Upper,INS_04,boja odstupa,minor,pass,incoming,48,False
2025-09-29,L2,Crocs,LiteRide Insole Unit,INS_14,dimenzija van tolerancije,minor,pass,final,66,True
2025-09-09,L3,Nike,ZoomX Carbon Plate Insert,INS_07,3D knit greška,major,rework,customer_return,41,False
2025-06-05,L4,Nike,Dunk Low Textile Upper,INS_01,šav neravnomjeran,minor,rework,final,32,True
2025-06-16,L1,Nike,Air Max Flyknit Upper,INS_04,đon delaminacija,minor,pass,inline,28,False
2026-02-05,L8,Crocs,Bayaband Slide Upper,INS_13,šav neravnomjeran,minor,pass,incoming,43,False
2025-05-27,L2,Nike,Pegasus 3D Knit Collar,INS_02,boja odstupa,critical,scrap,final,48,False
2025-03-25,L2,Nike,Dunk Low Textile Upper,INS_02,dimenzija van tolerancije,minor,pass,final,46,False
2025-06-26,L1,Nike,Dunk Low Textile Upper,INS_02,šav neravnomjeran,major,scrap,final,42,True
2025-09-10,L6,Decathlon,Kiprun Carbon Plate,INS_14,šav neravnomjeran,major,rework,inline,67,True
2025-10-02,L1,Nike,Air Max Flyknit Upper,INS_11,đon delaminacija,major,pass,final,46,True
2025-08-22,L1,Nike,Dunk Low Textile Upper,INS_09,ljepilo vidljivo,major,rework,inline,38,False
2025-11-12,L4,Nike,Air Max Flyknit Upper,INS_12,logo pozicija,minor,rework,inline,51,False
2025-12-12,L8,Nike,Pegasus 3D Knit Collar,INS_13,šav neravnomjeran,minor,pass,inline,65,True
2025-06-17,L5,Crocs,Bayaband Slide Upper,INS_06,dimenzija van tolerancije,major,scrap,final,58,True
2025-10-28,L3,Nike,Vaporfly Engineered Mesh,INS_12,boja odstupa,minor,pass,inline,10,False
2025-08-19,L2,Nike,ZoomX Carbon Plate Insert,INS_11,ljepilo vidljivo,major,rework,inline,58,True
2025-04-16,L6,Nike,Vaporfly Engineered Mesh,INS_07,ljepilo vidljivo,minor,pass,inline,76,False
2026-02-11,L2,Nike,Air Max Flyknit Upper,INS_13,ljepilo vidljivo,minor,rework,final,57,True
2025-09-17,L2,Nike,Dunk Low Textile Upper,INS_05,ljepilo vidljivo,major,rework,incoming,44,True
2025-11-05,L1,Nike,Air Max Flyknit Upper,INS_15,dimenzija van tolerancije,minor,rework,final,40,True
2025-03-14,L2,Nike,Vaporfly Engineered Mesh,INS_11,boja odstupa,major,scrap,inline,30,True
2025-05-14,L8,Nike,Vaporfly Engineered Mesh,INS_05,boja odstupa,major,scrap,inline,32,True
2025-08-04,L4,Crocs,Classic Clog Strap Assembly,INS_14,dimenzija van tolerancije,major,scrap,final,38,False
2025-11-24,L4,Nike,Pegasus 3D Knit Collar,INS_15,šav neravnomjeran,minor,pass,final,53,True
2025-09-12,L1,Nike,Air Max Flyknit Upper,INS_07,logo pozicija,minor,rework,customer_return,31,True
2026-02-16,L3,Nike,ZoomX Carbon Plate Insert,INS_05,šav neravnomjeran,minor,pass,inline,56,False
2026-01-28,L6,Decathlon,Kalenji Trail Sole Unit,INS_08,boja odstupa,minor,pass,final,44,True
2025-12-05,L5,Nike,Vaporfly Engineered Mesh,INS_13,šav neravnomjeran,major,scrap,final,62,True
2025-04-04,L7,Nike,Air Max Flyknit Upper,INS_13,šav neravnomjeran,minor,rework,final,40,True
2025-03-26,L5,Crocs,Bayaband Slide Upper,INS_14,šav neravnomjeran,minor,pass,final,50,True
2025-09-12,L6,Decathlon,Kalenji Trail Sole Unit,INS_15,3D knit greška,minor,pass,inline,53,True
2026-02-02,L8,Decathlon,Quechua Hiking Upper,INS_15,logo pozicija,major,scrap,inline,37,True
2025-08-25,L2,Nike,Pegasus 3D Knit Collar,INS_14,logo pozicija,minor,pass,final,66,True
2025-09-04,L1,Nike,ZoomX Carbon Plate Insert,INS_13,materijal oštećen,critical,scrap,final,32,True
2025-10-13,L1,Nike,ZoomX Carbon Plate Insert,INS_08,materijal oštećen,major,rework,inline,31,False
2026-01-15,L3,Nike,Air Max Flyknit Upper,INS_03,šav neravnomjeran,minor,rework,final,37,False
2026-01-15,L6,Decathlon,Kalenji Trail Sole Unit,INS_01,boja odstupa,minor,pass,customer_return,53,True
2026-02-26,L8,Crocs,LiteRide Insole Unit,INS_12,boja odstupa,minor,rework,incoming,30,True
2025-11-04,L1,Nike,Vaporfly Engineered Mesh,INS_15,boja odstupa,critical,scrap,final,56,False
2025-08-08,L7,Decathlon,Kalenji Trail Sole Unit,INS_13,šav neravnomjeran,minor,rework,inline,30,True
2025-03-26,L1,Nike,Dunk Low Textile Upper,INS_12,đon delaminacija,critical,scrap,final,67,True
2025-08-20,L4,Crocs,Classic Clog Strap Assembly,INS_13,boja odstupa,major,scrap,inline,20,True
2025-03-18,L6,Decathlon,Kiprun Carbon Plate,INS_03,3D knit greška,major,pass,final,59,True
2025-06-03,L1,Nike,Vaporfly Engineered Mesh,INS_05,đon delaminacija,minor,pass,final,62,False
2025-07-28,L7,Decathlon,Kalenji Trail Sole Unit,INS_11,materijal oštećen,major,rework,inline,40,True
2026-02-23,L4,Crocs,LiteRide Insole Unit,INS_09,šav neravnomjeran,minor,rework,final,34,True
2025-05-07,L5,Crocs,LiteRide Insole Unit,INS_09,šav neravnomjeran,major,scrap,final,48,False
2025-08-04,L4,Crocs,LiteRide Insole Unit,INS_10,3D knit greška,minor,pass,final,42,True
2025-11-25,L5,Nike,Vaporfly Engineered Mesh,INS_13,materijal oštećen,critical,scrap,final,38,False
2025-10-22,L6,Decathlon,Kalenji Trail Sole Unit,INS_13,šav neravnomjeran,major,scrap,final,40,False
2025-04-30,L1,Nike,Dunk Low Textile Upper,INS_01,ljepilo vidljivo,critical,scrap,final,79,False
2025-05-05,L6,Decathlon,Quechua Hiking Upper,INS_08,materijal oštećen,major,scrap,inline,42,False
2025-03-13,L2,Nike,Pegasus 3D Knit Collar,INS_11,šav neravnomjeran,minor,rework,inline,52,True
2025-11-26,L2,Nike,ZoomX Carbon Plate Insert,INS_07,šav neravnomjeran,minor,rework,final,73,True
2025-03-31,L4,Crocs,Bayaband Slide Upper,INS_12,3D knit greška,minor,pass,final,63,True
2025-04-30,L1,Nike,Dunk Low Textile Upper,INS_03,ljepilo vidljivo,minor,pass,incoming,28,True
2025-07-23,L3,Nike,Air Max Flyknit Upper,INS_03,materijal oštećen,major,rework,customer_return,45,True
2025-03-19,L3,Nike,Pegasus 3D Knit Collar,INS_07,šav neravnomjeran,critical,scrap,inline,64,True
2025-10-03,L1,Nike,Vaporfly Engineered Mesh,INS_05,šav neravnomjeran,major,scrap,inline,27,True
2025-07-22,L2,Nike,Dunk Low Textile Upper,INS_02,ljepilo vidljivo,minor,rework,final,60,True
2025-03-06,L3,Nike,Air Max Flyknit Upper,INS_14,šav neravnomjeran,major,rework,inline,24,False
2025-03-28,L6,Decathlon,Kalenji Trail Sole Unit,INS_08,3D knit greška,major,pass,final,49,False
2025-03-14,L1,Nike,Dunk Low Textile Upper,INS_08,šav neravnomjeran,major,rework,inline,41,False
2026-02-25,L8,Crocs,Classic Clog Strap Assembly,INS_07,boja odstupa,critical,scrap,inline,29,False
2025-10-20,L8,Crocs,Bayaband Slide Upper,INS_07,logo pozicija,major,rework,final,26,True
2025-05-12,L1,Crocs,LiteRide Insole Unit,INS_02,3D knit greška,major,rework,inline,48,True
2025-03-11,L2,Nike,Pegasus 3D Knit Collar,INS_07,dimenzija van tolerancije,major,rework,inline,33,True
2025-06-17,L5,Crocs,Bayaband Slide Upper,INS_15,ljepilo vidljivo,minor,pass,inline,63,True
2025-04-30,L8,Crocs,LiteRide Insole Unit,INS_15,šav neravnomjeran,major,scrap,inline,23,True
2025-10-17,L1,Decathlon,Quechua Hiking Upper,INS_07,boja odstupa,major,rework,inline,38,True
2025-05-09,L2,Nike,Pegasus 3D Knit Collar,INS_01,materijal oštećen,critical,scrap,incoming,45,True
2025-07-28,L2,Nike,Air Max Flyknit Upper,INS_13,logo pozicija,minor,rework,final,52,False
2026-01-27,L6,Nike,Dunk Low Textile Upper,INS_06,dimenzija van tolerancije,minor,pass,final,30,False
2025-10-15,L5,Decathlon,Quechua Hiking Upper,INS_14,boja odstupa,major,scrap,incoming,53,True
2025-08-20,L8,Crocs,Bayaband Slide Upper,INS_09,materijal oštećen,minor,pass,inline,49,False
2025-03-06,L4,Crocs,Classic Clog Strap Assembly,INS_13,dimenzija van tolerancije,critical,scrap,final,58,False
2025-04-22,L2,Nike,Air Max Flyknit Upper,INS_11,boja odstupa,major,rework,final,35,True
2025-07-29,L1,Nike,Air Max Flyknit Upper,INS_06,šav neravnomjeran,major,rework,inline,27,True
2025-08-20,L6,Decathlon,Kiprun Carbon Plate,INS_04,šav neravnomjeran,major,rework,final,48,False
2025-05-07,L6,Decathlon,Kalenji Trail Sole Unit,INS_08,šav neravnomjeran,major,rework,final,57,True
2025-05-26,L4,Crocs,Bayaband Slide Upper,INS_08,boja odstupa,minor,rework,customer_return,52,True
2025-06-13,L5,Crocs,Classic Clog Strap Assembly,INS_08,3D knit greška,major,scrap,final,33,False
2025-04-03,L3,Nike,Vaporfly Engineered Mesh,INS_14,dimenzija van tolerancije,critical,scrap,inline,42,True
2025-09-29,L4,Crocs,LiteRide Insole Unit,INS_10,3D knit greška,critical,scrap,final,38,True
2025-10-31,L5,Crocs,Classic Clog Strap Assembly,INS_14,šav neravnomjeran,minor,pass,inline,40,True
2025-10-20,L4,Crocs,Bayaband Slide Upper,INS_11,materijal oštećen,minor,pass,final,31,True
2025-12-19,L1,Nike,Dunk Low Textile Upper,INS_07,boja odstupa,major,scrap,inline,63,True
2025-05-22,L1,Nike,ZoomX Carbon Plate Insert,INS_11,logo pozicija,major,rework,inline,50,False
2025-11-27,L8,Decathlon,Kiprun Carbon Plate,INS_03,materijal oštećen,critical,scrap,inline,46,True
2025-06-16,L1,Nike,Air Max Flyknit Upper,INS_09,3D knit greška,major,rework,final,67,True
2025-06-13,L8,Nike,Air Max Flyknit Upper,INS_01,ljepilo vidljivo,critical,scrap,incoming,49,False
2025-07-09,L3,Nike,Air Max Flyknit Upper,INS_08,materijal oštećen,major,scrap,incoming,58,False
2025-05-06,L3,Nike,Air Max Flyknit Upper,INS_02,boja odstupa,major,rework,incoming,30,True
2026-02-02,L6,Decathlon,Kalenji Trail Sole Unit,INS_06,šav neravnomjeran,minor,pass,final,58,False
2026-02-18,L4,Crocs,LiteRide Insole Unit,INS_12,šav neravnomjeran,minor,pass,inline,24,True
2025-10-01,L3,Nike,Dunk Low Textile Upper,INS_01,materijal oštećen,major,scrap,final,37,False
2025-12-04,L3,Decathlon,Kiprun Carbon Plate,INS_04,3D knit greška,major,rework,final,39,False
2025-06-06,L1,Crocs,Classic Clog Strap Assembly,INS_12,3D knit greška,minor,pass,inline,54,True
2025-05-26,L1,Nike,Air Max Flyknit Upper,INS_04,boja odstupa,minor,pass,final,55,True
2026-02-20,L7,Decathlon,Quechua Hiking Upper,INS_07,đon delaminacija,minor,pass,final,65,True
2025-12-12,L4,Crocs,Classic Clog Strap Assembly,INS_10,materijal oštećen,critical,scrap,final,41,True
2025-05-28,L5,Crocs,Classic Clog Strap Assembly,INS_04,logo pozicija,major,rework,incoming,40,True
2025-07-03,L8,Nike,Air Max Flyknit Upper,INS_12,logo pozicija,minor,pass,final,30,True
2025-12-24,L1,Nike,Pegasus 3D Knit Collar,INS_14,ljepilo vidljivo,minor,pass,final,44,True
2025-08-25,L3,Nike,Air Max Flyknit Upper,INS_04,šav neravnomjeran,minor,rework,inline,55,False
2025-03-25,L1,Nike,Pegasus 3D Knit Collar,INS_04,boja odstupa,critical,rework,final,62,True
2025-11-06,L6,Decathlon,Kiprun Carbon Plate,INS_06,logo pozicija,minor,pass,final,41,True
2025-10-09,L2,Nike,Pegasus 3D Knit Collar,INS_01,3D knit greška,major,scrap,final,53,True
2025-10-13,L2,Nike,Air Max Flyknit Upper,INS_01,3D knit greška,minor,rework,final,64,True
2025-06-19,L8,Nike,Vaporfly Engineered Mesh,INS_01,dimenzija van tolerancije,minor,pass,final,40,False
2025-09-08,L5,Crocs,LiteRide Insole Unit,INS_08,materijal oštećen,minor,pass,final,40,False
2025-09-15,L4,Crocs,Bayaband Slide Upper,INS_03,šav neravnomjeran,major,scrap,final,38,False
2025-05-22,L4,Crocs,Bayaband Slide Upper,INS_09,ljepilo vidljivo,minor,rework,final,39,True
2026-02-17,L4,Crocs,LiteRide Insole Unit,INS_09,dimenzija van tolerancije,minor,pass,inline,32,False
2025-08-18,L7,Nike,Pegasus 3D Knit Collar,INS_02,dimenzija van tolerancije,critical,scrap,final,71,False
2026-02-06,L4,Crocs,LiteRide Insole Unit,INS_03,šav neravnomjeran,minor,pass,final,32,True
2025-11-25,L3,Nike,Vaporfly Engineered Mesh,INS_13,šav neravnomjeran,minor,pass,incoming,47,False
2025-10-06,L8,Decathlon,Kalenji Trail Sole Unit,INS_14,materijal oštećen,critical,scrap,final,53,False
2025-12-10,L3,Nike,Vaporfly Engineered Mesh,INS_15,3D knit greška,minor,pass,inline,42,False
2025-11-04,L6,Decathlon,Kalenji Trail Sole Unit,INS_06,đon delaminacija,critical,scrap,inline,51,False
2025-12-02,L3,Nike,ZoomX Carbon Plate Insert,INS_05,šav neravnomjeran,minor,pass,final,34,False
2025-04-14,L4,Crocs,Bayaband Slide Upper,INS_12,3D knit greška,minor,rework,final,45,False
2025-05-09,L1,Nike,Air Max Flyknit Upper,INS_15,boja odstupa,minor,pass,final,33,True
2025-05-30,L1,Nike,Dunk Low Textile Upper,INS_14,ljepilo vidljivo,minor,rework,inline,60,True
2025-10-07,L4,Decathlon,Kiprun Carbon Plate,INS_07,šav neravnomjeran,major,rework,inline,53,True
2025-03-11,L4,Nike,ZoomX Carbon Plate Insert,INS_05,đon delaminacija,minor,pass,final,11,True
2025-07-03,L8,Crocs,Bayaband Slide Upper,INS_13,logo pozicija,minor,pass,final,61,True
2025-03-28,L4,Crocs,LiteRide Insole Unit,INS_05,đon delaminacija,critical,scrap,customer_return,46,False
2025-04-02,L2,Nike,Vaporfly Engineered Mesh,INS_08,materijal oštećen,major,scrap,final,55,True
2025-06-12,L5,Crocs,Classic Clog Strap Assembly,INS_09,3D knit greška,critical,scrap,final,66,False
2025-11-05,L4,Decathlon,Quechua Hiking Upper,INS_13,materijal oštećen,minor,pass,final,43,False
2025-05-12,L8,Nike,Dunk Low Textile Upper,INS_14,materijal oštećen,major,rework,final,25,True
2025-12-05,L7,Decathlon,Quechua Hiking Upper,INS_04,šav neravnomjeran,minor,pass,incoming,42,False
2025-11-21,L2,Nike,Dunk Low Textile Upper,INS_15,ljepilo vidljivo,minor,pass,inline,43,True
2025-06-11,L7,Crocs,LiteRide Insole Unit,INS_15,boja odstupa,major,pass,final,40,False
2025-05-27,L7,Crocs,Bayaband Slide Upper,INS_14,3D knit greška,minor,pass,final,32,False
2025-09-26,L3,Nike,Dunk Low Textile Upper,INS_09,šav neravnomjeran,major,rework,final,24,True
2025-09-15,L5,Crocs,Bayaband Slide Upper,INS_15,boja odstupa,major,scrap,inline,40,True
2025-08-12,L2,Nike,Air Max Flyknit Upper,INS_10,boja odstupa,minor,pass,inline,35,False
2025-05-19,L5,Crocs,Bayaband Slide Upper,INS_13,šav neravnomjeran,minor,pass,inline,37,False
2025-04-08,L7,Decathlon,Kiprun Carbon Plate,INS_11,ljepilo vidljivo,minor,pass,final,55,True
2025-04-14,L1,Nike,Dunk Low Textile Upper,INS_03,šav neravnomjeran,minor,pass,final,43,True
2025-03-11,L3,Nike,Pegasus 3D Knit Collar,INS_14,ljepilo vidljivo,major,scrap,final,58,True
2025-11-11,L5,Crocs,LiteRide Insole Unit,INS_04,đon delaminacija,major,rework,inline,58,True
2025-08-25,L3,Nike,Pegasus 3D Knit Collar,INS_09,materijal oštećen,minor,rework,final,44,True
2025-10-23,L2,Nike,Air Max Flyknit Upper,INS_13,ljepilo vidljivo,minor,pass,final,35,True
2025-05-22,L4,Crocs,Classic Clog Strap Assembly,INS_11,šav neravnomjeran,major,rework,final,40,False
2026-02-25,L3,Nike,ZoomX Carbon Plate Insert,INS_05,ljepilo vidljivo,minor,pass,inline,51,False
2025-03-11,L7,Decathlon,Kiprun Carbon Plate,INS_05,šav neravnomjeran,minor,pass,final,54,True
2025-09-01,L3,Nike,ZoomX Carbon Plate Insert,INS_01,materijal oštećen,minor,pass,inline,31,False
2025-07-16,L8,Nike,Vaporfly Engineered Mesh,INS_14,boja odstupa,minor,pass,final,17,True
2025-05-08,L8,Decathlon,Kalenji Trail Sole Unit,INS_07,šav neravnomjeran,major,scrap,final,37,True
2025-10-22,L2,Nike,Air Max Flyknit Upper,INS_15,đon delaminacija,minor,pass,inline,72,True
2025-05-30,L6,Decathlon,Quechua Hiking Upper,INS_12,boja odstupa,minor,pass,inline,46,False
2026-02-13,L2,Nike,Air Max Flyknit Upper,INS_15,materijal oštećen,major,rework,final,47,False
2025-11-24,L4,Decathlon,Quechua Hiking Upper,INS_13,ljepilo vidljivo,minor,pass,final,57,False
2025-03-11,L7,Decathlon,Kiprun Carbon Plate,INS_03,šav neravnomjeran,minor,pass,inline,45,False
2025-05-14,L2,Nike,Vaporfly Engineered Mesh,INS_09,3D knit greška,critical,rework,final,40,True
2025-03-12,L1,Nike,ZoomX Carbon Plate Insert,INS_06,boja odstupa,major,rework,incoming,46,True
2025-09-25,L7,Nike,ZoomX Carbon Plate Insert,INS_11,ljepilo vidljivo,minor,pass,inline,21,False
2025-05-16,L1,Nike,ZoomX Carbon Plate Insert,INS_06,materijal oštećen,major,scrap,final,39,False
2025-07-29,L4,Nike,Vaporfly Engineered Mesh,INS_11,đon delaminacija,critical,scrap,inline,42,True
2025-12-30,L1,Nike,Pegasus 3D Knit Collar,INS_05,šav neravnomjeran,major,rework,final,59,False
2025-06-16,L6,Decathlon,Kalenji Trail Sole Unit,INS_08,ljepilo vidljivo,major,rework,inline,29,True
2025-05-19,L3,Nike,Dunk Low Textile Upper,INS_06,boja odstupa,major,scrap,final,43,True
2026-01-26,L6,Decathlon,Quechua Hiking Upper,INS_09,boja odstupa,critical,scrap,incoming,48,True
2025-08-08,L6,Decathlon,Kiprun Carbon Plate,INS_09,logo pozicija,major,pass,final,37,False
2025-05-15,L7,Nike,Vaporfly Engineered Mesh,INS_05,ljepilo vidljivo,minor,pass,final,73,True
2025-11-27,L3,Nike,Dunk Low Textile Upper,INS_06,šav neravnomjeran,major,scrap,inline,25,False
2025-09-16,L2,Nike,Dunk Low Textile Upper,INS_14,boja odstupa,major,scrap,inline,40,False
2025-04-03,L2,Nike,Dunk Low Textile Upper,INS_10,logo pozicija,critical,scrap,inline,33,True
2025-12-03,L1,Nike,Dunk Low Textile Upper,INS_04,đon delaminacija,critical,scrap,inline,59,True
2026-01-09,L4,Decathlon,Quechua Hiking Upper,INS_02,šav neravnomjeran,minor,pass,customer_return,40,False
2025-07-31,L4,Crocs,Bayaband Slide Upper,INS_12,materijal oštećen,major,pass,inline,37,False
2025-12-29,L8,Decathlon,Kiprun Carbon Plate,INS_04,3D knit greška,major,pass,final,45,True
2025-09-25,L3,Nike,Vaporfly Engineered Mesh,INS_05,materijal oštećen,critical,scrap,final,51,True
2025-07-30,L3,Nike,Pegasus 3D Knit Collar,INS_11,šav neravnomjeran,minor,pass,inline,44,False
2026-02-27,L4,Crocs,LiteRide Insole Unit,INS_01,boja odstupa,minor,pass,customer_return,39,False
2025-05-05,L5,Crocs,LiteRide Insole Unit,INS_13,ljepilo vidljivo,minor,pass,inline,20,True
2025-06-27,L4,Nike,Vaporfly Engineered Mesh,INS_13,šav neravnomjeran,major,scrap,inline,49,False
2025-06-23,L1,Nike,Vaporfly Engineered Mesh,INS_10,dimenzija van tolerancije,minor,pass,final,67,True
2025-05-20,L2,Nike,Vaporfly Engineered Mesh,INS_04,3D knit greška,major,rework,final,53,False
2026-01-26,L2,Nike,Vaporfly Engineered Mesh,INS_11,šav neravnomjeran,minor,pass,final,45,True
2025-08-12,L2,Nike,Vaporfly Engineered Mesh,INS_04,boja odstupa,major,rework,inline,64,True
2025-05-05,L3,Nike,Vaporfly Engineered Mesh,INS_01,šav neravnomjeran,minor,pass,customer_return,36,True
2025-08-11,L5,Crocs,LiteRide Insole Unit,INS_04,ljepilo vidljivo,major,rework,inline,50,False
2025-07-16,L3,Nike,Air Max Flyknit Upper,INS_11,ljepilo vidljivo,major,rework,inline,34,True
2025-04-16,L1,Decathlon,Quechua Hiking Upper,INS_02,boja odstupa,minor,pass,incoming,28,False
2025-06-09,L3,Crocs,LiteRide Insole Unit,INS_03,šav neravnomjeran,major,rework,inline,66,False
2025-07-10,L1,Nike,Pegasus 3D Knit Collar,INS_02,boja odstupa,major,scrap,final,73,True
2025-06-18,L5,Crocs,Bayaband Slide Upper,INS_02,3D knit greška,minor,pass,customer_return,47,False
2025-10-27,L4,Crocs,Bayaband Slide Upper,INS_08,3D knit greška,critical,scrap,inline,65,False
2026-01-14,L7,Decathlon,Quechua Hiking Upper,INS_11,šav neravnomjeran,critical,scrap,final,50,False
2025-03-27,L2,Nike,Pegasus 3D Knit Collar,INS_08,šav neravnomjeran,minor,pass,final,33,False
2025-11-11,L4,Crocs,Classic Clog Strap Assembly,INS_13,ljepilo vidljivo,major,rework,final,27,True
2025-04-07,L4,Crocs,Bayaband Slide Upper,INS_04,dimenzija van tolerancije,major,scrap,incoming,31,False
2025-11-14,L6,Decathlon,Kiprun Carbon Plate,INS_15,materijal oštećen,minor,pass,final,45,False
2025-05-01,L4,Crocs,Classic Clog Strap Assembly,INS_04,boja odstupa,major,rework,inline,54,True
2025-03-14,L4,Crocs,LiteRide Insole Unit,INS_08,3D knit greška,major,scrap,final,53,True
2025-06-06,L5,Crocs,LiteRide Insole Unit,INS_05,3D knit greška,critical,scrap,inline,67,False
2025-06-06,L4,Crocs,Classic Clog Strap Assembly,INS_12,ljepilo vidljivo,major,scrap,inline,38,True
2025-10-13,L1,Nike,ZoomX Carbon Plate Insert,INS_14,3D knit greška,minor,pass,final,31,True
2025-12-03,L4,Crocs,Classic Clog Strap Assembly,INS_11,ljepilo vidljivo,minor,rework,inline,54,False
2025-06-16,L5,Crocs,Classic Clog Strap Assembly,INS_14,ljepilo vidljivo,major,scrap,inline,10,False
2025-04-07,L3,Nike,Dunk Low Textile Upper,INS_10,boja odstupa,major,rework,final,57,True
2025-12-26,L3,Nike,Vaporfly Engineered Mesh,INS_04,3D knit greška,minor,rework,customer_return,55,True
2025-08-26,L4,Crocs,Bayaband Slide Upper,INS_12,materijal oštećen,critical,scrap,inline,36,True
2025-08-05,L3,Nike,ZoomX Carbon Plate Insert,INS_07,3D knit greška,minor,scrap,final,31,True
2025-05-07,L1,Nike,ZoomX Carbon Plate Insert,INS_04,boja odstupa,major,rework,final,49,False
2025-05-26,L5,Decathlon,Kiprun Carbon Plate,INS_15,šav neravnomjeran,critical,scrap,inline,51,True
2025-06-26,L3,Nike,Pegasus 3D Knit Collar,INS_09,šav neravnomjeran,major,scrap,incoming,38,False
2025-11-05,L4,Crocs,Bayaband Slide Upper,INS_10,dimenzija van tolerancije,minor,pass,customer_return,33,False
2025-09-30,L7,Crocs,Bayaband Slide Upper,INS_07,3D knit greška,minor,pass,final,40,False
2025-03-27,L3,Nike,ZoomX Carbon Plate Insert,INS_05,ljepilo vidljivo,major,rework,customer_return,40,True
2025-10-23,L1,Nike,Pegasus 3D Knit Collar,INS_10,logo pozicija,minor,rework,final,51,True
2025-10-17,L4,Crocs,Bayaband Slide Upper,INS_01,đon delaminacija,critical,rework,final,34,False
2026-01-07,L4,Crocs,Classic Clog Strap Assembly,INS_08,ljepilo vidljivo,major,pass,inline,37,False
2025-11-07,L5,Crocs,LiteRide Insole Unit,INS_13,boja odstupa,major,scrap,customer_return,49,False
2025-10-13,L4,Nike,Vaporfly Engineered Mesh,INS_10,logo pozicija,major,scrap,inline,51,False
2025-05-28,L7,Decathlon,Kiprun Carbon Plate,INS_04,ljepilo vidljivo,minor,pass,final,54,False
2025-09-15,L5,Crocs,LiteRide Insole Unit,INS_15,boja odstupa,major,scrap,inline,45,False
2026-02-12,L8,Nike,ZoomX Carbon Plate Insert,INS_15,3D knit greška,minor,pass,customer_return,45,False
2025-03-10,L1,Nike,ZoomX Carbon Plate Insert,INS_13,ljepilo vidljivo,major,scrap,incoming,42,True
2025-08-20,L5,Crocs,LiteRide Insole Unit,INS_14,boja odstupa,major,scrap,final,50,False
2025-09-24,L2,Nike,Vaporfly Engineered Mesh,INS_14,boja odstupa,minor,pass,inline,51,True
2025-09-02,L8,Nike,Vaporfly Engineered Mesh,INS_11,šav neravnomjeran,minor,pass,inline,51,False
2025-06-20,L1,Nike,ZoomX Carbon Plate Insert,INS_09,šav neravnomjeran,major,rework,customer_return,64,True
2025-05-16,L7,Decathlon,Kalenji Trail Sole Unit,INS_08,3D knit greška,minor,pass,final,59,False
2025-06-09,L3,Crocs,LiteRide Insole Unit,INS_12,šav neravnomjeran,minor,rework,final,48,False
2025-11-25,L5,Nike,Vaporfly Engineered Mesh,INS_06,materijal oštećen,major,rework,final,67,True
2025-03-06,L1,Nike,Vaporfly Engineered Mesh,INS_14,3D knit greška,minor,pass,inline,57,False
2025-04-25,L6,Decathlon,Kiprun Carbon Plate,INS_01,dimenzija van tolerancije,minor,pass,final,34,True
2025-11-27,L7,Crocs,Bayaband Slide Upper,INS_02,boja odstupa,minor,pass,incoming,37,True
2025-06-02,L3,Nike,Vaporfly Engineered Mesh,INS_03,đon delaminacija,major,pass,final,56,True
2025-11-11,L5,Crocs,Bayaband Slide Upper,INS_05,3D knit greška,critical,scrap,final,55,False
2025-03-04,L5,Crocs,Classic Clog Strap Assembly,INS_02,dimenzija van tolerancije,minor,pass,incoming,56,False
2026-02-04,L1,Nike,Air Max Flyknit Upper,INS_11,ljepilo vidljivo,minor,pass,inline,36,True
2026-02-17,L5,Crocs,Bayaband Slide Upper,INS_11,materijal oštećen,major,rework,incoming,23,False
2025-03-11,L6,Nike,Vaporfly Engineered Mesh,INS_04,šav neravnomjeran,minor,rework,final,28,True
2025-09-15,L8,Nike,Air Max Flyknit Upper,INS_13,šav neravnomjeran,critical,scrap,final,42,False
2025-07-03,L1,Nike,Vaporfly Engineered Mesh,INS_09,dimenzija van tolerancije,major,rework,final,13,True
2025-09-10,L1,Nike,Vaporfly Engineered Mesh,INS_10,ljepilo vidljivo,major,rework,final,63,True
2025-03-12,L1,Nike,Pegasus 3D Knit Collar,INS_05,3D knit greška,critical,scrap,final,51,True
2026-02-05,L1,Nike,ZoomX Carbon Plate Insert,INS_05,boja odstupa,minor,pass,final,56,True
2025-10-10,L3,Decathlon,Kiprun Carbon Plate,INS_03,boja odstupa,major,rework,inline,75,True
2025-03-31,L2,Nike,Vaporfly Engineered Mesh,INS_03,3D knit greška,major,rework,inline,68,False
2025-12-02,L6,Decathlon,Kalenji Trail Sole Unit,INS_14,ljepilo vidljivo,major,pass,final,35,True
2025-05-09,L7,Nike,ZoomX Carbon Plate Insert,INS_07,boja odstupa,minor,pass,incoming,76,True
2026-01-08,L6,Nike,Dunk Low Textile Upper,INS_10,ljepilo vidljivo,major,rework,final,30,True
2025-04-09,L7,Decathlon,Kiprun Carbon Plate,INS_08,3D knit greška,major,rework,final,51,True
2025-04-07,L1,Nike,Air Max Flyknit Upper,INS_05,3D knit greška,major,scrap,incoming,44,True
2025-09-29,L1,Nike,Pegasus 3D Knit Collar,INS_12,dimenzija van tolerancije,critical,scrap,final,22,False
2025-11-05,L1,Nike,Dunk Low Textile Upper,INS_08,šav neravnomjeran,major,scrap,incoming,36,False
2025-04-10,L1,Nike,Air Max Flyknit Upper,INS_13,materijal oštećen,minor,pass,final,43,True
2026-02-12,L1,Nike,Air Max Flyknit Upper,INS_14,šav neravnomjeran,major,rework,final,42,True
2025-08-19,L1,Decathlon,Quechua Hiking Upper,INS_05,šav neravnomjeran,major,scrap,final,28,True
2025-06-30,L7,Nike,Vaporfly Engineered Mesh,INS_08,ljepilo vidljivo,major,rework,final,60,True
2025-08-15,L7,Decathlon,Kiprun Carbon Plate,INS_08,šav neravnomjeran,minor,pass,inline,58,False
2025-03-11,L4,Nike,ZoomX Carbon Plate Insert,INS_07,šav neravnomjeran,major,rework,customer_return,41,False
2026-02-25,L5,Crocs,Bayaband Slide Upper,INS_10,logo pozicija,minor,scrap,final,40,False
2025-06-20,L8,Decathlon,Quechua Hiking Upper,INS_14,3D knit greška,major,scrap,inline,31,False
2025-12-04,L1,Crocs,Bayaband Slide Upper,INS_08,boja odstupa,minor,pass,final,73,False
2025-06-20,L4,Crocs,LiteRide Insole Unit,INS_03,dimenzija van tolerancije,critical,scrap,final,41,False
2025-09-24,L3,Nike,Air Max Flyknit Upper,INS_14,dimenzija van tolerancije,major,scrap,inline,51,True
2025-03-27,L8,Nike,Vaporfly Engineered Mesh,INS_01,ljepilo vidljivo,major,pass,final,56,False
2025-04-04,L2,Nike,Air Max Flyknit Upper,INS_15,boja odstupa,minor,pass,inline,39,True
2025-10-29,L4,Crocs,Classic Clog Strap Assembly,INS_12,dimenzija van tolerancije,major,rework,final,41,False
2025-03-05,L5,Decathlon,Quechua Hiking Upper,INS_02,3D knit greška,minor,pass,final,37,True
2025-10-02,L4,Crocs,Classic Clog Strap Assembly,INS_05,logo pozicija,minor,pass,final,30,True
2025-06-17,L6,Decathlon,Quechua Hiking Upper,INS_05,ljepilo vidljivo,minor,rework,final,27,True
2025-04-07,L5,Nike,ZoomX Carbon Plate Insert,INS_08,ljepilo vidljivo,minor,pass,inline,46,False
2025-05-05,L7,Crocs,Bayaband Slide Upper,INS_06,ljepilo vidljivo,critical,scrap,final,38,True
2025-05-22,L7,Decathlon,Quechua Hiking Upper,INS_04,3D knit greška,minor,pass,inline,46,True
2025-12-11,L5,Crocs,Classic Clog Strap Assembly,INS_10,ljepilo vidljivo,minor,pass,final,46,True
2025-12-02,L4,Crocs,Classic Clog Strap Assembly,INS_04,đon delaminacija,critical,scrap,customer_return,26,True
2026-01-19,L4,Nike,ZoomX Carbon Plate Insert,INS_06,dimenzija van tolerancije,major,scrap,incoming,36,False
2025-07-17,L8,Decathlon,Quechua Hiking Upper,INS_13,3D knit greška,minor,scrap,final,47,False
2025-06-30,L6,Decathlon,Kiprun Carbon Plate,INS_01,3D knit greška,major,rework,inline,42,True
2025-12-30,L8,Nike,ZoomX Carbon Plate Insert,INS_05,3D knit greška,critical,scrap,inline,28,False
2026-01-20,L1,Nike,Dunk Low Textile Upper,INS_12,materijal oštećen,minor,pass,inline,63,True
2025-10-20,L4,Crocs,Classic Clog Strap Assembly,INS_04,šav neravnomjeran,major,rework,final,37,False
2025-09-19,L6,Decathlon,Quechua Hiking Upper,INS_14,šav neravnomjeran,minor,rework,final,51,False
2025-12-25,L3,Nike,ZoomX Carbon Plate Insert,INS_14,3D knit greška,major,scrap,inline,61,True
2025-07-01,L2,Nike,Dunk Low Textile Upper,INS_13,materijal oštećen,critical,scrap,incoming,46,True
2025-04-18,L2,Nike,Air Max Flyknit Upper,INS_10,dimenzija van tolerancije,critical,scrap,inline,47,True
2025-05-20,L7,Crocs,LiteRide Insole Unit,INS_08,3D knit greška,critical,scrap,inline,44,True
2025-03-26,L3,Nike,ZoomX Carbon Plate Insert,INS_11,đon delaminacija,minor,rework,inline,63,True
2025-04-03,L5,Crocs,LiteRide Insole Unit,INS_07,materijal oštećen,minor,pass,final,51,True
2025-11-07,L1,Nike,Dunk Low Textile Upper,INS_02,materijal oštećen,minor,pass,final,33,True
2026-01-12,L6,Decathlon,Kalenji Trail Sole Unit,INS_11,šav neravnomjeran,minor,pass,final,55,False
2025-03-06,L5,Crocs,Bayaband Slide Upper,INS_10,boja odstupa,major,scrap,final,58,True
2025-09-10,L6,Decathlon,Kiprun Carbon Plate,INS_05,đon delaminacija,critical,scrap,inline,40,False
2025-08-14,L1,Crocs,Bayaband Slide Upper,INS_15,materijal oštećen,minor,pass,inline,41,True
2025-03-14,L3,Nike,Vaporfly Engineered Mesh,INS_10,dimenzija van tolerancije,major,scrap,inline,34,True
2026-02-11,L8,Decathlon,Quechua Hiking Upper,INS_05,boja odstupa,major,rework,inline,29,False
2025-06-12,L5,Crocs,LiteRide Insole Unit,INS_11,dimenzija van tolerancije,major,scrap,inline,57,True
2025-04-01,L3,Nike,Vaporfly Engineered Mesh,INS_06,šav neravnomjeran,minor,pass,inline,55,True
2025-12-02,L3,Nike,ZoomX Carbon Plate Insert,INS_05,ljepilo vidljivo,major,rework,final,42,True
2025-11-25,L4,Crocs,LiteRide Insole Unit,INS_02,boja odstupa,minor,rework,inline,44,True
2025-03-19,L1,Nike,Dunk Low Textile Upper,INS_03,logo pozicija,major,rework,final,69,True
2025-03-20,L3,Nike,Pegasus 3D Knit Collar,INS_07,boja odstupa,major,scrap,inline,34,False
2025-03-27,L3,Nike,ZoomX Carbon Plate Insert,INS_09,boja odstupa,critical,scrap,final,48,True
2025-09-01,L1,Nike,ZoomX Carbon Plate Insert,INS_11,ljepilo vidljivo,critical,scrap,inline,67,True
2025-12-04,L7,Nike,Vaporfly Engineered Mesh,INS_03,ljepilo vidljivo,major,rework,final,50,True
2025-10-14,L4,Crocs,LiteRide Insole Unit,INS_08,šav neravnomjeran,major,scrap,inline,37,True
2026-01-27,L6,Nike,Pegasus 3D Knit Collar,INS_14,šav neravnomjeran,major,pass,inline,60,True
2025-11-13,L6,Nike,Air Max Flyknit Upper,INS_08,ljepilo vidljivo,major,rework,final,52,True
2025-12-09,L2,Nike,ZoomX Carbon Plate Insert,INS_05,dimenzija van tolerancije,major,rework,inline,35,False
2025-11-06,L4,Crocs,Classic Clog Strap Assembly,INS_14,materijal oštećen,critical,rework,inline,59,True
2025-12-10,L8,Nike,Air Max Flyknit Upper,INS_11,ljepilo vidljivo,major,rework,final,53,False
2025-11-10,L3,Crocs,Bayaband Slide Upper,INS_14,materijal oštećen,major,scrap,incoming,45,True
2025-12-19,L8,Nike,Air Max Flyknit Upper,INS_08,šav neravnomjeran,minor,pass,final,60,True
2025-10-03,L7,Decathlon,Kiprun Carbon Plate,INS_03,šav neravnomjeran,major,rework,final,34,False
2025-09-11,L1,Nike,Dunk Low Textile Upper,INS_03,šav neravnomjeran,major,scrap,final,48,True
2025-11-21,L4,Nike,Dunk Low Textile Upper,INS_06,boja odstupa,major,rework,final,50,True
2026-02-20,L6,Crocs,LiteRide Insole Unit,INS_14,materijal oštećen,minor,rework,final,46,False
2025-10-30,L2,Nike,Vaporfly Engineered Mesh,INS_15,boja odstupa,major,rework,final,36,False
2025-11-25,L5,Crocs,Bayaband Slide Upper,INS_11,materijal oštećen,critical,scrap,final,47,False
2025-09-15,L7,Decathlon,Kalenji Trail Sole Unit,INS_01,ljepilo vidljivo,major,rework,customer_return,38,True
2025-11-04,L7,Decathlon,Quechua Hiking Upper,INS_11,3D knit greška,major,rework,inline,10,False
2025-09-11,L8,Crocs,Bayaband Slide Upper,INS_02,ljepilo vidljivo,minor,scrap,final,20,False
2025-04-29,L7,Decathlon,Kalenji Trail Sole Unit,INS_08,ljepilo vidljivo,minor,pass,final,39,True
2025-10-08,L2,Nike,Dunk Low Textile Upper,INS_02,ljepilo vidljivo,major,scrap,final,35,True
2025-10-02,L2,Nike,ZoomX Carbon Plate Insert,INS_11,3D knit greška,minor,pass,customer_return,43,True
2025-08-08,L5,Crocs,Bayaband Slide Upper,INS_11,šav neravnomjeran,minor,pass,inline,37,False
2025-03-03,L4,Crocs,Classic Clog Strap Assembly,INS_02,logo pozicija,minor,pass,final,22,True
2025-05-14,L8,Nike,Vaporfly Engineered Mesh,INS_01,đon delaminacija,critical,scrap,final,47,False
2025-06-10,L5,Decathlon,Kiprun Carbon Plate,INS_10,šav neravnomjeran,major,rework,inline,46,False
2025-10-29,L6,Decathlon,Kalenji Trail Sole Unit,INS_12,ljepilo vidljivo,minor,pass,inline,39,True
2025-08-15,L6,Decathlon,Quechua Hiking Upper,INS_10,materijal oštećen,major,scrap,inline,44,False
2025-07-29,L3,Crocs,Classic Clog Strap Assembly,INS_04,3D knit greška,major,pass,final,47,True
2025-03-11,L7,Decathlon,Kiprun Carbon Plate,INS_03,materijal oštećen,minor,rework,incoming,36,False
2025-12-30,L5,Crocs,Bayaband Slide Upper,INS_09,materijal oštećen,major,scrap,inline,39,True
2025-08-11,L2,Nike,Pegasus 3D Knit Collar,INS_10,đon delaminacija,minor,rework,final,49,False
2025-04-03,L8,Nike,Dunk Low Textile Upper,INS_09,šav neravnomjeran,major,rework,inline,25,True
2025-11-24,L4,Nike,Pegasus 3D Knit Collar,INS_09,dimenzija van tolerancije,major,rework,final,44,True
2025-06-24,L1,Nike,Air Max Flyknit Upper,INS_02,dimenzija van tolerancije,critical,scrap,inline,24,False
2026-01-23,L8,Nike,Vaporfly Engineered Mesh,INS_10,šav neravnomjeran,minor,rework,final,58,True
2025-11-04,L2,Nike,Dunk Low Textile Upper,INS_12,šav neravnomjeran,critical,scrap,final,41,False
2025-09-25,L4,Crocs,Classic Clog Strap Assembly,INS_07,3D knit greška,major,scrap,inline,80,True
2025-06-11,L4,Nike,Air Max Flyknit Upper,INS_06,materijal oštećen,major,scrap,final,39,False
2025-12-30,L7,Decathlon,Kiprun Carbon Plate,INS_07,dimenzija van tolerancije,major,scrap,final,56,False
2025-09-08,L6,Nike,ZoomX Carbon Plate Insert,INS_03,šav neravnomjeran,critical,scrap,final,41,False
2025-06-02,L4,Crocs,Bayaband Slide Upper,INS_06,đon delaminacija,critical,rework,inline,39,True
2025-04-29,L3,Nike,Pegasus 3D Knit Collar,INS_13,šav neravnomjeran,major,pass,inline,45,False
2025-03-06,L7,Decathlon,Quechua Hiking Upper,INS_12,ljepilo vidljivo,major,rework,incoming,48,True
2025-11-04,L3,Nike,Pegasus 3D Knit Collar,INS_08,ljepilo vidljivo,minor,pass,customer_return,56,True
2025-09-17,L1,Nike,Dunk Low Textile Upper,INS_14,boja odstupa,minor,pass,customer_return,32,False
2025-12-12,L5,Crocs,Classic Clog Strap Assembly,INS_13,ljepilo vidljivo,minor,rework,inline,51,False
2025-10-13,L1,Nike,Pegasus 3D Knit Collar,INS_11,ljepilo vidljivo,minor,rework,inline,68,False
2025-09-11,L4,Crocs,Classic Clog Strap Assembly,INS_14,šav neravnomjeran,major,rework,final,50,True
2025-03-28,L8,Nike,Pegasus 3D Knit Collar,INS_03,šav neravnomjeran,minor,rework,final,37,True
2025-08-15,L7,Decathlon,Kiprun Carbon Plate,INS_12,3D knit greška,minor,pass,incoming,28,False
2025-06-27,L4,Crocs,Classic Clog Strap Assembly,INS_06,dimenzija van tolerancije,major,rework,incoming,58,False
2026-01-30,L2,Nike,Dunk Low Textile Upper,INS_10,dimenzija van tolerancije,critical,scrap,final,37,True
2026-02-17,L2,Nike,Vaporfly Engineered Mesh,INS_06,boja odstupa,major,scrap,final,34,False
2025-03-14,L2,Nike,Dunk Low Textile Upper,INS_11,materijal oštećen,critical,scrap,final,48,True
2025-11-12,L3,Nike,Dunk Low Textile Upper,INS_04,dimenzija van tolerancije,critical,scrap,customer_return,41,False
2025-06-10,L8,Decathlon,Kiprun Carbon Plate,INS_01,logo pozicija,major,rework,inline,48,True
2025-06-03,L7,Decathlon,Kalenji Trail Sole Unit,INS_10,boja odstupa,major,rework,inline,41,False
2025-07-18,L8,Crocs,Bayaband Slide Upper,INS_13,šav neravnomjeran,minor,pass,inline,50,False
2025-08-06,L4,Crocs,LiteRide Insole Unit,INS_03,logo pozicija,critical,scrap,final,49,True
2025-05-21,L1,Nike,Dunk Low Textile Upper,INS_15,materijal oštećen,major,pass,final,23,True
2025-03-28,L3,Nike,Pegasus 3D Knit Collar,INS_09,materijal oštećen,minor,pass,inline,28,True
2025-06-20,L5,Crocs,LiteRide Insole Unit,INS_03,šav neravnomjeran,major,scrap,final,63,True
2025-03-12,L1,Nike,ZoomX Carbon Plate Insert,INS_08,ljepilo vidljivo,minor,rework,incoming,32,True
2025-05-14,L4,Crocs,Bayaband Slide Upper,INS_11,šav neravnomjeran,minor,pass,incoming,64,False
2025-11-03,L7,Decathlon,Kalenji Trail Sole Unit,INS_10,šav neravnomjeran,minor,rework,final,41,True
2025-04-25,L7,Decathlon,Kiprun Carbon Plate,INS_15,šav neravnomjeran,major,scrap,final,31,True
2025-04-17,L7,Decathlon,Kiprun Carbon Plate,INS_13,šav neravnomjeran,minor,pass,inline,31,True
2025-06-25,L2,Nike,Pegasus 3D Knit Collar,INS_14,šav neravnomjeran,minor,pass,final,30,True
2025-11-11,L6,Decathlon,Quechua Hiking Upper,INS_06,ljepilo vidljivo,major,scrap,final,59,True
2025-05-30,L8,Crocs,LiteRide Insole Unit,INS_02,ljepilo vidljivo,minor,pass,final,41,True
2025-09-22,L3,Nike,Pegasus 3D Knit Collar,INS_14,dimenzija van tolerancije,major,scrap,customer_return,52,False
2026-02-02,L1,Nike,Dunk Low Textile Upper,INS_12,šav neravnomjeran,minor,pass,final,12,True
2026-01-19,L3,Decathlon,Kalenji Trail Sole Unit,INS_11,logo pozicija,minor,pass,inline,31,True
2025-05-02,L5,Crocs,Bayaband Slide Upper,INS_02,ljepilo vidljivo,minor,pass,inline,38,True
2025-11-24,L7,Decathlon,Quechua Hiking Upper,INS_13,logo pozicija,major,rework,final,43,True
2025-03-31,L3,Nike,ZoomX Carbon Plate Insert,INS_02,logo pozicija,minor,pass,final,42,True
2026-01-02,L6,Decathlon,Quechua Hiking Upper,INS_09,ljepilo vidljivo,major,scrap,final,17,False
2025-09-01,L3,Nike,ZoomX Carbon Plate Insert,INS_14,ljepilo vidljivo,minor,pass,final,33,True
2025-05-21,L5,Crocs,Bayaband Slide Upper,INS_09,šav neravnomjeran,major,rework,inline,43,False
2025-06-10,L4,Decathlon,Kalenji Trail Sole Unit,INS_07,materijal oštećen,major,scrap,final,71,True
2026-01-05,L2,Nike,Air Max Flyknit Upper,INS_04,boja odstupa,minor,pass,final,41,False
2025-04-09,L1,Nike,Pegasus 3D Knit Collar,INS_10,dimenzija van tolerancije,minor,pass,inline,53,False
2025-07-01,L3,Nike,Air Max Flyknit Upper,INS_15,logo pozicija,major,rework,inline,49,False
2025-11-19,L8,Nike,Vaporfly Engineered Mesh,INS_06,boja odstupa,minor,pass,final,46,False
2025-12-12,L1,Nike,ZoomX Carbon Plate Insert,INS_10,ljepilo vidljivo,minor,rework,final,30,True
2025-04-15,L6,Decathlon,Kalenji Trail Sole Unit,INS_10,ljepilo vidljivo,major,rework,final,54,True
2025-05-15,L1,Nike,Dunk Low Textile Upper,INS_11,boja odstupa,minor,pass,final,47,True
2025-08-05,L2,Crocs,LiteRide Insole Unit,INS_07,ljepilo vidljivo,minor,pass,customer_return,54,True
2025-05-29,L2,Nike,Vaporfly Engineered Mesh,INS_01,šav neravnomjeran,major,rework,final,35,True
2026-01-08,L2,Nike,Air Max Flyknit Upper,INS_04,dimenzija van tolerancije,minor,pass,final,46,True
2025-05-06,L7,Decathlon,Quechua Hiking Upper,INS_05,ljepilo vidljivo,major,pass,final,34,True
2025-05-27,L5,Crocs,Bayaband Slide Upper,INS_08,materijal oštećen,major,rework,final,50,True
2025-10-27,L1,Nike,ZoomX Carbon Plate Insert,INS_09,3D knit greška,minor,pass,final,60,True
2025-11-06,L5,Nike,ZoomX Carbon Plate Insert,INS_07,šav neravnomjeran,minor,pass,final,63,False
2025-04-24,L2,Crocs,Bayaband Slide Upper,INS_06,ljepilo vidljivo,minor,pass,inline,36,False
2025-09-29,L3,Nike,Pegasus 3D Knit Collar,INS_09,šav neravnomjeran,major,pass,final,51,False
2025-05-19,L3,Nike,Dunk Low Textile Upper,INS_04,ljepilo vidljivo,minor,pass,final,47,False
2025-03-04,L5,Crocs,Classic Clog Strap Assembly,INS_12,boja odstupa,critical,rework,final,62,False
2025-09-26,L3,Nike,ZoomX Carbon Plate Insert,INS_03,logo pozicija,minor,rework,incoming,47,True
2026-02-24,L7,Decathlon,Kiprun Carbon Plate,INS_05,ljepilo vidljivo,minor,pass,inline,36,True
2025-03-14,L4,Crocs,Bayaband Slide Upper,INS_11,logo pozicija,minor,pass,incoming,48,True
2025-07-09,L5,Nike,Air Max Flyknit Upper,INS_08,materijal oštećen,major,pass,inline,23,False
2025-12-05,L8,Nike,Dunk Low Textile Upper,INS_05,ljepilo vidljivo,minor,pass,customer_return,35,True
2025-08-13,L7,Decathlon,Quechua Hiking Upper,INS_02,šav neravnomjeran,major,pass,final,55,True
2026-02-06,L8,Nike,Vaporfly Engineered Mesh,INS_09,šav neravnomjeran,critical,scrap,customer_return,55,True
2025-03-14,L8,Crocs,LiteRide Insole Unit,INS_01,logo pozicija,minor,pass,inline,42,False
2025-08-27,L1,Nike,ZoomX Carbon Plate Insert,INS_03,3D knit greška,major,rework,inline,63,True
2025-04-23,L3,Nike,Air Max Flyknit Upper,INS_09,ljepilo vidljivo,minor,pass,inline,50,True
2025-10-31,L2,Nike,Pegasus 3D Knit Collar,INS_08,šav neravnomjeran,major,rework,inline,46,True
2025-11-14,L2,Nike,Vaporfly Engineered Mesh,INS_10,ljepilo vidljivo,minor,pass,final,29,False
2025-10-02,L1,Nike,Air Max Flyknit Upper,INS_09,šav neravnomjeran,minor,pass,customer_return,31,True
2026-01-01,L6,Nike,ZoomX Carbon Plate Insert,INS_14,šav neravnomjeran,major,rework,inline,62,True
2025-03-14,L2,Nike,Vaporfly Engineered Mesh,INS_15,ljepilo vidljivo,critical,scrap,inline,69,False
2025-03-03,L2,Nike,Pegasus 3D Knit Collar,INS_12,3D knit greška,minor,pass,final,31,True
2025-04-11,L4,Decathlon,Kalenji Trail Sole Unit,INS_06,ljepilo vidljivo,minor,rework,final,33,True
2025-03-04,L6,Decathlon,Quechua Hiking Upper,INS_13,šav neravnomjeran,major,rework,final,45,False
2025-10-13,L2,Nike,Dunk Low Textile Upper,INS_13,3D knit greška,major,rework,final,57,True
2026-02-05,L3,Crocs,LiteRide Insole Unit,INS_05,đon delaminacija,major,scrap,final,39,True
2025-10-24,L7,Decathlon,Kiprun Carbon Plate,INS_06,logo pozicija,critical,scrap,final,27,True
2025-06-23,L1,Nike,Vaporfly Engineered Mesh,INS_15,boja odstupa,major,rework,final,32,True
2025-09-10,L8,Nike,Vaporfly Engineered Mesh,INS_06,ljepilo vidljivo,minor,pass,inline,34,False
2026-02-18,L6,Decathlon,Kalenji Trail Sole Unit,INS_02,ljepilo vidljivo,minor,pass,inline,46,False
2025-04-16,L3,Nike,Vaporfly Engineered Mesh,INS_07,logo pozicija,minor,pass,final,46,False
2026-01-30,L1,Nike,ZoomX Carbon Plate Insert,INS_01,šav neravnomjeran,major,scrap,final,59,False
2025-06-11,L5,Crocs,Bayaband Slide Upper,INS_12,šav neravnomjeran,major,pass,final,42,True
2025-08-29,L2,Nike,Vaporfly Engineered Mesh,INS_14,boja odstupa,major,rework,final,48,True
2025-10-20,L3,Nike,ZoomX Carbon Plate Insert,INS_09,3D knit greška,major,rework,incoming,62,False
2026-01-20,L1,Nike,Vaporfly Engineered Mesh,INS_13,dimenzija van tolerancije,major,rework,customer_return,47,True
2025-05-01,L5,Crocs,Classic Clog Strap Assembly,INS_15,ljepilo vidljivo,minor,scrap,inline,35,True
2026-02-16,L1,Nike,Pegasus 3D Knit Collar,INS_06,boja odstupa,major,scrap,final,40,True
2026-01-07,L6,Decathlon,Kalenji Trail Sole Unit,INS_05,boja odstupa,minor,rework,final,37,True
2025-09-30,L7,Nike,Dunk Low Textile Upper,INS_05,boja odstupa,major,scrap,inline,40,False
2025-09-22,L2,Nike,Air Max Flyknit Upper,INS_04,dimenzija van tolerancije,critical,scrap,final,36,False
2025-04-03,L2,Nike,Dunk Low Textile Upper,INS_15,đon delaminacija,minor,pass,inline,55,True
2025-06-06,L3,Nike,Pegasus 3D Knit Collar,INS_15,dimenzija van tolerancije,critical,scrap,final,29,False
2025-10-16,L7,Crocs,LiteRide Insole Unit,INS_01,logo pozicija,critical,scrap,final,47,False
2025-09-15,L8,Nike,Air Max Flyknit Upper,INS_07,logo pozicija,minor,rework,inline,61,True
2026-01-13,L4,Crocs,Bayaband Slide Upper,INS_07,šav neravnomjeran,major,rework,inline,37,False
2026-01-08,L1,Nike,Air Max Flyknit Upper,INS_08,šav neravnomjeran,minor,pass,inline,68,True
2025-10-31,L5,Crocs,LiteRide Insole Unit,INS_07,boja odstupa,minor,pass,inline,45,True
2026-02-02,L1,Nike,Dunk Low Textile Upper,INS_07,logo pozicija,major,rework,final,52,False
2025-06-11,L5,Crocs,Bayaband Slide Upper,INS_10,šav neravnomjeran,minor,pass,final,47,True
2025-06-16,L6,Decathlon,Kiprun Carbon Plate,INS_14,ljepilo vidljivo,minor,pass,incoming,45,False
2025-09-19,L6,Decathlon,Kiprun Carbon Plate,INS_12,šav neravnomjeran,critical,scrap,inline,59,True
2025-04-11,L4,Decathlon,Kalenji Trail Sole Unit,INS_03,3D knit greška,major,scrap,inline,53,True
2025-07-23,L7,Decathlon,Kiprun Carbon Plate,INS_13,ljepilo vidljivo,major,scrap,customer_return,44,False
2025-10-20,L3,Nike,ZoomX Carbon Plate Insert,INS_07,materijal oštećen,major,rework,final,41,True
2026-01-19,L4,Nike,ZoomX Carbon Plate Insert,INS_15,materijal oštećen,critical,scrap,customer_return,54,True
2025-10-09,L2,Nike,Air Max Flyknit Upper,INS_02,ljepilo vidljivo,major,rework,inline,31,False
2025-03-28,L5,Crocs,Classic Clog Strap Assembly,INS_12,đon delaminacija,major,scrap,final,42,True
2025-06-23,L3,Nike,Pegasus 3D Knit Collar,INS_05,dimenzija van tolerancije,minor,pass,inline,38,False
2025-04-24,L1,Nike,ZoomX Carbon Plate Insert,INS_12,šav neravnomjeran,minor,pass,incoming,49,True
2025-06-10,L1,Nike,Air Max Flyknit Upper,INS_06,đon delaminacija,major,rework,final,45,True
2025-12-11,L4,Crocs,Classic Clog Strap Assembly,INS_10,šav neravnomjeran,major,rework,inline,40,True
2025-09-29,L4,Crocs,Bayaband Slide Upper,INS_02,dimenzija van tolerancije,major,rework,final,36,True
2026-01-08,L2,Nike,Dunk Low Textile Upper,INS_12,šav neravnomjeran,minor,rework,customer_return,51,True
2025-09-08,L1,Nike,Vaporfly Engineered Mesh,INS_12,materijal oštećen,major,scrap,final,44,True
2025-05-14,L1,Nike,Pegasus 3D Knit Collar,INS_12,logo pozicija,critical,scrap,inline,41,True
2025-04-07,L7,Decathlon,Quechua Hiking Upper,INS_09,šav neravnomjeran,minor,pass,inline,33,False
2025-07-29,L3,Crocs,Classic Clog Strap Assembly,INS_14,materijal oštećen,minor,pass,inline,40,True
2025-10-09,L7,Decathlon,Kiprun Carbon Plate,INS_14,boja odstupa,major,rework,incoming,43,True
2025-08-29,L5,Crocs,Bayaband Slide Upper,INS_03,logo pozicija,major,scrap,inline,51,True
2025-09-25,L3,Nike,Vaporfly Engineered Mesh,INS_10,dimenzija van tolerancije,major,scrap,final,21,True
2025-09-11,L5,Decathlon,Kiprun Carbon Plate,INS_09,šav neravnomjeran,major,scrap,customer_return,48,True
2025-09-10,L5,Decathlon,Kiprun Carbon Plate,INS_03,šav neravnomjeran,major,rework,incoming,35,False
2025-06-18,L5,Crocs,Bayaband Slide Upper,INS_10,boja odstupa,major,pass,inline,53,True
2025-09-26,L7,Nike,Pegasus 3D Knit Collar,INS_09,šav neravnomjeran,minor,pass,final,23,True
2025-10-27,L4,Nike,Vaporfly Engineered Mesh,INS_01,ljepilo vidljivo,minor,pass,customer_return,38,True
2025-03-25,L3,Crocs,Bayaband Slide Upper,INS_04,dimenzija van tolerancije,critical,scrap,final,40,False
2025-06-13,L5,Crocs,Classic Clog Strap Assembly,INS_03,logo pozicija,major,scrap,customer_return,43,True
2026-02-17,L1,Nike,Dunk Low Textile Upper,INS_12,logo pozicija,critical,scrap,inline,37,False
2025-08-13,L1,Nike,Dunk Low Textile Upper,INS_02,šav neravnomjeran,minor,pass,inline,46,True
2025-10-15,L4,Crocs,Bayaband Slide Upper,INS_14,ljepilo vidljivo,major,rework,customer_return,53,False
2025-08-15,L6,Decathlon,Quechua Hiking Upper,INS_14,3D knit greška,critical,scrap,customer_return,52,False
2025-08-08,L2,Nike,Dunk Low Textile Upper,INS_08,ljepilo vidljivo,major,rework,inline,56,True
2025-03-14,L1,Nike,ZoomX Carbon Plate Insert,INS_15,logo pozicija,major,rework,inline,26,True
2025-09-29,L1,Nike,ZoomX Carbon Plate Insert,INS_09,boja odstupa,major,rework,final,55,False
2025-10-24,L1,Nike,Dunk Low Textile Upper,INS_01,šav neravnomjeran,critical,scrap,inline,37,False
2025-03-03,L1,Nike,Vaporfly Engineered Mesh,INS_15,ljepilo vidljivo,minor,pass,customer_return,31,True
2026-02-10,L8,Crocs,LiteRide Insole Unit,INS_01,đon delaminacija,critical,scrap,inline,58,False
2025-04-15,L3,Nike,Vaporfly Engineered Mesh,INS_11,boja odstupa,critical,scrap,inline,46,True
2025-03-10,L3,Nike,Air Max Flyknit Upper,INS_11,logo pozicija,major,rework,final,61,True
2025-10-20,L1,Nike,ZoomX Carbon Plate Insert,INS_08,materijal oštećen,minor,rework,inline,38,False
2025-03-10,L7,Decathlon,Kalenji Trail Sole Unit,INS_14,ljepilo vidljivo,minor,rework,inline,54,False
2025-08-21,L7,Crocs,Classic Clog Strap Assembly,INS_05,dimenzija van tolerancije,minor,pass,final,44,True
2025-08-14,L7,Decathlon,Kiprun Carbon Plate,INS_09,dimenzija van tolerancije,critical,scrap,final,49,True
2025-10-23,L4,Crocs,Bayaband Slide Upper,INS_01,materijal oštećen,major,scrap,final,34,False
2026-02-02,L1,Nike,Dunk Low Textile Upper,INS_07,ljepilo vidljivo,minor,pass,inline,38,True
2025-05-19,L7,Decathlon,Kiprun Carbon Plate,INS_05,šav neravnomjeran,minor,scrap,final,49,False
2025-09-15,L8,Nike,Air Max Flyknit Upper,INS_02,materijal oštećen,critical,scrap,inline,49,False
2025-07-31,L3,Nike,Vaporfly Engineered Mesh,INS_09,dimenzija van tolerancije,critical,scrap,inline,44,True
2025-08-12,L2,Nike,Pegasus 3D Knit Collar,INS_11,materijal oštećen,major,scrap,inline,58,True
2025-03-18,L4,Crocs,Bayaband Slide Upper,INS_07,boja odstupa,critical,scrap,final,47,True
2025-09-29,L4,Crocs,LiteRide Insole Unit,INS_07,logo pozicija,major,pass,final,32,True
2025-04-18,L1,Nike,Vaporfly Engineered Mesh,INS_10,ljepilo vidljivo,major,scrap,final,21,True
2025-09-25,L2,Nike,Pegasus 3D Knit Collar,INS_11,ljepilo vidljivo,minor,pass,customer_return,46,True
2025-06-13,L1,Nike,ZoomX Carbon Plate Insert,INS_04,šav neravnomjeran,minor,pass,inline,44,True
2025-09-22,L2,Nike,Air Max Flyknit Upper,INS_02,3D knit greška,critical,scrap,inline,37,True
2025-03-14,L6,Decathlon,Kalenji Trail Sole Unit,INS_12,materijal oštećen,minor,pass,inline,51,True
2025-10-20,L6,Decathlon,Kalenji Trail Sole Unit,INS_05,šav neravnomjeran,minor,pass,inline,44,True
2025-05-12,L1,Crocs,LiteRide Insole Unit,INS_11,3D knit greška,major,scrap,final,55,True
2025-05-14,L5,Crocs,LiteRide Insole Unit,INS_14,logo pozicija,major,rework,final,32,True
2025-08-12,L4,Crocs,Classic Clog Strap Assembly,INS_08,boja odstupa,major,scrap,inline,33,True
2025-09-04,L2,Nike,Vaporfly Engineered Mesh,INS_07,ljepilo vidljivo,major,scrap,final,42,False
2025-11-20,L2,Nike,ZoomX Carbon Plate Insert,INS_09,ljepilo vidljivo,minor,pass,inline,47,True
2025-11-21,L4,Crocs,Bayaband Slide Upper,INS_03,boja odstupa,minor,pass,inline,33,True
2025-05-19,L2,Nike,Pegasus 3D Knit Collar,INS_04,boja odstupa,minor,pass,final,57,False
2025-12-05,L4,Crocs,Bayaband Slide Upper,INS_07,dimenzija van tolerancije,minor,pass,final,38,True
2025-07-07,L6,Decathlon,Kalenji Trail Sole Unit,INS_09,ljepilo vidljivo,minor,pass,inline,40,False
2025-06-03,L7,Decathlon,Quechua Hiking Upper,INS_13,boja odstupa,minor,pass,final,43,False
2025-09-05,L3,Nike,Dunk Low Textile Upper,INS_02,šav neravnomjeran,major,rework,final,29,False
2025-05-21,L2,Nike,Air Max Flyknit Upper,INS_03,ljepilo vidljivo,minor,pass,final,28,True
2025-03-21,L7,Decathlon,Kalenji Trail Sole Unit,INS_11,šav neravnomjeran,minor,pass,final,50,True
2025-04-23,L3,Nike,ZoomX Carbon Plate Insert,INS_10,đon delaminacija,critical,scrap,final,37,True
2025-11-14,L3,Nike,ZoomX Carbon Plate Insert,INS_08,dimenzija van tolerancije,minor,rework,final,54,True
2025-11-04,L3,Decathlon,Kalenji Trail Sole Unit,INS_14,ljepilo vidljivo,minor,rework,final,47,False
2025-03-04,L8,Nike,Dunk Low Textile Upper,INS_02,dimenzija van tolerancije,major,rework,final,11,True
2025-11-11,L3,Nike,Dunk Low Textile Upper,INS_08,logo pozicija,major,rework,inline,18,True
2025-09-29,L8,Nike,Pegasus 3D Knit Collar,INS_05,materijal oštećen,minor,pass,final,58,True
2025-06-09,L2,Nike,Vaporfly Engineered Mesh,INS_15,boja odstupa,minor,rework,final,52,False
2025-10-23,L2,Nike,Air Max Flyknit Upper,INS_03,šav neravnomjeran,minor,pass,inline,30,True
2025-06-16,L3,Nike,Pegasus 3D Knit Collar,INS_03,materijal oštećen,critical,scrap,final,47,True
2025-05-01,L3,Nike,Dunk Low Textile Upper,INS_02,boja odstupa,minor,rework,inline,41,False
2026-02-11,L2,Nike,Dunk Low Textile Upper,INS_08,ljepilo vidljivo,minor,pass,final,55,False
2025-12-03,L2,Nike,Vaporfly Engineered Mesh,INS_01,dimenzija van tolerancije,critical,scrap,inline,55,True
2025-04-08,L5,Crocs,LiteRide Insole Unit,INS_12,dimenzija van tolerancije,major,rework,final,50,False
2025-05-29,L2,Crocs,LiteRide Insole Unit,INS_15,3D knit greška,major,rework,inline,70,True
2025-03-20,L8,Nike,ZoomX Carbon Plate Insert,INS_02,šav neravnomjeran,minor,pass,final,35,False
2025-04-17,L7,Decathlon,Kiprun Carbon Plate,INS_09,šav neravnomjeran,minor,scrap,final,51,False
2025-07-25,L4,Crocs,LiteRide Insole Unit,INS_15,boja odstupa,critical,scrap,inline,51,True
2025-06-25,L3,Nike,Vaporfly Engineered Mesh,INS_05,šav neravnomjeran,major,rework,final,33,False
2025-08-18,L7,Decathlon,Quechua Hiking Upper,INS_04,ljepilo vidljivo,critical,scrap,inline,24,True
2025-09-04,L6,Decathlon,Quechua Hiking Upper,INS_10,3D knit greška,critical,scrap,final,46,True
2025-10-06,L1,Nike,Pegasus 3D Knit Collar,INS_05,materijal oštećen,major,rework,final,59,True
2026-02-27,L5,Crocs,Bayaband Slide Upper,INS_05,3D knit greška,major,scrap,final,44,False
2025-09-01,L4,Crocs,LiteRide Insole Unit,INS_02,šav neravnomjeran,minor,pass,final,39,True
2025-08-22,L3,Nike,ZoomX Carbon Plate Insert,INS_10,boja odstupa,minor,pass,final,59,True
2026-02-27,L6,Crocs,Bayaband Slide Upper,INS_08,đon delaminacija,critical,scrap,final,54,False
2025-11-11,L2,Nike,Pegasus 3D Knit Collar,INS_11,materijal oštećen,critical,scrap,inline,59,False
2025-05-02,L1,Nike,Vaporfly Engineered Mesh,INS_13,boja odstupa,critical,scrap,incoming,67,True
2025-05-13,L1,Nike,ZoomX Carbon Plate Insert,INS_03,šav neravnomjeran,minor,rework,customer_return,44,False
2025-04-03,L4,Crocs,Bayaband Slide Upper,INS_05,boja odstupa,major,rework,inline,32,False
2025-08-27,L3,Nike,Vaporfly Engineered Mesh,INS_06,boja odstupa,minor,pass,inline,37,True
2025-04-10,L4,Crocs,LiteRide Insole Unit,INS_06,šav neravnomjeran,major,rework,customer_return,58,True
2025-08-18,L2,Nike,Vaporfly Engineered Mesh,INS_10,3D knit greška,minor,pass,final,44,True
2025-07-11,L5,Crocs,LiteRide Insole Unit,INS_15,logo pozicija,major,rework,final,24,True
2025-07-25,L3,Nike,ZoomX Carbon Plate Insert,INS_04,šav neravnomjeran,minor,scrap,customer_return,48,False
2025-11-06,L2,Nike,Pegasus 3D Knit Collar,INS_02,materijal oštećen,critical,scrap,final,39,True
2025-05-22,L3,Nike,Dunk Low Textile Upper,INS_09,logo pozicija,critical,scrap,inline,62,True
2025-03-21,L4,Crocs,Classic Clog Strap Assembly,INS_15,šav neravnomjeran,major,rework,inline,59,False
2025-05-19,L3,Nike,Dunk Low Textile Upper,INS_12,đon delaminacija,critical,scrap,customer_return,44,True
2025-10-20,L2,Nike,Air Max Flyknit Upper,INS_01,dimenzija van tolerancije,major,rework,final,37,True
2026-01-23,L1,Nike,Vaporfly Engineered Mesh,INS_02,boja odstupa,minor,pass,inline,45,True
2025-06-03,L2,Nike,ZoomX Carbon Plate Insert,INS_07,šav neravnomjeran,major,rework,final,47,False
2025-10-17,L7,Decathlon,Kiprun Carbon Plate,INS_11,materijal oštećen,minor,pass,final,42,False
2025-12-18,L6,Decathlon,Quechua Hiking Upper,INS_05,šav neravnomjeran,minor,pass,final,40,True
2025-03-17,L8,Nike,Vaporfly Engineered Mesh,INS_05,3D knit greška,major,rework,inline,54,True
2025-09-25,L8,Crocs,Bayaband Slide Upper,INS_14,šav neravnomjeran,minor,pass,final,41,False
2025-11-04,L5,Crocs,Bayaband Slide Upper,INS_05,šav neravnomjeran,minor,pass,customer_return,38,True
2025-03-25,L2,Nike,Pegasus 3D Knit Collar,INS_15,materijal oštećen,minor,rework,final,35,False
2025-09-01,L2,Nike,Dunk Low Textile Upper,INS_03,boja odstupa,major,rework,inline,27,False
2025-04-18,L1,Nike,Vaporfly Engineered Mesh,INS_10,3D knit greška,critical,scrap,final,55,True
2025-11-20,L1,Nike,Air Max Flyknit Upper,INS_10,3D knit greška,major,scrap,final,43,True
2025-04-29,L6,Decathlon,Kalenji Trail Sole Unit,INS_09,dimenzija van tolerancije,critical,scrap,final,24,False
2025-05-14,L6,Decathlon,Kiprun Carbon Plate,INS_05,šav neravnomjeran,major,rework,final,37,True
2025-04-08,L3,Nike,Air Max Flyknit Upper,INS_06,šav neravnomjeran,major,rework,final,38,True
2026-02-10,L5,Crocs,Bayaband Slide Upper,INS_04,šav neravnomjeran,major,rework,inline,49,True
2025-06-16,L3,Nike,Pegasus 3D Knit Collar,INS_10,šav neravnomjeran,minor,pass,inline,52,False
2025-06-10,L4,Crocs,Bayaband Slide Upper,INS_14,šav neravnomjeran,minor,pass,incoming,48,False
2025-05-14,L5,Decathlon,Kalenji Trail Sole Unit,INS_02,dimenzija van tolerancije,major,rework,final,28,False
2025-11-03,L2,Nike,Pegasus 3D Knit Collar,INS_13,đon delaminacija,minor,pass,inline,35,True
2025-07-23,L6,Decathlon,Kalenji Trail Sole Unit,INS_04,šav neravnomjeran,minor,pass,final,33,False
2026-02-18,L1,Nike,Dunk Low Textile Upper,INS_02,ljepilo vidljivo,major,pass,final,34,True
2025-04-29,L2,Nike,Dunk Low Textile Upper,INS_04,materijal oštećen,minor,rework,customer_return,47,True
2025-06-23,L6,Decathlon,Kiprun Carbon Plate,INS_10,dimenzija van tolerancije,major,rework,inline,48,False
2025-06-03,L3,Nike,Vaporfly Engineered Mesh,INS_13,šav neravnomjeran,major,rework,inline,40,True
2025-05-05,L5,Crocs,Classic Clog Strap Assembly,INS_10,šav neravnomjeran,minor,pass,final,39,False
2025-03-11,L8,Decathlon,Kiprun Carbon Plate,INS_05,materijal oštećen,minor,pass,final,57,False
2025-09-05,L8,Nike,Dunk Low Textile Upper,INS_06,ljepilo vidljivo,major,rework,final,39,True
2026-02-24,L8,Nike,Dunk Low Textile Upper,INS_04,đon delaminacija,minor,pass,final,53,True
2026-01-15,L5,Crocs,Classic Clog Strap Assembly,INS_06,dimenzija van tolerancije,major,rework,inline,48,True
2025-08-19,L1,Decathlon,Quechua Hiking Upper,INS_05,ljepilo vidljivo,minor,pass,final,53,False
2026-01-01,L6,Nike,Pegasus 3D Knit Collar,INS_01,logo pozicija,minor,rework,incoming,44,False
2026-01-09,L4,Crocs,LiteRide Insole Unit,INS_09,boja odstupa,critical,scrap,final,49,True
2025-04-17,L3,Nike,Pegasus 3D Knit Collar,INS_06,boja odstupa,major,rework,final,57,True
2025-05-21,L6,Nike,ZoomX Carbon Plate Insert,INS_03,dimenzija van tolerancije,critical,rework,final,41,True
2025-03-17,L1,Nike,Vaporfly Engineered Mesh,INS_03,šav neravnomjeran,minor,pass,final,52,True
2026-02-24,L2,Nike,Vaporfly Engineered Mesh,INS_02,šav neravnomjeran,minor,pass,final,41,False
2025-09-30,L1,Nike,Vaporfly Engineered Mesh,INS_07,boja odstupa,major,rework,inline,43,False
2025-08-05,L2,Nike,Dunk Low Textile Upper,INS_10,materijal oštećen,minor,pass,inline,40,True
2025-10-31,L6,Decathlon,Kiprun Carbon Plate,INS_06,šav neravnomjeran,minor,rework,final,48,True
2026-02-11,L5,Crocs,LiteRide Insole Unit,INS_05,boja odstupa,critical,scrap,inline,43,True
2026-02-03,L7,Decathlon,Quechua Hiking Upper,INS_05,3D knit greška,major,scrap,inline,39,True
2025-05-21,L5,Crocs,LiteRide Insole Unit,INS_06,logo pozicija,minor,rework,final,53,True
2025-04-28,L8,Crocs,Classic Clog Strap Assembly,INS_02,3D knit greška,major,rework,final,41,True
2025-05-01,L8,Nike,ZoomX Carbon Plate Insert,INS_12,boja odstupa,minor,pass,customer_return,34,False
2025-07-24,L3,Nike,ZoomX Carbon Plate Insert,INS_06,šav neravnomjeran,major,rework,final,38,False
2025-08-05,L4,Nike,ZoomX Carbon Plate Insert,INS_06,materijal oštećen,minor,pass,final,44,True
2025-09-10,L7,Decathlon,Kiprun Carbon Plate,INS_12,ljepilo vidljivo,critical,scrap,final,35,False
2025-05-08,L7,Decathlon,Quechua Hiking Upper,INS_14,boja odstupa,critical,scrap,final,47,False
2025-09-26,L3,Nike,ZoomX Carbon Plate Insert,INS_06,ljepilo vidljivo,minor,pass,inline,34,False
2025-11-18,L2,Decathlon,Kalenji Trail Sole Unit,INS_02,dimenzija van tolerancije,major,rework,final,43,True
2025-04-29,L4,Decathlon,Kalenji Trail Sole Unit,INS_09,đon delaminacija,critical,scrap,inline,21,True
2025-08-28,L7,Decathlon,Kalenji Trail Sole Unit,INS_13,dimenzija van tolerancije,critical,scrap,inline,62,False
2025-05-26,L7,Decathlon,Kiprun Carbon Plate,INS_05,materijal oštećen,minor,pass,final,36,True
2025-07-11,L5,Nike,Air Max Flyknit Upper,INS_12,ljepilo vidljivo,major,scrap,incoming,35,True
2025-12-05,L6,Decathlon,Quechua Hiking Upper,INS_03,ljepilo vidljivo,minor,pass,customer_return,64,False
2025-10-24,L5,Crocs,Classic Clog Strap Assembly,INS_12,boja odstupa,critical,scrap,inline,59,True
2025-04-17,L2,Nike,ZoomX Carbon Plate Insert,INS_10,dimenzija van tolerancije,critical,scrap,incoming,31,False
2025-05-19,L1,Nike,Pegasus 3D Knit Collar,INS_13,šav neravnomjeran,minor,pass,final,38,False
2025-09-22,L7,Decathlon,Kiprun Carbon Plate,INS_04,šav neravnomjeran,major,rework,inline,40,False
2025-10-24,L8,Decathlon,Kalenji Trail Sole Unit,INS_03,šav neravnomjeran,major,rework,inline,20,True
2025-06-12,L5,Crocs,LiteRide Insole Unit,INS_02,ljepilo vidljivo,minor,pass,incoming,47,True
2026-02-12,L5,Crocs,LiteRide Insole Unit,INS_11,3D knit greška,critical,scrap,incoming,33,False
2025-09-16,L3,Nike,Pegasus 3D Knit Collar,INS_13,logo pozicija,minor,pass,inline,54,True
2025-09-15,L7,Decathlon,Kalenji Trail Sole Unit,INS_14,ljepilo vidljivo,major,scrap,final,43,True
2026-01-07,L1,Decathlon,Kalenji Trail Sole Unit,INS_11,šav neravnomjeran,minor,pass,final,60,False
2025-11-21,L8,Crocs,Bayaband Slide Upper,INS_09,boja odstupa,major,rework,final,53,True
2025-05-27,L2,Nike,Vaporfly Engineered Mesh,INS_13,boja odstupa,minor,pass,final,49,True
2025-06-10,L4,Crocs,LiteRide Insole Unit,INS_02,šav neravnomjeran,major,rework,inline,47,False
2025-03-26,L7,Decathlon,Quechua Hiking Upper,INS_12,đon delaminacija,critical,scrap,final,42,True
2025-11-18,L3,Nike,Dunk Low Textile Upper,INS_14,šav neravnomjeran,minor,pass,inline,72,True
2025-11-24,L5,Nike,Air Max Flyknit Upper,INS_09,šav neravnomjeran,minor,pass,customer_return,44,True
2025-06-04,L3,Nike,ZoomX Carbon Plate Insert,INS_07,đon delaminacija,major,rework,final,51,False
2025-06-25,L2,Nike,Air Max Flyknit Upper,INS_06,logo pozicija,minor,pass,inline,51,False
2025-07-16,L7,Decathlon,Kiprun Carbon Plate,INS_13,ljepilo vidljivo,major,pass,final,42,False
2025-06-17,L8,Nike,Vaporfly Engineered Mesh,INS_04,đon delaminacija,critical,scrap,inline,65,True
2025-03-06,L3,Nike,Pegasus 3D Knit Collar,INS_05,šav neravnomjeran,minor,pass,customer_return,49,True
2025-12-15,L5,Crocs,Bayaband Slide Upper,INS_01,ljepilo vidljivo,major,rework,final,45,True
2025-06-04,L1,Nike,Pegasus 3D Knit Collar,INS_03,dimenzija van tolerancije,major,scrap,customer_return,34,True
2025-03-12,L3,Nike,Dunk Low Textile Upper,INS_13,logo pozicija,minor,rework,final,31,False
2025-08-06,L2,Nike,ZoomX Carbon Plate Insert,INS_11,dimenzija van tolerancije,major,rework,final,50,True
2025-08-07,L3,Nike,Vaporfly Engineered Mesh,INS_03,logo pozicija,major,scrap,inline,32,True
2025-06-09,L8,Decathlon,Kalenji Trail Sole Unit,INS_06,šav neravnomjeran,major,rework,customer_return,32,False
2025-05-07,L1,Nike,Pegasus 3D Knit Collar,INS_08,logo pozicija,major,pass,customer_return,58,True
2025-11-18,L7,Decathlon,Kalenji Trail Sole Unit,INS_10,materijal oštećen,minor,rework,incoming,38,True
2025-09-24,L8,Crocs,Classic Clog Strap Assembly,INS_08,boja odstupa,major,scrap,customer_return,30,True
2026-01-20,L4,Crocs,Classic Clog Strap Assembly,INS_04,šav neravnomjeran,minor,scrap,inline,41,False
2025-09-01,L3,Nike,ZoomX Carbon Plate Insert,INS_05,šav neravnomjeran,minor,pass,final,35,False
2025-06-05,L2,Nike,Pegasus 3D Knit Collar,INS_10,ljepilo vidljivo,minor,pass,final,28,True
2025-04-14,L6,Decathlon,Quechua Hiking Upper,INS_11,boja odstupa,minor,pass,final,42,False
2025-03-18,L7,Decathlon,Kalenji Trail Sole Unit,INS_02,boja odstupa,major,rework,final,23,True
2025-12-10,L5,Crocs,Classic Clog Strap Assembly,INS_07,boja odstupa,major,rework,inline,33,True
2025-11-20,L1,Nike,Air Max Flyknit Upper,INS_04,materijal oštećen,major,rework,final,31,True
2026-01-01,L6,Nike,Pegasus 3D Knit Collar,INS_15,boja odstupa,minor,pass,final,52,False
2025-10-06,L1,Crocs,LiteRide Insole Unit,INS_10,šav neravnomjeran,major,scrap,final,43,False
2025-10-30,L8,Crocs,LiteRide Insole Unit,INS_09,dimenzija van tolerancije,minor,rework,inline,65,False
2025-06-10,L2,Nike,Vaporfly Engineered Mesh,INS_02,3D knit greška,minor,scrap,inline,73,False
2025-06-27,L8,Decathlon,Kalenji Trail Sole Unit,INS_08,ljepilo vidljivo,minor,pass,inline,58,True
2025-05-12,L4,Nike,ZoomX Carbon Plate Insert,INS_05,boja odstupa,major,rework,final,12,True
2026-02-23,L5,Crocs,Bayaband Slide Upper,INS_06,3D knit greška,major,rework,final,54,False
2025-10-20,L4,Crocs,Bayaband Slide Upper,INS_03,ljepilo vidljivo,major,rework,final,49,False
2026-01-14,L2,Nike,ZoomX Carbon Plate Insert,INS_12,logo pozicija,major,pass,inline,30,True
2025-04-15,L8,Nike,Vaporfly Engineered Mesh,INS_07,boja odstupa,critical,scrap,inline,46,False
2025-04-16,L3,Nike,Vaporfly Engineered Mesh,INS_03,dimenzija van tolerancije,critical,rework,final,53,False
2026-01-13,L5,Crocs,Bayaband Slide Upper,INS_01,boja odstupa,minor,pass,incoming,54,False
2026-02-24,L3,Nike,Pegasus 3D Knit Collar,INS_11,šav neravnomjeran,major,scrap,final,28,True
2025-04-10,L1,Nike,Air Max Flyknit Upper,INS_04,šav neravnomjeran,major,rework,final,41,True
2025-04-21,L4,Crocs,LiteRide Insole Unit,INS_10,materijal oštećen,major,rework,final,38,True
2025-07-18,L8,Nike,ZoomX Carbon Plate Insert,INS_03,šav neravnomjeran,major,pass,final,39,True
2025-03-05,L2,Nike,ZoomX Carbon Plate Insert,INS_09,ljepilo vidljivo,major,rework,final,51,False
2025-07-25,L5,Crocs,Classic Clog Strap Assembly,INS_12,đon delaminacija,critical,scrap,inline,41,True
2025-08-18,L4,Crocs,LiteRide Insole Unit,INS_01,ljepilo vidljivo,critical,scrap,final,39,False
2025-10-17,L2,Nike,Air Max Flyknit Upper,INS_05,3D knit greška,critical,scrap,final,53,False
2025-04-10,L6,Decathlon,Kalenji Trail Sole Unit,INS_12,logo pozicija,minor,pass,inline,56,False
2026-02-09,L6,Decathlon,Quechua Hiking Upper,INS_07,ljepilo vidljivo,major,rework,final,49,False
2025-10-14,L4,Decathlon,Kalenji Trail Sole Unit,INS_01,ljepilo vidljivo,major,rework,final,38,True
2025-09-30,L2,Nike,Pegasus 3D Knit Collar,INS_05,materijal oštećen,minor,rework,final,48,True
2026-01-02,L8,Crocs,Classic Clog Strap Assembly,INS_14,šav neravnomjeran,major,scrap,final,28,True
2025-05-19,L7,Decathlon,Quechua Hiking Upper,INS_06,šav neravnomjeran,major,rework,final,48,False
2025-04-15,L2,Nike,Vaporfly Engineered Mesh,INS_02,dimenzija van tolerancije,major,pass,inline,70,True
2025-09-05,L6,Decathlon,Quechua Hiking Upper,INS_14,logo pozicija,major,rework,inline,55,True
2026-01-13,L2,Crocs,LiteRide Insole Unit,INS_02,logo pozicija,minor,pass,final,37,True
2025-11-13,L2,Nike,Dunk Low Textile Upper,INS_10,đon delaminacija,minor,pass,inline,57,True
2025-08-04,L1,Decathlon,Kiprun Carbon Plate,INS_11,materijal oštećen,critical,scrap,final,48,True
2025-04-15,L5,Crocs,LiteRide Insole Unit,INS_14,boja odstupa,major,scrap,customer_return,35,False
2025-03-17,L2,Nike,Pegasus 3D Knit Collar,INS_14,logo pozicija,minor,rework,inline,29,True
2025-04-23,L3,Nike,Dunk Low Textile Upper,INS_05,dimenzija van tolerancije,critical,scrap,inline,46,False
2025-05-01,L5,Decathlon,Kalenji Trail Sole Unit,INS_08,šav neravnomjeran,minor,rework,final,54,False
2025-03-28,L5,Crocs,Classic Clog Strap Assembly,INS_12,ljepilo vidljivo,minor,rework,incoming,39,True
2025-04-11,L8,Nike,Dunk Low Textile Upper,INS_06,šav neravnomjeran,major,pass,inline,43,True
2025-09-16,L4,Nike,ZoomX Carbon Plate Insert,INS_09,logo pozicija,major,rework,customer_return,52,True
2025-10-20,L2,Nike,Air Max Flyknit Upper,INS_09,šav neravnomjeran,major,rework,customer_return,40,False
2025-10-20,L2,Nike,Vaporfly Engineered Mesh,INS_15,boja odstupa,major,rework,final,42,False
2025-05-15,L1,Nike,ZoomX Carbon Plate Insert,INS_05,3D knit greška,major,scrap,inline,32,True
2026-01-06,L5,Decathlon,Kalenji Trail Sole Unit,INS_06,boja odstupa,critical,scrap,final,49,True
2025-07-18,L2,Nike,ZoomX Carbon Plate Insert,INS_15,boja odstupa,minor,pass,final,63,False
2026-02-17,L1,Nike,ZoomX Carbon Plate Insert,INS_04,dimenzija van tolerancije,major,scrap,final,46,False
2025-12-02,L4,Crocs,Bayaband Slide Upper,INS_14,boja odstupa,minor,pass,inline,49,True
2025-07-24,L3,Nike,Pegasus 3D Knit Collar,INS_03,đon delaminacija,major,scrap,customer_return,78,False
2025-08-12,L6,Decathlon,Quechua Hiking Upper,INS_05,šav neravnomjeran,major,rework,final,26,True
2025-04-24,L3,Crocs,Bayaband Slide Upper,INS_08,đon delaminacija,minor,pass,inline,35,False
2025-05-13,L7,Decathlon,Kiprun Carbon Plate,INS_14,materijal oštećen,minor,pass,final,59,True
2025-04-09,L2,Nike,ZoomX Carbon Plate Insert,INS_12,boja odstupa,major,scrap,customer_return,45,True
2025-10-07,L3,Nike,Vaporfly Engineered Mesh,INS_09,dimenzija van tolerancije,major,rework,final,52,False
2025-04-24,L5,Decathlon,Kalenji Trail Sole Unit,INS_08,dimenzija van tolerancije,minor,rework,customer_return,37,False
2025-12-15,L5,Crocs,Bayaband Slide Upper,INS_01,šav neravnomjeran,critical,scrap,inline,52,False
2025-09-10,L2,Nike,ZoomX Carbon Plate Insert,INS_11,3D knit greška,critical,scrap,inline,38,True
2025-03-28,L6,Decathlon,Kalenji Trail Sole Unit,INS_02,3D knit greška,major,scrap,inline,53,True
2025-09-02,L3,Nike,ZoomX Carbon Plate Insert,INS_10,šav neravnomjeran,critical,scrap,final,39,False
2025-09-01,L5,Crocs,Bayaband Slide Upper,INS_12,boja odstupa,major,scrap,inline,53,False
2025-09-24,L7,Decathlon,Quechua Hiking Upper,INS_06,šav neravnomjeran,minor,pass,incoming,52,True
2025-04-21,L8,Crocs,LiteRide Insole Unit,INS_01,ljepilo vidljivo,minor,pass,final,17,True
2025-07-24,L4,Decathlon,Kiprun Carbon Plate,INS_06,3D knit greška,major,pass,final,51,False
2025-12-29,L3,Nike,Dunk Low Textile Upper,INS_01,logo pozicija,major,scrap,final,59,False
2025-04-10,L4,Crocs,LiteRide Insole Unit,INS_06,boja odstupa,major,rework,inline,48,True
2025-03-21,L3,Nike,Air Max Flyknit Upper,INS_14,3D knit greška,major,rework,final,26,False
2025-08-25,L2,Nike,Pegasus 3D Knit Collar,INS_10,šav neravnomjeran,minor,rework,final,17,False
2026-02-27,L5,Crocs,LiteRide Insole Unit,INS_01,dimenzija van tolerancije,major,scrap,final,41,True
2026-01-01,L3,Nike,Vaporfly Engineered Mesh,INS_07,šav neravnomjeran,critical,scrap,incoming,54,True
2025-07-16,L7,Decathlon,Quechua Hiking Upper,INS_08,šav neravnomjeran,major,rework,final,44,False
2025-08-25,L4,Crocs,Classic Clog Strap Assembly,INS_02,materijal oštećen,minor,pass,final,54,True
2025-04-17,L2,Nike,ZoomX Carbon Plate Insert,INS_15,materijal oštećen,critical,scrap,final,36,True
2026-01-08,L2,Nike,Air Max Flyknit Upper,INS_01,materijal oštećen,major,scrap,customer_return,49,False
2025-03-21,L6,Decathlon,Kiprun Carbon Plate,INS_10,ljepilo vidljivo,minor,pass,customer_return,10,True
2026-01-12,L6,Decathlon,Kalenji Trail Sole Unit,INS_02,materijal oštećen,major,scrap,final,52,True
2025-09-29,L1,Nike,Air Max Flyknit Upper,INS_02,đon delaminacija,critical,scrap,final,39,True
2025-05-23,L6,Decathlon,Kiprun Carbon Plate,INS_02,ljepilo vidljivo,minor,pass,inline,46,True
2025-05-07,L8,Nike,Air Max Flyknit Upper,INS_10,logo pozicija,minor,pass,inline,32,True
2025-07-29,L4,Crocs,LiteRide Insole Unit,INS_01,ljepilo vidljivo,major,rework,inline,43,False
2025-11-10,L1,Nike,Air Max Flyknit Upper,INS_05,boja odstupa,major,rework,inline,65,True
2025-10-29,L3,Nike,Pegasus 3D Knit Collar,INS_12,dimenzija van tolerancije,minor,rework,final,34,True
2025-07-15,L4,Crocs,Bayaband Slide Upper,INS_12,dimenzija van tolerancije,major,rework,final,38,True
2025-06-18,L4,Nike,ZoomX Carbon Plate Insert,INS_06,ljepilo vidljivo,major,scrap,inline,57,True
2025-04-08,L8,Crocs,Bayaband Slide Upper,INS_07,ljepilo vidljivo,major,rework,final,29,True
2025-05-08,L2,Nike,ZoomX Carbon Plate Insert,INS_14,šav neravnomjeran,major,rework,inline,26,False
2025-10-22,L1,Nike,Dunk Low Textile Upper,INS_12,šav neravnomjeran,minor,rework,final,46,False
2025-04-14,L2,Nike,Vaporfly Engineered Mesh,INS_15,ljepilo vidljivo,major,rework,final,67,True
2025-04-25,L2,Nike,Vaporfly Engineered Mesh,INS_01,ljepilo vidljivo,minor,pass,incoming,47,True
2025-09-16,L7,Decathlon,Quechua Hiking Upper,INS_04,boja odstupa,major,rework,inline,43,True
2025-05-28,L7,Decathlon,Quechua Hiking Upper,INS_07,3D knit greška,major,rework,final,56,False
2025-06-19,L1,Nike,Dunk Low Textile Upper,INS_15,boja odstupa,minor,pass,final,72,True
2025-05-12,L2,Nike,Air Max Flyknit Upper,INS_09,đon delaminacija,critical,scrap,inline,48,True
2025-12-09,L6,Crocs,LiteRide Insole Unit,INS_12,logo pozicija,major,rework,final,26,True
2025-12-30,L5,Crocs,Classic Clog Strap Assembly,INS_11,boja odstupa,major,rework,inline,49,False
2025-10-15,L1,Nike,Dunk Low Textile Upper,INS_02,dimenzija van tolerancije,minor,rework,final,57,True
2025-11-14,L2,Nike,Dunk Low Textile Upper,INS_03,dimenzija van tolerancije,minor,pass,inline,27,True
2026-02-17,L5,Crocs,Bayaband Slide Upper,INS_09,logo pozicija,minor,pass,final,38,True
2025-06-13,L3,Nike,Dunk Low Textile Upper,INS_15,šav neravnomjeran,critical,scrap,inline,31,False
2025-04-25,L2,Nike,Dunk Low Textile Upper,INS_15,dimenzija van tolerancije,critical,scrap,customer_return,37,False
2025-12-12,L1,Nike,Vaporfly Engineered Mesh,INS_05,boja odstupa,major,rework,inline,39,False
2025-12-22,L8,Crocs,Classic Clog Strap Assembly,INS_06,dimenzija van tolerancije,critical,rework,incoming,49,True
2025-05-23,L5,Nike,Vaporfly Engineered Mesh,INS_14,logo pozicija,major,rework,inline,37,True
2026-02-04,L1,Nike,Air Max Flyknit Upper,INS_10,šav neravnomjeran,minor,pass,final,31,True
2025-12-18,L7,Decathlon,Quechua Hiking Upper,INS_10,boja odstupa,minor,pass,inline,49,True
2025-09-23,L3,Nike,Dunk Low Textile Upper,INS_05,đon delaminacija,major,rework,incoming,50,True
2025-08-18,L5,Decathlon,Quechua Hiking Upper,INS_01,boja odstupa,major,rework,incoming,49,True
2025-05-29,L5,Crocs,Classic Clog Strap Assembly,INS_14,logo pozicija,major,rework,inline,42,True
2025-04-23,L1,Nike,ZoomX Carbon Plate Insert,INS_14,ljepilo vidljivo,minor,rework,inline,54,True
2025-08-20,L1,Nike,Air Max Flyknit Upper,INS_11,ljepilo vidljivo,major,rework,final,36,True
2025-08-29,L5,Crocs,Classic Clog Strap Assembly,INS_07,đon delaminacija,minor,pass,inline,33,True
2026-01-15,L2,Nike,Air Max Flyknit Upper,INS_13,boja odstupa,minor,pass,final,57,False
2025-04-30,L6,Crocs,Bayaband Slide Upper,INS_03,boja odstupa,major,rework,inline,29,False
2025-10-17,L5,Decathlon,Kalenji Trail Sole Unit,INS_13,materijal oštećen,major,rework,inline,42,False
2025-06-20,L8,Decathlon,Quechua Hiking Upper,INS_01,šav neravnomjeran,critical,scrap,inline,63,True
2025-06-30,L6,Decathlon,Kalenji Trail Sole Unit,INS_12,šav neravnomjeran,major,rework,inline,34,False
2025-04-07,L2,Nike,ZoomX Carbon Plate Insert,INS_02,šav neravnomjeran,minor,rework,final,49,True
2025-09-24,L1,Nike,Air Max Flyknit Upper,INS_10,ljepilo vidljivo,critical,scrap,inline,53,True
2025-10-15,L2,Nike,Pegasus 3D Knit Collar,INS_15,3D knit greška,critical,rework,inline,46,True
2025-05-15,L4,Decathlon,Kiprun Carbon Plate,INS_15,boja odstupa,major,scrap,inline,49,True
2025-03-14,L1,Nike,Dunk Low Textile Upper,INS_05,šav neravnomjeran,minor,pass,final,46,True
2025-10-20,L2,Nike,Air Max Flyknit Upper,INS_04,šav neravnomjeran,major,scrap,inline,29,False
2025-05-26,L4,Crocs,Bayaband Slide Upper,INS_13,materijal oštećen,minor,rework,final,48,False
2025-03-17,L5,Crocs,Classic Clog Strap Assembly,INS_13,ljepilo vidljivo,minor,pass,final,44,True
2025-03-21,L1,Decathlon,Quechua Hiking Upper,INS_01,šav neravnomjeran,critical,scrap,final,46,False
2025-05-20,L1,Nike,Pegasus 3D Knit Collar,INS_12,šav neravnomjeran,critical,scrap,inline,14,False
2025-08-05,L4,Crocs,Bayaband Slide Upper,INS_06,šav neravnomjeran,minor,pass,incoming,58,True
2025-07-28,L8,Decathlon,Kalenji Trail Sole Unit,INS_12,ljepilo vidljivo,minor,rework,final,38,True
2025-04-21,L3,Nike,Dunk Low Textile Upper,INS_06,materijal oštećen,major,rework,final,39,True
2026-02-25,L2,Nike,Dunk Low Textile Upper,INS_01,ljepilo vidljivo,minor,pass,inline,39,True
2026-02-03,L4,Crocs,LiteRide Insole Unit,INS_03,3D knit greška,minor,scrap,final,55,True
2025-09-29,L8,Nike,Pegasus 3D Knit Collar,INS_05,ljepilo vidljivo,major,scrap,inline,24,False
2025-03-19,L2,Nike,Pegasus 3D Knit Collar,INS_13,boja odstupa,minor,rework,final,28,False
2025-05-07,L5,Crocs,Bayaband Slide Upper,INS_11,materijal oštećen,major,rework,final,53,True
2025-07-04,L5,Decathlon,Kalenji Trail Sole Unit,INS_08,materijal oštećen,major,pass,final,46,False
2025-08-01,L5,Crocs,Classic Clog Strap Assembly,INS_01,boja odstupa,major,scrap,final,49,True
2025-06-26,L2,Nike,ZoomX Carbon Plate Insert,INS_05,đon delaminacija,major,rework,final,47,True
2025-03-27,L4,Decathlon,Kalenji Trail Sole Unit,INS_12,šav neravnomjeran,minor,pass,final,26,False
2026-01-12,L7,Nike,Dunk Low Textile Upper,INS_05,materijal oštećen,major,rework,inline,47,False
2025-06-30,L1,Crocs,Bayaband Slide Upper,INS_02,boja odstupa,major,scrap,customer_return,49,False
2025-12-10,L8,Nike,Air Max Flyknit Upper,INS_01,šav neravnomjeran,minor,rework,inline,47,True
2026-02-11,L2,Nike,Dunk Low Textile Upper,INS_09,ljepilo vidljivo,minor,pass,customer_return,43,True
2025-04-02,L2,Nike,Vaporfly Engineered Mesh,INS_14,dimenzija van tolerancije,major,rework,final,49,True
2025-10-01,L5,Crocs,Bayaband Slide Upper,INS_10,dimenzija van tolerancije,major,scrap,final,34,True
2025-04-04,L7,Nike,Air Max Flyknit Upper,INS_04,ljepilo vidljivo,minor,pass,inline,37,True
2025-10-21,L4,Decathlon,Kiprun Carbon Plate,INS_01,ljepilo vidljivo,minor,pass,final,28,True
2026-01-09,L6,Nike,ZoomX Carbon Plate Insert,INS_14,boja odstupa,major,rework,inline,53,True
2025-05-07,L1,Crocs,Bayaband Slide Upper,INS_06,đon delaminacija,major,scrap,final,32,False
2025-09-12,L1,Nike,Air Max Flyknit Upper,INS_11,dimenzija van tolerancije,major,scrap,final,25,False
2025-04-14,L2,Nike,Vaporfly Engineered Mesh,INS_10,šav neravnomjeran,minor,scrap,final,50,True
2025-07-18,L1,Nike,ZoomX Carbon Plate Insert,INS_08,3D knit greška,major,scrap,inline,51,False
2025-07-03,L4,Crocs,LiteRide Insole Unit,INS_12,šav neravnomjeran,minor,pass,final,30,True
2025-11-25,L1,Decathlon,Quechua Hiking Upper,INS_08,ljepilo vidljivo,major,rework,inline,58,False
2025-08-11,L5,Crocs,LiteRide Insole Unit,INS_15,ljepilo vidljivo,major,scrap,inline,55,False
2025-05-06,L1,Nike,Vaporfly Engineered Mesh,INS_06,dimenzija van tolerancije,critical,scrap,inline,46,False
2026-02-05,L8,Nike,ZoomX Carbon Plate Insert,INS_01,đon delaminacija,critical,scrap,inline,39,False
2025-05-26,L1,Nike,Air Max Flyknit Upper,INS_11,logo pozicija,minor,pass,final,55,False
2026-02-12,L1,Nike,Pegasus 3D Knit Collar,INS_01,šav neravnomjeran,critical,rework,final,48,False
2025-12-31,L7,Decathlon,Quechua Hiking Upper,INS_10,boja odstupa,major,rework,inline,41,True
2025-04-02,L6,Crocs,Classic Clog Strap Assembly,INS_05,ljepilo vidljivo,major,scrap,inline,55,True
2025-09-16,L1,Nike,Air Max Flyknit Upper,INS_13,šav neravnomjeran,major,scrap,final,46,True
2026-02-19,L4,Crocs,LiteRide Insole Unit,INS_13,materijal oštećen,major,rework,inline,51,False
2025-07-29,L8,Nike,Pegasus 3D Knit Collar,INS_08,ljepilo vidljivo,minor,pass,inline,39,True
2025-10-15,L4,Crocs,Bayaband Slide Upper,INS_02,dimenzija van tolerancije,major,scrap,inline,45,True
2026-01-27,L6,Nike,Dunk Low Textile Upper,INS_05,3D knit greška,major,rework,incoming,49,False
2026-02-11,L2,Nike,Air Max Flyknit Upper,INS_10,đon delaminacija,minor,pass,final,50,True
2025-06-13,L4,Crocs,Classic Clog Strap Assembly,INS_06,boja odstupa,critical,scrap,inline,27,True
2025-03-28,L6,Decathlon,Kalenji Trail Sole Unit,INS_08,dimenzija van tolerancije,minor,pass,final,42,True
2025-04-28,L5,Decathlon,Kiprun Carbon Plate,INS_06,ljepilo vidljivo,minor,pass,final,37,True
2025-04-21,L4,Crocs,LiteRide Insole Unit,INS_10,3D knit greška,minor,pass,final,43,False
2025-11-05,L4,Decathlon,Quechua Hiking Upper,INS_03,ljepilo vidljivo,minor,rework,final,41,True
2026-01-08,L7,Decathlon,Kalenji Trail Sole Unit,INS_14,materijal oštećen,major,rework,inline,54,True
2025-07-08,L2,Decathlon,Kiprun Carbon Plate,INS_12,šav neravnomjeran,major,pass,final,26,True
2025-03-06,L4,Crocs,Classic Clog Strap Assembly,INS_14,šav neravnomjeran,major,rework,inline,46,True
2025-06-26,L4,Decathlon,Quechua Hiking Upper,INS_07,materijal oštećen,major,rework,final,28,False
2025-08-15,L4,Decathlon,Kalenji Trail Sole Unit,INS_09,boja odstupa,major,rework,customer_return,53,False
2026-01-15,L3,Nike,Pegasus 3D Knit Collar,INS_15,boja odstupa,major,scrap,inline,48,False
2026-02-12,L1,Nike,Pegasus 3D Knit Collar,INS_01,boja odstupa,minor,rework,final,44,True
2025-12-01,L5,Crocs,LiteRide Insole Unit,INS_08,logo pozicija,major,scrap,final,61,True
2026-02-16,L2,Nike,ZoomX Carbon Plate Insert,INS_03,logo pozicija,minor,rework,inline,49,False
2025-07-23,L2,Nike,ZoomX Carbon Plate Insert,INS_07,šav neravnomjeran,minor,pass,inline,53,False
2025-05-12,L7,Nike,ZoomX Carbon Plate Insert,INS_13,šav neravnomjeran,minor,pass,inline,52,False
2025-11-13,L8,Crocs,LiteRide Insole Unit,INS_12,boja odstupa,minor,pass,incoming,48,False
2025-05-22,L3,Nike,Vaporfly Engineered Mesh,INS_11,boja odstupa,major,rework,final,48,False
2026-02-04,L8,Crocs,LiteRide Insole Unit,INS_05,boja odstupa,minor,pass,final,57,False
2025-09-05,L2,Nike,ZoomX Carbon Plate Insert,INS_14,dimenzija van tolerancije,critical,rework,final,61,True
2025-03-25,L2,Nike,Pegasus 3D Knit Collar,INS_03,dimenzija van tolerancije,critical,scrap,inline,48,False
2025-06-16,L3,Nike,ZoomX Carbon Plate Insert,INS_14,boja odstupa,major,pass,inline,45,True
2025-11-27,L5,Crocs,LiteRide Insole Unit,INS_12,logo pozicija,minor,scrap,final,24,False
2025-06-17,L1,Nike,Pegasus 3D Knit Collar,INS_07,šav neravnomjeran,major,rework,final,59,False
2025-12-30,L8,Nike,ZoomX Carbon Plate Insert,INS_08,šav neravnomjeran,major,rework,final,54,False
2025-04-11,L4,Crocs,Bayaband Slide Upper,INS_14,ljepilo vidljivo,minor,pass,inline,65,False
2026-01-30,L5,Crocs,LiteRide Insole Unit,INS_04,3D knit greška,minor,pass,inline,54,True
2025-08-07,L4,Crocs,LiteRide Insole Unit,INS_07,ljepilo vidljivo,major,rework,final,60,False
2025-08-04,L4,Crocs,Classic Clog Strap Assembly,INS_02,šav neravnomjeran,minor,pass,final,55,True
2026-02-05,L5,Crocs,Classic Clog Strap Assembly,INS_03,đon delaminacija,critical,scrap,inline,38,True
2025-11-12,L1,Nike,Pegasus 3D Knit Collar,INS_13,3D knit greška,major,pass,inline,29,False
2025-08-11,L1,Nike,Vaporfly Engineered Mesh,INS_07,ljepilo vidljivo,minor,pass,final,38,True
2025-09-19,L7,Decathlon,Kalenji Trail Sole Unit,INS_09,dimenzija van tolerancije,minor,pass,inline,31,True
2026-02-02,L1,Nike,Pegasus 3D Knit Collar,INS_03,đon delaminacija,major,rework,inline,46,False
2025-12-03,L8,Nike,ZoomX Carbon Plate Insert,INS_10,materijal oštećen,major,rework,incoming,42,True
2025-11-06,L5,Nike,Dunk Low Textile Upper,INS_03,dimenzija van tolerancije,minor,rework,final,36,True
2026-01-08,L4,Crocs,Classic Clog Strap Assembly,INS_14,ljepilo vidljivo,minor,rework,final,46,True
2025-09-24,L8,Crocs,Classic Clog Strap Assembly,INS_09,ljepilo vidljivo,critical,scrap,final,29,True
2025-10-24,L3,Nike,Dunk Low Textile Upper,INS_07,šav neravnomjeran,major,scrap,inline,35,False
2026-02-10,L4,Crocs,Classic Clog Strap Assembly,INS_01,šav neravnomjeran,minor,pass,final,45,True
2025-12-25,L4,Crocs,Classic Clog Strap Assembly,INS_11,logo pozicija,minor,pass,incoming,72,True
2026-02-20,L4,Crocs,Bayaband Slide Upper,INS_06,ljepilo vidljivo,major,rework,final,52,True
2025-11-13,L1,Nike,Pegasus 3D Knit Collar,INS_11,3D knit greška,major,scrap,final,32,True
2025-10-07,L5,Crocs,Bayaband Slide Upper,INS_04,ljepilo vidljivo,minor,pass,inline,57,True
2025-09-30,L3,Nike,Vaporfly Engineered Mesh,INS_06,šav neravnomjeran,minor,pass,final,67,False
2026-02-02,L4,Crocs,LiteRide Insole Unit,INS_02,dimenzija van tolerancije,critical,scrap,customer_return,56,True
2026-01-30,L1,Nike,ZoomX Carbon Plate Insert,INS_03,boja odstupa,critical,scrap,incoming,45,False
2026-01-12,L6,Nike,Vaporfly Engineered Mesh,INS_07,boja odstupa,major,rework,final,58,True
2025-05-06,L6,Decathlon,Kalenji Trail Sole Unit,INS_13,đon delaminacija,major,pass,inline,46,True
2025-03-04,L4,Crocs,Classic Clog Strap Assembly,INS_14,ljepilo vidljivo,major,rework,inline,52,True
2025-05-02,L5,Crocs,LiteRide Insole Unit,INS_03,3D knit greška,major,scrap,inline,51,True
2025-04-17,L6,Decathlon,Kiprun Carbon Plate,INS_14,materijal oštećen,major,pass,final,38,False
2025-09-10,L8,Crocs,LiteRide Insole Unit,INS_14,dimenzija van tolerancije,critical,scrap,final,35,True
2025-10-09,L2,Nike,Air Max Flyknit Upper,INS_08,ljepilo vidljivo,minor,pass,final,54,True
2025-05-30,L1,Nike,ZoomX Carbon Plate Insert,INS_12,dimenzija van tolerancije,critical,scrap,inline,40,True
2025-06-30,L3,Crocs,Bayaband Slide Upper,INS_10,đon delaminacija,major,rework,inline,43,False
2025-05-15,L5,Decathlon,Kiprun Carbon Plate,INS_14,dimenzija van tolerancije,minor,rework,final,38,True
2025-04-30,L8,Crocs,LiteRide Insole Unit,INS_01,boja odstupa,major,pass,final,38,True
2025-03-07,L2,Nike,Vaporfly Engineered Mesh,INS_09,dimenzija van tolerancije,minor,pass,inline,43,False
2025-07-11,L1,Nike,Air Max Flyknit Upper,INS_08,ljepilo vidljivo,minor,rework,customer_return,29,True
2025-06-13,L8,Nike,Air Max Flyknit Upper,INS_11,dimenzija van tolerancije,major,rework,final,49,False
2025-09-16,L6,Decathlon,Kalenji Trail Sole Unit,INS_04,šav neravnomjeran,major,rework,final,53,True
2025-04-03,L2,Nike,Dunk Low Textile Upper,INS_09,đon delaminacija,critical,scrap,inline,51,True
2025-04-24,L4,Crocs,LiteRide Insole Unit,INS_09,boja odstupa,major,rework,customer_return,38,True
2025-03-14,L3,Nike,Vaporfly Engineered Mesh,INS_09,šav neravnomjeran,major,rework,inline,38,False
2025-08-06,L6,Decathlon,Kalenji Trail Sole Unit,INS_10,šav neravnomjeran,minor,pass,inline,61,True
2025-05-08,L8,Nike,Dunk Low Textile Upper,INS_10,šav neravnomjeran,major,scrap,incoming,39,True
2025-05-22,L1,Crocs,LiteRide Insole Unit,INS_15,materijal oštećen,major,rework,final,43,False
2025-04-16,L8,Crocs,Classic Clog Strap Assembly,INS_12,logo pozicija,minor,rework,inline,32,False
2025-11-05,L1,Nike,Dunk Low Textile Upper,INS_03,dimenzija van tolerancije,critical,scrap,final,31,False
2025-04-03,L2,Nike,Air Max Flyknit Upper,INS_06,šav neravnomjeran,major,scrap,final,54,True
2026-01-02,L6,Decathlon,Kalenji Trail Sole Unit,INS_13,dimenzija van tolerancije,major,scrap,inline,55,True
2025-11-25,L3,Crocs,Bayaband Slide Upper,INS_12,dimenzija van tolerancije,critical,scrap,final,71,True
2025-11-20,L6,Decathlon,Kalenji Trail Sole Unit,INS_09,materijal oštećen,major,rework,final,43,True
2025-11-18,L1,Nike,ZoomX Carbon Plate Insert,INS_01,boja odstupa,minor,pass,incoming,44,True
2025-09-29,L7,Crocs,Bayaband Slide Upper,INS_07,materijal oštećen,major,rework,final,59,True
2025-07-28,L5,Crocs,Bayaband Slide Upper,INS_14,boja odstupa,critical,scrap,final,28,True
2025-11-12,L7,Decathlon,Quechua Hiking Upper,INS_07,boja odstupa,major,rework,incoming,39,True
2025-06-26,L8,Crocs,Classic Clog Strap Assembly,INS_02,materijal oštećen,major,rework,incoming,47,False
2025-10-14,L2,Nike,ZoomX Carbon Plate Insert,INS_11,dimenzija van tolerancije,critical,scrap,final,66,False
2025-05-19,L7,Decathlon,Kiprun Carbon Plate,INS_09,3D knit greška,major,pass,incoming,40,False
2025-10-14,L8,Decathlon,Kalenji Trail Sole Unit,INS_08,đon delaminacija,critical,scrap,incoming,38,False
2025-11-03,L3,Nike,ZoomX Carbon Plate Insert,INS_11,3D knit greška,minor,pass,final,47,False
2025-05-06,L3,Nike,Vaporfly Engineered Mesh,INS_12,3D knit greška,minor,pass,incoming,52,True
2025-03-21,L3,Nike,Vaporfly Engineered Mesh,INS_15,šav neravnomjeran,major,rework,final,28,True
2025-05-06,L2,Nike,ZoomX Carbon Plate Insert,INS_03,3D knit greška,major,scrap,inline,57,False
2026-01-19,L8,Crocs,Bayaband Slide Upper,INS_07,šav neravnomjeran,major,rework,customer_return,40,True
2025-05-22,L1,Nike,Dunk Low Textile Upper,INS_04,logo pozicija,major,rework,incoming,33,True
2025-04-30,L6,Crocs,Bayaband Slide Upper,INS_10,logo pozicija,minor,scrap,inline,42,True
2025-06-13,L2,Decathlon,Kiprun Carbon Plate,INS_01,dimenzija van tolerancije,major,rework,inline,48,True
2025-06-04,L4,Crocs,Bayaband Slide Upper,INS_13,3D knit greška,major,rework,final,50,True
2025-10-10,L3,Nike,Vaporfly Engineered Mesh,INS_08,3D knit greška,minor,pass,final,37,False
2025-08-20,L1,Nike,Air Max Flyknit Upper,INS_06,materijal oštećen,major,rework,inline,45,True
2025-09-10,L4,Crocs,LiteRide Insole Unit,INS_09,logo pozicija,major,pass,final,43,True
2025-09-11,L2,Nike,Dunk Low Textile Upper,INS_13,materijal oštećen,major,scrap,customer_return,45,False
2025-11-12,L7,Decathlon,Quechua Hiking Upper,INS_02,ljepilo vidljivo,minor,rework,final,28,True
2025-09-19,L8,Crocs,Classic Clog Strap Assembly,INS_02,materijal oštećen,critical,scrap,inline,48,False
2025-06-10,L2,Crocs,Bayaband Slide Upper,INS_14,logo pozicija,minor,pass,final,24,False
2026-01-21,L8,Nike,ZoomX Carbon Plate Insert,INS_03,ljepilo vidljivo,major,rework,inline,49,True
2026-02-24,L2,Nike,Vaporfly Engineered Mesh,INS_15,3D knit greška,major,rework,incoming,33,True
2026-02-18,L1,Nike,ZoomX Carbon Plate Insert,INS_12,materijal oštećen,major,rework,inline,64,False
2025-10-06,L2,Nike,Pegasus 3D Knit Collar,INS_01,materijal oštećen,major,rework,final,37,True
2025-09-08,L1,Nike,Pegasus 3D Knit Collar,INS_10,ljepilo vidljivo,minor,rework,customer_return,45,True
2025-10-01,L5,Crocs,Bayaband Slide Upper,INS_03,logo pozicija,minor,pass,final,50,False
2026-02-20,L8,Nike,Dunk Low Textile Upper,INS_11,ljepilo vidljivo,major,rework,final,50,False
2025-10-22,L1,Nike,Pegasus 3D Knit Collar,INS_05,logo pozicija,major,rework,inline,38,False
2025-03-05,L1,Nike,Dunk Low Textile Upper,INS_13,boja odstupa,minor,pass,incoming,49,False
2025-05-01,L1,Decathlon,Quechua Hiking Upper,INS_15,ljepilo vidljivo,minor,pass,inline,49,False
2025-08-18,L3,Nike,Vaporfly Engineered Mesh,INS_03,3D knit greška,minor,pass,final,45,True
2025-11-27,L2,Crocs,Bayaband Slide Upper,INS_12,šav neravnomjeran,minor,pass,incoming,37,True
2025-12-09,L4,Crocs,Classic Clog Strap Assembly,INS_03,boja odstupa,major,rework,final,57,True
2025-05-09,L3,Nike,Dunk Low Textile Upper,INS_02,boja odstupa,major,pass,inline,26,True
2026-02-18,L8,Decathlon,Quechua Hiking Upper,INS_12,3D knit greška,major,rework,customer_return,51,False
2025-06-25,L1,Nike,Air Max Flyknit Upper,INS_07,3D knit greška,major,pass,final,45,True
2025-04-07,L2,Nike,ZoomX Carbon Plate Insert,INS_12,ljepilo vidljivo,minor,pass,inline,50,True
2025-10-17,L3,Nike,Air Max Flyknit Upper,INS_02,ljepilo vidljivo,major,rework,customer_return,47,True
2026-02-16,L2,Nike,ZoomX Carbon Plate Insert,INS_10,ljepilo vidljivo,major,rework,customer_return,47,True
2025-09-29,L8,Nike,Pegasus 3D Knit Collar,INS_08,3D knit greška,critical,scrap,inline,48,True
2025-09-15,L4,Crocs,Classic Clog Strap Assembly,INS_01,boja odstupa,major,rework,final,44,True
2026-02-04,L6,Decathlon,Kiprun Carbon Plate,INS_13,dimenzija van tolerancije,major,rework,final,51,False
2026-02-04,L2,Nike,Air Max Flyknit Upper,INS_09,ljepilo vidljivo,minor,rework,final,41,True
2025-10-06,L1,Crocs,LiteRide Insole Unit,INS_12,3D knit greška,major,pass,incoming,56,False
2025-05-27,L2,Nike,Pegasus 3D Knit Collar,INS_02,materijal oštećen,minor,pass,final,64,True
2025-04-08,L3,Nike,Air Max Flyknit Upper,INS_04,šav neravnomjeran,major,scrap,final,51,True
2025-04-03,L3,Nike,Vaporfly Engineered Mesh,INS_13,materijal oštećen,minor,pass,final,52,False
2025-04-09,L5,Crocs,Classic Clog Strap Assembly,INS_05,boja odstupa,major,pass,inline,67,True
2025-05-15,L7,Nike,Vaporfly Engineered Mesh,INS_04,materijal oštećen,major,rework,final,38,True
2025-04-03,L5,Decathlon,Kalenji Trail Sole Unit,INS_01,ljepilo vidljivo,major,rework,final,29,True
2025-09-25,L8,Crocs,LiteRide Insole Unit,INS_07,đon delaminacija,critical,scrap,final,46,False
2026-01-27,L4,Nike,Vaporfly Engineered Mesh,INS_15,đon delaminacija,major,scrap,final,49,True
2025-04-18,L4,Crocs,Bayaband Slide Upper,INS_13,đon delaminacija,critical,scrap,final,33,True
2025-11-04,L1,Nike,Pegasus 3D Knit Collar,INS_15,šav neravnomjeran,minor,pass,final,60,False
2025-03-28,L5,Crocs,LiteRide Insole Unit,INS_14,ljepilo vidljivo,major,rework,inline,45,True
2025-03-20,L7,Decathlon,Quechua Hiking Upper,INS_10,ljepilo vidljivo,minor,pass,inline,34,False
2025-08-21,L6,Decathlon,Kalenji Trail Sole Unit,INS_14,šav neravnomjeran,minor,pass,final,48,False
2025-05-22,L4,Nike,Air Max Flyknit Upper,INS_07,boja odstupa,major,rework,inline,58,True
2025-09-11,L7,Decathlon,Kiprun Carbon Plate,INS_12,ljepilo vidljivo,major,scrap,final,48,True
2025-07-30,L7,Crocs,Bayaband Slide Upper,INS_07,ljepilo vidljivo,minor,pass,final,46,True
2025-07-07,L8,Decathlon,Kalenji Trail Sole Unit,INS_03,ljepilo vidljivo,major,pass,final,37,True
2025-03-04,L4,Crocs,Classic Clog Strap Assembly,INS_05,logo pozicija,minor,pass,customer_return,51,True
2026-02-18,L1,Nike,Vaporfly Engineered Mesh,INS_09,3D knit greška,minor,pass,inline,35,False
2025-10-21,L1,Nike,Vaporfly Engineered Mesh,INS_15,boja odstupa,major,pass,inline,38,True
2025-10-20,L2,Nike,Air Max Flyknit Upper,INS_09,šav neravnomjeran,major,scrap,final,46,False
2025-11-18,L4,Crocs,Classic Clog Strap Assembly,INS_11,logo pozicija,major,rework,final,49,True
2026-01-06,L6,Decathlon,Quechua Hiking Upper,INS_04,boja odstupa,major,pass,incoming,30,True
2025-04-14,L6,Decathlon,Quechua Hiking Upper,INS_05,šav neravnomjeran,major,rework,final,64,True
2025-11-20,L6,Decathlon,Kalenji Trail Sole Unit,INS_05,đon delaminacija,major,rework,final,22,True
2025-10-17,L3,Nike,Air Max Flyknit Upper,INS_03,šav neravnomjeran,major,rework,inline,53,True
2025-04-22,L2,Nike,Air Max Flyknit Upper,INS_02,boja odstupa,major,rework,final,44,True
2025-10-22,L5,Crocs,LiteRide Insole Unit,INS_01,boja odstupa,minor,pass,customer_return,51,True
2025-09-18,L7,Decathlon,Quechua Hiking Upper,INS_04,šav neravnomjeran,major,scrap,final,39,True
2025-10-08,L1,Nike,Dunk Low Textile Upper,INS_05,materijal oštećen,major,pass,final,53,False
2025-06-11,L5,Crocs,LiteRide Insole Unit,INS_09,dimenzija van tolerancije,major,rework,incoming,38,True
2025-11-27,L8,Nike,Pegasus 3D Knit Collar,INS_01,ljepilo vidljivo,major,pass,final,52,False
2026-02-02,L8,Crocs,Classic Clog Strap Assembly,INS_09,3D knit greška,minor,rework,final,65,True
2025-11-12,L6,Decathlon,Kalenji Trail Sole Unit,INS_10,logo pozicija,major,rework,final,34,False
2025-06-19,L6,Decathlon,Kalenji Trail Sole Unit,INS_07,dimenzija van tolerancije,major,rework,final,38,False
2025-11-04,L5,Crocs,LiteRide Insole Unit,INS_02,materijal oštećen,major,rework,incoming,50,True
2025-04-09,L1,Nike,Dunk Low Textile Upper,INS_03,logo pozicija,minor,pass,incoming,50,False
2025-04-10,L1,Nike,Air Max Flyknit Upper,INS_01,šav neravnomjeran,major,rework,inline,33,False
2025-03-06,L6,Decathlon,Kiprun Carbon Plate,INS_02,materijal oštećen,minor,pass,final,58,True
2025-08-28,L5,Crocs,LiteRide Insole Unit,INS_09,boja odstupa,minor,rework,final,36,True
2025-12-26,L8,Crocs,Classic Clog Strap Assembly,INS_05,šav neravnomjeran,minor,pass,final,44,True
2025-10-13,L7,Decathlon,Kiprun Carbon Plate,INS_06,logo pozicija,minor,pass,incoming,41,True
2026-02-10,L4,Decathlon,Kalenji Trail Sole Unit,INS_05,boja odstupa,critical,scrap,final,48,True
2026-02-04,L6,Decathlon,Kalenji Trail Sole Unit,INS_05,logo pozicija,minor,rework,incoming,38,False
2025-04-28,L1,Nike,Dunk Low Textile Upper,INS_07,đon delaminacija,critical,scrap,customer_return,42,True
2025-04-15,L6,Decathlon,Kalenji Trail Sole Unit,INS_12,ljepilo vidljivo,minor,pass,inline,38,True
2025-04-03,L6,Decathlon,Kalenji Trail Sole Unit,INS_03,boja odstupa,minor,pass,final,59,True
2025-11-03,L3,Nike,ZoomX Carbon Plate Insert,INS_03,ljepilo vidljivo,major,scrap,inline,46,False
2026-02-26,L5,Crocs,Bayaband Slide Upper,INS_12,materijal oštećen,major,scrap,final,31,True
2026-01-15,L7,Decathlon,Kalenji Trail Sole Unit,INS_05,boja odstupa,minor,rework,final,32,True
2026-02-05,L4,Crocs,LiteRide Insole Unit,INS_09,materijal oštećen,critical,scrap,inline,16,False
2025-06-18,L1,Nike,ZoomX Carbon Plate Insert,INS_06,dimenzija van tolerancije,major,rework,inline,41,True
2025-05-13,L6,Decathlon,Quechua Hiking Upper,INS_02,šav neravnomjeran,minor,rework,inline,43,True
2025-12-19,L5,Crocs,LiteRide Insole Unit,INS_06,ljepilo vidljivo,minor,rework,final,18,True
2026-02-13,L8,Nike,ZoomX Carbon Plate Insert,INS_15,materijal oštećen,major,scrap,inline,60,False
2025-10-13,L4,Nike,Vaporfly Engineered Mesh,INS_11,ljepilo vidljivo,minor,pass,customer_return,25,False
2025-05-23,L8,Nike,ZoomX Carbon Plate Insert,INS_11,šav neravnomjeran,critical,scrap,final,53,False
2025-06-20,L7,Decathlon,Quechua Hiking Upper,INS_02,ljepilo vidljivo,minor,pass,final,51,True
2025-08-15,L8,Crocs,LiteRide Insole Unit,INS_08,materijal oštećen,major,rework,final,57,False
2025-10-23,L2,Nike,Air Max Flyknit Upper,INS_14,šav neravnomjeran,minor,pass,customer_return,42,True
2025-09-29,L5,Crocs,LiteRide Insole Unit,INS_01,boja odstupa,minor,pass,final,54,False
2025-11-10,L5,Crocs,LiteRide Insole Unit,INS_10,boja odstupa,minor,pass,final,59,True
2025-11-24,L5,Crocs,Classic Clog Strap Assembly,INS_09,boja odstupa,minor,pass,final,42,True
2026-01-20,L2,Nike,ZoomX Carbon Plate Insert,INS_11,3D knit greška,minor,pass,final,56,True
2026-01-14,L5,Crocs,LiteRide Insole Unit,INS_03,šav neravnomjeran,critical,scrap,final,53,True
2025-06-09,L7,Decathlon,Kalenji Trail Sole Unit,INS_05,materijal oštećen,major,pass,final,49,True
2025-07-31,L6,Crocs,Classic Clog Strap Assembly,INS_13,ljepilo vidljivo,minor,pass,final,48,False
2025-05-01,L8,Decathlon,Kalenji Trail Sole Unit,INS_05,materijal oštećen,critical,scrap,customer_return,68,False
2025-03-03,L3,Nike,Vaporfly Engineered Mesh,INS_10,logo pozicija,major,rework,final,53,False
2025-03-11,L1,Nike,Air Max Flyknit Upper,INS_02,boja odstupa,major,rework,inline,28,True
2025-10-01,L4,Crocs,Bayaband Slide Upper,INS_15,boja odstupa,minor,rework,inline,32,True
2025-10-08,L7,Decathlon,Quechua Hiking Upper,INS_09,šav neravnomjeran,minor,pass,final,44,True
2025-06-26,L5,Crocs,Bayaband Slide Upper,INS_04,ljepilo vidljivo,critical,scrap,final,65,False
2025-11-07,L1,Nike,Dunk Low Textile Upper,INS_07,boja odstupa,major,rework,final,62,False
2025-10-17,L2,Nike,Air Max Flyknit Upper,INS_12,ljepilo vidljivo,major,scrap,inline,55,True
2025-10-14,L7,Decathlon,Quechua Hiking Upper,INS_14,materijal oštećen,major,rework,final,47,False
2025-03-21,L6,Crocs,Bayaband Slide Upper,INS_07,boja odstupa,minor,pass,inline,31,False
2025-06-13,L5,Crocs,Classic Clog Strap Assembly,INS_01,šav neravnomjeran,major,rework,inline,36,True
2025-04-09,L4,Crocs,Classic Clog Strap Assembly,INS_13,boja odstupa,major,rework,final,48,False
2025-10-16,L6,Decathlon,Kalenji Trail Sole Unit,INS_10,dimenzija van tolerancije,critical,scrap,inline,41,True
2025-07-16,L1,Nike,Pegasus 3D Knit Collar,INS_02,šav neravnomjeran,critical,scrap,inline,32,True
2026-02-17,L3,Nike,Pegasus 3D Knit Collar,INS_08,3D knit greška,major,scrap,final,18,True
2025-09-24,L4,Crocs,Bayaband Slide Upper,INS_03,logo pozicija,minor,rework,inline,29,True
2025-05-13,L1,Nike,ZoomX Carbon Plate Insert,INS_13,đon delaminacija,major,scrap,inline,30,False
2025-07-25,L6,Decathlon,Kiprun Carbon Plate,INS_01,logo pozicija,major,rework,final,47,True
2025-11-11,L5,Crocs,LiteRide Insole Unit,INS_14,ljepilo vidljivo,major,scrap,final,44,False
2025-09-02,L2,Nike,Air Max Flyknit Upper,INS_13,logo pozicija,major,scrap,final,66,True
2025-06-10,L4,Crocs,Bayaband Slide Upper,INS_04,šav neravnomjeran,minor,pass,final,42,True
2026-02-13,L8,Nike,Air Max Flyknit Upper,INS_02,ljepilo vidljivo,minor,rework,customer_return,50,False
2025-09-02,L1,Nike,Vaporfly Engineered Mesh,INS_10,đon delaminacija,critical,scrap,final,75,False
2025-07-09,L1,Nike,Dunk Low Textile Upper,INS_05,3D knit greška,minor,scrap,final,53,True
2025-12-30,L1,Nike,ZoomX Carbon Plate Insert,INS_04,3D knit greška,major,rework,inline,43,True
2025-11-06,L6,Decathlon,Kalenji Trail Sole Unit,INS_15,3D knit greška,minor,pass,inline,57,True
2026-02-09,L2,Nike,ZoomX Carbon Plate Insert,INS_05,boja odstupa,major,rework,final,51,False
2025-09-26,L3,Nike,ZoomX Carbon Plate Insert,INS_11,logo pozicija,major,rework,final,35,True
2025-06-09,L2,Crocs,Classic Clog Strap Assembly,INS_13,ljepilo vidljivo,minor,pass,final,61,False
2025-06-05,L1,Nike,ZoomX Carbon Plate Insert,INS_04,3D knit greška,minor,pass,final,44,True
2025-04-28,L7,Decathlon,Kiprun Carbon Plate,INS_10,šav neravnomjeran,major,scrap,final,50,True
2025-08-29,L8,Nike,ZoomX Carbon Plate Insert,INS_03,ljepilo vidljivo,major,rework,final,60,False
2025-11-24,L6,Decathlon,Kiprun Carbon Plate,INS_10,logo pozicija,major,rework,customer_return,44,True
2025-06-30,L5,Crocs,Bayaband Slide Upper,INS_11,đon delaminacija,critical,scrap,inline,51,True
2025-09-22,L1,Nike,ZoomX Carbon Plate Insert,INS_07,šav neravnomjeran,major,rework,final,39,True
2025-04-30,L5,Crocs,Bayaband Slide Upper,INS_15,3D knit greška,critical,scrap,inline,19,False
2025-06-23,L2,Nike,Vaporfly Engineered Mesh,INS_12,šav neravnomjeran,major,scrap,inline,51,True
2025-03-28,L2,Nike,Vaporfly Engineered Mesh,INS_11,3D knit greška,minor,pass,final,41,True
2025-07-01,L8,Decathlon,Quechua Hiking Upper,INS_05,dimenzija van tolerancije,critical,scrap,final,39,True
2025-10-02,L6,Decathlon,Quechua Hiking Upper,INS_13,šav neravnomjeran,major,rework,inline,54,True
2025-07-03,L2,Nike,ZoomX Carbon Plate Insert,INS_06,3D knit greška,minor,pass,customer_return,41,True
2025-09-04,L2,Crocs,Bayaband Slide Upper,INS_11,3D knit greška,critical,scrap,final,47,False
2025-06-13,L6,Crocs,LiteRide Insole Unit,INS_13,šav neravnomjeran,major,rework,final,49,True
2025-04-03,L5,Decathlon,Kalenji Trail Sole Unit,INS_04,šav neravnomjeran,major,rework,inline,34,True
2026-02-12,L5,Crocs,LiteRide Insole Unit,INS_15,šav neravnomjeran,major,scrap,customer_return,41,True
2025-04-18,L3,Nike,Pegasus 3D Knit Collar,INS_12,ljepilo vidljivo,major,rework,final,69,False
2025-04-10,L7,Nike,Air Max Flyknit Upper,INS_06,đon delaminacija,major,rework,final,35,True
2025-07-07,L1,Nike,Pegasus 3D Knit Collar,INS_01,3D knit greška,major,rework,final,41,False
2025-04-15,L1,Nike,Dunk Low Textile Upper,INS_10,boja odstupa,major,pass,final,46,True
2025-04-28,L1,Nike,Pegasus 3D Knit Collar,INS_04,đon delaminacija,critical,scrap,final,55,True
2025-06-10,L5,Decathlon,Kiprun Carbon Plate,INS_13,logo pozicija,minor,pass,inline,36,True
2025-05-12,L1,Crocs,LiteRide Insole Unit,INS_11,šav neravnomjeran,minor,pass,final,44,False
2025-09-10,L1,Nike,Vaporfly Engineered Mesh,INS_03,boja odstupa,major,rework,final,34,False
2025-10-06,L2,Nike,Pegasus 3D Knit Collar,INS_03,boja odstupa,critical,scrap,final,54,True
2025-03-17,L8,Nike,Dunk Low Textile Upper,INS_13,šav neravnomjeran,major,rework,inline,66,True
2025-08-20,L4,Crocs,LiteRide Insole Unit,INS_08,logo pozicija,minor,pass,final,39,False
2026-01-20,L7,Decathlon,Kalenji Trail Sole Unit,INS_12,3D knit greška,major,pass,final,42,True
2025-09-19,L6,Decathlon,Quechua Hiking Upper,INS_02,materijal oštećen,major,rework,final,60,False
2025-07-25,L5,Crocs,Bayaband Slide Upper,INS_13,ljepilo vidljivo,minor,pass,final,38,True
2025-06-27,L8,Crocs,Bayaband Slide Upper,INS_01,šav neravnomjeran,critical,scrap,final,39,True
2025-03-05,L1,Nike,Dunk Low Textile Upper,INS_15,3D knit greška,minor,pass,final,23,True
2026-02-02,L5,Nike,Vaporfly Engineered Mesh,INS_03,šav neravnomjeran,major,rework,final,37,False
2025-08-22,L7,Nike,Pegasus 3D Knit Collar,INS_11,3D knit greška,major,scrap,inline,50,True
2025-05-20,L5,Crocs,Classic Clog Strap Assembly,INS_10,ljepilo vidljivo,major,scrap,final,44,True
2025-09-04,L8,Crocs,Bayaband Slide Upper,INS_05,šav neravnomjeran,major,rework,incoming,30,False
2025-08-19,L5,Crocs,Classic Clog Strap Assembly,INS_01,dimenzija van tolerancije,minor,pass,final,43,True
2025-06-20,L2,Nike,Air Max Flyknit Upper,INS_02,ljepilo vidljivo,minor,pass,inline,36,False
2026-02-24,L3,Nike,Pegasus 3D Knit Collar,INS_11,dimenzija van tolerancije,critical,rework,inline,39,False
2025-03-26,L3,Nike,Air Max Flyknit Upper,INS_15,đon delaminacija,critical,scrap,final,47,True
2025-08-27,L3,Nike,Air Max Flyknit Upper,INS_06,dimenzija van tolerancije,major,rework,inline,47,True
2025-10-03,L2,Nike,Pegasus 3D Knit Collar,INS_15,šav neravnomjeran,minor,pass,customer_return,36,False
2025-10-30,L5,Crocs,Classic Clog Strap Assembly,INS_11,dimenzija van tolerancije,major,rework,inline,44,True
2026-01-29,L7,Decathlon,Quechua Hiking Upper,INS_12,šav neravnomjeran,major,rework,final,43,False
2025-04-11,L4,Decathlon,Kalenji Trail Sole Unit,INS_07,boja odstupa,major,rework,final,56,True
2025-05-22,L6,Nike,Vaporfly Engineered Mesh,INS_04,3D knit greška,major,scrap,inline,39,True
2025-11-21,L8,Crocs,Classic Clog Strap Assembly,INS_06,šav neravnomjeran,minor,pass,final,52,True
2025-12-31,L3,Nike,Dunk Low Textile Upper,INS_03,šav neravnomjeran,minor,pass,inline,35,False
2025-10-07,L4,Crocs,LiteRide Insole Unit,INS_08,dimenzija van tolerancije,major,rework,inline,31,True
2025-03-18,L6,Decathlon,Kiprun Carbon Plate,INS_01,šav neravnomjeran,minor,rework,customer_return,32,True
2025-06-18,L4,Decathlon,Quechua Hiking Upper,INS_15,šav neravnomjeran,minor,pass,inline,48,False
2025-08-08,L3,Nike,Vaporfly Engineered Mesh,INS_08,boja odstupa,minor,pass,inline,47,True
2025-11-27,L3,Nike,ZoomX Carbon Plate Insert,INS_11,ljepilo vidljivo,major,scrap,final,40,True
2025-05-20,L3,Nike,Pegasus 3D Knit Collar,INS_14,đon delaminacija,major,rework,final,49,True
2025-09-08,L5,Crocs,LiteRide Insole Unit,INS_10,dimenzija van tolerancije,major,rework,final,42,False
2025-07-30,L2,Crocs,Classic Clog Strap Assembly,INS_13,materijal oštećen,critical,scrap,final,43,True
2025-07-16,L8,Nike,Vaporfly Engineered Mesh,INS_06,šav neravnomjeran,major,pass,incoming,57,True
2025-05-01,L7,Nike,Vaporfly Engineered Mesh,INS_09,3D knit greška,critical,scrap,inline,41,True
2025-11-03,L3,Nike,ZoomX Carbon Plate Insert,INS_11,materijal oštećen,critical,scrap,final,56,True
2026-02-20,L4,Crocs,Bayaband Slide Upper,INS_05,šav neravnomjeran,minor,pass,inline,55,False
2025-09-16,L2,Nike,Dunk Low Textile Upper,INS_15,šav neravnomjeran,major,scrap,final,60,True
2025-09-30,L7,Nike,Dunk Low Textile Upper,INS_10,boja odstupa,critical,scrap,customer_return,59,True
2025-10-13,L4,Nike,Vaporfly Engineered Mesh,INS_06,ljepilo vidljivo,minor,pass,final,26,False
2025-08-25,L7,Crocs,Bayaband Slide Upper,INS_14,šav neravnomjeran,minor,scrap,final,44,True
2025-03-07,L4,Crocs,Classic Clog Strap Assembly,INS_10,dimenzija van tolerancije,minor,pass,final,34,True
2025-03-07,L3,Nike,Pegasus 3D Knit Collar,INS_06,materijal oštećen,minor,rework,final,25,False
2025-12-26,L1,Nike,Dunk Low Textile Upper,INS_12,3D knit greška,major,rework,incoming,33,False
2025-06-10,L2,Crocs,Classic Clog Strap Assembly,INS_11,dimenzija van tolerancije,critical,rework,inline,52,True
2025-04-29,L7,Decathlon,Kalenji Trail Sole Unit,INS_03,ljepilo vidljivo,major,rework,final,29,False
2025-11-03,L5,Crocs,LiteRide Insole Unit,INS_01,đon delaminacija,major,scrap,final,55,True
2025-03-05,L2,Nike,Vaporfly Engineered Mesh,INS_04,šav neravnomjeran,minor,pass,final,46,False
2025-07-03,L1,Nike,Vaporfly Engineered Mesh,INS_09,đon delaminacija,critical,scrap,inline,63,True
2025-04-28,L6,Crocs,Classic Clog Strap Assembly,INS_10,logo pozicija,critical,scrap,inline,43,False
2025-06-23,L7,Decathlon,Kiprun Carbon Plate,INS_07,boja odstupa,minor,pass,final,35,True
2025-04-28,L4,Crocs,Classic Clog Strap Assembly,INS_12,đon delaminacija,minor,rework,final,47,True
2025-05-02,L6,Decathlon,Quechua Hiking Upper,INS_01,đon delaminacija,critical,scrap,inline,17,True
2025-11-14,L1,Nike,Dunk Low Textile Upper,INS_07,đon delaminacija,critical,scrap,final,32,False
2025-03-17,L3,Nike,Pegasus 3D Knit Collar,INS_01,ljepilo vidljivo,minor,pass,inline,49,False
2025-07-30,L7,Crocs,Bayaband Slide Upper,INS_08,ljepilo vidljivo,minor,pass,inline,33,False
2025-08-06,L2,Nike,Air Max Flyknit Upper,INS_07,boja odstupa,major,rework,final,40,True
2025-07-24,L4,Crocs,Classic Clog Strap Assembly,INS_02,đon delaminacija,major,rework,inline,51,True
2025-09-12,L4,Crocs,Classic Clog Strap Assembly,INS_14,3D knit greška,minor,pass,final,58,True
2025-06-06,L4,Crocs,Bayaband Slide Upper,INS_08,ljepilo vidljivo,critical,scrap,final,56,False
2025-05-19,L5,Crocs,Bayaband Slide Upper,INS_15,dimenzija van tolerancije,critical,scrap,final,20,True
2025-05-16,L4,Crocs,Classic Clog Strap Assembly,INS_04,boja odstupa,major,rework,final,41,False
2025-04-08,L1,Nike,ZoomX Carbon Plate Insert,INS_08,šav neravnomjeran,minor,pass,final,42,True
2025-06-16,L5,Crocs,Classic Clog Strap Assembly,INS_15,boja odstupa,minor,pass,final,31,False
2025-05-30,L2,Crocs,Bayaband Slide Upper,INS_05,materijal oštećen,minor,rework,inline,40,True
2025-09-29,L7,Crocs,Bayaband Slide Upper,INS_06,logo pozicija,minor,scrap,final,34,False
2025-06-23,L2,Nike,Dunk Low Textile Upper,INS_05,šav neravnomjeran,critical,scrap,final,44,False
2025-08-06,L4,Nike,Air Max Flyknit Upper,INS_04,3D knit greška,minor,rework,inline,43,False
2025-06-13,L5,Crocs,Classic Clog Strap Assembly,INS_04,ljepilo vidljivo,minor,scrap,final,54,True
2025-06-02,L5,Nike,ZoomX Carbon Plate Insert,INS_01,šav neravnomjeran,major,rework,inline,55,False
2025-09-04,L1,Nike,ZoomX Carbon Plate Insert,INS_03,ljepilo vidljivo,minor,pass,final,30,True
2025-07-17,L8,Nike,ZoomX Carbon Plate Insert,INS_03,materijal oštećen,major,rework,inline,40,True
2025-05-22,L3,Nike,Vaporfly Engineered Mesh,INS_06,dimenzija van tolerancije,minor,pass,incoming,48,False
2025-06-25,L1,Nike,Air Max Flyknit Upper,INS_05,ljepilo vidljivo,minor,pass,incoming,55,True
2025-09-04,L3,Nike,Vaporfly Engineered Mesh,INS_08,materijal oštećen,major,rework,final,44,True
2025-04-14,L3,Nike,Pegasus 3D Knit Collar,INS_02,šav neravnomjeran,major,rework,final,41,False
2025-09-09,L7,Decathlon,Kiprun Carbon Plate,INS_02,šav neravnomjeran,minor,pass,final,42,True
2025-10-10,L3,Nike,Vaporfly Engineered Mesh,INS_15,đon delaminacija,critical,scrap,final,49,False
2025-08-06,L8,Nike,Vaporfly Engineered Mesh,INS_13,materijal oštećen,critical,scrap,inline,62,True
2025-12-02,L8,Crocs,Classic Clog Strap Assembly,INS_08,šav neravnomjeran,minor,rework,inline,40,False
2025-12-12,L8,Nike,Pegasus 3D Knit Collar,INS_07,logo pozicija,minor,pass,inline,55,True
2025-10-10,L6,Decathlon,Kalenji Trail Sole Unit,INS_15,šav neravnomjeran,minor,pass,final,19,False
2025-10-29,L8,Nike,Air Max Flyknit Upper,INS_10,3D knit greška,major,rework,final,58,True
2026-02-19,L6,Decathlon,Kalenji Trail Sole Unit,INS_01,šav neravnomjeran,minor,pass,final,85,False
2025-11-18,L1,Nike,Air Max Flyknit Upper,INS_09,šav neravnomjeran,minor,pass,inline,32,True
2025-12-03,L1,Nike,Dunk Low Textile Upper,INS_14,ljepilo vidljivo,minor,pass,final,50,True
2025-06-25,L5,Crocs,Classic Clog Strap Assembly,INS_10,ljepilo vidljivo,major,scrap,inline,55,True
2025-10-01,L6,Nike,Vaporfly Engineered Mesh,INS_07,šav neravnomjeran,major,pass,inline,51,False
2025-04-01,L6,Decathlon,Kalenji Trail Sole Unit,INS_11,ljepilo vidljivo,minor,pass,inline,35,True
2025-03-14,L8,Crocs,LiteRide Insole Unit,INS_14,logo pozicija,major,scrap,final,30,True
2025-04-17,L3,Nike,Pegasus 3D Knit Collar,INS_14,boja odstupa,minor,pass,final,47,True
2025-11-27,L7,Crocs,Bayaband Slide Upper,INS_09,ljepilo vidljivo,major,rework,customer_return,42,True
2025-11-25,L1,Nike,Vaporfly Engineered Mesh,INS_01,logo pozicija,minor,pass,final,50,False
2025-06-06,L4,Crocs,Classic Clog Strap Assembly,INS_08,materijal oštećen,major,pass,inline,44,False
2025-03-17,L8,Nike,Vaporfly Engineered Mesh,INS_11,dimenzija van tolerancije,major,pass,inline,49,True
2025-04-04,L2,Nike,Dunk Low Textile Upper,INS_10,3D knit greška,major,rework,final,46,True
2025-03-21,L3,Nike,ZoomX Carbon Plate Insert,INS_04,materijal oštećen,critical,scrap,inline,21,True
2025-10-17,L1,Nike,Dunk Low Textile Upper,INS_05,šav neravnomjeran,major,scrap,incoming,39,True
2025-05-21,L8,Crocs,Classic Clog Strap Assembly,INS_09,3D knit greška,major,rework,inline,49,False
2025-08-25,L2,Nike,Pegasus 3D Knit Collar,INS_02,ljepilo vidljivo,minor,rework,customer_return,42,False
2025-06-10,L8,Decathlon,Kiprun Carbon Plate,INS_14,3D knit greška,major,rework,final,44,True
2025-09-01,L1,Nike,Air Max Flyknit Upper,INS_09,đon delaminacija,major,rework,final,33,True
2025-05-30,L2,Nike,ZoomX Carbon Plate Insert,INS_11,materijal oštećen,major,scrap,inline,25,False
2026-01-07,L4,Nike,ZoomX Carbon Plate Insert,INS_05,logo pozicija,minor,rework,final,56,False
2025-10-21,L4,Decathlon,Kiprun Carbon Plate,INS_08,logo pozicija,minor,scrap,final,36,False
2025-05-15,L2,Nike,Air Max Flyknit Upper,INS_03,3D knit greška,major,rework,final,24,False
2025-04-29,L5,Crocs,Classic Clog Strap Assembly,INS_08,dimenzija van tolerancije,major,rework,final,23,True
2025-04-02,L1,Nike,Air Max Flyknit Upper,INS_09,đon delaminacija,minor,pass,final,68,True
2025-10-24,L4,Crocs,LiteRide Insole Unit,INS_11,ljepilo vidljivo,major,rework,final,24,True
2025-07-02,L1,Nike,Air Max Flyknit Upper,INS_14,dimenzija van tolerancije,major,scrap,inline,42,False
2026-02-27,L1,Nike,Pegasus 3D Knit Collar,INS_11,đon delaminacija,major,rework,final,32,False
2025-05-06,L5,Crocs,LiteRide Insole Unit,INS_02,đon delaminacija,minor,scrap,inline,34,False
2025-07-10,L3,Crocs,Classic Clog Strap Assembly,INS_14,ljepilo vidljivo,minor,pass,final,53,True
2025-09-04,L5,Crocs,Classic Clog Strap Assembly,INS_08,dimenzija van tolerancije,major,scrap,inline,34,True
2025-04-02,L4,Crocs,Classic Clog Strap Assembly,INS_06,ljepilo vidljivo,minor,pass,customer_return,31,True
2025-12-19,L2,Nike,Pegasus 3D Knit Collar,INS_03,šav neravnomjeran,major,scrap,final,52,True
2025-04-15,L7,Decathlon,Kiprun Carbon Plate,INS_06,logo pozicija,major,rework,final,44,False
2025-10-09,L4,Decathlon,Kiprun Carbon Plate,INS_13,boja odstupa,major,rework,final,46,True
2025-09-12,L7,Nike,ZoomX Carbon Plate Insert,INS_03,dimenzija van tolerancije,major,rework,final,38,True
2025-04-15,L8,Nike,Vaporfly Engineered Mesh,INS_08,3D knit greška,minor,pass,inline,56,False
2025-03-21,L1,Decathlon,Quechua Hiking Upper,INS_14,ljepilo vidljivo,major,rework,final,46,False
2025-05-26,L1,Nike,Air Max Flyknit Upper,INS_10,3D knit greška,major,pass,final,28,False
2025-06-11,L4,Nike,Air Max Flyknit Upper,INS_05,materijal oštećen,major,scrap,customer_return,47,True
2025-09-30,L6,Decathlon,Kalenji Trail Sole Unit,INS_09,šav neravnomjeran,major,pass,final,45,False
2025-12-25,L2,Nike,Air Max Flyknit Upper,INS_09,dimenzija van tolerancije,minor,pass,inline,43,False
2025-12-31,L6,Decathlon,Quechua Hiking Upper,INS_14,materijal oštećen,minor,pass,inline,40,True
2025-11-21,L6,Decathlon,Kiprun Carbon Plate,INS_06,materijal oštećen,minor,pass,inline,28,False
2025-06-16,L4,Crocs,LiteRide Insole Unit,INS_06,šav neravnomjeran,major,scrap,final,45,False
2025-08-28,L5,Decathlon,Kalenji Trail Sole Unit,INS_14,materijal oštećen,minor,pass,final,38,False
2025-03-27,L6,Decathlon,Kiprun Carbon Plate,INS_14,ljepilo vidljivo,major,pass,incoming,40,False
2025-06-16,L6,Decathlon,Kiprun Carbon Plate,INS_14,materijal oštećen,minor,pass,inline,54,True
