po_number,date,supplier,material_id,qty_ordered,qty_received,unit_price,total_eur,expected_delivery,actual_delivery,delay_days,quality_score
PO-01184,2025-03-01,Toray Industries,MAT_0224,1340,1340,16.69,22358.52,2025-04-13,2025-04-13,0,5
PO-01269,2025-03-01,NXP Semiconductors,MAT_0394,4159,4159,0.41,1719.85,2025-03-16,2025-03-16,0,5
PO-00672,2025-03-02,Zecchetto Accessori,MAT_0050,1889,1889,0.93,1749.49,2025-03-15,2025-03-15,0,4
PO-00465,2025-03-02,Gomma Padana,MAT_0011,697,697,14.1,9824.73,2025-03-20,2025-03-21,1,5
PO-00603,2025-03-02,American & Efird,MAT_0124,372,372,7.28,2707.15,2025-04-08,2025-04-08,0,3
PO-01006,2025-03-02,Global Trim,MAT_0326,12513,12513,0.11,1368.81,2025-04-12,2025-04-12,0,3
PO-00201,2025-03-02,Toray Industries,MAT_0317,178,178,18.63,3316.26,2025-04-06,2025-04-06,0,4
PO-01349,2025-03-02,Gomma Padana,MAT_0223,2008,2008,12.41,24922.94,2025-03-16,2025-03-16,0,5
PO-01125,2025-03-02,Global Trim,MAT_0326,6045,6045,0.11,684.8,2025-04-12,2025-04-12,0,4
PO-01543,2025-03-03,Henkel AG,MAT_0088,367,367,20.71,7602.17,2025-03-16,2025-03-16,0,5
PO-01020,2025-03-03,Coats Group,MAT_0045,976,976,5.44,5311.49,2025-03-15,2025-03-15,0,4
PO-01764,2025-03-03,Henkel AG,MAT_0473,349,349,23.16,8083.36,2025-03-13,2025-03-13,0,3
PO-01390,2025-03-03,Global Trim,MAT_0066,6096,6096,0.12,711.37,2025-04-07,2025-04-07,0,3
PO-01898,2025-03-03,Global Trim,MAT_0176,2314,2314,0.12,278.67,2025-04-07,2025-04-07,0,4
PO-00100,2025-03-03,Shenzhen Minghui,MAT_0052,17753,17753,0.03,543.97,2025-04-02,2025-04-02,0,5
PO-00690,2025-03-04,NXP Semiconductors,MAT_0307,2013,2013,0.52,1041.65,2025-03-17,2025-03-17,0,4
PO-00657,2025-03-04,Texon International,MAT_0281,553,553,3.5,1936.97,2025-03-16,2025-03-16,0,1
PO-00344,2025-03-04,Crocs Inc (supplied),MAT_0147,780,780,9.56,7455.7,2025-04-02,2025-04-02,0,4
PO-01097,2025-03-04,Crocs Inc (supplied),MAT_0208,491,491,9.69,4756.72,2025-04-07,2025-04-12,5,3
PO-01915,2025-03-04,American & Efird,MAT_0290,1325,1325,5.84,7741.34,2025-04-05,2025-04-05,0,4
PO-00622,2025-03-04,American & Efird,MAT_0442,719,719,7.3,5251.31,2025-04-01,2025-04-01,0,4
PO-00429,2025-03-04,Karteks Banja Luka,MAT_0373,2919,2919,0.55,1601.16,2025-03-08,2025-03-09,1,5
PO-01354,2025-03-04,Covestro AG,MAT_0328,476,430,11.08,4766.32,2025-03-11,2025-03-12,1,5
PO-01958,2025-03-05,Texon International,MAT_0135,235,235,2.87,674.21,2025-03-20,2025-03-20,0,3
PO-01474,2025-03-05,Global Trim,MAT_0331,15893,15893,0.12,1867.54,2025-04-08,2025-04-08,0,5
PO-00418,2025-03-05,Texon International,MAT_0293,1420,1420,3.0,4263.72,2025-03-26,2025-03-26,0,3
PO-00923,2025-03-05,Toray Composite,MAT_0159,153,153,51.07,7813.25,2025-04-20,2025-04-20,0,3
PO-00662,2025-03-05,Coats Group,MAT_0245,1081,1081,5.1,5515.76,2025-03-20,2025-03-20,0,3
PO-00061,2025-03-06,NXP Semiconductors,MAT_0270,1323,1323,0.41,541.04,2025-03-15,2025-03-15,0,4
PO-00676,2025-03-06,Far Eastern Textile,MAT_0158,4229,4229,3.69,15610.78,2025-04-09,2025-04-09,0,5
PO-00911,2025-03-06,Crocs Inc (supplied),MAT_0318,556,556,7.19,3995.91,2025-04-09,2025-04-09,0,4
PO-00810,2025-03-06,Shenzhen Minghui,MAT_0284,29066,29066,0.03,847.01,2025-04-14,2025-04-14,0,5
PO-00271,2025-03-06,Gomma Padana,MAT_0196,495,495,12.92,6395.5,2025-03-22,2025-03-22,0,4
PO-00122,2025-03-06,Covestro AG,MAT_0006,1822,1822,9.26,16869.83,2025-03-14,2025-03-15,1,4
PO-00772,2025-03-06,Texon International,MAT_0023,2014,2014,3.36,6776.48,2025-03-24,2025-03-24,0,4
PO-01677,2025-03-07,Far Eastern Textile,MAT_0251,968,615,3.88,2384.55,2025-04-10,2025-04-10,0,5
PO-00600,2025-03-07,Crocs Inc (supplied),MAT_0237,2102,2102,8.85,18607.82,2025-04-12,2025-04-12,0,5
PO-01079,2025-03-07,Global Trim,MAT_0455,9874,7298,0.11,823.98,2025-04-19,2025-04-19,0,4
PO-01440,2025-03-07,Global Trim,MAT_0151,2093,2093,0.1,215.0,2025-04-14,2025-04-14,0,4
PO-01995,2025-03-07,Henkel AG,MAT_0035,117,117,22.92,2681.07,2025-03-19,2025-03-19,0,5
PO-00101,2025-03-07,Gomma Padana,MAT_0190,449,449,13.23,5940.34,2025-03-21,2025-03-21,0,4
PO-00087,2025-03-08,Zecchetto Accessori,MAT_0283,985,985,0.91,898.7,2025-03-25,2025-03-25,0,4
PO-00438,2025-03-08,Coats Group,MAT_0075,599,599,6.26,3750.61,2025-03-27,2025-03-27,0,5
PO-00053,2025-03-08,Global Trim,MAT_0392,9537,9537,0.11,1078.15,2025-04-17,2025-04-17,0,5
PO-01845,2025-03-08,Global Trim,MAT_0041,5886,5886,0.14,844.04,2025-04-13,2025-04-13,0,3
PO-01487,2025-03-09,Zecchetto Accessori,MAT_0144,1961,1961,0.89,1739.6,2025-03-22,2025-03-22,0,5
PO-00548,2025-03-09,Coats Group,MAT_0485,1159,1159,6.45,7471.21,2025-03-29,2025-03-29,0,4
PO-00699,2025-03-09,Karteks Banja Luka,MAT_0361,2547,2547,0.69,1766.29,2025-03-13,2025-03-13,0,4
PO-00334,2025-03-09,Toray Industries,MAT_0296,576,576,19.66,11322.73,2025-04-29,2025-05-03,4,4
PO-01192,2025-03-09,Henkel AG,MAT_0051,347,347,16.73,5806.18,2025-03-22,2025-03-23,1,4
PO-01391,2025-03-09,Toray Composite,MAT_0389,236,236,39.25,9263.27,2025-04-20,2025-04-20,0,5
PO-01512,2025-03-10,Toray Composite,MAT_0216,148,148,39.45,5839.03,2025-04-28,2025-04-28,0,4
PO-01462,2025-03-10,Henkel AG,MAT_0035,99,70,22.5,1574.74,2025-03-22,2025-03-22,0,5
PO-00469,2025-03-10,Global Trim,MAT_0331,17147,17147,0.12,2037.55,2025-04-13,2025-04-14,1,4
PO-00572,2025-03-10,Shenzhen Minghui,MAT_0020,26287,26287,0.03,774.23,2025-04-23,2025-04-23,0,5
PO-01365,2025-03-10,Toray Composite,MAT_0295,166,166,38.46,6384.41,2025-04-25,2025-04-25,0,5
PO-00463,2025-03-10,NXP Semiconductors,MAT_0454,2688,2688,0.55,1469.39,2025-03-23,2025-03-23,0,5
PO-01846,2025-03-10,Covestro AG,MAT_0360,872,872,8.35,7277.58,2025-03-22,2025-03-22,0,5
PO-00068,2025-03-10,NXP Semiconductors,MAT_0436,3680,3680,0.5,1842.42,2025-03-24,2025-03-24,0,3
PO-00107,2025-03-11,Foam Italia,MAT_0081,1560,1560,3.58,5586.31,2025-03-23,2025-03-23,0,5
PO-00516,2025-03-11,Crocs Inc (supplied),MAT_0204,877,877,8.67,7605.6,2025-04-08,2025-04-08,0,2
PO-01123,2025-03-11,Crocs Inc (supplied),MAT_0237,999,944,8.92,8418.43,2025-04-16,2025-04-21,5,4
PO-00138,2025-03-11,Gomma Padana,MAT_0196,1686,1686,12.7,21420.57,2025-03-27,2025-03-27,0,5
PO-01724,2025-03-11,Foam Italia,MAT_0340,455,455,3.36,1527.26,2025-03-24,2025-03-25,1,1
PO-00091,2025-03-11,Far Eastern Textile,MAT_0158,3994,3994,3.65,14585.04,2025-04-14,2025-04-14,0,4
PO-01372,2025-03-11,Shenzhen Minghui,MAT_0070,19989,19989,0.03,611.72,2025-04-21,2025-04-21,0,1
PO-01402,2025-03-11,Karteks Banja Luka,MAT_0433,3057,3057,0.71,2164.76,2025-03-15,2025-03-15,0,4
PO-01012,2025-03-11,Coats Group,MAT_0075,941,941,6.11,5751.14,2025-03-30,2025-03-30,0,5
PO-01955,2025-03-11,Gomma Padana,MAT_0379,989,989,14.23,14071.82,2025-03-29,2025-03-29,0,4
PO-00229,2025-03-11,Zecchetto Accessori,MAT_0463,2486,2486,0.99,2449.55,2025-03-23,2025-03-23,0,5
PO-01988,2025-03-12,Crocs Inc (supplied),MAT_0063,669,669,9.38,6272.73,2025-04-17,2025-04-17,0,5
PO-01767,2025-03-12,Crocs Inc (supplied),MAT_0063,732,732,9.24,6761.76,2025-04-17,2025-04-17,0,4
PO-01572,2025-03-13,Shenzhen Minghui,MAT_0020,22075,22075,0.03,643.63,2025-04-26,2025-04-26,0,5
PO-00641,2025-03-13,NXP Semiconductors,MAT_0247,9705,9705,0.52,5020.33,2025-03-29,2025-03-29,0,4
PO-01017,2025-03-13,Karteks Banja Luka,MAT_0074,2522,2522,0.53,1333.24,2025-03-17,2025-03-17,0,4
PO-01011,2025-03-13,Crocs Inc (supplied),MAT_0208,740,740,9.86,7295.17,2025-04-16,2025-04-16,0,4
PO-00111,2025-03-14,Gomma Padana,MAT_0113,1415,1415,12.12,17146.38,2025-03-29,2025-03-29,0,3
PO-01693,2025-03-14,Coats Group,MAT_0245,1707,1707,4.99,8521.14,2025-03-29,2025-03-29,0,5
PO-00661,2025-03-14,Toray Composite,MAT_0390,65,65,47.23,3069.78,2025-05-07,2025-05-07,0,3
PO-00359,2025-03-14,Toray Industries,MAT_0267,1021,1021,19.01,19412.49,2025-04-28,2025-04-29,1,2
PO-00137,2025-03-14,Toray Industries,MAT_0129,857,857,15.89,13617.79,2025-04-22,2025-04-22,0,3
PO-00355,2025-03-14,Zecchetto Accessori,MAT_0228,715,715,0.8,572.34,2025-03-24,2025-03-24,0,5
PO-00420,2025-03-15,Global Trim,MAT_0346,6567,6567,0.12,790.78,2025-04-22,2025-04-25,3,4
PO-00254,2025-03-15,Zecchetto Accessori,MAT_0339,2431,2431,0.87,2112.1,2025-03-24,2025-03-24,0,4
PO-00005,2025-03-15,Karteks Banja Luka,MAT_0451,4153,4153,0.86,3560.28,2025-03-18,2025-03-18,0,4
PO-00184,2025-03-16,Crocs Inc (supplied),MAT_0211,1002,1002,8.32,8337.84,2025-04-19,2025-04-19,0,4
PO-00006,2025-03-16,Foam Italia,MAT_0280,1212,1212,5.89,7133.07,2025-03-27,2025-03-27,0,4
PO-00907,2025-03-16,Henkel AG,MAT_0013,257,257,15.79,4058.6,2025-03-25,2025-03-31,6,4
PO-00954,2025-03-16,Crocs Inc (supplied),MAT_0318,502,502,7.2,3613.77,2025-04-19,2025-04-19,0,5
PO-01760,2025-03-16,Crocs Inc (supplied),MAT_0211,471,471,8.63,4062.83,2025-04-19,2025-04-19,0,5
PO-01431,2025-03-16,Global Trim,MAT_0422,4255,4255,0.11,476.36,2025-04-27,2025-04-27,0,4
PO-01258,2025-03-16,Texon International,MAT_0446,2139,1760,2.81,4953.75,2025-03-28,2025-03-28,0,4
PO-00069,2025-03-16,Shenzhen Minghui,MAT_0406,27395,27395,0.03,831.71,2025-04-23,2025-04-23,0,1
PO-01016,2025-03-17,Texon International,MAT_0293,898,898,3.02,2715.18,2025-04-07,2025-04-07,0,5
PO-00454,2025-03-17,Texon International,MAT_0132,834,834,3.85,3207.56,2025-04-06,2025-04-06,0,4
PO-01206,2025-03-17,Toray Industries,MAT_0082,869,869,20.72,18005.85,2025-04-26,2025-04-26,0,3
PO-00578,2025-03-17,Texon International,MAT_0138,698,698,2.56,1784.79,2025-04-04,2025-04-05,1,5
PO-01770,2025-03-17,Gomma Padana,MAT_0194,1664,1664,12.61,20981.45,2025-03-30,2025-03-30,0,1
PO-01165,2025-03-17,Zhejiang Paper,MAT_0387,6066,6066,0.08,489.32,2025-04-17,2025-04-17,0,1
PO-00925,2025-03-17,Coats Group,MAT_0485,573,573,6.3,3608.18,2025-04-06,2025-04-19,13,5
PO-00808,2025-03-18,Coats Group,MAT_0195,1259,1259,5.94,7484.54,2025-04-04,2025-04-08,4,4
PO-01723,2025-03-18,Crocs Inc (supplied),MAT_0063,992,669,9.25,6185.92,2025-04-23,2025-04-23,0,3
PO-01092,2025-03-18,Covestro AG,MAT_0464,259,259,7.88,2039.89,2025-03-25,2025-03-28,3,4
PO-01461,2025-03-18,Zecchetto Accessori,MAT_0141,1108,1108,0.78,865.69,2025-03-27,2025-03-27,0,5
PO-01156,2025-03-19,NXP Semiconductors,MAT_0491,6161,6161,0.44,2697.09,2025-04-03,2025-04-03,0,2
PO-00213,2025-03-19,Zecchetto Accessori,MAT_0142,1818,1818,0.77,1399.05,2025-04-03,2025-04-03,0,5
PO-00048,2025-03-19,American & Efird,MAT_0333,336,260,7.16,1861.53,2025-04-18,2025-04-18,0,5
PO-00508,2025-03-19,Covestro AG,MAT_0381,736,736,9.13,6719.73,2025-03-31,2025-04-03,3,3
PO-00604,2025-03-19,Gomma Padana,MAT_0210,694,694,15.57,10807.78,2025-03-27,2025-03-30,3,4
PO-01867,2025-03-19,Karteks Banja Luka,MAT_0080,1697,1697,0.52,884.47,2025-03-23,2025-04-06,14,1
PO-00121,2025-03-20,Gomma Padana,MAT_0460,845,845,12.82,10834.3,2025-04-07,2025-04-07,0,3
PO-01698,2025-03-20,Toray Composite,MAT_0059,523,523,45.49,23789.75,2025-05-10,2025-05-10,0,3
PO-01477,2025-03-20,Henkel AG,MAT_0470,229,229,16.39,3752.54,2025-03-29,2025-03-29,0,4
PO-01235,2025-03-20,Global Trim,MAT_0112,9785,6939,0.14,986.81,2025-04-25,2025-04-25,0,4
PO-00566,2025-03-20,Toray Composite,MAT_0180,349,349,54.25,18932.11,2025-04-27,2025-04-27,0,5
PO-01311,2025-03-20,Covestro AG,MAT_0419,145,145,7.87,1141.75,2025-03-27,2025-03-27,0,3
PO-00573,2025-03-21,NXP Semiconductors,MAT_0255,7026,7026,0.42,2951.91,2025-03-30,2025-03-30,0,4
PO-00821,2025-03-21,Coats Group,MAT_0022,544,544,6.03,3280.39,2025-04-04,2025-04-10,6,3
PO-01428,2025-03-21,Foam Italia,MAT_0105,1144,1144,3.91,4468.04,2025-03-31,2025-03-31,0,4
PO-00183,2025-03-21,Covestro AG,MAT_0300,276,276,8.13,2244.09,2025-03-31,2025-04-01,1,4
PO-01499,2025-03-21,Toray Industries,MAT_0114,1051,1051,19.8,20810.22,2025-05-09,2025-05-09,0,3
PO-01838,2025-03-21,Texon International,MAT_0354,537,537,3.46,1859.79,2025-04-06,2025-04-06,0,4
PO-01674,2025-03-22,Global Trim,MAT_0466,6660,6660,0.11,715.9,2025-05-06,2025-05-06,0,5
PO-01197,2025-03-22,Texon International,MAT_0212,942,942,3.43,3234.56,2025-04-08,2025-04-08,0,4
PO-00197,2025-03-23,Texon International,MAT_0069,1579,1579,3.78,5975.64,2025-04-13,2025-04-14,1,5
PO-01118,2025-03-23,NXP Semiconductors,MAT_0073,3603,3603,0.45,1636.47,2025-04-06,2025-04-11,5,5
PO-00799,2025-03-24,Coats Group,MAT_0058,1261,1261,5.07,6393.91,2025-04-05,2025-04-05,0,2
PO-00139,2025-03-24,Henkel AG,MAT_0137,210,210,21.64,4545.34,2025-04-07,2025-04-07,0,4
PO-01571,2025-03-24,Crocs Inc (supplied),MAT_0048,439,276,9.15,2525.33,2025-04-24,2025-04-24,0,4
PO-00902,2025-03-24,Toray Composite,MAT_0389,42,42,39.27,1649.36,2025-05-05,2025-05-07,2,4
PO-01102,2025-03-25,Coats Group,MAT_0125,1750,1306,5.34,6972.22,2025-04-08,2025-04-13,5,3
PO-00333,2025-03-25,Foam Italia,MAT_0299,2723,2723,4.86,13242.27,2025-04-12,2025-04-18,6,2
PO-01788,2025-03-25,Shenzhen Minghui,MAT_0284,28995,28995,0.03,859.55,2025-05-03,2025-05-03,0,4
PO-00077,2025-03-25,NXP Semiconductors,MAT_0282,4108,2491,0.42,1040.6,2025-04-04,2025-04-04,0,4
PO-01527,2025-03-25,Zecchetto Accessori,MAT_0120,1245,1245,0.79,977.51,2025-04-12,2025-04-12,0,4
PO-00826,2025-03-25,Foam Italia,MAT_0240,1671,1671,3.71,6203.02,2025-04-08,2025-04-09,1,2
PO-00770,2025-03-26,Zhejiang Paper,MAT_0172,6839,6839,0.09,601.72,2025-04-26,2025-04-26,0,5
PO-01229,2025-03-26,Covestro AG,MAT_0166,393,393,9.23,3629.27,2025-04-03,2025-04-03,0,5
PO-00225,2025-03-26,Gomma Padana,MAT_0169,877,877,12.18,10681.52,2025-04-02,2025-04-02,0,5
PO-00265,2025-03-26,Zhejiang Paper,MAT_0494,5629,5629,0.08,453.42,2025-04-30,2025-04-30,0,1
PO-00205,2025-03-27,Covestro AG,MAT_0413,311,311,10.97,3412.94,2025-04-05,2025-04-05,0,4
PO-01756,2025-03-27,Zhejiang Paper,MAT_0387,6670,6670,0.08,528.0,2025-04-27,2025-04-28,1,5
PO-00452,2025-03-27,Coats Group,MAT_0058,1063,1063,5.19,5514.18,2025-04-08,2025-04-08,0,4
PO-01795,2025-03-27,Toray Industries,MAT_0077,430,289,18.93,5469.34,2025-05-10,2025-05-10,0,5
PO-00320,2025-03-27,Global Trim,MAT_0315,3118,2414,0.14,341.11,2025-04-29,2025-04-29,0,5
PO-00114,2025-03-27,Zecchetto Accessori,MAT_0483,2351,2351,1.03,2431.09,2025-04-03,2025-04-03,0,3
PO-01122,2025-03-28,American & Efird,MAT_0290,541,541,5.81,3142.49,2025-04-29,2025-04-29,0,2
PO-00792,2025-03-28,Texon International,MAT_0127,666,666,3.03,2016.46,2025-04-08,2025-04-08,0,5
PO-01274,2025-03-28,Toray Industries,MAT_0106,372,372,16.49,6133.56,2025-05-11,2025-05-16,5,4
PO-01341,2025-03-29,Foam Italia,MAT_0039,2060,2060,5.89,12127.84,2025-04-09,2025-04-09,0,5
PO-01333,2025-03-29,Texon International,MAT_0449,1577,1577,4.04,6376.75,2025-04-19,2025-04-19,0,5
PO-01027,2025-03-29,Zecchetto Accessori,MAT_0056,2620,2620,0.98,2575.65,2025-04-06,2025-04-06,0,5
PO-00950,2025-03-29,Gomma Padana,MAT_0231,460,460,12.22,5620.8,2025-04-08,2025-04-08,0,5
PO-01568,2025-03-30,Global Trim,MAT_0422,5784,5784,0.11,625.47,2025-05-11,2025-05-11,0,3
PO-01061,2025-03-30,Zecchetto Accessori,MAT_0254,2485,2485,0.99,2452.35,2025-04-11,2025-04-11,0,4
PO-01930,2025-03-30,Covestro AG,MAT_0191,274,274,10.34,2833.63,2025-04-14,2025-04-14,0,4
PO-00969,2025-03-31,Henkel AG,MAT_0432,287,287,13.85,3974.05,2025-04-08,2025-04-09,1,3
PO-01612,2025-03-31,American & Efird,MAT_0396,1121,1121,7.73,8665.44,2025-04-27,2025-04-27,0,5
PO-00125,2025-03-31,Coats Group,MAT_0038,927,927,5.1,4728.32,2025-04-21,2025-04-21,0,5
PO-01961,2025-03-31,Global Trim,MAT_0467,11292,11292,0.11,1222.78,2025-05-04,2025-05-04,0,4
PO-01879,2025-04-01,Global Trim,MAT_0041,6125,6125,0.14,866.11,2025-05-07,2025-05-07,0,3
PO-00926,2025-04-01,American & Efird,MAT_0021,985,985,6.86,6756.92,2025-05-11,2025-05-11,0,2
PO-01807,2025-04-01,Texon International,MAT_0249,1155,1155,3.54,4088.4,2025-04-16,2025-04-18,2,5
PO-01913,2025-04-01,Karteks Banja Luka,MAT_0451,3062,3062,0.84,2580.43,2025-04-04,2025-04-04,0,3
PO-01713,2025-04-01,Covestro AG,MAT_0487,1228,1228,10.7,13138.57,2025-04-16,2025-04-16,0,4
PO-00361,2025-04-01,Far Eastern Textile,MAT_0230,1863,1863,3.95,7355.04,2025-05-12,2025-05-12,0,4
PO-00609,2025-04-01,Zhejiang Paper,MAT_0387,2730,2730,0.08,212.03,2025-05-02,2025-05-06,4,5
PO-01574,2025-04-01,Zecchetto Accessori,MAT_0425,697,697,0.93,645.54,2025-04-11,2025-04-11,0,5
PO-01858,2025-04-01,Gomma Padana,MAT_0196,1577,1577,13.01,20517.85,2025-04-17,2025-04-17,0,2
PO-00231,2025-04-01,Coats Group,MAT_0195,1751,1751,5.79,10139.53,2025-04-18,2025-04-24,6,5
PO-00153,2025-04-01,Zhejiang Paper,MAT_0430,7807,7807,0.09,682.53,2025-05-07,2025-05-07,0,4
PO-01884,2025-04-02,Shenzhen Minghui,MAT_0257,11311,11311,0.04,444.17,2025-05-09,2025-05-09,0,5
PO-00718,2025-04-02,Henkel AG,MAT_0330,237,186,14.78,2749.11,2025-04-15,2025-04-16,1,5
PO-00675,2025-04-02,Coats Group,MAT_0058,1286,1286,4.99,6416.85,2025-04-14,2025-04-14,0,3
PO-01594,2025-04-03,Global Trim,MAT_0346,3066,3066,0.12,368.59,2025-05-11,2025-05-12,1,5
PO-01508,2025-04-03,Foam Italia,MAT_0150,513,513,4.53,2322.63,2025-04-11,2025-04-11,0,4
PO-01757,2025-04-03,Toray Industries,MAT_0495,1021,1021,16.07,16406.62,2025-05-25,2025-05-25,0,5
PO-01463,2025-04-03,NXP Semiconductors,MAT_0344,2789,2789,0.5,1395.85,2025-04-13,2025-04-13,0,5
PO-01563,2025-04-03,Gomma Padana,MAT_0265,950,950,14.32,13603.15,2025-04-12,2025-04-12,0,4
PO-01093,2025-04-03,Far Eastern Textile,MAT_0377,771,695,2.69,1872.84,2025-05-09,2025-05-09,0,5
PO-00886,2025-04-03,Toray Composite,MAT_0059,449,449,45.38,20373.42,2025-05-24,2025-05-28,4,4
PO-00920,2025-04-04,American & Efird,MAT_0366,659,659,7.2,4744.01,2025-05-13,2025-05-13,0,4
PO-01502,2025-04-04,American & Efird,MAT_0229,777,777,7.0,5441.48,2025-05-05,2025-05-05,0,4
PO-00901,2025-04-04,Toray Industries,MAT_0357,711,711,17.45,12408.81,2025-05-16,2025-05-16,0,5
PO-01303,2025-04-04,Gomma Padana,MAT_0113,540,540,12.11,6541.43,2025-04-19,2025-04-23,4,4
PO-00584,2025-04-04,Toray Industries,MAT_0213,858,858,17.03,14613.42,2025-05-10,2025-05-19,9,5
PO-01667,2025-04-04,Toray Composite,MAT_0059,156,156,46.55,7261.06,2025-05-25,2025-05-26,1,5
PO-01645,2025-04-04,Henkel AG,MAT_0152,279,279,15.45,4309.48,2025-04-16,2025-04-16,0,5
PO-00050,2025-04-05,Foam Italia,MAT_0005,1585,1585,5.28,8371.91,2025-04-13,2025-04-13,0,4
PO-01334,2025-04-05,Covestro AG,MAT_0487,536,536,10.82,5799.74,2025-04-20,2025-04-20,0,5
PO-00814,2025-04-05,Crocs Inc (supplied),MAT_0048,483,483,9.7,4686.02,2025-05-06,2025-05-06,0,3
PO-01085,2025-04-05,Global Trim,MAT_0046,5803,5803,0.1,588.9,2025-05-09,2025-05-14,5,2
PO-01422,2025-04-06,Coats Group,MAT_0195,1719,1719,5.82,9996.33,2025-04-23,2025-04-24,1,5
PO-00725,2025-04-06,Gomma Padana,MAT_0010,1579,1579,12.1,19110.16,2025-04-18,2025-04-18,0,5
PO-01743,2025-04-06,Toray Composite,MAT_0059,358,358,47.2,16897.36,2025-05-27,2025-05-27,0,1
PO-00726,2025-04-06,Texon International,MAT_0449,2453,2453,4.11,10085.14,2025-04-27,2025-04-29,2,5
PO-00803,2025-04-06,Henkel AG,MAT_0321,724,724,23.8,17234.41,2025-04-17,2025-04-17,0,4
PO-01830,2025-04-06,Far Eastern Textile,MAT_0065,1755,1755,3.31,5817.12,2025-05-18,2025-05-18,0,5
PO-01450,2025-04-06,Zhejiang Paper,MAT_0370,8736,8736,0.07,593.85,2025-05-06,2025-05-06,0,5
PO-01709,2025-04-06,American & Efird,MAT_0021,358,358,6.64,2377.3,2025-05-16,2025-05-16,0,5
PO-01139,2025-04-06,Shenzhen Minghui,MAT_0385,17749,17749,0.03,516.62,2025-05-13,2025-05-13,0,3
PO-00596,2025-04-07,Zecchetto Accessori,MAT_0028,1058,1058,0.89,940.66,2025-04-14,2025-04-14,0,3
PO-01213,2025-04-07,Zecchetto Accessori,MAT_0028,885,885,0.9,793.13,2025-04-14,2025-04-14,0,5
PO-01832,2025-04-07,Covestro AG,MAT_0246,126,126,10.9,1373.19,2025-04-20,2025-04-20,0,5
PO-00173,2025-04-07,Toray Composite,MAT_0159,429,429,50.22,21542.71,2025-05-23,2025-05-29,6,4
PO-00502,2025-04-07,Crocs Inc (supplied),MAT_0208,637,637,10.17,6477.53,2025-05-11,2025-05-11,0,5
PO-00207,2025-04-07,Henkel AG,MAT_0152,208,208,14.68,3053.47,2025-04-19,2025-04-19,0,3
PO-01273,2025-04-07,Gomma Padana,MAT_0194,1202,1202,12.18,14636.54,2025-04-20,2025-04-30,10,4
PO-01018,2025-04-07,American & Efird,MAT_0420,753,753,6.77,5097.18,2025-05-14,2025-05-14,0,4
PO-01042,2025-04-07,Karteks Banja Luka,MAT_0367,1084,1084,0.57,622.23,2025-04-10,2025-04-10,0,4
PO-01702,2025-04-07,Global Trim,MAT_0176,4261,4261,0.12,524.87,2025-05-12,2025-05-12,0,5
PO-01409,2025-04-08,Global Trim,MAT_0066,11850,11850,0.12,1404.49,2025-05-13,2025-05-13,0,5
PO-00348,2025-04-08,American & Efird,MAT_0021,392,392,6.9,2703.58,2025-05-18,2025-05-18,0,4
PO-00915,2025-04-08,American & Efird,MAT_0155,1356,1356,6.93,9400.67,2025-05-14,2025-05-14,0,3
PO-00846,2025-04-08,Zecchetto Accessori,MAT_0056,1993,1993,0.95,1896.25,2025-04-16,2025-04-16,0,4
PO-01968,2025-04-08,American & Efird,MAT_0290,1223,1223,5.78,7063.09,2025-05-10,2025-05-10,0,4
PO-00720,2025-04-09,Zhejiang Paper,MAT_0268,8562,8562,0.09,764.96,2025-05-14,2025-05-14,0,4
PO-00402,2025-04-09,Global Trim,MAT_0176,3334,3334,0.12,401.89,2025-05-14,2025-05-14,0,4
PO-01503,2025-04-09,Henkel AG,MAT_0088,273,273,19.99,5456.61,2025-04-22,2025-04-22,0,1
PO-00093,2025-04-09,Coats Group,MAT_0125,872,872,5.51,4803.0,2025-04-23,2025-04-23,0,2
PO-00873,2025-04-09,Zhejiang Paper,MAT_0172,6968,6968,0.09,615.12,2025-05-10,2025-05-15,5,4
PO-00158,2025-04-09,Coats Group,MAT_0038,1829,1829,5.08,9295.31,2025-04-30,2025-04-30,0,4
PO-01170,2025-04-09,Texon International,MAT_0446,1779,1779,2.82,5025.24,2025-04-21,2025-04-21,0,2
PO-00127,2025-04-10,Covestro AG,MAT_0007,1020,1020,9.12,9297.38,2025-04-23,2025-04-24,1,5
PO-00547,2025-04-10,Zhejiang Paper,MAT_0201,8233,8233,0.1,809.53,2025-05-16,2025-05-20,4,5
PO-00302,2025-04-10,Foam Italia,MAT_0054,1213,1213,4.47,5422.69,2025-04-22,2025-04-22,0,4
PO-00367,2025-04-10,Shenzhen Minghui,MAT_0148,5869,5869,0.03,176.91,2025-05-11,2025-05-11,0,4
PO-01210,2025-04-10,Zhejiang Paper,MAT_0083,7230,7230,0.07,499.81,2025-05-24,2025-05-24,0,4
PO-01444,2025-04-10,Coats Group,MAT_0022,1244,1244,5.81,7230.21,2025-04-24,2025-04-25,1,4
PO-01692,2025-04-11,Global Trim,MAT_0171,4374,4374,0.12,519.53,2025-05-15,2025-05-18,3,5
PO-00106,2025-04-11,Global Trim,MAT_0331,15399,15399,0.12,1833.03,2025-05-15,2025-05-15,0,2
PO-01589,2025-04-11,Global Trim,MAT_0467,4584,4584,0.11,503.05,2025-05-15,2025-05-23,8,5
PO-01752,2025-04-11,Far Eastern Textile,MAT_0484,603,603,3.09,1862.7,2025-05-24,2025-05-24,0,3
PO-01647,2025-04-11,NXP Semiconductors,MAT_0479,4939,4939,0.45,2227.84,2025-04-19,2025-04-19,0,4
PO-00290,2025-04-12,Shenzhen Minghui,MAT_0385,29084,29084,0.03,873.53,2025-05-19,2025-05-22,3,5
PO-00188,2025-04-12,Zecchetto Accessori,MAT_0184,2846,2846,1.01,2872.98,2025-04-22,2025-04-22,0,5
PO-01762,2025-04-12,Zhejiang Paper,MAT_0201,10797,10797,0.1,1064.15,2025-05-18,2025-05-18,0,5
PO-01325,2025-04-12,Texon International,MAT_0094,843,843,2.83,2385.7,2025-04-29,2025-05-06,7,3
PO-00549,2025-04-13,Toray Composite,MAT_0059,260,260,44.92,11678.04,2025-06-03,2025-06-03,0,4
PO-00843,2025-04-13,Zhejiang Paper,MAT_0347,6362,6362,0.07,433.37,2025-05-13,2025-05-13,0,4
PO-00745,2025-04-13,American & Efird,MAT_0290,649,649,5.84,3789.43,2025-05-15,2025-05-17,2,5
PO-00152,2025-04-13,Karteks Banja Luka,MAT_0040,1857,1857,0.75,1399.38,2025-04-18,2025-04-20,2,3
PO-00232,2025-04-13,Toray Industries,MAT_0267,1242,1242,19.79,24579.87,2025-05-28,2025-05-28,0,2
PO-01556,2025-04-13,Texon International,MAT_0249,617,617,3.49,2152.3,2025-04-28,2025-05-02,4,4
PO-01716,2025-04-13,Covestro AG,MAT_0464,755,755,7.93,5986.53,2025-04-20,2025-04-21,1,2
PO-00523,2025-04-13,Zecchetto Accessori,MAT_0320,1273,1273,0.77,977.58,2025-04-21,2025-04-21,0,4
PO-01406,2025-04-14,American & Efird,MAT_0396,668,668,7.92,5289.68,2025-05-11,2025-05-11,0,4
PO-01332,2025-04-14,Crocs Inc (supplied),MAT_0208,718,718,9.96,7151.16,2025-05-18,2025-05-19,1,2
PO-01364,2025-04-14,Henkel AG,MAT_0062,990,657,18.59,12216.89,2025-04-21,2025-04-21,0,4
PO-00103,2025-04-14,Far Eastern Textile,MAT_0482,915,915,4.39,4015.22,2025-05-22,2025-05-23,1,4
PO-00949,2025-04-14,NXP Semiconductors,MAT_0344,1037,799,0.5,401.24,2025-04-24,2025-04-24,0,5
PO-00490,2025-04-15,Zecchetto Accessori,MAT_0111,1769,1769,1.05,1854.65,2025-04-28,2025-04-28,0,5
PO-00154,2025-04-15,American & Efird,MAT_0290,1218,1218,5.81,7079.81,2025-05-17,2025-05-17,0,4
PO-01265,2025-04-15,Far Eastern Textile,MAT_0410,3229,3229,3.46,11167.55,2025-06-02,2025-06-08,6,4
PO-00646,2025-04-15,Covestro AG,MAT_0316,612,612,8.13,4972.66,2025-04-24,2025-04-24,0,5
PO-00199,2025-04-15,Covestro AG,MAT_0219,458,458,10.32,4728.74,2025-04-29,2025-04-29,0,2
PO-00108,2025-04-15,Far Eastern Textile,MAT_0153,229,229,4.21,964.14,2025-05-16,2025-05-16,0,5
PO-01308,2025-04-15,Foam Italia,MAT_0340,785,785,3.41,2679.82,2025-04-28,2025-04-28,0,4
PO-01656,2025-04-16,Toray Composite,MAT_0159,328,328,50.95,16711.92,2025-06-01,2025-06-09,8,3
PO-01714,2025-04-16,Gomma Padana,MAT_0206,172,172,12.42,2136.99,2025-04-28,2025-04-29,1,3
PO-00070,2025-04-16,Crocs Inc (supplied),MAT_0147,445,445,9.44,4199.3,2025-05-15,2025-05-20,5,5
PO-01028,2025-04-16,Zecchetto Accessori,MAT_0359,828,828,0.76,628.7,2025-04-30,2025-04-30,0,2
PO-01802,2025-04-16,Coats Group,MAT_0462,654,590,6.53,3850.3,2025-04-30,2025-04-30,0,3
PO-01446,2025-04-17,Crocs Inc (supplied),MAT_0063,664,600,9.03,5420.03,2025-05-23,2025-05-24,1,3
PO-01875,2025-04-18,Gomma Padana,MAT_0210,1005,1005,16.18,16265.23,2025-04-26,2025-04-26,0,3
PO-00131,2025-04-18,Global Trim,MAT_0151,1124,1124,0.1,110.16,2025-05-26,2025-05-26,0,4
PO-00323,2025-04-18,Toray Industries,MAT_0384,1739,1739,19.92,34649.07,2025-05-29,2025-05-29,0,3
PO-00377,2025-04-19,Covestro AG,MAT_0261,674,674,8.4,5662.05,2025-04-28,2025-04-28,0,5
PO-01319,2025-04-19,Karteks Banja Luka,MAT_0220,5169,3385,0.66,2236.8,2025-04-22,2025-04-22,0,3
PO-01842,2025-04-19,NXP Semiconductors,MAT_0436,4683,4683,0.49,2298.72,2025-05-03,2025-05-13,10,4
PO-00928,2025-04-19,Texon International,MAT_0281,517,517,3.47,1792.16,2025-05-01,2025-05-01,0,5
PO-00064,2025-04-19,Crocs Inc (supplied),MAT_0237,1629,1629,9.09,14806.47,2025-05-25,2025-05-25,0,2
PO-00445,2025-04-20,Far Eastern Textile,MAT_0178,1581,1581,2.8,4428.81,2025-05-20,2025-05-20,0,3
PO-01098,2025-04-20,Texon International,MAT_0098,626,626,4.06,2541.18,2025-05-08,2025-05-09,1,4
PO-00001,2025-04-20,NXP Semiconductors,MAT_0478,1170,1170,0.42,488.16,2025-05-03,2025-05-03,0,4
PO-01864,2025-04-20,Zhejiang Paper,MAT_0172,1672,1672,0.09,149.2,2025-05-21,2025-05-21,0,2
PO-00010,2025-04-20,Zhejiang Paper,MAT_0294,6893,6893,0.08,548.54,2025-05-20,2025-05-21,1,1
PO-01922,2025-04-20,Toray Industries,MAT_0129,1077,1077,16.61,17888.93,2025-05-29,2025-05-29,0,4
PO-00737,2025-04-20,Foam Italia,MAT_0150,2251,2251,4.68,10523.86,2025-04-28,2025-05-03,5,4
PO-00665,2025-04-21,NXP Semiconductors,MAT_0435,2925,2925,0.5,1459.7,2025-04-30,2025-05-01,1,3
PO-00519,2025-04-21,Covestro AG,MAT_0241,577,577,8.75,5048.48,2025-04-29,2025-04-29,0,5
PO-01552,2025-04-21,Toray Industries,MAT_0188,454,454,19.53,8866.82,2025-06-10,2025-06-22,12,5
PO-01950,2025-04-21,Coats Group,MAT_0485,480,480,6.43,3086.88,2025-05-11,2025-05-11,0,3
PO-01923,2025-04-21,Far Eastern Textile,MAT_0395,2951,2951,4.55,13429.1,2025-05-24,2025-05-28,4,5
PO-01237,2025-04-22,Zecchetto Accessori,MAT_0032,733,733,0.75,552.15,2025-05-01,2025-05-01,0,5
PO-01498,2025-04-22,American & Efird,MAT_0229,1450,1450,7.11,10307.62,2025-05-23,2025-05-23,0,4
PO-01230,2025-04-22,Toray Composite,MAT_0216,39,39,37.54,1464.06,2025-06-10,2025-06-10,0,4
PO-01542,2025-04-22,Karteks Banja Luka,MAT_0163,3751,3414,0.57,1931.48,2025-04-25,2025-04-25,0,5
PO-00008,2025-04-22,Henkel AG,MAT_0330,168,168,14.77,2481.32,2025-05-05,2025-05-05,0,5
PO-00760,2025-04-22,Shenzhen Minghui,MAT_0406,5955,5043,0.03,147.83,2025-05-30,2025-05-30,0,4
PO-00285,2025-04-22,Toray Industries,MAT_0129,461,289,16.67,4817.95,2025-05-31,2025-05-31,0,5
PO-01997,2025-04-22,Zhejiang Paper,MAT_0305,8267,8267,0.09,764.69,2025-05-27,2025-05-27,0,4
PO-00002,2025-04-22,Foam Italia,MAT_0089,1646,1646,3.31,5444.3,2025-04-29,2025-04-29,0,2
PO-01415,2025-04-23,Zhejiang Paper,MAT_0494,11798,11798,0.08,923.95,2025-05-28,2025-05-28,0,4
PO-01216,2025-04-23,Crocs Inc (supplied),MAT_0122,912,912,7.84,7148.25,2025-05-21,2025-05-27,6,5
PO-00488,2025-04-23,NXP Semiconductors,MAT_0435,2459,2459,0.49,1209.14,2025-05-02,2025-05-02,0,5
PO-01993,2025-04-23,Far Eastern Textile,MAT_0230,624,624,3.87,2413.62,2025-06-03,2025-06-03,0,5
PO-01225,2025-04-23,Texon International,MAT_0076,361,361,3.4,1225.92,2025-05-06,2025-05-13,7,4
PO-01888,2025-04-23,Covestro AG,MAT_0328,638,638,11.3,7206.52,2025-04-30,2025-05-03,3,4
PO-01914,2025-04-23,NXP Semiconductors,MAT_0073,6911,6911,0.46,3166.59,2025-05-07,2025-05-07,0,3
PO-01573,2025-04-23,Zecchetto Accessori,MAT_0234,1075,1075,0.79,852.49,2025-05-11,2025-05-11,0,5
PO-01935,2025-04-23,Toray Industries,MAT_0049,867,867,18.98,16457.58,2025-06-03,2025-06-06,3,2
PO-01022,2025-04-23,Foam Italia,MAT_0275,1823,1823,3.56,6481.34,2025-05-02,2025-05-02,0,4
PO-00157,2025-04-24,Global Trim,MAT_0346,4615,4615,0.12,565.76,2025-06-01,2025-06-01,0,5
PO-01675,2025-04-25,Crocs Inc (supplied),MAT_0237,781,781,8.67,6771.94,2025-05-31,2025-05-31,0,5
PO-00385,2025-04-25,NXP Semiconductors,MAT_0017,4713,4713,0.46,2154.02,2025-05-08,2025-05-08,0,4
PO-01389,2025-04-25,Crocs Inc (supplied),MAT_0211,1102,1102,8.15,8986.48,2025-05-29,2025-05-29,0,5
PO-01425,2025-04-26,Foam Italia,MAT_0447,456,456,5.13,2338.46,2025-05-13,2025-05-13,0,3
PO-00329,2025-04-26,Toray Industries,MAT_0173,505,505,18.69,9435.98,2025-06-03,2025-06-03,0,4
PO-01927,2025-04-26,Toray Industries,MAT_0145,927,927,17.01,15771.99,2025-06-20,2025-06-24,4,4
PO-01952,2025-04-26,Zecchetto Accessori,MAT_0497,3213,3213,0.77,2470.85,2025-05-14,2025-05-14,0,5
PO-00844,2025-04-27,Karteks Banja Luka,MAT_0067,4748,3221,0.74,2397.14,2025-04-30,2025-05-01,1,5
PO-00169,2025-04-27,Gomma Padana,MAT_0231,288,288,11.92,3432.5,2025-05-07,2025-05-07,0,4
PO-01264,2025-04-27,Texon International,MAT_0354,971,971,3.55,3451.44,2025-05-13,2025-05-13,0,4
PO-01067,2025-04-27,Zhejiang Paper,MAT_0305,8922,8922,0.09,811.03,2025-06-01,2025-06-01,0,4
PO-00295,2025-04-27,Henkel AG,MAT_0161,369,369,21.98,8109.96,2025-05-12,2025-05-12,0,5
PO-01471,2025-04-27,Global Trim,MAT_0066,11762,11762,0.12,1446.17,2025-06-01,2025-06-03,2,4
PO-00834,2025-04-28,Foam Italia,MAT_0030,934,934,3.7,3452.71,2025-05-05,2025-05-05,0,5
PO-00983,2025-04-28,Zhejiang Paper,MAT_0387,3456,3456,0.08,277.93,2025-05-29,2025-05-29,0,4
PO-01037,2025-04-28,Zhejiang Paper,MAT_0494,6632,6632,0.08,522.45,2025-06-02,2025-06-02,0,2
PO-00785,2025-04-28,Karteks Banja Luka,MAT_0078,6676,6676,0.73,4872.13,2025-05-02,2025-05-02,0,5
PO-01380,2025-04-29,Karteks Banja Luka,MAT_0433,1279,1279,0.7,893.97,2025-05-03,2025-05-11,8,4
PO-00855,2025-04-29,Zecchetto Accessori,MAT_0144,5601,5601,0.9,5018.41,2025-05-12,2025-05-12,0,2
PO-01592,2025-04-29,Foam Italia,MAT_0338,220,220,5.99,1318.17,2025-05-06,2025-05-06,0,5
PO-01597,2025-04-29,Shenzhen Minghui,MAT_0020,19857,19857,0.03,611.77,2025-06-12,2025-06-12,0,4
PO-01408,2025-04-29,Karteks Banja Luka,MAT_0417,4688,4688,0.61,2839.95,2025-05-01,2025-05-01,0,5
PO-00492,2025-04-29,Gomma Padana,MAT_0196,837,536,13.13,7039.0,2025-05-15,2025-05-15,0,5
PO-01426,2025-04-30,Henkel AG,MAT_0179,1075,670,14.91,9988.66,2025-05-08,2025-05-08,0,4
PO-01492,2025-04-30,Henkel AG,MAT_0250,271,271,23.83,6456.89,2025-05-09,2025-05-09,0,4
PO-01737,2025-04-30,Toray Composite,MAT_0059,113,113,46.84,5293.48,2025-06-20,2025-06-20,0,4
PO-00175,2025-04-30,Global Trim,MAT_0350,12029,12029,0.13,1582.71,2025-06-10,2025-06-13,3,4
PO-01266,2025-04-30,Shenzhen Minghui,MAT_0070,6631,6631,0.03,201.19,2025-06-10,2025-06-11,1,4
PO-01837,2025-04-30,Henkel AG,MAT_0179,294,294,15.09,4436.01,2025-05-08,2025-05-08,0,4
PO-00660,2025-05-01,Toray Composite,MAT_0012,503,503,43.97,22117.76,2025-06-21,2025-06-24,3,4
PO-00982,2025-05-01,Crocs Inc (supplied),MAT_0147,898,898,9.84,8840.8,2025-05-30,2025-05-30,0,4
PO-01733,2025-05-01,Toray Composite,MAT_0216,143,143,38.25,5469.64,2025-06-19,2025-06-19,0,2
PO-00439,2025-05-01,Texon International,MAT_0281,484,484,3.55,1718.39,2025-05-13,2025-05-13,0,3
PO-00673,2025-05-01,NXP Semiconductors,MAT_0409,4007,4007,0.44,1756.64,2025-05-17,2025-05-17,0,3
PO-01306,2025-05-01,Coats Group,MAT_0045,1409,1265,5.51,6967.2,2025-05-13,2025-05-13,0,4
PO-00309,2025-05-01,Coats Group,MAT_0104,1118,1118,6.75,7547.54,2025-05-21,2025-05-21,0,5
PO-00268,2025-05-01,Far Eastern Textile,MAT_0288,2017,2017,3.58,7213.07,2025-06-14,2025-06-14,0,4
PO-00312,2025-05-01,Global Trim,MAT_0151,2230,2230,0.1,220.95,2025-06-08,2025-06-08,0,4
PO-01382,2025-05-01,Zhejiang Paper,MAT_0430,6345,6345,0.09,571.41,2025-06-06,2025-06-07,1,4
PO-00979,2025-05-02,American & Efird,MAT_0229,1112,1112,7.14,7939.66,2025-06-02,2025-06-06,4,5
PO-00965,2025-05-02,Toray Composite,MAT_0390,116,116,46.17,5355.76,2025-06-25,2025-06-26,1,3
PO-00977,2025-05-02,Toray Composite,MAT_0389,195,195,39.24,7651.02,2025-06-13,2025-06-13,0,3
PO-00063,2025-05-02,NXP Semiconductors,MAT_0399,9239,9239,0.48,4476.04,2025-05-12,2025-05-12,0,5
PO-00796,2025-05-02,Henkel AG,MAT_0250,248,248,23.87,5919.03,2025-05-11,2025-05-14,3,3
PO-01649,2025-05-03,Coats Group,MAT_0485,847,847,6.31,5347.9,2025-05-23,2025-05-23,0,5
PO-00276,2025-05-03,Toray Industries,MAT_0174,790,701,18.8,13181.81,2025-06-13,2025-06-13,0,2
PO-00072,2025-05-03,Far Eastern Textile,MAT_0218,1953,1953,3.7,7219.92,2025-06-15,2025-06-15,0,5
PO-01322,2025-05-03,Zhejiang Paper,MAT_0370,15004,15004,0.07,1021.17,2025-06-02,2025-06-03,1,3
PO-00685,2025-05-03,Far Eastern Textile,MAT_0400,2083,2083,2.81,5844.48,2025-06-14,2025-06-14,0,5
PO-01657,2025-05-03,NXP Semiconductors,MAT_0454,6681,5867,0.54,3168.32,2025-05-16,2025-05-16,0,4
PO-00738,2025-05-03,American & Efird,MAT_0396,358,358,7.75,2772.72,2025-05-30,2025-05-30,0,4
PO-01662,2025-05-04,Foam Italia,MAT_0336,375,375,5.0,1876.79,2025-05-22,2025-05-22,0,3
PO-01167,2025-05-04,Toray Composite,MAT_0389,187,187,38.67,7230.56,2025-06-15,2025-06-15,0,3
PO-00801,2025-05-04,Toray Industries,MAT_0042,249,249,19.26,4795.67,2025-06-08,2025-06-08,0,4
PO-01407,2025-05-04,Crocs Inc (supplied),MAT_0063,1741,1741,9.06,15767.79,2025-06-09,2025-06-09,0,5
PO-00120,2025-05-04,Global Trim,MAT_0066,7410,7410,0.12,877.0,2025-06-08,2025-06-08,0,4
PO-00867,2025-05-04,Gomma Padana,MAT_0169,207,207,12.49,2585.62,2025-05-11,2025-05-12,1,4
PO-00215,2025-05-04,Coats Group,MAT_0245,1852,1852,5.21,9644.47,2025-05-19,2025-05-19,0,4
PO-00316,2025-05-05,Global Trim,MAT_0480,8010,8010,0.11,889.87,2025-06-09,2025-06-11,2,4
PO-00824,2025-05-05,Far Eastern Textile,MAT_0288,1022,1022,3.5,3580.78,2025-06-18,2025-06-18,0,4
PO-00994,2025-05-05,Far Eastern Textile,MAT_0168,2981,2981,4.38,13069.74,2025-06-06,2025-06-06,0,5
PO-01396,2025-05-05,Covestro AG,MAT_0423,634,634,10.07,6381.99,2025-05-13,2025-05-14,1,2
PO-00727,2025-05-05,NXP Semiconductors,MAT_0073,5763,5763,0.45,2609.2,2025-05-19,2025-05-19,0,4
PO-00735,2025-05-05,Karteks Banja Luka,MAT_0220,1908,1908,0.65,1246.93,2025-05-08,2025-05-08,0,4
PO-01949,2025-05-05,Crocs Inc (supplied),MAT_0318,168,168,7.07,1187.73,2025-06-08,2025-06-08,0,5
PO-00262,2025-05-05,Toray Industries,MAT_0236,640,584,22.3,13020.77,2025-06-21,2025-06-21,0,4
PO-00036,2025-05-05,Zecchetto Accessori,MAT_0496,3178,3178,0.77,2433.5,2025-05-13,2025-05-13,0,4
PO-01533,2025-05-05,Shenzhen Minghui,MAT_0070,25636,25636,0.03,753.24,2025-06-15,2025-06-15,0,4
PO-00149,2025-05-05,Shenzhen Minghui,MAT_0406,25583,25583,0.03,771.8,2025-06-12,2025-06-12,0,4
PO-01707,2025-05-05,Toray Industries,MAT_0118,2267,2267,18.62,42205.49,2025-06-27,2025-06-30,3,4
PO-01595,2025-05-05,Toray Industries,MAT_0500,2848,2848,19.67,56008.6,2025-06-22,2025-06-22,0,2
PO-00708,2025-05-05,Toray Industries,MAT_0296,1724,1227,19.06,23390.95,2025-06-25,2025-06-25,0,4
PO-01194,2025-05-05,Crocs Inc (supplied),MAT_0063,675,675,9.15,6175.84,2025-06-10,2025-06-10,0,4
PO-00800,2025-05-05,Zhejiang Paper,MAT_0430,13257,13257,0.09,1228.34,2025-06-10,2025-06-10,0,4
PO-01582,2025-05-05,Global Trim,MAT_0046,7475,7475,0.1,769.3,2025-06-08,2025-06-08,0,3
PO-01052,2025-05-06,Covestro AG,MAT_0458,1110,1110,8.96,9946.57,2025-05-15,2025-05-27,12,5
PO-01678,2025-05-06,Toray Industries,MAT_0049,1433,1433,19.74,28291.04,2025-06-16,2025-06-16,0,5
PO-01025,2025-05-06,Shenzhen Minghui,MAT_0070,13763,13763,0.03,417.61,2025-06-16,2025-06-16,0,4
PO-01021,2025-05-06,Texon International,MAT_0286,2422,2422,3.84,9291.04,2025-05-17,2025-05-17,0,4
PO-01076,2025-05-06,Shenzhen Minghui,MAT_0070,32302,32302,0.03,974.2,2025-06-16,2025-06-16,0,1
PO-00136,2025-05-07,Shenzhen Minghui,MAT_0329,9108,9108,0.03,269.73,2025-06-19,2025-06-20,1,3
PO-00209,2025-05-07,American & Efird,MAT_0388,458,458,6.78,3107.43,2025-06-01,2025-06-07,6,4
PO-01882,2025-05-07,Crocs Inc (supplied),MAT_0147,694,694,9.55,6626.3,2025-06-05,2025-06-05,0,5
PO-00739,2025-05-07,Crocs Inc (supplied),MAT_0211,1648,1648,8.25,13599.74,2025-06-10,2025-06-10,0,3
PO-01342,2025-05-08,American & Efird,MAT_0021,701,701,6.58,4609.44,2025-06-17,2025-06-22,5,5
PO-00642,2025-05-08,Zecchetto Accessori,MAT_0450,745,745,0.91,679.12,2025-05-16,2025-05-16,0,4
PO-01176,2025-05-08,Shenzhen Minghui,MAT_0406,10966,10966,0.03,331.29,2025-06-15,2025-06-15,0,4
PO-00024,2025-05-08,Zhejiang Paper,MAT_0083,3561,3561,0.07,244.74,2025-06-21,2025-06-25,4,3
PO-01276,2025-05-08,Gomma Padana,MAT_0223,502,502,12.67,6359.15,2025-05-22,2025-05-22,0,5
PO-00818,2025-05-08,Crocs Inc (supplied),MAT_0233,978,978,9.11,8912.69,2025-06-17,2025-06-17,0,4
PO-01152,2025-05-09,Karteks Banja Luka,MAT_0078,5196,5196,0.74,3865.85,2025-05-13,2025-05-13,0,5
PO-00437,2025-05-09,Toray Composite,MAT_0390,89,89,46.66,4153.16,2025-07-02,2025-07-02,0,4
PO-00059,2025-05-09,Far Eastern Textile,MAT_0146,1549,1549,3.37,5221.32,2025-06-17,2025-06-18,1,4
PO-00946,2025-05-09,Toray Composite,MAT_0389,65,65,39.64,2576.3,2025-06-20,2025-06-20,0,5
PO-01107,2025-05-10,Foam Italia,MAT_0222,1136,1136,4.84,5494.66,2025-05-19,2025-05-19,0,3
PO-01356,2025-05-10,Foam Italia,MAT_0222,512,512,5.01,2563.4,2025-05-19,2025-05-19,0,4
PO-00653,2025-05-10,Henkel AG,MAT_0473,315,315,22.48,7080.46,2025-05-20,2025-05-20,0,5
PO-00782,2025-05-10,Zhejiang Paper,MAT_0305,9389,9389,0.09,825.11,2025-06-14,2025-06-14,0,4
PO-00503,2025-05-11,Gomma Padana,MAT_0010,1461,1461,12.17,17780.62,2025-05-23,2025-05-23,0,5
PO-01982,2025-05-11,Global Trim,MAT_0467,11279,10330,0.11,1103.61,2025-06-14,2025-06-15,1,4
PO-00769,2025-05-11,Crocs Inc (supplied),MAT_0122,712,712,8.0,5698.44,2025-06-08,2025-06-08,0,4
PO-01410,2025-05-11,Texon International,MAT_0076,894,894,3.43,3063.83,2025-05-24,2025-05-25,1,3
PO-00065,2025-05-11,Global Trim,MAT_0480,7941,7941,0.11,857.09,2025-06-15,2025-06-15,0,4
PO-01328,2025-05-12,Toray Industries,MAT_0082,411,411,21.16,8697.73,2025-06-21,2025-06-21,0,4
PO-00681,2025-05-12,Foam Italia,MAT_0232,2130,2130,3.99,8503.56,2025-05-21,2025-06-05,15,5
PO-00524,2025-05-12,Texon International,MAT_0116,2269,2269,2.47,5612.49,2025-05-31,2025-06-02,2,4
PO-00499,2025-05-12,American & Efird,MAT_0229,469,469,6.8,3191.47,2025-06-12,2025-06-12,0,2
PO-00434,2025-05-13,Toray Industries,MAT_0301,711,711,21.8,15501.19,2025-06-19,2025-06-19,0,2
PO-01829,2025-05-13,Crocs Inc (supplied),MAT_0063,511,511,9.19,4693.93,2025-06-18,2025-06-18,0,4
PO-01339,2025-05-13,Karteks Banja Luka,MAT_0080,1853,1853,0.52,963.68,2025-05-17,2025-05-21,4,5
PO-00025,2025-05-13,Zecchetto Accessori,MAT_0356,2947,2947,0.92,2701.59,2025-05-23,2025-05-24,1,4
PO-00381,2025-05-13,Shenzhen Minghui,MAT_0148,13608,13608,0.03,408.92,2025-06-13,2025-06-13,0,4
PO-01720,2025-05-13,Gomma Padana,MAT_0130,410,410,16.47,6752.79,2025-05-26,2025-05-26,0,5
PO-01348,2025-05-13,Covestro AG,MAT_0277,273,273,9.64,2632.94,2025-05-27,2025-05-27,0,3
PO-01036,2025-05-13,Foam Italia,MAT_0198,1310,1310,3.81,4988.16,2025-05-25,2025-05-25,0,3
PO-01603,2025-05-14,Toray Industries,MAT_0364,386,386,19.43,7501.4,2025-06-30,2025-06-30,0,4
PO-00324,2025-05-14,NXP Semiconductors,MAT_0486,2164,2164,0.39,840.7,2025-05-24,2025-05-24,0,5
PO-00948,2025-05-14,American & Efird,MAT_0124,561,561,7.52,4217.07,2025-06-20,2025-06-20,0,4
PO-01778,2025-05-14,Covestro AG,MAT_0335,518,518,9.96,5157.18,2025-05-21,2025-05-23,2,4
PO-01399,2025-05-14,Karteks Banja Luka,MAT_0417,9285,9285,0.61,5673.66,2025-05-16,2025-05-16,0,4
PO-00768,2025-05-14,Global Trim,MAT_0350,13054,13054,0.13,1694.8,2025-06-24,2025-06-26,2,5
PO-01443,2025-05-15,NXP Semiconductors,MAT_0402,9594,9594,0.49,4653.36,2025-05-31,2025-06-04,4,4
PO-00038,2025-05-15,Zecchetto Accessori,MAT_0337,2454,2454,0.98,2413.81,2025-05-31,2025-05-31,0,3
PO-01790,2025-05-15,Toray Industries,MAT_0167,382,382,19.92,7608.52,2025-07-02,2025-07-02,0,5
PO-01483,2025-05-15,Toray Composite,MAT_0216,151,140,38.54,5396.23,2025-07-03,2025-07-16,13,5
PO-00833,2025-05-15,Foam Italia,MAT_0085,1052,1052,5.66,5955.74,2025-05-29,2025-05-29,0,5
PO-01032,2025-05-15,Foam Italia,MAT_0005,1685,1685,5.37,9049.42,2025-05-23,2025-05-23,0,4
PO-00817,2025-05-16,Texon International,MAT_0076,934,934,3.49,3263.92,2025-05-29,2025-05-29,0,5
PO-00528,2025-05-16,Shenzhen Minghui,MAT_0189,8399,8399,0.03,255.73,2025-06-19,2025-06-21,2,3
PO-00546,2025-05-16,Zhejiang Paper,MAT_0268,15184,15184,0.09,1369.18,2025-06-20,2025-06-20,0,2
PO-01990,2025-05-16,Toray Industries,MAT_0082,667,667,20.57,13720.12,2025-06-25,2025-07-03,8,2
PO-00026,2025-05-16,Toray Industries,MAT_0317,190,190,19.14,3636.93,2025-06-20,2025-06-20,0,5
PO-01822,2025-05-16,Karteks Banja Luka,MAT_0451,4068,4068,0.83,3384.94,2025-05-19,2025-05-30,11,5
PO-00115,2025-05-16,Karteks Banja Luka,MAT_0128,4727,4727,0.69,3275.44,2025-05-19,2025-05-19,0,4
PO-01615,2025-05-16,Foam Italia,MAT_0338,346,346,6.14,2122.96,2025-05-23,2025-05-23,0,5
PO-00470,2025-05-17,Karteks Banja Luka,MAT_0034,1477,1477,0.83,1225.06,2025-05-20,2025-05-20,0,1
PO-00535,2025-05-17,Global Trim,MAT_0380,10095,10095,0.13,1337.07,2025-06-24,2025-07-03,9,4
PO-00193,2025-05-17,Toray Composite,MAT_0059,617,617,45.3,27949.86,2025-07-07,2025-07-07,0,3
PO-01569,2025-05-17,Crocs Inc (supplied),MAT_0048,301,301,9.48,2854.71,2025-06-17,2025-07-12,25,4
PO-00664,2025-05-17,Global Trim,MAT_0046,3509,3509,0.1,351.12,2025-06-20,2025-06-20,0,4
PO-01140,2025-05-18,Gomma Padana,MAT_0196,1586,1586,12.65,20055.17,2025-06-03,2025-06-03,0,3
PO-00710,2025-05-18,Zecchetto Accessori,MAT_0060,2798,2798,0.8,2228.41,2025-05-27,2025-05-28,1,4
PO-01643,2025-05-18,Zecchetto Accessori,MAT_0498,553,553,0.81,446.75,2025-06-02,2025-06-02,0,4
PO-01336,2025-05-18,American & Efird,MAT_0290,736,736,5.86,4310.88,2025-06-19,2025-06-19,0,4
PO-01068,2025-05-18,Texon International,MAT_0354,633,633,3.46,2190.85,2025-06-03,2025-06-03,0,4
PO-00751,2025-05-19,Karteks Banja Luka,MAT_0445,11194,11194,0.68,7655.82,2025-05-22,2025-05-25,3,2
PO-00798,2025-05-19,Shenzhen Minghui,MAT_0329,14332,14332,0.03,440.47,2025-07-01,2025-07-15,14,5
PO-01101,2025-05-19,Zecchetto Accessori,MAT_0498,1010,1010,0.81,822.99,2025-06-03,2025-06-03,0,5
PO-01653,2025-05-19,American & Efird,MAT_0021,664,664,6.51,4321.87,2025-06-28,2025-06-28,0,4
PO-00117,2025-05-19,Texon International,MAT_0416,2633,2633,2.8,7370.07,2025-06-08,2025-06-11,3,4
PO-01030,2025-05-20,Global Trim,MAT_0466,11943,11943,0.11,1313.18,2025-07-04,2025-07-04,0,4
PO-01134,2025-05-20,Shenzhen Minghui,MAT_0284,14696,14696,0.03,448.98,2025-06-28,2025-06-28,0,2
PO-01384,2025-05-20,Zhejiang Paper,MAT_0172,5692,5692,0.09,506.44,2025-06-20,2025-06-20,0,4
PO-00409,2025-05-20,Foam Italia,MAT_0039,2333,2333,5.82,13585.8,2025-05-31,2025-06-01,1,3
PO-00472,2025-05-20,Gomma Padana,MAT_0376,377,377,13.74,5178.3,2025-06-04,2025-06-04,0,5
PO-01321,2025-05-20,Gomma Padana,MAT_0262,1019,1019,13.57,13824.43,2025-06-06,2025-06-10,4,4
PO-00762,2025-05-20,Covestro AG,MAT_0441,1070,1070,8.21,8786.76,2025-06-01,2025-06-01,0,5
PO-01434,2025-05-21,Texon International,MAT_0416,2217,2217,2.71,6004.66,2025-06-10,2025-06-10,0,3
PO-00851,2025-05-21,Shenzhen Minghui,MAT_0439,21692,21692,0.04,882.73,2025-06-26,2025-06-26,0,5
PO-01706,2025-05-21,Shenzhen Minghui,MAT_0385,7722,7722,0.03,225.31,2025-06-27,2025-06-27,0,3
PO-01954,2025-05-21,Global Trim,MAT_0176,2921,2921,0.12,355.65,2025-06-25,2025-06-25,0,5
PO-01421,2025-05-21,Foam Italia,MAT_0240,639,639,3.54,2264.73,2025-06-04,2025-06-04,0,4
PO-00877,2025-05-21,Toray Industries,MAT_0154,957,721,20.32,14651.66,2025-06-30,2025-06-30,0,4
PO-01433,2025-05-21,Coats Group,MAT_0045,285,285,5.53,1574.65,2025-06-02,2025-06-12,10,4
PO-00303,2025-05-21,Global Trim,MAT_0112,12554,12554,0.14,1709.27,2025-06-26,2025-06-26,0,4
PO-01233,2025-05-21,Texon International,MAT_0212,945,945,3.44,3253.3,2025-06-07,2025-06-07,0,4
PO-01834,2025-05-22,Zecchetto Accessori,MAT_0429,5641,5641,0.73,4127.52,2025-06-02,2025-06-02,0,5
PO-00986,2025-05-22,Crocs Inc (supplied),MAT_0208,394,394,10.08,3970.13,2025-06-25,2025-07-02,7,4
PO-00012,2025-05-22,Gomma Padana,MAT_0460,996,996,12.85,12796.74,2025-06-09,2025-06-09,0,3
PO-00991,2025-05-22,NXP Semiconductors,MAT_0478,1211,1211,0.43,515.67,2025-06-04,2025-06-04,0,5
PO-01847,2025-05-22,Zecchetto Accessori,MAT_0110,1892,1892,1.01,1905.31,2025-06-03,2025-06-03,0,3
PO-00805,2025-05-22,NXP Semiconductors,MAT_0436,2463,2463,0.48,1183.1,2025-06-05,2025-06-05,0,5
PO-00693,2025-05-23,Shenzhen Minghui,MAT_0284,8780,8780,0.03,258.38,2025-07-01,2025-07-03,2,1
PO-00181,2025-05-23,Shenzhen Minghui,MAT_0284,10100,10100,0.03,298.01,2025-07-01,2025-07-01,0,4
PO-00404,2025-05-23,Henkel AG,MAT_0152,311,311,15.55,4835.26,2025-06-04,2025-06-04,0,5
PO-01863,2025-05-23,Texon International,MAT_0235,1271,1271,3.65,4643.71,2025-06-07,2025-06-07,0,3
PO-01143,2025-05-23,Far Eastern Textile,MAT_0139,1475,1475,3.27,4824.23,2025-07-10,2025-07-20,10,5
PO-00471,2025-05-23,Global Trim,MAT_0346,2105,2105,0.12,246.58,2025-06-30,2025-07-02,2,5
PO-01290,2025-05-23,Coats Group,MAT_0104,230,230,6.95,1598.66,2025-06-12,2025-06-12,0,4
PO-01805,2025-05-23,Henkel AG,MAT_0308,223,223,20.77,4632.24,2025-06-04,2025-06-20,16,4
PO-01613,2025-05-24,Foam Italia,MAT_0031,1000,1000,4.44,4443.67,2025-06-07,2025-06-07,0,4
PO-01687,2025-05-24,NXP Semiconductors,MAT_0017,2854,2854,0.45,1289.95,2025-06-06,2025-06-07,1,3
PO-00623,2025-05-24,Karteks Banja Luka,MAT_0067,4970,4970,0.71,3553.35,2025-05-27,2025-05-27,0,3
PO-00999,2025-05-24,Crocs Inc (supplied),MAT_0025,1095,1095,8.01,8765.61,2025-06-27,2025-06-27,0,4
PO-00284,2025-05-24,Toray Industries,MAT_0490,2351,2351,17.76,41748.03,2025-06-29,2025-06-29,0,4
PO-01892,2025-05-25,Crocs Inc (supplied),MAT_0048,472,472,9.43,4450.45,2025-06-25,2025-06-25,0,4
PO-00747,2025-05-25,Toray Composite,MAT_0369,192,192,43.55,8361.97,2025-07-02,2025-07-02,0,4
PO-01249,2025-05-25,Coats Group,MAT_0485,773,773,6.34,4897.04,2025-06-14,2025-06-14,0,3
PO-00677,2025-05-25,Coats Group,MAT_0125,1188,723,5.62,4060.3,2025-06-08,2025-06-08,0,4
PO-01379,2025-05-25,Zhejiang Paper,MAT_0201,4845,4845,0.1,474.54,2025-06-30,2025-07-01,1,4
PO-00481,2025-05-25,Coats Group,MAT_0022,615,615,5.77,3551.17,2025-06-08,2025-06-13,5,4
PO-01115,2025-05-26,Covestro AG,MAT_0273,1337,1337,8.07,10788.24,2025-06-03,2025-06-03,0,4
PO-01034,2025-05-26,Crocs Inc (supplied),MAT_0048,663,663,9.27,6144.2,2025-06-26,2025-06-26,0,4
PO-00155,2025-05-26,Texon International,MAT_0135,730,730,2.89,2106.12,2025-06-10,2025-06-10,0,5
PO-00790,2025-05-26,Gomma Padana,MAT_0130,914,914,15.98,14602.42,2025-06-08,2025-06-08,0,1
PO-00228,2025-05-26,Zecchetto Accessori,MAT_0496,5038,5038,0.73,3698.09,2025-06-03,2025-06-03,0,5
PO-01815,2025-05-26,Shenzhen Minghui,MAT_0385,21384,21384,0.03,638.96,2025-07-02,2025-07-02,0,4
PO-00130,2025-05-26,Covestro AG,MAT_0279,1736,1736,9.07,15751.31,2025-06-05,2025-06-05,0,4
PO-00356,2025-05-26,Henkel AG,MAT_0250,111,111,23.21,2576.22,2025-06-04,2025-06-04,0,5
PO-00224,2025-05-26,Gomma Padana,MAT_0291,145,145,16.58,2404.33,2025-06-07,2025-06-07,0,4
PO-01564,2025-05-27,Zecchetto Accessori,MAT_0359,2220,2220,0.77,1707.78,2025-06-10,2025-06-11,1,4
PO-01089,2025-05-27,Gomma Padana,MAT_0140,457,457,13.92,6359.96,2025-06-09,2025-06-12,3,4
PO-00396,2025-05-27,Foam Italia,MAT_0477,1111,1111,4.26,4731.72,2025-06-11,2025-06-15,4,2
PO-00090,2025-05-27,Global Trim,MAT_0346,3330,3330,0.12,390.92,2025-07-04,2025-07-04,0,4
PO-01014,2025-05-27,Toray Industries,MAT_0177,445,445,17.2,7656.13,2025-07-21,2025-07-21,0,5
PO-01782,2025-05-27,Texon International,MAT_0271,531,531,3.17,1685.15,2025-06-16,2025-06-18,2,4
PO-01669,2025-05-27,Zhejiang Paper,MAT_0172,6826,6826,0.09,612.56,2025-06-27,2025-06-27,0,4
PO-00640,2025-05-27,Zhejiang Paper,MAT_0347,6096,6096,0.07,433.26,2025-06-26,2025-06-26,0,4
PO-01329,2025-05-28,Karteks Banja Luka,MAT_0018,9587,9587,0.57,5442.88,2025-06-01,2025-06-01,0,5
PO-01910,2025-05-28,Gomma Padana,MAT_0169,1059,1059,12.37,13103.66,2025-06-04,2025-06-11,7,5
PO-00206,2025-05-28,NXP Semiconductors,MAT_0382,1234,1234,0.4,495.4,2025-06-13,2025-06-14,1,3
PO-01129,2025-05-28,American & Efird,MAT_0124,273,273,7.61,2076.92,2025-07-04,2025-07-04,0,5
PO-00081,2025-05-28,Texon International,MAT_0271,1117,1117,3.3,3683.55,2025-06-17,2025-06-17,0,3
PO-00712,2025-05-28,Gomma Padana,MAT_0206,711,711,12.2,8674.87,2025-06-09,2025-06-10,1,5
PO-00166,2025-05-29,Henkel AG,MAT_0014,676,676,22.58,15262.87,2025-06-12,2025-06-12,0,5
PO-00822,2025-05-29,Gomma Padana,MAT_0190,382,382,13.6,5195.07,2025-06-12,2025-06-12,0,4
PO-00384,2025-05-29,Coats Group,MAT_0462,1110,1110,6.71,7452.19,2025-06-12,2025-06-12,0,4
PO-01040,2025-05-29,Foam Italia,MAT_0004,2522,2522,4.13,10412.7,2025-06-14,2025-06-14,0,3
PO-00257,2025-05-29,Zhejiang Paper,MAT_0387,2778,2778,0.08,227.3,2025-06-29,2025-06-29,0,3
PO-00794,2025-05-29,American & Efird,MAT_0093,463,463,5.96,2759.68,2025-06-30,2025-06-30,0,4
PO-01413,2025-05-29,Gomma Padana,MAT_0306,1695,1092,11.62,12691.56,2025-06-13,2025-06-13,0,4
PO-01281,2025-05-30,Toray Composite,MAT_0059,315,315,47.53,14971.54,2025-07-20,2025-07-20,0,4
PO-01019,2025-05-30,Global Trim,MAT_0480,15714,15714,0.11,1690.91,2025-07-04,2025-07-04,0,2
PO-01605,2025-05-30,Shenzhen Minghui,MAT_0187,3232,3232,0.04,130.23,2025-07-10,2025-07-10,0,4
PO-00916,2025-05-30,Zhejiang Paper,MAT_0370,12107,12107,0.07,833.53,2025-06-29,2025-07-05,6,3
PO-01300,2025-05-30,Zecchetto Accessori,MAT_0411,1033,1033,0.93,955.65,2025-06-15,2025-06-15,0,3
PO-01381,2025-05-30,Crocs Inc (supplied),MAT_0025,367,367,8.28,3037.5,2025-07-03,2025-07-03,0,2
PO-01458,2025-05-30,Shenzhen Minghui,MAT_0187,5676,5676,0.04,225.68,2025-07-10,2025-07-10,0,5
PO-00351,2025-05-30,Toray Industries,MAT_0471,806,806,20.24,16315.38,2025-07-11,2025-07-20,9,4
PO-00247,2025-05-31,Shenzhen Minghui,MAT_0187,7960,5486,0.04,215.11,2025-07-11,2025-07-11,0,4
PO-01449,2025-05-31,Karteks Banja Luka,MAT_0433,1089,1089,0.71,771.73,2025-06-04,2025-06-04,0,5
PO-00109,2025-05-31,Shenzhen Minghui,MAT_0187,15249,15249,0.04,592.56,2025-07-11,2025-07-11,0,5
PO-01520,2025-05-31,Global Trim,MAT_0466,15311,15311,0.11,1688.13,2025-07-15,2025-07-19,4,5
PO-00299,2025-05-31,Crocs Inc (supplied),MAT_0318,527,527,7.28,3838.52,2025-07-04,2025-07-17,13,4
PO-01907,2025-06-01,Toray Composite,MAT_0369,166,166,43.91,7288.96,2025-07-09,2025-07-11,2,2
PO-01524,2025-06-01,NXP Semiconductors,MAT_0270,2337,2337,0.39,907.56,2025-06-10,2025-06-10,0,4
PO-01799,2025-06-01,Crocs Inc (supplied),MAT_0147,1336,1336,9.8,13088.33,2025-06-30,2025-07-10,10,4
PO-00579,2025-06-01,Texon International,MAT_0281,751,641,3.52,2258.82,2025-06-13,2025-06-13,0,5
PO-01739,2025-06-01,Toray Industries,MAT_0452,564,564,17.32,9766.04,2025-07-12,2025-07-12,0,5
PO-02000,2025-06-01,Toray Composite,MAT_0012,342,342,45.12,15430.53,2025-07-22,2025-07-22,0,5
PO-00391,2025-06-01,Shenzhen Minghui,MAT_0406,5717,5717,0.03,169.05,2025-07-09,2025-07-09,0,4
PO-00054,2025-06-01,Toray Composite,MAT_0390,188,188,47.56,8940.73,2025-07-25,2025-07-25,0,4
PO-00032,2025-06-01,Shenzhen Minghui,MAT_0385,25822,25822,0.03,793.49,2025-07-08,2025-07-08,0,4
PO-01387,2025-06-02,Crocs Inc (supplied),MAT_0318,288,288,7.33,2110.69,2025-07-06,2025-07-06,0,4
PO-01545,2025-06-03,Crocs Inc (supplied),MAT_0204,1263,1263,8.7,10988.48,2025-07-01,2025-07-01,0,5
PO-00382,2025-06-03,Zecchetto Accessori,MAT_0437,1338,1338,1.06,1413.52,2025-06-10,2025-06-12,2,4
PO-01728,2025-06-03,Texon International,MAT_0248,997,997,2.88,2867.3,2025-06-15,2025-06-15,0,5
PO-00813,2025-06-04,Karteks Banja Luka,MAT_0018,9886,9886,0.59,5827.06,2025-06-08,2025-06-08,0,5
PO-01417,2025-06-04,Far Eastern Textile,MAT_0158,1070,1070,3.75,4015.37,2025-07-08,2025-07-08,0,4
PO-00339,2025-06-04,Gomma Padana,MAT_0131,804,804,13.05,10494.64,2025-06-13,2025-06-13,0,3
PO-00413,2025-06-04,Zhejiang Paper,MAT_0294,21418,21418,0.08,1664.47,2025-07-04,2025-07-11,7,5
PO-01973,2025-06-05,Toray Industries,MAT_0096,936,936,21.29,19930.71,2025-07-21,2025-07-21,0,5
PO-01957,2025-06-05,Toray Composite,MAT_0390,89,89,46.4,4129.84,2025-07-29,2025-07-29,0,4
PO-01703,2025-06-05,Global Trim,MAT_0315,4761,4761,0.14,665.71,2025-07-08,2025-07-08,0,5
PO-00955,2025-06-05,Henkel AG,MAT_0152,247,247,15.1,3730.75,2025-06-17,2025-06-17,0,5
PO-01620,2025-06-05,Zhejiang Paper,MAT_0387,2222,2222,0.08,180.76,2025-07-06,2025-07-06,0,5
PO-00327,2025-06-05,American & Efird,MAT_0155,774,774,6.95,5381.33,2025-07-11,2025-07-11,0,4
PO-00460,2025-06-05,Toray Industries,MAT_0274,352,352,17.09,6016.34,2025-07-14,2025-07-14,0,3
PO-01151,2025-06-06,Zecchetto Accessori,MAT_0184,2739,2739,1.0,2751.68,2025-06-16,2025-06-16,0,3
PO-01314,2025-06-06,Coats Group,MAT_0045,336,336,5.61,1883.49,2025-06-18,2025-06-18,0,5
PO-01919,2025-06-06,Zhejiang Paper,MAT_0370,14516,14516,0.07,1006.37,2025-07-06,2025-07-07,1,4
PO-00647,2025-06-06,Zecchetto Accessori,MAT_0120,1034,1034,0.79,814.05,2025-06-24,2025-06-30,6,4
PO-01279,2025-06-06,Texon International,MAT_0205,1608,1608,3.33,5354.38,2025-06-27,2025-06-27,0,3
PO-01293,2025-06-06,Toray Composite,MAT_0059,209,209,47.44,9915.51,2025-07-27,2025-07-27,0,4
PO-00670,2025-06-06,Covestro AG,MAT_0311,223,223,9.06,2020.43,2025-06-18,2025-06-18,0,4
PO-00159,2025-06-06,Zhejiang Paper,MAT_0305,5736,5736,0.09,516.44,2025-07-11,2025-07-11,0,5
PO-00442,2025-06-07,American & Efird,MAT_0442,1191,1191,7.31,8705.68,2025-07-05,2025-07-06,1,5
PO-01371,2025-06-07,Crocs Inc (supplied),MAT_0025,469,469,8.07,3786.28,2025-07-11,2025-07-12,1,5
PO-00774,2025-06-07,Far Eastern Textile,MAT_0288,1476,1476,3.6,5307.91,2025-07-21,2025-07-21,0,5
PO-01654,2025-06-07,Foam Italia,MAT_0298,3437,3437,3.84,13195.18,2025-06-21,2025-06-24,3,5
PO-01825,2025-06-07,Zecchetto Accessori,MAT_0401,3759,3759,0.9,3387.56,2025-06-15,2025-06-15,0,5
PO-01601,2025-06-08,American & Efird,MAT_0109,836,836,5.76,4817.6,2025-07-14,2025-07-14,0,4
PO-00827,2025-06-08,Covestro AG,MAT_0133,479,479,8.6,4120.33,2025-06-22,2025-07-07,15,4
PO-00411,2025-06-08,Covestro AG,MAT_0256,223,223,9.3,2073.55,2025-06-15,2025-06-16,1,4
PO-01289,2025-06-08,American & Efird,MAT_0388,562,562,6.96,3913.92,2025-07-03,2025-07-03,0,5
PO-01983,2025-06-09,Toray Industries,MAT_0374,738,738,17.34,12794.34,2025-07-31,2025-07-31,0,4
PO-01198,2025-06-09,Texon International,MAT_0069,871,871,3.89,3388.71,2025-06-30,2025-07-01,1,4
PO-01131,2025-06-09,Zecchetto Accessori,MAT_0227,1067,1067,1.01,1082.61,2025-06-25,2025-06-25,0,3
PO-01749,2025-06-09,Henkel AG,MAT_0202,554,554,19.38,10735.0,2025-06-21,2025-06-22,1,4
PO-01676,2025-06-09,Far Eastern Textile,MAT_0119,2938,2938,2.77,8137.33,2025-07-25,2025-08-02,8,3
PO-01851,2025-06-09,Covestro AG,MAT_0487,1006,1006,11.21,11280.64,2025-06-24,2025-06-24,0,4
PO-00352,2025-06-09,Texon International,MAT_0094,470,470,2.75,1291.83,2025-06-26,2025-06-28,2,4
PO-00866,2025-06-09,Foam Italia,MAT_0086,2393,2393,4.13,9881.27,2025-06-25,2025-06-25,0,5
PO-01689,2025-06-10,NXP Semiconductors,MAT_0418,8233,8233,0.43,3534.75,2025-06-24,2025-07-05,11,4
PO-00711,2025-06-10,Toray Composite,MAT_0162,449,372,47.72,17750.43,2025-07-23,2025-07-23,0,5
PO-00731,2025-06-10,Karteks Banja Luka,MAT_0445,9696,9696,0.68,6593.21,2025-06-13,2025-06-14,1,5
PO-01530,2025-06-10,Crocs Inc (supplied),MAT_0208,557,557,10.08,5612.89,2025-07-14,2025-07-15,1,5
PO-01840,2025-06-10,Gomma Padana,MAT_0130,1174,1174,16.75,19663.28,2025-06-23,2025-06-23,0,4
PO-01857,2025-06-10,Zecchetto Accessori,MAT_0474,3017,3017,0.95,2855.02,2025-06-21,2025-06-27,6,4
PO-01509,2025-06-11,Foam Italia,MAT_0047,1213,1213,4.26,5166.93,2025-06-24,2025-06-24,0,4
PO-00251,2025-06-11,Far Eastern Textile,MAT_0033,1151,1151,3.79,4363.03,2025-07-23,2025-07-23,0,5
PO-00608,2025-06-11,Gomma Padana,MAT_0130,568,568,16.37,9298.22,2025-06-24,2025-06-24,0,5
PO-01528,2025-06-12,Foam Italia,MAT_0150,2159,2159,4.65,10033.7,2025-06-20,2025-06-20,0,1
PO-00478,2025-06-12,Henkel AG,MAT_0043,545,545,17.47,9520.43,2025-06-19,2025-06-19,0,4
PO-00067,2025-06-12,Foam Italia,MAT_0164,1594,1594,4.56,7266.75,2025-06-19,2025-06-19,0,5
PO-01772,2025-06-12,NXP Semiconductors,MAT_0415,1928,1928,0.52,1006.81,2025-06-26,2025-07-04,8,1
PO-01666,2025-06-13,Gomma Padana,MAT_0011,766,766,14.29,10948.06,2025-07-01,2025-07-01,0,5
PO-00315,2025-06-13,Toray Industries,MAT_0100,824,824,17.35,14292.42,2025-07-28,2025-07-28,0,4
PO-01937,2025-06-13,Crocs Inc (supplied),MAT_0048,250,250,9.66,2415.11,2025-07-14,2025-07-14,0,4
PO-00030,2025-06-13,Gomma Padana,MAT_0210,407,407,15.94,6485.96,2025-06-21,2025-07-03,12,4
PO-00255,2025-06-13,NXP Semiconductors,MAT_0479,1579,1579,0.47,742.86,2025-06-21,2025-06-24,3,4
PO-01141,2025-06-13,Far Eastern Textile,MAT_0456,1186,1186,3.3,3918.68,2025-07-23,2025-08-22,30,5
PO-00577,2025-06-13,American & Efird,MAT_0021,1188,1188,6.86,8151.98,2025-07-23,2025-07-23,0,5
PO-01470,2025-06-14,Crocs Inc (supplied),MAT_0122,831,831,7.89,6560.35,2025-07-12,2025-07-12,0,4
PO-00765,2025-06-14,Foam Italia,MAT_0031,1274,1274,4.37,5563.89,2025-06-28,2025-06-28,0,3
PO-00458,2025-06-14,Global Trim,MAT_0341,9178,9178,0.11,1022.56,2025-07-25,2025-07-25,0,5
PO-00686,2025-06-15,American & Efird,MAT_0021,457,457,6.66,3044.3,2025-07-25,2025-07-25,0,5
PO-00557,2025-06-15,American & Efird,MAT_0155,1134,1134,6.74,7639.08,2025-07-21,2025-07-21,0,5
PO-00484,2025-06-15,Texon International,MAT_0098,289,289,4.19,1211.09,2025-07-03,2025-07-03,0,4
PO-00680,2025-06-16,Karteks Banja Luka,MAT_0361,3539,3539,0.68,2391.06,2025-06-20,2025-06-20,0,5
PO-00944,2025-06-16,Coats Group,MAT_0195,1463,1463,5.67,8297.12,2025-07-03,2025-07-04,1,5
PO-00838,2025-06-16,Zecchetto Accessori,MAT_0469,1111,1111,1.0,1107.02,2025-06-23,2025-06-23,0,4
PO-00853,2025-06-16,Toray Composite,MAT_0372,112,112,39.46,4419.73,2025-07-23,2025-07-23,0,5
PO-01801,2025-06-16,Texon International,MAT_0235,303,303,3.61,1092.35,2025-07-01,2025-07-01,0,5
PO-00753,2025-06-16,American & Efird,MAT_0124,397,397,7.46,2961.1,2025-07-23,2025-07-23,0,4
PO-01931,2025-06-17,Crocs Inc (supplied),MAT_0204,1378,1378,8.65,11917.57,2025-07-15,2025-07-16,1,2
PO-00967,2025-06-17,Zecchetto Accessori,MAT_0429,2164,2164,0.76,1641.52,2025-06-28,2025-06-28,0,4
PO-00703,2025-06-17,Zhejiang Paper,MAT_0172,6725,6725,0.09,595.17,2025-07-18,2025-07-18,0,5
PO-01436,2025-06-17,Crocs Inc (supplied),MAT_0025,860,860,8.16,7016.65,2025-07-21,2025-07-21,0,3
PO-00921,2025-06-17,Gomma Padana,MAT_0181,1670,1256,15.13,19005.35,2025-07-01,2025-07-01,0,4
PO-01405,2025-06-17,Far Eastern Textile,MAT_0457,1507,1507,4.25,6403.73,2025-07-20,2025-07-20,0,4
PO-01394,2025-06-17,Coats Group,MAT_0038,544,544,5.25,2856.77,2025-07-08,2025-07-09,1,5
PO-00084,2025-06-17,American & Efird,MAT_0155,1276,1276,6.73,8586.98,2025-07-23,2025-07-23,0,3
PO-00281,2025-06-17,Texon International,MAT_0127,2906,2906,3.01,8746.47,2025-06-28,2025-06-28,0,3
PO-01260,2025-06-17,Far Eastern Textile,MAT_0456,1000,1000,3.19,3194.1,2025-07-27,2025-07-27,0,5
PO-01259,2025-06-17,Karteks Banja Luka,MAT_0128,1570,1570,0.68,1067.95,2025-06-20,2025-06-20,0,4
PO-00700,2025-06-18,Toray Composite,MAT_0216,84,84,38.53,3236.18,2025-08-06,2025-08-06,0,4
PO-01438,2025-06-18,Far Eastern Textile,MAT_0153,798,798,4.25,3390.28,2025-07-19,2025-07-20,1,4
PO-01397,2025-06-18,NXP Semiconductors,MAT_0073,3343,3343,0.46,1528.87,2025-07-02,2025-07-02,0,4
PO-00477,2025-06-19,Shenzhen Minghui,MAT_0284,28030,28030,0.03,827.16,2025-07-28,2025-07-28,0,5
PO-01711,2025-06-19,Foam Italia,MAT_0047,579,579,4.26,2468.72,2025-07-02,2025-07-02,0,4
PO-00634,2025-06-19,Foam Italia,MAT_0150,1203,1203,4.52,5442.02,2025-06-27,2025-07-05,8,4
PO-01903,2025-06-19,Texon International,MAT_0248,2195,2195,2.82,6197.97,2025-07-01,2025-07-01,0,4
PO-01696,2025-06-19,Foam Italia,MAT_0353,502,502,3.8,1909.5,2025-06-26,2025-06-26,0,3
PO-01577,2025-06-20,Gomma Padana,MAT_0190,267,267,13.49,3601.86,2025-07-04,2025-07-04,0,5
PO-01624,2025-06-20,Shenzhen Minghui,MAT_0284,23695,23695,0.03,706.89,2025-07-29,2025-07-29,0,4
PO-00679,2025-06-21,American & Efird,MAT_0366,352,352,7.05,2482.24,2025-07-30,2025-07-30,0,4
PO-00714,2025-06-21,Karteks Banja Luka,MAT_0373,3531,3531,0.53,1887.51,2025-06-25,2025-06-26,1,5
PO-01796,2025-06-21,Toray Industries,MAT_0443,384,317,20.58,6522.93,2025-08-02,2025-08-02,0,4
PO-00897,2025-06-21,American & Efird,MAT_0207,319,319,6.49,2069.98,2025-07-29,2025-08-10,12,1
PO-00594,2025-06-21,Shenzhen Minghui,MAT_0189,15559,9571,0.03,283.02,2025-07-25,2025-07-26,1,3
PO-01488,2025-06-22,American & Efird,MAT_0442,666,666,7.23,4812.76,2025-07-20,2025-07-20,0,5
PO-01385,2025-06-22,Karteks Banja Luka,MAT_0080,8299,8299,0.52,4335.07,2025-06-26,2025-07-04,8,5
PO-01686,2025-06-22,Coats Group,MAT_0038,1590,1590,5.0,7944.77,2025-07-13,2025-07-13,0,4
PO-01943,2025-06-22,Zhejiang Paper,MAT_0387,8269,8269,0.08,652.83,2025-07-23,2025-07-23,0,4
PO-00018,2025-06-23,Foam Italia,MAT_0081,2314,2314,3.72,8606.42,2025-07-05,2025-07-05,0,4
PO-00294,2025-06-23,Toray Composite,MAT_0162,418,418,46.9,19605.96,2025-08-05,2025-08-05,0,4
PO-00956,2025-06-23,Shenzhen Minghui,MAT_0189,15824,15824,0.03,475.88,2025-07-27,2025-07-27,0,3
PO-00202,2025-06-23,Zecchetto Accessori,MAT_0475,3592,3592,1.01,3629.7,2025-07-08,2025-07-08,0,5
PO-00023,2025-06-23,Shenzhen Minghui,MAT_0187,7451,7451,0.04,290.71,2025-08-03,2025-08-05,2,4
PO-00044,2025-06-23,Global Trim,MAT_0171,7701,7701,0.12,925.15,2025-07-27,2025-07-30,3,4
PO-01071,2025-06-23,Zhejiang Paper,MAT_0294,9112,9112,0.08,741.65,2025-07-23,2025-07-23,0,4
PO-00733,2025-06-23,Coats Group,MAT_0075,818,818,6.44,5267.56,2025-07-12,2025-07-12,0,4
PO-00517,2025-06-23,Covestro AG,MAT_0258,661,661,8.63,5701.96,2025-07-05,2025-07-05,0,3
PO-00218,2025-06-24,Karteks Banja Luka,MAT_0074,3294,3294,0.53,1761.2,2025-06-28,2025-06-29,1,1
PO-00964,2025-06-24,Zhejiang Paper,MAT_0305,5657,5657,0.09,494.4,2025-07-29,2025-07-29,0,5
PO-01965,2025-06-24,Toray Composite,MAT_0372,181,181,40.76,7376.79,2025-07-31,2025-08-01,1,5
PO-01684,2025-06-24,Henkel AG,MAT_0321,793,602,22.83,13744.67,2025-07-05,2025-07-05,0,5
PO-00569,2025-06-24,Henkel AG,MAT_0091,217,217,23.12,5016.74,2025-07-05,2025-07-05,0,4
PO-00135,2025-06-24,Foam Italia,MAT_0054,1752,1752,4.64,8131.47,2025-07-06,2025-07-06,0,5
PO-01297,2025-06-24,Toray Composite,MAT_0389,63,63,39.61,2495.62,2025-08-05,2025-08-06,1,4
PO-00164,2025-06-25,Zhejiang Paper,MAT_0294,20638,20638,0.08,1679.53,2025-07-25,2025-07-25,0,4
PO-01986,2025-06-25,Shenzhen Minghui,MAT_0439,14438,11589,0.04,474.75,2025-07-31,2025-07-31,0,1
PO-01523,2025-06-25,Far Eastern Textile,MAT_0158,3124,3124,3.57,11160.79,2025-07-29,2025-07-29,0,4
PO-01661,2025-06-25,Toray Industries,MAT_0049,1098,1098,18.96,20813.25,2025-08-05,2025-08-05,0,4
PO-00143,2025-06-25,Toray Composite,MAT_0059,176,176,46.18,8126.85,2025-08-15,2025-08-15,0,1
PO-00426,2025-06-26,Foam Italia,MAT_0039,598,598,5.91,3532.96,2025-07-07,2025-07-07,0,4
PO-01445,2025-06-26,Far Eastern Textile,MAT_0362,889,747,2.87,2144.88,2025-08-01,2025-08-01,0,3
PO-01327,2025-06-26,Toray Composite,MAT_0012,293,293,45.36,13291.46,2025-08-16,2025-09-10,25,4
PO-00976,2025-06-26,American & Efird,MAT_0420,946,946,6.67,6305.98,2025-08-02,2025-08-02,0,2
PO-01575,2025-06-26,Global Trim,MAT_0346,3937,3937,0.12,476.65,2025-08-03,2025-08-05,2,3
PO-00178,2025-06-27,Toray Composite,MAT_0295,248,248,37.94,9408.7,2025-08-12,2025-08-12,0,1
PO-00493,2025-06-27,Shenzhen Minghui,MAT_0284,17899,17899,0.03,532.36,2025-08-05,2025-08-05,0,2
PO-00341,2025-06-27,Far Eastern Textile,MAT_0371,1446,1446,2.99,4322.25,2025-07-29,2025-07-29,0,4
PO-01939,2025-06-27,Crocs Inc (supplied),MAT_0122,1523,1523,7.69,11714.71,2025-07-25,2025-07-26,1,4
PO-01798,2025-06-27,Global Trim,MAT_0314,8203,8203,0.12,976.45,2025-08-08,2025-08-08,0,4
PO-00912,2025-06-28,Shenzhen Minghui,MAT_0284,25465,15486,0.03,469.88,2025-08-06,2025-08-06,0,4
PO-00729,2025-06-28,Crocs Inc (supplied),MAT_0204,1275,1275,8.39,10702.24,2025-07-26,2025-07-26,0,5
PO-00561,2025-06-28,Global Trim,MAT_0036,11647,11647,0.1,1134.22,2025-07-28,2025-07-28,0,4
PO-01704,2025-06-28,Henkel AG,MAT_0088,516,516,19.84,10236.69,2025-07-11,2025-07-11,0,5
PO-01222,2025-06-28,Karteks Banja Luka,MAT_0078,5809,5809,0.73,4254.55,2025-07-02,2025-07-02,0,5
PO-01193,2025-06-29,Shenzhen Minghui,MAT_0070,12176,12176,0.03,361.36,2025-08-09,2025-08-09,0,3
PO-01050,2025-06-29,Texon International,MAT_0094,689,689,2.8,1927.97,2025-07-16,2025-07-16,0,5
PO-01831,2025-06-29,Foam Italia,MAT_0477,1436,1436,4.32,6202.15,2025-07-14,2025-07-20,6,5
PO-01062,2025-06-29,Toray Industries,MAT_0188,988,988,19.65,19416.6,2025-08-18,2025-08-18,0,3
PO-00898,2025-06-30,NXP Semiconductors,MAT_0491,6844,6844,0.46,3125.0,2025-07-15,2025-07-15,0,3
PO-01806,2025-06-30,Foam Italia,MAT_0428,1190,1190,4.28,5095.08,2025-07-12,2025-07-12,0,3
PO-01130,2025-06-30,Zhejiang Paper,MAT_0019,10518,10518,0.08,845.95,2025-08-14,2025-08-14,0,4
PO-01223,2025-06-30,Karteks Banja Luka,MAT_0433,4110,4110,0.71,2938.01,2025-07-04,2025-07-04,0,4
PO-00370,2025-06-30,Foam Italia,MAT_0428,2618,2618,4.31,11278.08,2025-07-12,2025-07-12,0,4
PO-01135,2025-06-30,Coats Group,MAT_0245,1208,1208,5.14,6209.14,2025-07-15,2025-07-25,10,4
PO-01566,2025-07-01,Coats Group,MAT_0485,930,930,6.31,5868.11,2025-07-21,2025-07-21,0,4
PO-00815,2025-07-01,Zhejiang Paper,MAT_0083,6389,6389,0.07,458.71,2025-08-14,2025-08-23,9,4
PO-01078,2025-07-01,Texon International,MAT_0235,1194,1194,3.6,4300.1,2025-07-16,2025-07-16,0,4
PO-01238,2025-07-02,Henkel AG,MAT_0152,237,237,14.71,3486.93,2025-07-14,2025-07-14,0,5
PO-00927,2025-07-02,Toray Industries,MAT_0106,553,553,16.72,9244.2,2025-08-15,2025-08-15,0,4
PO-00613,2025-07-02,Coats Group,MAT_0038,659,659,5.17,3405.93,2025-07-23,2025-07-26,3,5
PO-01307,2025-07-02,Far Eastern Textile,MAT_0099,430,430,3.2,1376.41,2025-08-18,2025-08-18,0,5
PO-00635,2025-07-02,NXP Semiconductors,MAT_0418,5896,5896,0.43,2548.54,2025-07-16,2025-07-16,0,5
PO-00116,2025-07-02,Zecchetto Accessori,MAT_0356,3619,3619,0.93,3365.49,2025-07-12,2025-07-12,0,5
PO-01510,2025-07-02,Toray Industries,MAT_0317,745,745,19.58,14587.02,2025-08-06,2025-08-06,0,4
PO-00292,2025-07-02,Karteks Banja Luka,MAT_0220,7444,6433,0.67,4313.67,2025-07-05,2025-07-05,0,3
PO-00266,2025-07-03,Coats Group,MAT_0195,401,401,5.8,2326.79,2025-07-20,2025-07-20,0,3
PO-01586,2025-07-03,Foam Italia,MAT_0089,1447,1447,3.22,4663.09,2025-07-10,2025-07-10,0,4
PO-01581,2025-07-03,Coats Group,MAT_0195,1577,1144,5.9,6754.23,2025-07-20,2025-07-20,0,4
PO-00343,2025-07-03,Zecchetto Accessori,MAT_0483,5894,5894,1.03,6048.85,2025-07-10,2025-07-10,0,4
PO-01504,2025-07-04,Toray Industries,MAT_0072,987,987,16.94,16716.46,2025-08-20,2025-08-21,1,2
PO-00932,2025-07-04,Crocs Inc (supplied),MAT_0147,398,398,9.58,3814.26,2025-08-02,2025-08-15,13,1
PO-00009,2025-07-04,Zecchetto Accessori,MAT_0015,2306,2306,0.81,1863.39,2025-07-17,2025-07-17,0,4
PO-01301,2025-07-04,Zhejiang Paper,MAT_0494,9495,9495,0.08,766.73,2025-08-08,2025-08-08,0,4
PO-00749,2025-07-04,NXP Semiconductors,MAT_0073,3868,3868,0.47,1828.69,2025-07-18,2025-07-18,0,4
PO-00256,2025-07-04,NXP Semiconductors,MAT_0282,2227,2227,0.42,938.92,2025-07-14,2025-07-19,5,5
PO-01978,2025-07-05,NXP Semiconductors,MAT_0247,9646,9646,0.52,5053.64,2025-07-21,2025-07-23,2,3
PO-00947,2025-07-05,Texon International,MAT_0354,916,916,3.51,3212.78,2025-07-21,2025-07-24,3,5
PO-01360,2025-07-05,Shenzhen Minghui,MAT_0187,4792,4792,0.04,192.18,2025-08-15,2025-08-16,1,5
PO-00736,2025-07-05,Coats Group,MAT_0075,768,768,6.36,4887.08,2025-07-24,2025-07-24,0,3
PO-01599,2025-07-05,Far Eastern Textile,MAT_0378,1858,1858,3.38,6288.53,2025-08-19,2025-08-19,0,4
PO-01630,2025-07-05,Zecchetto Accessori,MAT_0254,3066,3066,1.0,3058.07,2025-07-17,2025-07-17,0,4
PO-00073,2025-07-06,Karteks Banja Luka,MAT_0080,5331,5331,0.52,2790.58,2025-07-10,2025-07-11,1,4
PO-01886,2025-07-06,Texon International,MAT_0138,1075,1075,2.53,2717.63,2025-07-24,2025-07-24,0,4
PO-01145,2025-07-06,Shenzhen Minghui,MAT_0187,16259,16259,0.04,651.43,2025-08-16,2025-08-16,0,4
PO-00372,2025-07-06,Texon International,MAT_0205,1203,1203,3.33,4005.26,2025-07-27,2025-07-27,0,4
PO-01748,2025-07-06,Gomma Padana,MAT_0194,1115,1115,12.35,13766.86,2025-07-19,2025-07-27,8,4
PO-01155,2025-07-06,Foam Italia,MAT_0280,1390,1390,6.06,8421.37,2025-07-17,2025-07-17,0,4
PO-01414,2025-07-06,Toray Industries,MAT_0252,2873,2873,18.7,53736.94,2025-08-15,2025-08-15,0,4
PO-00366,2025-07-06,Foam Italia,MAT_0240,1700,1700,3.6,6126.02,2025-07-20,2025-07-20,0,5
PO-01457,2025-07-06,Toray Composite,MAT_0369,163,163,43.86,7149.19,2025-08-13,2025-08-13,0,5
PO-00245,2025-07-06,Far Eastern Textile,MAT_0199,1734,1734,3.25,5640.02,2025-08-18,2025-08-18,0,3
PO-00696,2025-07-06,American & Efird,MAT_0109,387,387,5.59,2164.75,2025-08-11,2025-08-11,0,4
PO-00698,2025-07-06,Far Eastern Textile,MAT_0378,2280,2280,3.42,7797.76,2025-08-20,2025-08-20,0,4
PO-00862,2025-07-06,Toray Composite,MAT_0103,107,107,37.56,4018.96,2025-08-25,2025-09-02,8,5
PO-00272,2025-07-07,Karteks Banja Luka,MAT_0421,5706,5706,0.7,4017.64,2025-07-09,2025-07-09,0,4
PO-00543,2025-07-07,Global Trim,MAT_0331,5301,5301,0.12,625.82,2025-08-10,2025-08-10,0,5
PO-01611,2025-07-08,Coats Group,MAT_0045,783,783,5.55,4348.27,2025-07-20,2025-07-22,2,5
PO-00033,2025-07-08,Crocs Inc (supplied),MAT_0063,1119,1119,9.08,10161.83,2025-08-13,2025-08-13,0,4
PO-01377,2025-07-08,Global Trim,MAT_0036,9740,9740,0.1,987.72,2025-08-07,2025-08-07,0,4
PO-00650,2025-07-09,Toray Industries,MAT_0488,576,425,16.55,7034.98,2025-08-28,2025-08-29,1,5
PO-00935,2025-07-09,Global Trim,MAT_0036,2641,2641,0.1,267.33,2025-08-08,2025-08-13,5,4
PO-00939,2025-07-09,Toray Composite,MAT_0216,74,50,38.29,1914.67,2025-08-27,2025-08-27,0,4
PO-00148,2025-07-09,Texon International,MAT_0212,800,800,3.41,2729.39,2025-07-26,2025-07-26,0,4
PO-01182,2025-07-10,Zhejiang Paper,MAT_0083,6021,6021,0.07,411.39,2025-08-23,2025-08-23,0,4
PO-01896,2025-07-10,NXP Semiconductors,MAT_0193,3456,3456,0.48,1660.54,2025-07-26,2025-07-26,0,2
PO-00194,2025-07-10,Toray Composite,MAT_0180,76,51,53.83,2745.58,2025-08-17,2025-08-17,0,4
PO-01588,2025-07-10,NXP Semiconductors,MAT_0415,3295,2533,0.5,1257.35,2025-07-24,2025-07-24,0,5
PO-01403,2025-07-10,Covestro AG,MAT_0133,302,302,8.37,2528.67,2025-07-24,2025-07-24,0,4
PO-01804,2025-07-10,Texon International,MAT_0212,269,269,3.38,908.7,2025-07-27,2025-07-29,2,3
PO-00906,2025-07-11,Henkel AG,MAT_0051,428,428,17.17,7348.25,2025-07-24,2025-07-24,0,4
PO-00328,2025-07-11,Gomma Padana,MAT_0010,1839,1839,12.26,22543.53,2025-07-23,2025-07-24,1,4
PO-01359,2025-07-11,American & Efird,MAT_0109,819,819,5.76,4719.08,2025-08-16,2025-08-16,0,3
PO-01045,2025-07-11,Crocs Inc (supplied),MAT_0233,1516,1516,9.24,14010.48,2025-08-20,2025-08-20,0,4
PO-01046,2025-07-11,Far Eastern Textile,MAT_0251,3634,3634,3.93,14276.31,2025-08-14,2025-08-15,1,3
PO-00506,2025-07-11,Toray Composite,MAT_0295,503,503,37.93,19077.69,2025-08-26,2025-08-26,0,4
PO-00227,2025-07-11,Zhejiang Paper,MAT_0347,8699,5652,0.07,405.14,2025-08-10,2025-08-10,0,5
PO-00691,2025-07-12,NXP Semiconductors,MAT_0255,4092,4092,0.44,1794.82,2025-07-21,2025-07-21,0,5
PO-00574,2025-07-12,Texon International,MAT_0248,1579,1579,2.86,4523.46,2025-07-24,2025-07-24,0,5
PO-00892,2025-07-12,Coats Group,MAT_0462,1090,1090,6.52,7108.47,2025-07-26,2025-07-26,0,4
PO-00238,2025-07-12,Toray Composite,MAT_0180,121,121,51.66,6250.84,2025-08-19,2025-09-06,18,3
PO-00755,2025-07-13,Zhejiang Paper,MAT_0347,5349,5349,0.07,375.2,2025-08-12,2025-08-14,2,5
PO-01902,2025-07-13,Toray Industries,MAT_0303,1558,1558,20.99,32697.59,2025-09-04,2025-09-04,0,4
PO-01419,2025-07-13,Far Eastern Textile,MAT_0218,2091,2091,3.58,7495.22,2025-08-25,2025-08-25,0,5
PO-00270,2025-07-13,Far Eastern Textile,MAT_0183,1124,1124,3.9,4380.05,2025-08-21,2025-09-02,12,4
PO-01881,2025-07-13,Zhejiang Paper,MAT_0201,10583,10583,0.1,1051.09,2025-08-18,2025-08-18,0,5
PO-01833,2025-07-13,Toray Industries,MAT_0108,881,881,21.46,18905.3,2025-08-22,2025-08-23,1,4
PO-00992,2025-07-13,Toray Composite,MAT_0389,63,63,40.06,2523.58,2025-08-24,2025-08-24,0,5
PO-01793,2025-07-13,Shenzhen Minghui,MAT_0189,19979,19979,0.03,611.24,2025-08-16,2025-08-16,0,4
PO-00532,2025-07-13,Shenzhen Minghui,MAT_0284,19382,19382,0.03,574.98,2025-08-21,2025-08-21,0,4
PO-01467,2025-07-14,Toray Industries,MAT_0383,956,956,17.38,16616.96,2025-08-20,2025-08-20,0,5
PO-00553,2025-07-14,NXP Semiconductors,MAT_0017,7199,7199,0.45,3262.14,2025-07-27,2025-07-27,0,5
PO-01726,2025-07-15,NXP Semiconductors,MAT_0415,1050,1050,0.51,533.06,2025-07-29,2025-08-03,5,4
PO-01928,2025-07-15,Henkel AG,MAT_0308,281,281,20.09,5645.13,2025-07-27,2025-07-27,0,1
PO-01452,2025-07-15,Zhejiang Paper,MAT_0305,7028,7028,0.09,636.25,2025-08-19,2025-08-19,0,4
PO-00412,2025-07-15,Henkel AG,MAT_0062,286,286,18.41,5264.49,2025-07-22,2025-07-22,0,5
PO-01144,2025-07-16,Gomma Padana,MAT_0460,768,768,12.79,9823.3,2025-08-03,2025-08-11,8,4
PO-00536,2025-07-16,American & Efird,MAT_0229,952,952,6.94,6605.4,2025-08-16,2025-08-16,0,5
PO-01060,2025-07-16,Far Eastern Textile,MAT_0410,3099,3099,3.49,10810.04,2025-09-02,2025-09-02,0,5
PO-01489,2025-07-16,Texon International,MAT_0281,833,662,3.52,2330.76,2025-07-28,2025-08-01,4,4
PO-01719,2025-07-16,Far Eastern Textile,MAT_0348,1404,1404,3.76,5274.67,2025-08-22,2025-08-22,0,5
PO-01493,2025-07-16,Texon International,MAT_0416,1403,1403,2.8,3933.3,2025-08-05,2025-08-05,0,4
PO-00730,2025-07-16,NXP Semiconductors,MAT_0399,6922,6922,0.48,3304.39,2025-07-26,2025-07-26,0,3
PO-01836,2025-07-17,Toray Industries,MAT_0167,627,627,19.62,12302.1,2025-09-03,2025-09-03,0,5
PO-01270,2025-07-17,Foam Italia,MAT_0198,2457,2457,3.86,9482.76,2025-07-29,2025-08-02,4,5
PO-01862,2025-07-17,Henkel AG,MAT_0432,215,215,13.38,2876.86,2025-07-25,2025-07-25,0,4
PO-01343,2025-07-17,Karteks Banja Luka,MAT_0128,4132,4132,0.7,2900.12,2025-07-20,2025-07-20,0,4
PO-01505,2025-07-17,Global Trim,MAT_0346,2648,2648,0.12,318.31,2025-08-24,2025-08-24,0,3
PO-00401,2025-07-17,Gomma Padana,MAT_0064,387,387,12.44,4816.16,2025-08-03,2025-08-03,0,4
PO-01188,2025-07-18,Coats Group,MAT_0462,1199,1199,6.68,8007.27,2025-08-01,2025-08-01,0,4
PO-01507,2025-07-18,Texon International,MAT_0084,2337,2337,3.27,7640.08,2025-08-07,2025-08-07,0,4
PO-01816,2025-07-18,Covestro AG,MAT_0487,346,346,10.71,3706.53,2025-08-02,2025-08-16,14,4
PO-01228,2025-07-19,Global Trim,MAT_0171,2119,2119,0.12,259.84,2025-08-22,2025-08-22,0,4
PO-01622,2025-07-19,Karteks Banja Luka,MAT_0067,5587,3569,0.71,2533.5,2025-07-22,2025-07-22,0,4
PO-01682,2025-07-19,Covestro AG,MAT_0487,457,457,11.03,5042.03,2025-08-03,2025-08-08,5,4
PO-01870,2025-07-20,Crocs Inc (supplied),MAT_0063,796,796,8.94,7113.11,2025-08-25,2025-08-25,0,3
PO-00684,2025-07-20,Covestro AG,MAT_0241,438,438,8.77,3841.48,2025-07-28,2025-07-28,0,1
PO-01852,2025-07-20,Coats Group,MAT_0269,847,847,6.04,5116.41,2025-08-04,2025-08-04,0,5
PO-00346,2025-07-20,Crocs Inc (supplied),MAT_0208,249,249,10.01,2492.51,2025-08-23,2025-08-23,0,4
PO-00883,2025-07-20,Karteks Banja Luka,MAT_0203,2113,2113,0.71,1496.69,2025-07-23,2025-07-23,0,4
PO-00656,2025-07-20,Covestro AG,MAT_0260,236,236,8.65,2040.67,2025-07-30,2025-07-30,0,4
PO-01153,2025-07-20,Toray Composite,MAT_0390,101,101,45.15,4560.31,2025-09-12,2025-09-12,0,4
PO-00163,2025-07-20,Toray Composite,MAT_0390,269,269,45.77,12312.17,2025-09-12,2025-09-13,1,3
PO-01614,2025-07-20,Covestro AG,MAT_0053,641,641,9.7,6219.82,2025-08-02,2025-08-02,0,3
PO-01404,2025-07-21,Global Trim,MAT_0041,5994,5994,0.14,827.73,2025-08-26,2025-08-26,0,4
PO-01215,2025-07-21,Karteks Banja Luka,MAT_0297,3383,3383,0.79,2682.71,2025-07-26,2025-07-26,0,5
PO-00767,2025-07-22,Henkel AG,MAT_0276,1091,1091,15.32,16717.39,2025-08-03,2025-08-09,6,5
PO-00380,2025-07-22,Zecchetto Accessori,MAT_0015,5045,5045,0.8,4051.88,2025-08-04,2025-08-04,0,4
PO-01500,2025-07-22,Texon International,MAT_0094,955,955,2.86,2728.2,2025-08-08,2025-08-08,0,5
PO-00039,2025-07-22,Covestro AG,MAT_0419,418,418,7.53,3147.97,2025-07-29,2025-07-29,0,4
PO-00449,2025-07-23,Global Trim,MAT_0326,13590,13590,0.11,1488.23,2025-09-02,2025-09-02,0,4
PO-00831,2025-07-23,Shenzhen Minghui,MAT_0284,30510,30510,0.03,892.35,2025-08-31,2025-08-31,0,3
PO-00575,2025-07-23,Covestro AG,MAT_0304,800,800,10.22,8178.7,2025-07-31,2025-07-31,0,4
PO-00872,2025-07-23,Crocs Inc (supplied),MAT_0211,1345,1345,8.42,11328.24,2025-08-26,2025-08-29,3,5
PO-00141,2025-07-23,Gomma Padana,MAT_0130,324,243,15.95,3875.76,2025-08-05,2025-08-06,1,4
PO-00614,2025-07-24,Crocs Inc (supplied),MAT_0122,1150,1150,8.07,9280.33,2025-08-21,2025-08-21,0,5
PO-01310,2025-07-24,Gomma Padana,MAT_0210,786,786,15.44,12136.03,2025-08-01,2025-08-01,0,4
PO-01456,2025-07-24,Crocs Inc (supplied),MAT_0122,1047,1047,7.86,8231.19,2025-08-21,2025-08-21,0,4
PO-01478,2025-07-24,Henkel AG,MAT_0276,294,294,15.14,4449.82,2025-08-05,2025-08-05,0,2
PO-00741,2025-07-25,Coats Group,MAT_0104,824,824,6.74,5552.59,2025-08-14,2025-08-14,0,5
PO-01625,2025-07-25,Foam Italia,MAT_0117,1854,1854,3.68,6820.53,2025-08-12,2025-08-13,1,4
PO-01800,2025-07-25,Crocs Inc (supplied),MAT_0237,717,717,9.13,6545.77,2025-08-30,2025-09-04,5,5
PO-01127,2025-07-26,Gomma Padana,MAT_0037,204,204,13.81,2816.76,2025-08-03,2025-08-06,3,3
PO-01868,2025-07-26,Foam Italia,MAT_0340,1618,1618,3.35,5422.04,2025-08-08,2025-08-12,4,5
PO-00859,2025-07-26,Texon International,MAT_0170,753,704,3.14,2210.5,2025-08-11,2025-08-11,0,3
PO-00568,2025-07-26,Zhejiang Paper,MAT_0268,12303,12303,0.09,1090.48,2025-08-30,2025-09-08,9,4
PO-00020,2025-07-26,Gomma Padana,MAT_0223,684,684,12.8,8757.02,2025-08-09,2025-08-10,1,3
PO-00550,2025-07-26,Covestro AG,MAT_0458,1092,792,8.9,7048.56,2025-08-04,2025-08-04,0,5
PO-00783,2025-07-27,Crocs Inc (supplied),MAT_0063,1598,1598,9.18,14674.35,2025-09-01,2025-09-01,0,4
PO-01803,2025-07-27,Toray Composite,MAT_0295,508,508,38.28,19447.73,2025-09-11,2025-09-11,0,5
PO-01729,2025-07-27,Shenzhen Minghui,MAT_0070,26870,21283,0.03,636.58,2025-09-06,2025-09-06,0,4
PO-00124,2025-07-27,American & Efird,MAT_0420,391,391,6.89,2693.17,2025-09-02,2025-09-11,9,4
PO-00221,2025-07-27,Toray Composite,MAT_0012,128,128,45.46,5819.03,2025-09-16,2025-09-16,0,2
PO-01373,2025-07-27,Henkel AG,MAT_0091,140,140,23.26,3256.32,2025-08-07,2025-08-07,0,4
PO-00388,2025-07-27,Toray Industries,MAT_0302,750,750,17.77,13330.76,2025-09-16,2025-10-04,18,4
PO-01936,2025-07-27,Gomma Padana,MAT_0231,380,295,12.12,3574.53,2025-08-06,2025-08-08,2,5
PO-01116,2025-07-28,Shenzhen Minghui,MAT_0020,12367,12367,0.03,371.97,2025-09-10,2025-09-24,14,5
PO-00171,2025-07-28,Toray Industries,MAT_0236,357,357,22.3,7961.29,2025-09-13,2025-09-13,0,5
PO-00552,2025-07-28,Texon International,MAT_0286,734,734,3.96,2905.04,2025-08-08,2025-08-08,0,4
PO-01848,2025-07-29,Toray Industries,MAT_0096,1207,1207,20.79,25093.86,2025-09-13,2025-09-13,0,3
PO-00988,2025-07-29,NXP Semiconductors,MAT_0415,2134,2134,0.52,1106.41,2025-08-12,2025-08-12,0,4
PO-01890,2025-07-29,Foam Italia,MAT_0222,1396,1396,5.01,6996.75,2025-08-07,2025-08-07,0,5
PO-01553,2025-07-29,Toray Industries,MAT_0352,1130,1130,16.81,19000.33,2025-09-17,2025-09-21,4,3
PO-01286,2025-07-29,NXP Semiconductors,MAT_0409,4061,4061,0.42,1714.32,2025-08-14,2025-08-14,0,3
PO-01245,2025-07-29,Henkel AG,MAT_0136,223,223,19.07,4252.6,2025-08-07,2025-08-09,2,3
PO-01732,2025-07-30,Global Trim,MAT_0314,4186,4186,0.12,510.9,2025-09-10,2025-09-14,4,4
PO-00187,2025-07-30,Covestro AG,MAT_0487,502,502,11.09,5566.98,2025-08-14,2025-08-14,0,4
PO-00491,2025-07-30,Covestro AG,MAT_0053,476,476,9.69,4614.18,2025-08-12,2025-08-12,0,4
PO-00717,2025-07-31,Covestro AG,MAT_0165,176,176,10.57,1859.78,2025-08-13,2025-08-14,1,3
PO-00880,2025-07-31,Coats Group,MAT_0462,715,715,6.48,4633.95,2025-08-14,2025-08-14,0,5
PO-00448,2025-07-31,Covestro AG,MAT_0215,943,943,8.71,8209.32,2025-08-07,2025-08-12,5,4
PO-00779,2025-07-31,Gomma Padana,MAT_0010,412,412,12.16,5008.72,2025-08-12,2025-08-12,0,4
PO-01632,2025-07-31,Toray Industries,MAT_0134,1031,1031,20.75,21397.83,2025-09-24,2025-10-04,10,4
PO-01137,2025-08-01,Coats Group,MAT_0269,783,783,5.85,4580.18,2025-08-16,2025-08-28,12,4
PO-00004,2025-08-01,Karteks Banja Luka,MAT_0203,5998,5998,0.7,4183.45,2025-08-04,2025-08-04,0,5
PO-01763,2025-08-01,Far Eastern Textile,MAT_0288,2257,2257,3.46,7815.21,2025-09-14,2025-09-14,0,5
PO-00267,2025-08-01,Shenzhen Minghui,MAT_0439,16396,16396,0.04,664.16,2025-09-06,2025-09-07,1,2
PO-01634,2025-08-01,American & Efird,MAT_0093,402,402,5.84,2346.29,2025-09-02,2025-09-02,0,2
PO-01974,2025-08-01,Crocs Inc (supplied),MAT_0122,1437,1437,7.78,11175.0,2025-08-29,2025-08-29,0,3
PO-00938,2025-08-01,Texon International,MAT_0281,883,883,3.62,3194.99,2025-08-13,2025-08-13,0,3
PO-00966,2025-08-01,Karteks Banja Luka,MAT_0373,734,734,0.54,398.44,2025-08-05,2025-08-05,0,4
PO-00520,2025-08-01,Henkel AG,MAT_0343,688,688,25.92,17829.57,2025-08-10,2025-08-15,5,4
PO-00007,2025-08-02,Crocs Inc (supplied),MAT_0208,354,354,9.94,3519.32,2025-09-05,2025-09-05,0,3
PO-01941,2025-08-02,NXP Semiconductors,MAT_0409,4231,4231,0.43,1818.03,2025-08-18,2025-08-18,0,4
PO-01535,2025-08-02,Toray Composite,MAT_0180,100,100,51.47,5146.73,2025-09-09,2025-09-09,0,4
PO-00556,2025-08-03,American & Efird,MAT_0420,954,954,6.68,6373.66,2025-09-09,2025-09-09,0,5
PO-00369,2025-08-03,Zecchetto Accessori,MAT_0142,596,596,0.79,469.19,2025-08-18,2025-08-18,0,5
PO-00759,2025-08-03,Crocs Inc (supplied),MAT_0025,1761,1761,8.41,14813.77,2025-09-06,2025-09-06,0,4
PO-00522,2025-08-03,Crocs Inc (supplied),MAT_0318,375,375,7.45,2795.19,2025-09-06,2025-09-06,0,2
PO-01309,2025-08-03,Far Eastern Textile,MAT_0395,2006,2006,4.34,8696.88,2025-09-05,2025-09-05,0,4
PO-01202,2025-08-03,Zecchetto Accessori,MAT_0356,4538,4538,0.94,4273.87,2025-08-13,2025-08-16,3,5
PO-01699,2025-08-04,Crocs Inc (supplied),MAT_0237,941,781,8.74,6825.81,2025-09-09,2025-09-09,0,4
PO-00671,2025-08-04,Foam Italia,MAT_0266,1629,1629,4.01,6528.03,2025-08-21,2025-08-21,0,5
PO-01541,2025-08-04,Crocs Inc (supplied),MAT_0147,677,677,9.66,6538.29,2025-09-02,2025-09-02,0,4
PO-01055,2025-08-04,Crocs Inc (supplied),MAT_0208,728,728,9.73,7081.51,2025-09-07,2025-09-07,0,5
PO-00888,2025-08-04,Crocs Inc (supplied),MAT_0211,1351,1351,8.17,11034.64,2025-09-07,2025-09-12,5,5
PO-01383,2025-08-05,Henkel AG,MAT_0321,834,834,23.57,19659.35,2025-08-16,2025-08-16,0,5
PO-00353,2025-08-05,NXP Semiconductors,MAT_0382,2639,2639,0.39,1038.22,2025-08-21,2025-08-21,0,4
PO-01180,2025-08-06,American & Efird,MAT_0396,527,527,7.92,4174.2,2025-09-02,2025-09-02,0,3
PO-00040,2025-08-06,Zecchetto Accessori,MAT_0401,3402,3402,0.93,3172.89,2025-08-14,2025-08-18,4,4
PO-01774,2025-08-06,Zecchetto Accessori,MAT_0197,3031,2832,1.06,2996.5,2025-08-24,2025-08-24,0,1
PO-00419,2025-08-06,Henkel AG,MAT_0091,165,165,23.83,3931.51,2025-08-17,2025-08-17,0,5
PO-01906,2025-08-06,Henkel AG,MAT_0363,324,324,24.95,8084.35,2025-08-14,2025-08-14,0,3
PO-01142,2025-08-06,Far Eastern Textile,MAT_0168,1586,1586,4.45,7052.86,2025-09-07,2025-09-07,0,4
PO-00430,2025-08-06,Far Eastern Textile,MAT_0008,4106,4106,3.2,13129.49,2025-09-16,2025-09-16,0,5
PO-01519,2025-08-07,Coats Group,MAT_0045,1398,1226,5.63,6906.75,2025-08-19,2025-08-19,0,5
PO-01969,2025-08-07,Toray Industries,MAT_0274,203,203,17.7,3593.57,2025-09-15,2025-09-15,0,4
PO-00112,2025-08-07,Zhejiang Paper,MAT_0268,5644,5644,0.09,495.02,2025-09-11,2025-09-20,9,5
PO-00588,2025-08-08,Texon International,MAT_0286,819,819,3.97,3254.59,2025-08-19,2025-08-19,0,3
PO-01854,2025-08-08,Zecchetto Accessori,MAT_0197,3768,3768,1.05,3972.64,2025-08-26,2025-08-31,5,5
PO-00633,2025-08-08,Far Eastern Textile,MAT_0482,1599,1599,4.4,7042.07,2025-09-15,2025-09-15,0,4
PO-00383,2025-08-08,Foam Italia,MAT_0275,1858,1858,3.6,6691.57,2025-08-17,2025-08-31,14,4
PO-01432,2025-08-08,Crocs Inc (supplied),MAT_0122,1047,1047,7.71,8069.75,2025-09-05,2025-09-05,0,4
PO-00450,2025-08-08,American & Efird,MAT_0333,247,166,6.86,1139.53,2025-09-07,2025-09-07,0,3
PO-01133,2025-08-08,Zecchetto Accessori,MAT_0057,1232,1232,0.86,1061.86,2025-08-20,2025-08-21,1,4
PO-00580,2025-08-08,Crocs Inc (supplied),MAT_0233,1556,1556,8.96,13943.17,2025-09-17,2025-09-18,1,3
PO-01173,2025-08-08,Zecchetto Accessori,MAT_0056,3050,3050,0.99,3033.61,2025-08-16,2025-08-16,0,4
PO-00628,2025-08-09,Toray Industries,MAT_0438,407,407,20.49,8340.71,2025-09-22,2025-09-22,0,3
PO-01538,2025-08-09,Texon International,MAT_0446,1770,1770,2.88,5089.01,2025-08-21,2025-08-21,0,4
PO-00922,2025-08-09,Gomma Padana,MAT_0190,159,159,13.26,2107.84,2025-08-23,2025-08-24,1,4
PO-01366,2025-08-09,Henkel AG,MAT_0330,665,665,15.12,10056.39,2025-08-22,2025-08-22,0,4
PO-01347,2025-08-09,Far Eastern Textile,MAT_0371,484,484,2.87,1390.74,2025-09-10,2025-09-10,0,4
PO-00899,2025-08-10,American & Efird,MAT_0021,742,742,6.56,4864.94,2025-09-19,2025-09-19,0,5
PO-00606,2025-08-10,Coats Group,MAT_0058,915,915,4.91,4489.45,2025-08-22,2025-08-22,0,5
PO-01335,2025-08-10,Gomma Padana,MAT_0011,1569,1569,14.06,22058.61,2025-08-28,2025-08-28,0,4
PO-00217,2025-08-11,Foam Italia,MAT_0298,2843,2843,3.89,11057.53,2025-08-25,2025-08-25,0,5
PO-00368,2025-08-11,Foam Italia,MAT_0086,1489,1489,4.22,6285.77,2025-08-27,2025-08-27,0,4
PO-01263,2025-08-11,Zecchetto Accessori,MAT_0474,3238,3238,0.95,3081.47,2025-08-22,2025-08-22,0,4
PO-01924,2025-08-11,Shenzhen Minghui,MAT_0148,14253,14253,0.03,424.86,2025-09-11,2025-09-11,0,1
PO-01659,2025-08-11,Toray Industries,MAT_0129,321,321,16.72,5367.27,2025-09-19,2025-09-19,0,4
PO-00260,2025-08-11,Shenzhen Minghui,MAT_0329,10584,10584,0.03,319.69,2025-09-23,2025-09-23,0,4
PO-00098,2025-08-11,Zecchetto Accessori,MAT_0497,3813,3813,0.81,3078.14,2025-08-29,2025-08-29,0,4
PO-01195,2025-08-12,Foam Italia,MAT_0275,1164,1164,3.53,4112.12,2025-08-21,2025-08-23,2,5
PO-01792,2025-08-12,Toray Composite,MAT_0389,124,124,38.32,4751.37,2025-09-23,2025-09-23,0,4
PO-00031,2025-08-12,Gomma Padana,MAT_0291,253,253,16.32,4128.13,2025-08-24,2025-08-29,5,5
PO-00421,2025-08-12,Coats Group,MAT_0195,1578,1578,5.75,9077.99,2025-08-29,2025-09-06,8,4
PO-01157,2025-08-13,Foam Italia,MAT_0299,3038,3038,5.01,15205.93,2025-08-31,2025-08-31,0,4
PO-01189,2025-08-13,Karteks Banja Luka,MAT_0345,3166,3166,0.77,2447.42,2025-08-17,2025-08-22,5,4
PO-00786,2025-08-13,Toray Composite,MAT_0012,532,532,45.78,24357.5,2025-10-03,2025-10-05,2,5
PO-01171,2025-08-13,Crocs Inc (supplied),MAT_0318,354,354,7.33,2593.91,2025-09-16,2025-09-16,0,5
PO-00423,2025-08-14,Shenzhen Minghui,MAT_0187,5767,5767,0.04,232.15,2025-09-24,2025-09-24,0,3
PO-01534,2025-08-14,Henkel AG,MAT_0035,487,487,22.48,10948.76,2025-08-26,2025-08-26,0,5
PO-00374,2025-08-14,Covestro AG,MAT_0360,1152,1152,8.3,9561.79,2025-08-26,2025-09-04,9,4
PO-01183,2025-08-14,Toray Composite,MAT_0162,191,191,48.18,9202.05,2025-09-26,2025-09-26,0,5
PO-00313,2025-08-14,Toray Industries,MAT_0287,1955,1955,19.69,38503.7,2025-09-29,2025-10-04,5,4
PO-01887,2025-08-15,Toray Composite,MAT_0390,77,77,46.29,3564.63,2025-10-08,2025-10-08,0,4
PO-00868,2025-08-15,Gomma Padana,MAT_0194,1349,1349,12.59,16980.24,2025-08-28,2025-08-28,0,4
PO-01262,2025-08-15,Toray Composite,MAT_0295,172,172,39.3,6759.21,2025-09-30,2025-10-01,1,5
PO-01472,2025-08-16,Henkel AG,MAT_0152,235,235,14.83,3485.56,2025-08-28,2025-08-28,0,4
PO-00378,2025-08-16,Zecchetto Accessori,MAT_0450,2407,2407,0.87,2104.66,2025-08-24,2025-08-24,0,1
PO-01835,2025-08-16,Toray Composite,MAT_0159,112,112,49.93,5592.36,2025-10-01,2025-10-01,0,4
PO-01608,2025-08-16,American & Efird,MAT_0229,1122,939,6.88,6459.66,2025-09-16,2025-09-16,0,2
PO-01103,2025-08-16,Shenzhen Minghui,MAT_0020,30454,30454,0.03,892.09,2025-09-29,2025-10-01,2,5
PO-00627,2025-08-16,Karteks Banja Luka,MAT_0259,2385,2385,0.74,1767.71,2025-08-19,2025-08-20,1,2
PO-00132,2025-08-16,Zecchetto Accessori,MAT_0450,2615,2615,0.87,2284.59,2025-08-24,2025-08-24,0,4
PO-00123,2025-08-16,Global Trim,MAT_0455,9299,9299,0.11,999.84,2025-09-28,2025-09-28,0,4
PO-00398,2025-08-17,Global Trim,MAT_0066,8079,8079,0.12,992.3,2025-09-21,2025-09-21,0,4
PO-00882,2025-08-17,Global Trim,MAT_0480,12339,12339,0.11,1361.61,2025-09-21,2025-09-22,1,5
PO-00248,2025-08-17,Karteks Banja Luka,MAT_0040,2601,2601,0.74,1913.19,2025-08-22,2025-08-22,0,5
PO-01934,2025-08-17,Crocs Inc (supplied),MAT_0233,1001,1001,9.14,9146.06,2025-09-26,2025-09-26,0,5
PO-01084,2025-08-17,Crocs Inc (supplied),MAT_0147,714,714,9.36,6680.3,2025-09-15,2025-09-15,0,4
PO-01695,2025-08-18,Foam Italia,MAT_0298,3451,3451,3.8,13127.08,2025-09-01,2025-09-01,0,5
PO-01700,2025-08-18,Far Eastern Textile,MAT_0008,3997,3997,3.19,12745.2,2025-09-28,2025-09-28,0,5
PO-01526,2025-08-18,Gomma Padana,MAT_0097,942,942,12.65,11913.2,2025-08-31,2025-08-31,0,2
PO-01278,2025-08-18,NXP Semiconductors,MAT_0394,1709,1709,0.41,705.14,2025-09-02,2025-09-02,0,4
PO-01275,2025-08-19,Shenzhen Minghui,MAT_0020,31287,31287,0.03,940.98,2025-10-02,2025-10-02,0,5
PO-00129,2025-08-19,Crocs Inc (supplied),MAT_0025,1792,1792,8.26,14806.83,2025-09-22,2025-09-26,4,4
PO-01283,2025-08-19,Covestro AG,MAT_0261,1261,1261,8.54,10763.9,2025-08-28,2025-08-28,0,5
PO-00655,2025-08-19,Gomma Padana,MAT_0196,890,890,12.47,11096.42,2025-09-04,2025-09-04,0,3
PO-01234,2025-08-19,Global Trim,MAT_0380,3610,3610,0.13,476.63,2025-09-26,2025-09-26,0,2
PO-01250,2025-08-19,Zhejiang Paper,MAT_0294,25735,20227,0.08,1586.3,2025-09-18,2025-09-21,3,4
PO-00860,2025-08-19,Texon International,MAT_0023,583,583,3.37,1964.38,2025-09-06,2025-09-06,0,3
PO-00943,2025-08-20,Texon International,MAT_0069,1980,1980,3.88,7672.82,2025-09-10,2025-09-10,0,5
PO-00884,2025-08-20,Shenzhen Minghui,MAT_0052,21250,21250,0.03,637.51,2025-09-19,2025-09-30,11,3
PO-00297,2025-08-20,Toray Composite,MAT_0389,106,106,39.2,4154.98,2025-10-01,2025-10-04,3,4
PO-01617,2025-08-20,Gomma Padana,MAT_0223,902,902,12.45,11233.61,2025-09-03,2025-09-08,5,3
PO-00051,2025-08-20,Zhejiang Paper,MAT_0294,4446,4446,0.08,346.53,2025-09-19,2025-09-19,0,4
PO-00612,2025-08-21,Coats Group,MAT_0195,1773,1773,5.96,10562.32,2025-09-07,2025-09-07,0,2
PO-01506,2025-08-21,Global Trim,MAT_0112,11507,11507,0.14,1636.96,2025-09-26,2025-09-26,0,4
PO-01058,2025-08-21,Henkel AG,MAT_0363,610,610,24.65,15038.35,2025-08-29,2025-08-29,0,5
PO-00252,2025-08-21,Shenzhen Minghui,MAT_0187,8597,8597,0.04,349.08,2025-10-01,2025-10-01,0,4
PO-00511,2025-08-21,Zhejiang Paper,MAT_0494,7176,6282,0.08,491.29,2025-09-25,2025-09-25,0,4
PO-01073,2025-08-22,Far Eastern Textile,MAT_0183,554,554,3.73,2066.82,2025-09-30,2025-10-03,3,3
PO-01765,2025-08-22,Henkel AG,MAT_0137,334,334,21.68,7241.35,2025-09-05,2025-09-07,2,3
PO-00336,2025-08-22,Global Trim,MAT_0314,7446,7446,0.12,887.45,2025-10-03,2025-10-03,0,3
PO-00211,2025-08-22,Zecchetto Accessori,MAT_0056,2886,2886,0.99,2862.54,2025-08-30,2025-09-01,2,4
PO-01843,2025-08-22,Global Trim,MAT_0326,7601,7601,0.11,860.53,2025-10-02,2025-10-02,0,5
PO-00035,2025-08-22,Henkel AG,MAT_0321,375,375,23.21,8704.83,2025-09-02,2025-09-02,0,5
PO-01680,2025-08-23,Shenzhen Minghui,MAT_0052,15827,15827,0.03,463.18,2025-09-22,2025-09-25,3,5
PO-01783,2025-08-23,NXP Semiconductors,MAT_0409,4481,4481,0.44,1955.59,2025-09-08,2025-09-08,0,4
PO-00250,2025-08-23,Karteks Banja Luka,MAT_0067,3347,3347,0.73,2432.96,2025-08-26,2025-08-29,3,5
PO-01859,2025-08-23,Global Trim,MAT_0380,5029,5029,0.13,637.1,2025-09-30,2025-09-30,0,2
PO-01272,2025-08-23,Texon International,MAT_0094,1063,1063,2.78,2957.42,2025-09-09,2025-09-09,0,4
PO-01980,2025-08-23,Covestro AG,MAT_0335,317,317,9.7,3074.92,2025-08-30,2025-08-31,1,3
PO-00905,2025-08-23,Henkel AG,MAT_0136,341,341,18.44,6288.93,2025-09-01,2025-09-01,0,4
PO-00973,2025-08-24,Gomma Padana,MAT_0194,635,635,12.72,8078.41,2025-09-06,2025-09-06,0,2
PO-01003,2025-08-24,Foam Italia,MAT_0039,757,757,5.82,4405.43,2025-09-04,2025-09-04,0,5
PO-01015,2025-08-24,Gomma Padana,MAT_0262,1788,1788,14.11,25221.21,2025-09-10,2025-09-10,0,3
PO-01393,2025-08-25,Foam Italia,MAT_0047,508,508,4.2,2133.66,2025-09-07,2025-09-07,0,2
PO-01482,2025-08-25,Global Trim,MAT_0455,10137,10137,0.11,1104.54,2025-10-07,2025-10-07,0,5
PO-01469,2025-08-25,Shenzhen Minghui,MAT_0257,10138,10138,0.04,407.23,2025-10-01,2025-10-01,0,5
PO-01839,2025-08-26,Foam Italia,MAT_0280,1436,1436,6.15,8835.48,2025-09-06,2025-09-06,0,3
PO-01753,2025-08-26,NXP Semiconductors,MAT_0209,2215,2215,0.4,883.99,2025-09-03,2025-09-09,6,5
PO-00819,2025-08-26,Zhejiang Paper,MAT_0387,6598,6598,0.08,523.29,2025-09-26,2025-09-29,3,4
PO-01247,2025-08-26,NXP Semiconductors,MAT_0255,6159,6159,0.43,2640.15,2025-09-04,2025-09-06,2,5
PO-01168,2025-08-26,Global Trim,MAT_0151,3543,3543,0.1,358.0,2025-10-03,2025-10-03,0,5
PO-01464,2025-08-27,Shenzhen Minghui,MAT_0257,18163,18163,0.04,744.4,2025-10-03,2025-10-03,0,4
PO-01768,2025-08-27,Global Trim,MAT_0467,3488,3488,0.11,386.68,2025-09-30,2025-09-30,0,4
PO-00080,2025-08-27,NXP Semiconductors,MAT_0073,6653,6653,0.46,3057.84,2025-09-10,2025-09-10,0,5
PO-01375,2025-08-27,Henkel AG,MAT_0321,874,874,24.01,20987.12,2025-09-07,2025-09-07,0,4
PO-00795,2025-08-27,Toray Composite,MAT_0389,114,114,38.97,4442.77,2025-10-08,2025-10-09,1,4
PO-00719,2025-08-27,Shenzhen Minghui,MAT_0148,14521,14521,0.03,446.75,2025-09-27,2025-09-27,0,5
PO-01211,2025-08-28,Foam Italia,MAT_0117,1115,1115,3.69,4113.44,2025-09-15,2025-09-15,0,4
PO-01730,2025-08-28,Shenzhen Minghui,MAT_0329,15500,15500,0.03,475.65,2025-10-10,2025-10-10,0,5
PO-00820,2025-08-28,Karteks Banja Luka,MAT_0445,5941,5941,0.7,4165.62,2025-08-31,2025-08-31,0,5
PO-00422,2025-08-28,Global Trim,MAT_0041,5979,5979,0.14,861.13,2025-10-03,2025-10-03,0,3
PO-00349,2025-08-29,Zecchetto Accessori,MAT_0228,752,752,0.79,592.8,2025-09-08,2025-09-08,0,4
PO-01515,2025-08-29,Henkel AG,MAT_0043,550,550,17.36,9545.51,2025-09-05,2025-09-05,0,4
PO-01254,2025-08-30,Toray Composite,MAT_0216,142,142,38.34,5443.79,2025-10-18,2025-10-22,4,4
PO-00885,2025-08-30,Foam Italia,MAT_0275,599,599,3.49,2091.78,2025-09-08,2025-09-18,10,5
PO-00891,2025-08-30,American & Efird,MAT_0420,999,999,6.84,6829.16,2025-10-06,2025-10-06,0,4
PO-01814,2025-08-30,Zecchetto Accessori,MAT_0015,3807,3807,0.83,3147.83,2025-09-12,2025-09-12,0,4
PO-00198,2025-08-30,Global Trim,MAT_0467,9846,9846,0.11,1074.38,2025-10-03,2025-10-03,0,5
PO-00362,2025-08-30,Henkel AG,MAT_0432,470,470,13.31,6255.34,2025-09-07,2025-09-07,0,5
PO-01690,2025-08-30,Crocs Inc (supplied),MAT_0025,833,833,8.17,6804.69,2025-10-03,2025-10-03,0,4
PO-00858,2025-08-30,Far Eastern Textile,MAT_0482,873,873,4.34,3791.87,2025-10-07,2025-10-07,0,5
PO-00583,2025-08-30,Crocs Inc (supplied),MAT_0025,1419,1419,8.05,11428.59,2025-10-03,2025-10-05,2,5
PO-00537,2025-08-31,Henkel AG,MAT_0179,881,881,14.47,12746.81,2025-09-08,2025-09-08,0,5
PO-00652,2025-08-31,Toray Industries,MAT_0303,1652,1652,21.06,34792.95,2025-10-23,2025-11-03,11,5
PO-00811,2025-09-01,NXP Semiconductors,MAT_0344,2896,2896,0.49,1431.54,2025-09-11,2025-09-11,0,5
PO-00934,2025-09-01,Far Eastern Textile,MAT_0217,1690,1690,4.25,7188.42,2025-10-16,2025-10-16,0,4
PO-00185,2025-09-01,Henkel AG,MAT_0470,158,158,16.08,2541.35,2025-09-10,2025-09-10,0,4
PO-00591,2025-09-01,Coats Group,MAT_0038,632,632,5.16,3263.98,2025-09-22,2025-09-22,0,5
PO-01468,2025-09-01,Toray Industries,MAT_0325,520,520,19.92,10358.61,2025-10-16,2025-10-21,5,4
PO-01350,2025-09-01,Henkel AG,MAT_0473,667,667,23.12,15421.73,2025-09-11,2025-09-15,4,4
PO-00715,2025-09-01,Coats Group,MAT_0269,190,166,5.93,983.77,2025-09-16,2025-09-16,0,3
PO-01190,2025-09-01,NXP Semiconductors,MAT_0399,5563,5563,0.49,2749.1,2025-09-11,2025-09-11,0,5
PO-01964,2025-09-02,Foam Italia,MAT_0232,1571,1571,4.02,6310.89,2025-09-11,2025-09-12,1,5
PO-01865,2025-09-02,NXP Semiconductors,MAT_0491,6830,6830,0.45,3076.14,2025-09-17,2025-09-17,0,5
PO-00981,2025-09-02,Global Trim,MAT_0380,3356,3356,0.13,441.96,2025-10-10,2025-10-10,0,3
PO-00338,2025-09-02,Gomma Padana,MAT_0131,569,569,13.41,7631.81,2025-09-11,2025-09-14,3,5
PO-00854,2025-09-02,American & Efird,MAT_0229,560,560,7.12,3985.1,2025-10-03,2025-10-03,0,5
PO-00989,2025-09-02,American & Efird,MAT_0207,457,457,6.51,2976.08,2025-10-10,2025-10-10,0,5
PO-00455,2025-09-02,Zhejiang Paper,MAT_0294,7952,7952,0.08,651.89,2025-10-02,2025-10-02,0,4
PO-00387,2025-09-02,Global Trim,MAT_0422,2146,2146,0.11,239.11,2025-10-14,2025-10-14,0,4
PO-01179,2025-09-02,American & Efird,MAT_0333,471,290,7.06,2047.56,2025-10-02,2025-10-02,0,4
PO-01606,2025-09-02,Shenzhen Minghui,MAT_0385,31832,31832,0.03,954.87,2025-10-09,2025-10-09,0,4
PO-01904,2025-09-03,NXP Semiconductors,MAT_0418,6407,6407,0.44,2851.04,2025-09-17,2025-09-17,0,3
PO-01047,2025-09-03,Crocs Inc (supplied),MAT_0208,501,501,9.91,4965.06,2025-10-07,2025-10-07,0,5
PO-00616,2025-09-03,NXP Semiconductors,MAT_0255,3531,3531,0.42,1490.57,2025-09-12,2025-09-12,0,4
PO-01111,2025-09-03,NXP Semiconductors,MAT_0270,1033,1033,0.4,414.57,2025-09-12,2025-09-13,1,5
PO-00397,2025-09-03,Zecchetto Accessori,MAT_0015,5246,5246,0.8,4185.75,2025-09-16,2025-09-22,6,4
PO-01681,2025-09-03,Texon International,MAT_0023,767,767,3.32,2545.21,2025-09-21,2025-09-21,0,3
PO-00273,2025-09-04,Zhejiang Paper,MAT_0172,2846,2846,0.09,260.05,2025-10-05,2025-10-05,0,4
PO-01074,2025-09-04,Zecchetto Accessori,MAT_0405,4586,4586,0.87,3994.92,2025-09-17,2025-09-18,1,4
PO-00243,2025-09-05,Foam Italia,MAT_0447,460,460,4.91,2259.67,2025-09-22,2025-09-26,4,5
PO-01820,2025-09-05,Toray Composite,MAT_0059,147,147,47.47,6978.5,2025-10-26,2025-10-26,0,2
PO-00707,2025-09-05,Toray Industries,MAT_0186,461,461,18.67,8605.77,2025-10-25,2025-10-30,5,4
PO-01200,2025-09-05,Toray Industries,MAT_0472,1575,1575,20.19,31803.8,2025-10-30,2025-10-31,1,4
PO-00936,2025-09-05,Toray Industries,MAT_0368,1253,1253,19.21,24065.16,2025-10-20,2025-10-26,6,5
PO-01727,2025-09-06,Gomma Padana,MAT_0306,636,636,11.67,7420.4,2025-09-21,2025-10-04,13,2
PO-01447,2025-09-06,Toray Composite,MAT_0295,124,124,40.09,4971.15,2025-10-22,2025-10-23,1,3
PO-01069,2025-09-06,Covestro AG,MAT_0381,553,553,8.79,4860.95,2025-09-18,2025-09-19,1,4
PO-01758,2025-09-06,Covestro AG,MAT_0419,544,544,7.8,4245.24,2025-09-13,2025-09-13,0,4
PO-01827,2025-09-06,Henkel AG,MAT_0051,1304,1304,17.15,22361.16,2025-09-19,2025-09-19,0,5
PO-01880,2025-09-06,Zecchetto Accessori,MAT_0425,1474,1474,0.92,1359.31,2025-09-16,2025-09-16,0,3
PO-00373,2025-09-06,Toray Composite,MAT_0390,139,139,45.39,6309.76,2025-10-30,2025-11-09,10,4
PO-00554,2025-09-06,Zhejiang Paper,MAT_0201,7559,7559,0.1,777.88,2025-10-12,2025-10-12,0,4
PO-00959,2025-09-06,Toray Industries,MAT_0488,793,702,17.19,12065.58,2025-10-26,2025-10-30,4,4
PO-01646,2025-09-07,Crocs Inc (supplied),MAT_0208,668,668,10.07,6725.99,2025-10-11,2025-10-11,0,5
PO-00379,2025-09-07,Covestro AG,MAT_0087,1249,1249,9.74,12160.67,2025-09-18,2025-09-29,11,3
PO-01544,2025-09-07,Global Trim,MAT_0046,2270,2270,0.1,233.37,2025-10-11,2025-10-12,1,4
PO-00274,2025-09-07,Coats Group,MAT_0462,620,387,6.47,2503.7,2025-09-21,2025-10-03,12,5
PO-01579,2025-09-07,American & Efird,MAT_0333,437,437,7.03,3074.26,2025-10-07,2025-10-07,0,5
PO-01810,2025-09-07,Henkel AG,MAT_0043,602,602,17.54,10559.4,2025-09-14,2025-09-14,0,2
PO-00839,2025-09-07,Gomma Padana,MAT_0194,760,760,12.52,9513.2,2025-09-20,2025-09-20,0,4
PO-00683,2025-09-07,Zhejiang Paper,MAT_0370,8587,8587,0.07,598.08,2025-10-07,2025-10-07,0,2
PO-00825,2025-09-08,Crocs Inc (supplied),MAT_0233,1541,1541,9.16,14119.5,2025-10-18,2025-10-22,4,4
PO-00951,2025-09-08,Coats Group,MAT_0269,376,256,5.82,1490.13,2025-09-23,2025-10-13,20,4
PO-01785,2025-09-09,Henkel AG,MAT_0473,317,317,23.25,7370.48,2025-09-19,2025-09-19,0,4
PO-01856,2025-09-09,Gomma Padana,MAT_0262,784,784,13.99,10968.82,2025-09-26,2025-09-26,0,3
PO-01257,2025-09-09,Zhejiang Paper,MAT_0305,6670,6670,0.09,610.43,2025-10-14,2025-10-17,3,5
PO-01057,2025-09-10,Coats Group,MAT_0462,1111,1111,6.57,7302.04,2025-09-24,2025-09-24,0,4
PO-01358,2025-09-10,Zhejiang Paper,MAT_0172,1833,1833,0.09,164.09,2025-10-11,2025-10-11,0,5
PO-01761,2025-09-10,Toray Industries,MAT_0476,1210,1210,21.51,26026.58,2025-10-25,2025-10-25,0,4
PO-00474,2025-09-10,Toray Composite,MAT_0103,73,73,39.24,2864.69,2025-10-30,2025-10-30,0,3
PO-00226,2025-09-10,Zecchetto Accessori,MAT_0429,5549,5549,0.74,4129.82,2025-09-21,2025-09-21,0,4
PO-00757,2025-09-10,Coats Group,MAT_0269,754,754,5.96,4497.21,2025-09-25,2025-09-25,0,5
PO-00034,2025-09-10,American & Efird,MAT_0396,658,658,7.53,4955.73,2025-10-07,2025-10-07,0,5
PO-00318,2025-09-11,Henkel AG,MAT_0136,115,115,19.5,2242.2,2025-09-20,2025-09-20,0,5
PO-00978,2025-09-11,Henkel AG,MAT_0013,835,835,15.43,12887.22,2025-09-20,2025-09-20,0,5
PO-00222,2025-09-11,Toray Composite,MAT_0059,588,588,45.77,26911.01,2025-11-01,2025-11-01,0,5
PO-01734,2025-09-11,Toray Composite,MAT_0295,417,417,40.15,16740.64,2025-10-27,2025-10-27,0,4
PO-00716,2025-09-11,Zecchetto Accessori,MAT_0184,2398,2398,0.98,2351.75,2025-09-21,2025-09-24,3,4
PO-00480,2025-09-12,Shenzhen Minghui,MAT_0257,15814,15814,0.04,631.76,2025-10-19,2025-10-19,0,4
PO-01738,2025-09-12,Foam Italia,MAT_0150,749,749,4.71,3530.07,2025-09-20,2025-09-20,0,4
PO-01925,2025-09-12,Texon International,MAT_0084,2337,2337,3.19,7452.62,2025-10-02,2025-10-02,0,5
PO-01918,2025-09-12,Foam Italia,MAT_0054,3021,3021,4.66,14091.02,2025-09-24,2025-09-24,0,5
PO-01361,2025-09-12,Foam Italia,MAT_0149,922,922,5.56,5127.67,2025-09-28,2025-09-28,0,5
PO-00856,2025-09-13,Shenzhen Minghui,MAT_0439,18110,18110,0.04,738.95,2025-10-19,2025-10-19,0,3
PO-00317,2025-09-13,Crocs Inc (supplied),MAT_0048,335,335,9.34,3130.36,2025-10-14,2025-10-14,0,2
PO-00041,2025-09-13,NXP Semiconductors,MAT_0382,2827,2827,0.39,1101.85,2025-09-29,2025-09-29,0,3
PO-00797,2025-09-13,Coats Group,MAT_0075,488,488,6.47,3158.81,2025-10-02,2025-10-02,0,3
PO-00837,2025-09-14,Global Trim,MAT_0314,14151,14151,0.12,1740.64,2025-10-26,2025-10-26,0,4
PO-00595,2025-09-14,Toray Industries,MAT_0267,2369,2369,20.1,47608.65,2025-10-29,2025-10-30,1,4
PO-00968,2025-09-14,Toray Industries,MAT_0175,1391,1391,19.85,27613.31,2025-11-06,2025-11-06,0,5
PO-01670,2025-09-14,Toray Composite,MAT_0372,124,124,40.87,5067.57,2025-10-21,2025-10-21,0,4
PO-00514,2025-09-14,American & Efird,MAT_0388,377,377,6.84,2578.55,2025-10-09,2025-10-09,0,3
PO-01725,2025-09-14,Karteks Banja Luka,MAT_0367,2824,1729,0.56,976.62,2025-09-17,2025-09-17,0,5
PO-00534,2025-09-14,Henkel AG,MAT_0250,65,65,24.05,1562.99,2025-09-23,2025-09-23,0,1
PO-00278,2025-09-14,Karteks Banja Luka,MAT_0297,10025,10025,0.75,7535.91,2025-09-19,2025-09-19,0,3
PO-00497,2025-09-14,Zhejiang Paper,MAT_0347,8480,8480,0.07,603.82,2025-10-14,2025-10-17,3,4
PO-00104,2025-09-14,Shenzhen Minghui,MAT_0052,27472,27472,0.03,827.02,2025-10-14,2025-10-14,0,5
PO-00773,2025-09-14,Foam Italia,MAT_0005,1087,1087,5.26,5715.3,2025-09-22,2025-09-24,2,4
PO-01671,2025-09-14,Toray Industries,MAT_0238,423,423,17.27,7305.12,2025-11-05,2025-11-05,0,5
PO-00498,2025-09-14,Crocs Inc (supplied),MAT_0211,1304,1304,8.25,10753.58,2025-10-18,2025-10-24,6,3
PO-00668,2025-09-15,Toray Composite,MAT_0372,243,243,40.2,9768.65,2025-10-22,2025-10-30,8,4
PO-00984,2025-09-16,Covestro AG,MAT_0311,248,248,8.56,2123.44,2025-09-28,2025-09-28,0,5
PO-00086,2025-09-16,Toray Industries,MAT_0192,464,464,17.98,8340.76,2025-10-23,2025-10-30,7,5
PO-00809,2025-09-16,Karteks Banja Luka,MAT_0412,3597,2163,0.65,1412.24,2025-09-19,2025-09-19,0,3
PO-00621,2025-09-17,Coats Group,MAT_0058,667,667,5.16,3444.15,2025-09-29,2025-09-29,0,5
PO-00118,2025-09-17,American & Efird,MAT_0155,792,792,6.69,5301.41,2025-10-23,2025-10-28,5,5
PO-00142,2025-09-17,American & Efird,MAT_0366,641,641,7.46,4784.04,2025-10-26,2025-10-26,0,5
PO-00495,2025-09-18,Gomma Padana,MAT_0231,647,647,12.01,7769.1,2025-09-28,2025-09-28,0,5
PO-01096,2025-09-18,Zecchetto Accessori,MAT_0498,2584,2584,0.82,2113.8,2025-10-03,2025-10-03,0,5
PO-00682,2025-09-18,Global Trim,MAT_0350,10537,10537,0.13,1360.75,2025-10-29,2025-10-29,0,4
PO-01750,2025-09-18,Zecchetto Accessori,MAT_0320,349,349,0.79,275.27,2025-09-26,2025-09-26,0,5
PO-01517,2025-09-19,Shenzhen Minghui,MAT_0257,13511,13511,0.04,539.18,2025-10-26,2025-10-28,2,3
PO-01086,2025-09-19,Toray Composite,MAT_0390,235,235,46.04,10819.51,2025-11-12,2025-11-12,0,5
PO-00630,2025-09-19,Henkel AG,MAT_0226,917,917,18.49,16952.25,2025-10-04,2025-10-04,0,5
PO-00263,2025-09-19,NXP Semiconductors,MAT_0344,1966,1966,0.49,956.29,2025-09-29,2025-10-01,2,5
PO-01226,2025-09-20,Gomma Padana,MAT_0064,828,828,12.92,10695.9,2025-10-07,2025-10-07,0,5
PO-00192,2025-09-20,Zhejiang Paper,MAT_0347,7769,7769,0.07,528.88,2025-10-20,2025-10-20,0,4
PO-00512,2025-09-20,Far Eastern Textile,MAT_0199,1308,1308,3.12,4077.71,2025-11-02,2025-11-02,0,5
PO-01942,2025-09-20,Coats Group,MAT_0125,1378,1378,5.61,7732.71,2025-10-04,2025-10-17,13,5
PO-00060,2025-09-20,Gomma Padana,MAT_0037,257,257,13.72,3526.1,2025-09-28,2025-10-06,8,3
PO-01794,2025-09-20,Global Trim,MAT_0016,8818,8818,0.12,1068.88,2025-10-27,2025-10-27,0,4
PO-01960,2025-09-20,Shenzhen Minghui,MAT_0385,11980,11980,0.03,355.49,2025-10-27,2025-10-27,0,5
PO-01041,2025-09-20,Global Trim,MAT_0314,13343,13343,0.12,1577.9,2025-11-01,2025-11-01,0,5
PO-01818,2025-09-20,Zhejiang Paper,MAT_0430,6322,6322,0.09,554.36,2025-10-26,2025-10-30,4,4
PO-01072,2025-09-20,Gomma Padana,MAT_0131,1765,1765,13.59,23983.98,2025-09-29,2025-09-29,0,5
PO-00195,2025-09-21,Coats Group,MAT_0022,1524,1524,6.05,9218.94,2025-10-05,2025-10-05,0,5
PO-00970,2025-09-21,Foam Italia,MAT_0149,898,898,5.64,5066.8,2025-10-07,2025-10-07,0,5
PO-01051,2025-09-21,Covestro AG,MAT_0323,668,668,10.74,7172.54,2025-10-03,2025-10-13,10,4
PO-01091,2025-09-21,NXP Semiconductors,MAT_0478,1117,1117,0.42,464.05,2025-10-04,2025-10-04,0,4
PO-01479,2025-09-21,Toray Industries,MAT_0174,864,864,19.28,16656.29,2025-11-01,2025-11-01,0,4
PO-01621,2025-09-21,Toray Industries,MAT_0003,1761,1761,19.31,34001.98,2025-11-05,2025-11-05,0,4
PO-01660,2025-09-21,Global Trim,MAT_0467,12016,12016,0.11,1329.65,2025-10-25,2025-10-25,0,5
PO-00900,2025-09-22,Karteks Banja Luka,MAT_0018,7978,7978,0.58,4636.46,2025-09-26,2025-09-26,0,5
PO-01721,2025-09-22,Toray Industries,MAT_0289,644,644,21.81,14045.43,2025-11-12,2025-11-12,0,1
PO-00893,2025-09-22,Foam Italia,MAT_0149,739,739,5.5,4065.07,2025-10-08,2025-10-08,0,4
PO-01158,2025-09-22,Gomma Padana,MAT_0460,1052,1052,13.28,13972.28,2025-10-10,2025-10-10,0,4
PO-00189,2025-09-22,Crocs Inc (supplied),MAT_0063,334,334,9.32,3112.37,2025-10-28,2025-10-28,0,4
PO-01161,2025-09-23,Gomma Padana,MAT_0460,827,827,12.92,10684.78,2025-10-11,2025-10-11,0,4
PO-01853,2025-09-23,Coats Group,MAT_0058,1290,1290,5.19,6690.36,2025-10-05,2025-10-08,3,4
PO-01267,2025-09-23,Shenzhen Minghui,MAT_0070,19206,19206,0.03,581.23,2025-11-03,2025-11-03,0,3
PO-01080,2025-09-23,NXP Semiconductors,MAT_0247,2728,2728,0.52,1426.4,2025-10-09,2025-10-09,0,4
PO-01771,2025-09-23,Covestro AG,MAT_0448,266,266,9.13,2429.3,2025-10-04,2025-10-08,4,4
PO-01979,2025-09-23,Coats Group,MAT_0075,353,353,6.1,2153.92,2025-10-12,2025-10-12,0,4
PO-00812,2025-09-24,Foam Italia,MAT_0298,2118,2118,3.87,8202.94,2025-10-08,2025-10-09,1,5
PO-00464,2025-09-24,Toray Industries,MAT_0490,1266,1266,18.32,23189.07,2025-10-30,2025-10-30,0,2
PO-01291,2025-09-24,Foam Italia,MAT_0298,1715,1715,3.85,6603.32,2025-10-08,2025-10-08,0,5
PO-00848,2025-09-24,Coats Group,MAT_0045,982,982,5.52,5416.16,2025-10-06,2025-10-06,0,5
PO-00300,2025-09-24,Zecchetto Accessori,MAT_0339,1938,1938,0.85,1649.89,2025-10-03,2025-10-03,0,5
PO-00540,2025-09-24,Foam Italia,MAT_0232,1428,1428,4.09,5841.82,2025-10-03,2025-10-08,5,5
PO-00728,2025-09-24,Henkel AG,MAT_0051,1042,1042,17.06,17774.39,2025-10-07,2025-10-07,0,4
PO-01411,2025-09-24,Texon International,MAT_0293,1567,1567,2.89,4529.64,2025-10-15,2025-10-16,1,4
PO-01602,2025-09-24,Texon International,MAT_0354,563,563,3.5,1972.02,2025-10-10,2025-10-10,0,4
PO-01777,2025-09-24,Zhejiang Paper,MAT_0172,3318,3318,0.09,305.58,2025-10-25,2025-10-28,3,5
PO-01970,2025-09-24,Crocs Inc (supplied),MAT_0147,1469,1344,9.41,12650.0,2025-10-23,2025-10-26,3,4
PO-00094,2025-09-24,Covestro AG,MAT_0441,1011,1011,8.23,8317.87,2025-10-06,2025-10-06,0,3
PO-01742,2025-09-25,Foam Italia,MAT_0499,1261,1261,4.74,5976.51,2025-10-09,2025-10-10,1,4
PO-00319,2025-09-25,Crocs Inc (supplied),MAT_0318,526,526,7.42,3901.53,2025-10-29,2025-10-29,0,5
PO-01808,2025-09-25,American & Efird,MAT_0093,494,494,5.86,2896.61,2025-10-27,2025-11-12,16,4
PO-00468,2025-09-25,Gomma Padana,MAT_0010,1675,1675,12.5,20939.39,2025-10-07,2025-10-09,2,4
PO-01218,2025-09-25,Zecchetto Accessori,MAT_0197,1530,1530,1.04,1593.55,2025-10-13,2025-10-13,0,4
PO-00555,2025-09-25,Zhejiang Paper,MAT_0294,25550,25550,0.08,1990.67,2025-10-25,2025-10-25,0,4
PO-01619,2025-09-26,Toray Industries,MAT_0493,2066,2066,17.33,35801.97,2025-11-15,2025-11-15,0,3
PO-00509,2025-09-26,Foam Italia,MAT_0105,607,607,3.75,2275.22,2025-10-06,2025-10-09,3,4
PO-01271,2025-09-26,Henkel AG,MAT_0043,371,371,17.97,6668.58,2025-10-03,2025-10-07,4,1
PO-00828,2025-09-26,Karteks Banja Luka,MAT_0074,1143,1143,0.56,634.81,2025-09-30,2025-10-01,1,4
PO-00889,2025-09-26,Toray Composite,MAT_0059,110,110,46.32,5095.38,2025-11-16,2025-11-16,0,5
PO-00461,2025-09-26,Gomma Padana,MAT_0265,310,310,14.02,4346.75,2025-10-05,2025-10-05,0,3
PO-01920,2025-09-26,Toray Industries,MAT_0325,983,983,19.73,19390.49,2025-11-10,2025-11-10,0,5
PO-00669,2025-09-26,Toray Composite,MAT_0216,155,155,38.49,5966.15,2025-11-14,2025-11-14,0,4
PO-01203,2025-09-27,American & Efird,MAT_0442,1600,1027,7.23,7421.64,2025-10-25,2025-11-02,8,4
PO-00995,2025-09-27,Zhejiang Paper,MAT_0305,7437,7437,0.09,651.81,2025-11-01,2025-11-01,0,5
PO-01398,2025-09-27,Toray Industries,MAT_0364,330,330,20.32,6704.85,2025-11-13,2025-11-19,6,5
PO-01049,2025-09-27,Henkel AG,MAT_0432,200,200,13.32,2663.13,2025-10-05,2025-10-05,0,5
PO-00269,2025-09-28,Henkel AG,MAT_0330,229,229,15.15,3469.29,2025-10-11,2025-10-12,1,4
PO-00392,2025-09-28,Toray Composite,MAT_0389,42,42,38.97,1636.93,2025-11-09,2025-11-09,0,4
PO-00170,2025-09-28,Toray Industries,MAT_0177,971,690,17.63,12161.68,2025-11-22,2025-11-22,0,4
PO-00444,2025-09-28,Foam Italia,MAT_0150,2749,2749,4.65,12776.31,2025-10-06,2025-10-06,0,4
PO-00631,2025-09-28,Toray Composite,MAT_0103,134,134,38.13,5110.06,2025-11-17,2025-11-17,0,4
PO-00663,2025-09-29,NXP Semiconductors,MAT_0418,7736,7736,0.44,3383.47,2025-10-13,2025-10-19,6,5
PO-00095,2025-09-29,Crocs Inc (supplied),MAT_0233,838,838,8.91,7463.79,2025-11-08,2025-11-17,9,5
PO-00475,2025-09-29,Henkel AG,MAT_0470,138,96,16.0,1535.81,2025-10-08,2025-10-08,0,4
PO-00433,2025-09-29,Karteks Banja Luka,MAT_0034,3855,3855,0.8,3101.04,2025-10-02,2025-10-02,0,4
PO-00196,2025-09-29,American & Efird,MAT_0229,1201,1201,6.96,8357.88,2025-10-30,2025-10-30,0,3
PO-01570,2025-09-29,Karteks Banja Luka,MAT_0451,8528,8528,0.86,7292.49,2025-10-02,2025-10-02,0,5
PO-00615,2025-09-30,Toray Industries,MAT_0101,2207,2207,20.57,45392.59,2025-11-04,2025-11-04,0,1
PO-00019,2025-09-30,NXP Semiconductors,MAT_0436,1280,1280,0.48,618.3,2025-10-14,2025-10-14,0,4
PO-00393,2025-09-30,Covestro AG,MAT_0215,566,566,9.14,5174.64,2025-10-07,2025-10-07,0,5
PO-00440,2025-09-30,American & Efird,MAT_0333,327,261,7.03,1836.01,2025-10-30,2025-11-10,11,1
PO-00230,2025-09-30,Covestro AG,MAT_0215,1057,1057,8.8,9301.02,2025-10-07,2025-10-15,8,5
PO-01294,2025-10-01,Far Eastern Textile,MAT_0482,1307,1307,4.31,5627.53,2025-11-08,2025-11-08,0,2
PO-01921,2025-10-01,Karteks Banja Luka,MAT_0034,3732,3732,0.83,3097.57,2025-10-04,2025-10-11,7,4
PO-01899,2025-10-01,Toray Industries,MAT_0393,1351,1351,21.36,28854.35,2025-11-21,2025-11-21,0,4
PO-00576,2025-10-01,American & Efird,MAT_0229,1381,1381,6.99,9649.51,2025-11-01,2025-11-01,0,4
PO-00998,2025-10-01,Coats Group,MAT_0269,469,469,6.04,2833.95,2025-10-16,2025-10-16,0,4
PO-00083,2025-10-01,Karteks Banja Luka,MAT_0445,3903,3903,0.68,2654.43,2025-10-04,2025-10-08,4,4
PO-01717,2025-10-01,Crocs Inc (supplied),MAT_0025,965,965,8.05,7764.67,2025-11-04,2025-11-04,0,4
PO-00330,2025-10-01,Toray Industries,MAT_0173,237,157,19.05,2990.66,2025-11-08,2025-11-08,0,4
PO-00133,2025-10-01,Gomma Padana,MAT_0181,549,549,14.78,8113.17,2025-10-15,2025-10-15,0,4
PO-01163,2025-10-01,Zecchetto Accessori,MAT_0234,317,317,0.76,242.29,2025-10-19,2025-10-19,0,4
PO-01420,2025-10-01,Toray Composite,MAT_0162,309,309,48.8,15080.23,2025-11-13,2025-11-13,0,4
PO-00249,2025-10-02,Karteks Banja Luka,MAT_0067,3474,3474,0.71,2476.7,2025-10-05,2025-10-07,2,5
PO-01353,2025-10-02,Toray Industries,MAT_0154,591,516,20.39,10522.71,2025-11-11,2025-11-11,0,2
PO-00214,2025-10-03,Zhejiang Paper,MAT_0430,6851,6851,0.09,619.45,2025-11-08,2025-11-08,0,5
PO-00620,2025-10-03,Toray Industries,MAT_0236,989,989,22.04,21798.56,2025-11-19,2025-11-19,0,5
PO-00467,2025-10-04,Shenzhen Minghui,MAT_0257,19677,19677,0.04,801.79,2025-11-10,2025-11-10,0,2
PO-01812,2025-10-04,Crocs Inc (supplied),MAT_0063,762,762,9.18,6993.07,2025-11-09,2025-11-12,3,4
PO-01946,2025-10-05,Zhejiang Paper,MAT_0494,5170,5170,0.08,425.69,2025-11-09,2025-11-09,0,4
PO-01154,2025-10-05,Foam Italia,MAT_0232,1660,1660,3.87,6430.14,2025-10-14,2025-10-14,0,3
PO-00636,2025-10-05,Texon International,MAT_0069,1548,1548,3.86,5972.92,2025-10-26,2025-10-26,0,5
PO-01665,2025-10-05,Gomma Padana,MAT_0379,1277,1132,14.36,16250.83,2025-10-23,2025-10-23,0,3
PO-01114,2025-10-05,Shenzhen Minghui,MAT_0406,27162,27162,0.03,816.81,2025-11-12,2025-11-13,1,4
PO-00177,2025-10-05,NXP Semiconductors,MAT_0394,6772,6772,0.42,2839.68,2025-10-20,2025-10-20,0,4
PO-01174,2025-10-06,American & Efird,MAT_0021,939,939,6.68,6273.53,2025-11-15,2025-11-15,0,4
PO-00405,2025-10-06,Karteks Banja Luka,MAT_0445,3733,3733,0.69,2575.05,2025-10-09,2025-10-09,0,1
PO-00533,2025-10-06,Henkel AG,MAT_0035,332,332,22.76,7556.88,2025-10-18,2025-10-18,0,3
PO-01516,2025-10-06,Texon International,MAT_0212,904,904,3.38,3057.02,2025-10-23,2025-10-23,0,4
PO-00830,2025-10-06,Covestro AG,MAT_0328,906,906,11.39,10322.68,2025-10-13,2025-10-13,0,5
PO-00364,2025-10-06,Coats Group,MAT_0125,433,433,5.6,2426.89,2025-10-20,2025-10-20,0,4
PO-01999,2025-10-07,Karteks Banja Luka,MAT_0220,1957,1957,0.67,1319.58,2025-10-10,2025-10-10,0,5
PO-00501,2025-10-07,Far Eastern Textile,MAT_0377,621,621,2.73,1693.51,2025-11-12,2025-11-12,0,5
PO-01609,2025-10-07,Covestro AG,MAT_0351,555,445,9.89,4400.31,2025-10-20,2025-10-20,0,5
PO-00071,2025-10-07,Karteks Banja Luka,MAT_0433,1037,1037,0.73,760.51,2025-10-11,2025-10-12,1,4
PO-00253,2025-10-07,Coats Group,MAT_0045,271,271,5.58,1511.25,2025-10-19,2025-10-19,0,4
PO-00687,2025-10-07,American & Efird,MAT_0420,395,395,6.74,2663.42,2025-11-13,2025-11-13,0,1
PO-01376,2025-10-08,Henkel AG,MAT_0226,694,694,18.59,12898.46,2025-10-23,2025-10-23,0,4
PO-01578,2025-10-08,Zecchetto Accessori,MAT_0498,891,891,0.81,726.15,2025-10-23,2025-10-23,0,4
PO-01685,2025-10-08,Zecchetto Accessori,MAT_0142,469,469,0.76,357.12,2025-10-23,2025-10-23,0,4
PO-01490,2025-10-08,Shenzhen Minghui,MAT_0070,12794,12794,0.03,385.6,2025-11-18,2025-11-18,0,5
PO-01038,2025-10-08,Shenzhen Minghui,MAT_0329,24163,24163,0.03,729.06,2025-11-20,2025-11-20,0,4
PO-00787,2025-10-08,Zecchetto Accessori,MAT_0437,1932,1932,1.07,2060.59,2025-10-15,2025-10-15,0,4
PO-01441,2025-10-08,Covestro AG,MAT_0464,585,585,7.88,4608.82,2025-10-15,2025-10-19,4,5
PO-01872,2025-10-08,Henkel AG,MAT_0043,537,537,18.19,9765.5,2025-10-15,2025-10-15,0,4
PO-00150,2025-10-08,Toray Industries,MAT_0365,2463,1487,16.47,24489.14,2025-11-23,2025-11-23,0,3
PO-01998,2025-10-09,Covestro AG,MAT_0328,919,919,11.17,10264.48,2025-10-16,2025-10-16,0,4
PO-00176,2025-10-09,Far Eastern Textile,MAT_0146,1528,1528,3.4,5197.24,2025-11-17,2025-11-22,5,4
PO-01204,2025-10-09,Shenzhen Minghui,MAT_0187,11077,11077,0.04,432.17,2025-11-19,2025-11-19,0,4
PO-00832,2025-10-09,American & Efird,MAT_0093,216,216,5.85,1263.06,2025-11-10,2025-11-10,0,4
PO-01897,2025-10-09,Global Trim,MAT_0176,1059,1059,0.12,127.22,2025-11-13,2025-11-13,0,4
PO-01587,2025-10-09,Coats Group,MAT_0462,1193,1193,6.53,7790.99,2025-10-23,2025-10-24,1,4
PO-01169,2025-10-09,Shenzhen Minghui,MAT_0329,8513,8513,0.03,262.5,2025-11-21,2025-11-21,0,4
PO-01628,2025-10-09,Zecchetto Accessori,MAT_0056,742,742,0.95,707.28,2025-10-17,2025-10-20,3,4
PO-01081,2025-10-09,Henkel AG,MAT_0051,411,411,17.18,7060.71,2025-10-22,2025-10-23,1,3
PO-01567,2025-10-09,Crocs Inc (supplied),MAT_0122,1044,1044,7.83,8169.97,2025-11-06,2025-11-07,1,3
PO-01740,2025-10-09,Zhejiang Paper,MAT_0430,2553,2553,0.09,224.48,2025-11-14,2025-11-14,0,5
PO-00376,2025-10-09,Zecchetto Accessori,MAT_0429,2390,2390,0.76,1819.14,2025-10-20,2025-10-20,0,3
PO-01981,2025-10-10,Zecchetto Accessori,MAT_0483,4238,4238,1.03,4354.57,2025-10-17,2025-10-17,0,5
PO-01395,2025-10-10,Foam Italia,MAT_0085,1196,1196,5.85,6997.12,2025-10-24,2025-10-24,0,5
PO-01201,2025-10-10,NXP Semiconductors,MAT_0399,5854,5854,0.48,2811.86,2025-10-20,2025-10-20,0,3
PO-00648,2025-10-10,NXP Semiconductors,MAT_0247,9406,9406,0.53,5015.96,2025-10-26,2025-10-26,0,4
PO-01451,2025-10-11,Coats Group,MAT_0269,570,570,6.05,3447.73,2025-10-26,2025-10-26,0,5
PO-01248,2025-10-11,NXP Semiconductors,MAT_0092,4105,4105,0.48,1969.92,2025-10-24,2025-10-24,0,5
PO-00403,2025-10-11,Covestro AG,MAT_0328,966,966,11.19,10806.26,2025-10-18,2025-10-18,0,4
PO-01547,2025-10-11,Toray Composite,MAT_0059,362,362,45.99,16647.27,2025-12-01,2025-12-01,0,5
PO-01083,2025-10-11,Far Eastern Textile,MAT_0153,435,284,4.23,1202.35,2025-11-11,2025-11-11,0,5
PO-00424,2025-10-12,Covestro AG,MAT_0166,601,601,9.32,5598.79,2025-10-20,2025-10-20,0,5
PO-01610,2025-10-12,Global Trim,MAT_0151,2556,2556,0.1,262.39,2025-11-19,2025-11-20,1,4
PO-01558,2025-10-12,NXP Semiconductors,MAT_0247,6642,6642,0.53,3488.26,2025-10-28,2025-10-28,0,4
PO-00354,2025-10-13,Foam Italia,MAT_0030,2154,2154,3.8,8188.83,2025-10-20,2025-10-20,0,3
PO-00996,2025-10-13,Karteks Banja Luka,MAT_0297,10084,10084,0.78,7828.09,2025-10-18,2025-10-18,0,3
PO-01104,2025-10-13,Crocs Inc (supplied),MAT_0204,972,972,8.31,8080.2,2025-11-10,2025-11-10,0,5
PO-00347,2025-10-13,American & Efird,MAT_0366,597,597,7.13,4254.86,2025-11-21,2025-11-21,0,4
PO-00043,2025-10-13,American & Efird,MAT_0109,856,856,5.71,4891.11,2025-11-18,2025-11-18,0,4
PO-00541,2025-10-13,Shenzhen Minghui,MAT_0329,17188,17188,0.03,502.01,2025-11-25,2025-11-25,0,5
PO-00643,2025-10-14,Zhejiang Paper,MAT_0370,5335,5032,0.07,347.15,2025-11-13,2025-11-17,4,4
PO-01901,2025-10-14,Zecchetto Accessori,MAT_0144,2976,2976,0.92,2748.48,2025-10-27,2025-10-31,4,5
PO-01871,2025-10-14,Coats Group,MAT_0462,479,430,6.54,2811.19,2025-10-28,2025-11-05,8,4
PO-00599,2025-10-14,Zhejiang Paper,MAT_0370,11430,11430,0.07,785.1,2025-11-13,2025-11-13,0,4
PO-00518,2025-10-14,Foam Italia,MAT_0005,1996,1996,5.23,10445.91,2025-10-22,2025-10-22,0,5
PO-00331,2025-10-14,Covestro AG,MAT_0360,342,342,8.29,2836.48,2025-10-26,2025-10-26,0,2
PO-01866,2025-10-14,NXP Semiconductors,MAT_0073,5220,5220,0.47,2459.88,2025-10-28,2025-10-28,0,4
PO-00904,2025-10-14,Global Trim,MAT_0176,3379,3379,0.12,397.34,2025-11-18,2025-11-21,3,4
PO-01951,2025-10-15,Coats Group,MAT_0195,1853,1853,5.85,10834.62,2025-11-01,2025-11-01,0,5
PO-01330,2025-10-15,Gomma Padana,MAT_0265,233,233,13.81,3217.77,2025-10-24,2025-10-24,0,4
PO-01236,2025-10-15,Karteks Banja Luka,MAT_0203,2711,2711,0.69,1860.12,2025-10-18,2025-10-25,7,2
PO-01227,2025-10-15,Covestro AG,MAT_0256,755,755,9.17,6924.19,2025-10-22,2025-10-22,0,4
PO-01221,2025-10-15,Foam Italia,MAT_0004,743,743,4.17,3099.46,2025-10-31,2025-11-05,5,5
PO-00246,2025-10-15,Karteks Banja Luka,MAT_0128,6431,6431,0.69,4454.01,2025-10-18,2025-10-18,0,5
PO-00165,2025-10-16,Shenzhen Minghui,MAT_0189,16083,16083,0.03,473.45,2025-11-19,2025-11-21,2,5
PO-01531,2025-10-16,Karteks Banja Luka,MAT_0095,7519,7519,0.53,3999.59,2025-10-19,2025-10-19,0,5
PO-00764,2025-10-16,Texon International,MAT_0023,2207,2207,3.46,7633.1,2025-11-03,2025-11-03,0,4
PO-01105,2025-10-16,Texon International,MAT_0170,361,361,3.11,1122.41,2025-11-01,2025-11-01,0,5
PO-00242,2025-10-16,Karteks Banja Luka,MAT_0361,791,791,0.7,555.49,2025-10-20,2025-10-26,6,3
PO-00565,2025-10-17,Zhejiang Paper,MAT_0294,25686,25686,0.08,2108.56,2025-11-16,2025-11-16,0,4
PO-01715,2025-10-17,NXP Semiconductors,MAT_0282,2528,2528,0.43,1087.65,2025-10-27,2025-10-27,0,4
PO-00219,2025-10-17,Gomma Padana,MAT_0140,902,902,13.86,12498.26,2025-10-30,2025-10-30,0,4
PO-01100,2025-10-18,Texon International,MAT_0446,589,403,2.87,1155.09,2025-10-30,2025-10-30,0,4
PO-01166,2025-10-18,Toray Industries,MAT_0349,563,563,17.62,9921.01,2025-12-04,2025-12-04,0,4
PO-01148,2025-10-18,American & Efird,MAT_0366,499,499,7.32,3652.76,2025-11-26,2025-11-26,0,4
PO-01318,2025-10-18,Zhejiang Paper,MAT_0019,19394,19394,0.08,1519.87,2025-12-02,2025-12-02,0,5
PO-00975,2025-10-18,Karteks Banja Luka,MAT_0074,2632,2632,0.54,1416.05,2025-10-22,2025-10-22,0,5
PO-00119,2025-10-19,Gomma Padana,MAT_0262,502,502,14.24,7149.73,2025-11-05,2025-11-05,0,4
PO-00701,2025-10-19,Toray Industries,MAT_0490,596,596,18.16,10824.84,2025-11-24,2025-11-24,0,3
PO-00841,2025-10-19,Texon International,MAT_0116,1880,1880,2.44,4580.13,2025-11-07,2025-11-07,0,2
PO-01312,2025-10-19,Henkel AG,MAT_0321,679,679,23.7,16089.12,2025-10-30,2025-10-30,0,5
PO-00924,2025-10-19,Global Trim,MAT_0326,4903,4903,0.11,545.2,2025-11-29,2025-11-29,0,4
PO-01220,2025-10-19,Karteks Banja Luka,MAT_0361,2837,2837,0.71,2013.99,2025-10-23,2025-10-23,0,2
PO-01112,2025-10-20,Gomma Padana,MAT_0262,1650,1650,14.14,23323.73,2025-11-06,2025-11-06,0,3
PO-01585,2025-10-20,American & Efird,MAT_0420,937,937,6.58,6162.55,2025-11-26,2025-11-26,0,5
PO-01132,2025-10-20,Texon International,MAT_0264,1448,1448,3.25,4701.02,2025-11-04,2025-12-02,28,4
PO-00510,2025-10-20,Karteks Banja Luka,MAT_0451,7250,7250,0.86,6221.55,2025-10-23,2025-10-25,2,5
PO-00666,2025-10-20,Global Trim,MAT_0331,4559,4559,0.12,535.94,2025-11-23,2025-11-23,0,3
PO-01024,2025-10-21,Karteks Banja Luka,MAT_0034,1522,1522,0.83,1266.64,2025-10-24,2025-10-24,0,3
PO-01256,2025-10-21,Shenzhen Minghui,MAT_0284,23920,23920,0.03,736.33,2025-11-29,2025-11-29,0,5
PO-01320,2025-10-21,Zecchetto Accessori,MAT_0492,5115,5115,0.85,4324.66,2025-11-08,2025-11-08,0,5
PO-00587,2025-10-22,NXP Semiconductors,MAT_0418,3894,3894,0.45,1763.51,2025-11-05,2025-11-05,0,3
PO-01053,2025-10-22,American & Efird,MAT_0333,514,514,7.16,3679.44,2025-11-21,2025-11-21,0,5
PO-01994,2025-10-22,Coats Group,MAT_0269,439,439,5.88,2579.63,2025-11-06,2025-11-06,0,4
PO-00097,2025-10-22,Covestro AG,MAT_0006,1303,1303,9.27,12081.19,2025-10-30,2025-11-04,5,5
PO-00961,2025-10-22,Karteks Banja Luka,MAT_0345,2090,2090,0.81,1690.75,2025-10-26,2025-10-26,0,5
PO-01501,2025-10-22,Shenzhen Minghui,MAT_0070,26245,26245,0.03,787.18,2025-12-02,2025-12-02,0,4
PO-00678,2025-10-23,Coats Group,MAT_0269,898,898,5.81,5220.4,2025-11-07,2025-11-07,0,5
PO-00172,2025-10-23,American & Efird,MAT_0124,399,399,7.33,2925.03,2025-11-29,2025-12-03,4,5
PO-01044,2025-10-23,Gomma Padana,MAT_0379,1275,1275,14.5,18484.82,2025-11-10,2025-11-10,0,5
PO-00447,2025-10-23,Texon International,MAT_0170,858,858,3.17,2718.27,2025-11-08,2025-11-08,0,4
PO-01113,2025-10-23,American & Efird,MAT_0290,1116,1116,5.83,6504.28,2025-11-24,2025-11-25,1,3
PO-01002,2025-10-24,Foam Italia,MAT_0054,1589,1589,4.65,7392.03,2025-11-05,2025-11-15,10,4
PO-01039,2025-10-24,Toray Industries,MAT_0489,2037,2037,16.17,32944.03,2025-12-02,2025-12-02,0,5
PO-00056,2025-10-24,Crocs Inc (supplied),MAT_0237,1230,1230,9.02,11093.92,2025-11-29,2025-11-30,1,4
PO-00167,2025-10-25,Karteks Banja Luka,MAT_0412,3005,3005,0.63,1892.96,2025-10-28,2025-10-28,0,5
PO-01243,2025-10-25,Coats Group,MAT_0485,1225,1225,6.17,7561.13,2025-11-14,2025-11-14,0,4
PO-01315,2025-10-25,Karteks Banja Luka,MAT_0067,4345,4345,0.75,3253.36,2025-10-28,2025-10-31,3,5
PO-01224,2025-10-25,Foam Italia,MAT_0340,1111,1111,3.25,3612.98,2025-11-07,2025-11-07,0,3
PO-00435,2025-10-25,Henkel AG,MAT_0226,522,522,19.2,10023.97,2025-11-09,2025-11-09,0,5
PO-00918,2025-10-26,Covestro AG,MAT_0279,1230,1230,9.25,11375.24,2025-11-05,2025-11-07,2,2
PO-00358,2025-10-26,Zecchetto Accessori,MAT_0068,2825,2825,0.86,2422.55,2025-11-11,2025-11-11,0,5
PO-01324,2025-10-26,Covestro AG,MAT_0323,572,572,10.36,5927.02,2025-11-07,2025-11-07,0,5
PO-00910,2025-10-26,Texon International,MAT_0069,2193,2193,3.84,8410.68,2025-11-16,2025-11-16,0,4
PO-01559,2025-10-26,Gomma Padana,MAT_0460,919,919,12.75,11718.19,2025-11-13,2025-11-13,0,3
PO-01694,2025-10-26,Toray Industries,MAT_0427,433,433,20.76,8990.28,2025-12-20,2025-12-20,0,3
PO-00332,2025-10-27,Foam Italia,MAT_0266,1296,1296,3.98,5162.6,2025-11-13,2025-11-17,4,5
PO-01191,2025-10-27,Zecchetto Accessori,MAT_0429,1649,1649,0.73,1198.86,2025-11-07,2025-11-07,0,4
PO-00415,2025-10-27,Toray Composite,MAT_0369,239,239,43.85,10481.34,2025-12-04,2025-12-04,0,4
PO-00695,2025-10-27,Crocs Inc (supplied),MAT_0233,1147,1147,9.11,10453.19,2025-12-06,2025-12-06,0,5
PO-00291,2025-10-27,Zhejiang Paper,MAT_0305,5172,5172,0.09,472.75,2025-12-01,2025-12-01,0,4
PO-00017,2025-10-27,Coats Group,MAT_0075,344,344,6.23,2143.77,2025-11-15,2025-11-15,0,5
PO-00971,2025-10-27,American & Efird,MAT_0366,259,259,7.21,1867.24,2025-12-05,2025-12-09,4,3
PO-01844,2025-10-28,Coats Group,MAT_0195,506,506,5.7,2883.55,2025-11-14,2025-11-14,0,3
PO-00360,2025-10-28,Henkel AG,MAT_0308,308,267,20.09,5363.22,2025-11-09,2025-11-09,0,4
PO-00013,2025-10-28,Toray Industries,MAT_0434,741,741,20.34,15068.58,2025-12-13,2025-12-13,0,4
PO-01010,2025-10-28,Zecchetto Accessori,MAT_0498,2151,2151,0.85,1827.81,2025-11-12,2025-11-12,0,4
PO-01874,2025-10-28,NXP Semiconductors,MAT_0418,2342,1417,0.43,610.69,2025-11-11,2025-11-11,0,1
PO-01652,2025-10-29,American & Efird,MAT_0109,896,896,5.7,5104.04,2025-12-04,2025-12-04,0,5
PO-00571,2025-10-29,Karteks Banja Luka,MAT_0095,6610,6610,0.51,3382.71,2025-11-01,2025-11-01,0,4
PO-00052,2025-10-29,Far Eastern Textile,MAT_0139,2199,2199,3.26,7161.9,2025-12-16,2025-12-16,0,4
PO-01292,2025-10-29,Karteks Banja Luka,MAT_0040,1542,1542,0.72,1113.93,2025-11-03,2025-11-05,2,4
PO-00567,2025-10-30,Global Trim,MAT_0350,12976,11575,0.13,1504.5,2025-12-10,2025-12-10,0,5
PO-00288,2025-10-30,Zhejiang Paper,MAT_0370,3811,3811,0.07,274.68,2025-11-29,2025-11-29,0,4
PO-00028,2025-10-30,Gomma Padana,MAT_0010,984,984,12.32,12120.58,2025-11-11,2025-11-11,0,4
PO-01427,2025-10-30,Crocs Inc (supplied),MAT_0122,793,793,7.87,6237.86,2025-11-27,2025-11-27,0,5
PO-01663,2025-10-30,Henkel AG,MAT_0091,609,609,24.09,14670.82,2025-11-10,2025-11-10,0,2
PO-01786,2025-10-30,Toray Industries,MAT_0292,839,839,20.54,17232.41,2025-12-16,2025-12-22,6,5
PO-00504,2025-10-30,Henkel AG,MAT_0226,886,886,18.4,16302.85,2025-11-14,2025-11-15,1,5
PO-00649,2025-10-30,Texon International,MAT_0235,343,343,3.69,1264.38,2025-11-14,2025-11-14,0,4
PO-00015,2025-10-30,Covestro AG,MAT_0300,594,594,8.08,4800.83,2025-11-09,2025-11-09,0,4
PO-01496,2025-10-30,Karteks Banja Luka,MAT_0361,3240,3240,0.69,2242.56,2025-11-03,2025-11-03,0,5
PO-01007,2025-10-30,Karteks Banja Luka,MAT_0095,7969,7969,0.52,4180.07,2025-11-02,2025-11-04,2,5
PO-00280,2025-10-31,Toray Composite,MAT_0012,486,486,44.02,21391.91,2025-12-21,2025-12-21,0,5
PO-00945,2025-10-31,Henkel AG,MAT_0250,175,175,22.99,4022.89,2025-11-09,2025-11-09,0,3
PO-01642,2025-10-31,Henkel AG,MAT_0088,374,374,20.16,7539.21,2025-11-13,2025-11-13,0,3
PO-00963,2025-10-31,Covestro AG,MAT_0279,688,688,8.9,6121.74,2025-11-10,2025-11-10,0,3
PO-01240,2025-11-01,Foam Italia,MAT_0447,1603,1603,5.04,8077.05,2025-11-18,2025-11-18,0,4
PO-01893,2025-11-01,Crocs Inc (supplied),MAT_0237,1241,1241,8.91,11061.96,2025-12-07,2025-12-07,0,4
PO-00878,2025-11-01,Zecchetto Accessori,MAT_0197,1628,979,1.06,1041.22,2025-11-19,2025-11-22,3,5
PO-01658,2025-11-01,Far Eastern Textile,MAT_0288,1255,1255,3.64,4574.17,2025-12-15,2025-12-26,11,2
PO-01967,2025-11-02,Far Eastern Textile,MAT_0146,1996,1996,3.42,6818.26,2025-12-11,2025-12-11,0,5
PO-00140,2025-11-02,Covestro AG,MAT_0273,981,981,8.28,8125.41,2025-11-10,2025-11-10,0,4
PO-00864,2025-11-02,Zecchetto Accessori,MAT_0450,1103,1103,0.91,1002.06,2025-11-10,2025-11-10,0,1
PO-00607,2025-11-02,Texon International,MAT_0286,969,969,4.03,3908.95,2025-11-13,2025-11-13,0,3
PO-00066,2025-11-02,Toray Industries,MAT_0434,1185,1185,20.75,24584.29,2025-12-18,2025-12-29,11,5
PO-01971,2025-11-02,Toray Industries,MAT_0349,1057,1057,17.17,18147.43,2025-12-19,2025-12-19,0,5
PO-01108,2025-11-02,Zhejiang Paper,MAT_0370,7114,7114,0.07,504.03,2025-12-02,2025-12-02,0,4
PO-01491,2025-11-02,Gomma Padana,MAT_0131,1858,1858,13.68,25421.44,2025-11-11,2025-11-12,1,5
PO-00558,2025-11-02,Zecchetto Accessori,MAT_0057,497,497,0.87,432.64,2025-11-14,2025-11-14,0,2
PO-00807,2025-11-02,Toray Composite,MAT_0159,346,346,48.61,16819.13,2025-12-18,2025-12-18,0,2
PO-01549,2025-11-03,Toray Industries,MAT_0355,387,387,19.72,7630.51,2025-12-12,2025-12-12,0,3
PO-00483,2025-11-03,Karteks Banja Luka,MAT_0361,3120,3120,0.69,2137.65,2025-11-07,2025-11-07,0,5
PO-00895,2025-11-03,Toray Industries,MAT_0407,647,647,17.24,11155.22,2025-12-18,2025-12-18,0,4
PO-01064,2025-11-03,Toray Industries,MAT_0129,930,930,16.47,15320.51,2025-12-12,2025-12-12,0,4
PO-00957,2025-11-03,Zhejiang Paper,MAT_0387,7738,7738,0.08,618.97,2025-12-04,2025-12-09,5,5
PO-00293,2025-11-03,Shenzhen Minghui,MAT_0284,20352,20352,0.03,603.24,2025-12-12,2025-12-12,0,3
PO-00058,2025-11-04,Texon International,MAT_0069,611,611,3.89,2374.7,2025-11-25,2025-11-25,0,5
PO-01940,2025-11-04,Global Trim,MAT_0314,12485,12485,0.12,1525.03,2025-12-16,2025-12-20,4,4
PO-00233,2025-11-04,Zecchetto Accessori,MAT_0320,589,589,0.8,471.71,2025-11-12,2025-11-14,2,4
PO-00105,2025-11-04,Zecchetto Accessori,MAT_0497,3736,3736,0.8,2978.71,2025-11-22,2025-11-23,1,4
PO-01769,2025-11-04,Foam Italia,MAT_0280,1337,1337,5.87,7842.75,2025-11-15,2025-11-15,0,2
PO-00908,2025-11-04,NXP Semiconductors,MAT_0435,1356,1356,0.48,653.06,2025-11-13,2025-11-13,0,3
PO-01823,2025-11-04,Crocs Inc (supplied),MAT_0211,1436,1436,8.39,12041.31,2025-12-08,2025-12-12,4,5
PO-01895,2025-11-05,Texon International,MAT_0281,313,313,3.64,1140.03,2025-11-17,2025-11-17,0,5
PO-01424,2025-11-05,Covestro AG,MAT_0241,799,799,8.52,6807.41,2025-11-13,2025-11-13,0,4
PO-00705,2025-11-05,Covestro AG,MAT_0260,596,596,8.27,4926.82,2025-11-15,2025-11-23,8,5
PO-00709,2025-11-05,Toray Industries,MAT_0349,1225,1225,17.96,22002.15,2025-12-22,2025-12-23,1,5
PO-00126,2025-11-05,Zhejiang Paper,MAT_0201,2219,2219,0.1,224.03,2025-12-11,2025-12-11,0,3
PO-00258,2025-11-05,American & Efird,MAT_0021,591,591,6.89,4074.27,2025-12-15,2025-12-15,0,5
PO-00771,2025-11-06,Toray Composite,MAT_0180,200,200,51.54,10307.82,2025-12-14,2025-12-16,2,3
PO-01697,2025-11-06,Gomma Padana,MAT_0206,656,656,12.23,8024.89,2025-11-18,2025-11-18,0,4
PO-00605,2025-11-06,Toray Composite,MAT_0012,358,358,45.65,16340.94,2025-12-27,2025-12-27,0,4
PO-01911,2025-11-06,NXP Semiconductors,MAT_0382,993,993,0.4,399.96,2025-11-22,2025-11-24,2,3
PO-01539,2025-11-06,Foam Italia,MAT_0447,938,938,5.04,4728.24,2025-11-23,2025-11-23,0,4
PO-01584,2025-11-06,Coats Group,MAT_0462,937,937,6.52,6107.12,2025-11-20,2025-11-28,8,5
PO-00972,2025-11-06,Toray Composite,MAT_0180,290,290,52.43,15203.58,2025-12-14,2025-12-18,4,2
PO-00371,2025-11-06,Zecchetto Accessori,MAT_0425,2266,2266,0.9,2031.22,2025-11-16,2025-11-16,0,4
PO-00340,2025-11-07,Covestro AG,MAT_0273,1071,1071,8.25,8839.71,2025-11-15,2025-11-16,1,5
PO-01618,2025-11-07,NXP Semiconductors,MAT_0344,1557,1557,0.51,798.84,2025-11-17,2025-11-17,0,5
PO-01860,2025-11-07,American & Efird,MAT_0333,522,522,6.87,3585.55,2025-12-07,2025-12-07,0,4
PO-00659,2025-11-07,Zhejiang Paper,MAT_0294,12299,12299,0.08,1007.22,2025-12-07,2025-12-07,0,4
PO-01357,2025-11-07,Shenzhen Minghui,MAT_0189,16720,16720,0.03,502.67,2025-12-11,2025-12-11,0,2
PO-01412,2025-11-08,Zecchetto Accessori,MAT_0332,1266,1266,0.78,988.71,2025-11-16,2025-11-16,0,3
PO-00390,2025-11-08,Zecchetto Accessori,MAT_0160,1869,1869,1.05,1960.6,2025-11-15,2025-11-15,0,5
PO-00849,2025-11-08,Crocs Inc (supplied),MAT_0063,651,490,8.87,4346.98,2025-12-14,2025-12-14,0,3
PO-00778,2025-11-08,Global Trim,MAT_0480,7082,7082,0.11,760.03,2025-12-13,2025-12-13,0,5
PO-00626,2025-11-08,Karteks Banja Luka,MAT_0071,2859,2859,0.78,2230.15,2025-11-13,2025-11-21,8,3
PO-00589,2025-11-08,Covestro AG,MAT_0261,698,698,8.46,5904.8,2025-11-17,2025-11-17,0,5
PO-01550,2025-11-09,NXP Semiconductors,MAT_0415,1507,1507,0.52,786.93,2025-11-23,2025-12-01,8,5
PO-00761,2025-11-09,Gomma Padana,MAT_0306,1613,1613,11.52,18581.02,2025-11-24,2025-11-25,1,5
PO-01295,2025-11-09,Toray Composite,MAT_0295,518,518,40.04,20742.01,2025-12-25,2025-12-25,0,3
PO-00746,2025-11-09,Covestro AG,MAT_0419,296,296,7.9,2337.15,2025-11-16,2025-11-16,0,4
PO-01953,2025-11-10,NXP Semiconductors,MAT_0479,3914,3914,0.47,1821.07,2025-11-18,2025-11-20,2,5
PO-00560,2025-11-10,Shenzhen Minghui,MAT_0020,20957,20957,0.03,611.02,2025-12-24,2025-12-24,0,5
PO-01562,2025-11-11,Far Eastern Textile,MAT_0410,2893,2893,3.61,10435.27,2025-12-29,2025-12-29,0,4
PO-01878,2025-11-11,Gomma Padana,MAT_0291,364,364,16.63,6051.64,2025-11-23,2025-12-01,8,4
PO-01287,2025-11-11,Texon International,MAT_0281,681,681,3.5,2384.99,2025-11-23,2025-12-03,10,5
PO-01650,2025-11-11,American & Efird,MAT_0333,354,354,7.12,2520.3,2025-12-11,2025-12-11,0,4
PO-01593,2025-11-11,Coats Group,MAT_0058,744,744,5.18,3855.82,2025-11-23,2025-12-07,14,4
PO-00456,2025-11-11,Toray Industries,MAT_0493,1779,1779,17.49,31114.31,2025-12-31,2025-12-31,0,5
PO-00298,2025-11-12,Foam Italia,MAT_0428,3079,3079,4.34,13371.23,2025-11-24,2025-11-25,1,2
PO-00748,2025-11-12,Crocs Inc (supplied),MAT_0122,1207,1207,8.04,9701.24,2025-12-10,2025-12-19,9,1
PO-00788,2025-11-12,Karteks Banja Luka,MAT_0078,2482,2482,0.73,1811.75,2025-11-16,2025-11-20,4,3
PO-01400,2025-11-12,Karteks Banja Luka,MAT_0074,2557,2557,0.55,1409.54,2025-11-16,2025-11-16,0,4
PO-01877,2025-11-12,Zecchetto Accessori,MAT_0356,4400,4400,0.93,4085.06,2025-11-22,2025-11-22,0,5
PO-01430,2025-11-12,Far Eastern Textile,MAT_0334,2235,2235,3.19,7129.59,2025-12-12,2025-12-12,0,4
PO-00156,2025-11-13,Gomma Padana,MAT_0206,253,253,12.4,3136.13,2025-11-25,2025-11-25,0,4
PO-01554,2025-11-13,American & Efird,MAT_0229,1259,1259,7.05,8875.06,2025-12-14,2025-12-22,8,5
PO-00597,2025-11-13,Toray Composite,MAT_0159,349,349,48.74,17010.64,2025-12-29,2025-12-29,0,3
PO-00766,2025-11-13,Far Eastern Textile,MAT_0065,1104,764,3.24,2476.99,2025-12-25,2025-12-25,0,5
PO-01869,2025-11-13,Crocs Inc (supplied),MAT_0233,572,572,8.93,5108.77,2025-12-23,2025-12-23,0,4
PO-01828,2025-11-14,NXP Semiconductors,MAT_0479,2575,2575,0.47,1206.12,2025-11-22,2025-11-27,5,4
PO-00487,2025-11-14,Covestro AG,MAT_0241,616,616,8.4,5174.84,2025-11-22,2025-11-24,2,5
PO-00365,2025-11-14,Covestro AG,MAT_0007,1094,1094,9.48,10368.78,2025-11-27,2025-12-06,9,4
PO-00507,2025-11-14,Texon International,MAT_0293,1184,1184,2.99,3540.14,2025-12-05,2025-12-05,0,5
PO-00881,2025-11-14,Global Trim,MAT_0467,2420,2420,0.11,265.74,2025-12-18,2025-12-18,0,5
PO-01159,2025-11-15,Covestro AG,MAT_0191,437,437,10.23,4470.4,2025-11-30,2025-11-30,0,4
PO-01054,2025-11-15,American & Efird,MAT_0155,878,878,6.66,5848.72,2025-12-21,2025-12-21,0,5
PO-00160,2025-11-15,Shenzhen Minghui,MAT_0385,11368,11368,0.03,345.34,2025-12-22,2025-12-22,0,4
PO-01124,2025-11-15,American & Efird,MAT_0290,1016,1016,5.88,5973.28,2025-12-17,2025-12-17,0,4
PO-01453,2025-11-15,Henkel AG,MAT_0432,457,457,13.56,6198.22,2025-11-23,2025-11-23,0,3
PO-01090,2025-11-16,Toray Industries,MAT_0157,1004,1004,18.29,18359.59,2025-12-30,2025-12-30,0,3
PO-01261,2025-11-16,Crocs Inc (supplied),MAT_0318,200,158,7.22,1141.15,2025-12-20,2025-12-20,0,5
PO-00301,2025-11-16,Toray Industries,MAT_0267,2029,2029,19.12,38800.85,2025-12-31,2026-01-02,2,3
PO-01849,2025-11-16,Gomma Padana,MAT_0306,1995,1995,11.55,23035.45,2025-12-01,2025-12-01,0,4
PO-01268,2025-11-16,Shenzhen Minghui,MAT_0385,11378,11378,0.03,349.13,2025-12-23,2025-12-23,0,3
PO-00544,2025-11-16,Zhejiang Paper,MAT_0387,2239,2239,0.08,174.24,2025-12-17,2025-12-18,1,4
PO-01187,2025-11-16,Shenzhen Minghui,MAT_0257,17842,17842,0.04,698.26,2025-12-23,2025-12-23,0,4
PO-01791,2025-11-17,American & Efird,MAT_0124,885,885,7.44,6580.66,2025-12-24,2025-12-24,0,5
PO-01755,2025-11-17,Henkel AG,MAT_0250,172,172,23.74,4083.66,2025-11-26,2025-11-26,0,5
PO-00894,2025-11-17,NXP Semiconductors,MAT_0402,6937,6090,0.49,2985.63,2025-12-03,2025-12-13,10,3
PO-00322,2025-11-17,NXP Semiconductors,MAT_0193,3728,3728,0.49,1840.87,2025-12-03,2025-12-12,9,5
PO-00781,2025-11-17,Covestro AG,MAT_0487,581,581,10.82,6285.74,2025-12-02,2025-12-16,14,4
PO-01511,2025-11-18,Texon International,MAT_0094,1195,1195,2.74,3272.49,2025-12-05,2025-12-05,0,5
PO-00085,2025-11-18,Far Eastern Textile,MAT_0395,1223,1223,4.45,5436.29,2025-12-21,2025-12-21,0,4
PO-01459,2025-11-18,Zecchetto Accessori,MAT_0320,1535,1535,0.78,1193.45,2025-11-26,2025-12-05,9,3
PO-01972,2025-11-18,Foam Italia,MAT_0081,1415,1415,3.58,5067.31,2025-11-30,2025-11-30,0,2
PO-00003,2025-11-19,Zhejiang Paper,MAT_0305,3965,3965,0.09,366.18,2025-12-24,2025-12-24,0,4
PO-01355,2025-11-19,Zhejiang Paper,MAT_0494,7017,7017,0.08,554.01,2025-12-24,2025-12-24,0,4
PO-00410,2025-11-19,Far Eastern Textile,MAT_0484,2892,2892,3.05,8811.34,2026-01-01,2026-01-01,0,5
PO-00874,2025-11-19,Henkel AG,MAT_0276,817,817,14.91,12179.72,2025-12-01,2025-12-01,0,3
PO-01497,2025-11-19,Texon International,MAT_0281,913,913,3.65,3337.01,2025-12-01,2025-12-01,0,5
PO-00896,2025-11-19,Toray Industries,MAT_0167,634,634,19.78,12543.17,2026-01-06,2026-01-06,0,4
PO-01635,2025-11-19,Shenzhen Minghui,MAT_0189,14651,14651,0.03,448.11,2025-12-23,2025-12-23,0,5
PO-01631,2025-11-20,American & Efird,MAT_0442,527,527,7.3,3847.86,2025-12-18,2025-12-18,0,4
PO-01966,2025-11-20,Toray Industries,MAT_0500,1699,1699,19.28,32750.16,2026-01-07,2026-01-07,0,4
PO-01326,2025-11-20,NXP Semiconductors,MAT_0415,2398,2398,0.52,1253.73,2025-12-04,2025-12-16,12,5
PO-00852,2025-11-20,Zhejiang Paper,MAT_0172,1749,1749,0.09,160.33,2025-12-21,2025-12-21,0,4
PO-01891,2025-11-20,Henkel AG,MAT_0321,923,923,22.8,21047.82,2025-12-01,2025-12-01,0,4
PO-00235,2025-11-20,Far Eastern Textile,MAT_0362,398,398,2.88,1145.39,2025-12-26,2025-12-26,0,4
PO-00722,2025-11-20,Henkel AG,MAT_0013,652,652,15.7,10236.87,2025-11-29,2025-12-03,4,5
PO-00847,2025-11-20,Texon International,MAT_0264,1148,1148,3.22,3692.34,2025-12-05,2025-12-05,0,4
PO-00775,2025-11-21,Crocs Inc (supplied),MAT_0318,682,682,7.47,5095.18,2025-12-25,2025-12-26,1,4
PO-01557,2025-11-21,Covestro AG,MAT_0006,1694,1694,9.46,16025.98,2025-11-29,2025-11-29,0,5
PO-00146,2025-11-21,Foam Italia,MAT_0150,1791,1791,4.64,8309.95,2025-11-29,2025-11-29,0,4
PO-00865,2025-11-21,Toray Industries,MAT_0049,903,903,19.52,17629.44,2026-01-01,2026-01-01,0,5
PO-01162,2025-11-21,Far Eastern Textile,MAT_0310,929,929,3.66,3403.17,2025-12-31,2025-12-31,0,2
PO-00980,2025-11-21,Covestro AG,MAT_0006,966,966,9.51,9182.98,2025-11-29,2025-11-29,0,3
PO-01673,2025-11-22,Texon International,MAT_0132,844,844,3.69,3111.89,2025-12-12,2025-12-12,0,5
PO-01945,2025-11-22,Crocs Inc (supplied),MAT_0063,724,724,9.1,6585.39,2025-12-28,2025-12-30,2,2
PO-00240,2025-11-23,Henkel AG,MAT_0136,77,77,19.25,1482.38,2025-12-02,2025-12-02,0,3
PO-01989,2025-11-23,Gomma Padana,MAT_0460,195,195,13.16,2566.9,2025-12-11,2025-12-11,0,4
PO-00861,2025-11-23,Coats Group,MAT_0104,641,641,6.91,4428.46,2025-12-13,2025-12-20,7,3
PO-01119,2025-11-23,Texon International,MAT_0024,1297,1297,2.78,3608.59,2025-12-08,2025-12-08,0,4
PO-01672,2025-11-23,Zecchetto Accessori,MAT_0401,4219,3878,0.93,3605.31,2025-12-01,2025-12-01,0,4
PO-01246,2025-11-24,Global Trim,MAT_0112,9089,9089,0.14,1257.29,2025-12-30,2025-12-30,0,3
PO-01285,2025-11-24,Karteks Banja Luka,MAT_0080,7918,7918,0.5,3966.49,2025-11-28,2025-11-28,0,5
PO-01368,2025-11-24,Foam Italia,MAT_0280,866,866,6.16,5331.68,2025-12-05,2025-12-05,0,3
PO-00527,2025-11-24,Toray Industries,MAT_0174,643,643,18.93,12172.11,2026-01-04,2026-01-10,6,5
PO-00937,2025-11-25,Toray Industries,MAT_0386,1735,1079,19.02,20522.77,2026-01-07,2026-01-07,0,4
PO-00304,2025-11-25,Global Trim,MAT_0046,4987,4987,0.1,509.09,2025-12-29,2026-01-07,9,2
PO-00857,2025-11-25,Henkel AG,MAT_0363,777,777,25.03,19452.04,2025-12-03,2025-12-03,0,4
PO-00593,2025-11-25,Global Trim,MAT_0036,3111,3111,0.1,311.1,2025-12-25,2025-12-25,0,5
PO-01773,2025-11-25,Crocs Inc (supplied),MAT_0204,964,964,8.64,8332.95,2025-12-23,2025-12-28,5,5
PO-01087,2025-11-25,Toray Industries,MAT_0384,466,466,20.53,9565.65,2026-01-05,2026-01-12,7,5
PO-01378,2025-11-25,Shenzhen Minghui,MAT_0257,17128,17128,0.04,669.1,2026-01-01,2026-01-01,0,4
PO-01178,2025-11-26,Coats Group,MAT_0075,196,196,6.36,1246.79,2025-12-15,2025-12-16,1,1
PO-00223,2025-11-26,Covestro AG,MAT_0241,376,376,8.71,3275.25,2025-12-04,2025-12-07,3,4
PO-00791,2025-11-26,Shenzhen Minghui,MAT_0385,35695,35695,0.03,1049.14,2026-01-02,2026-01-02,0,5
PO-01580,2025-11-26,Crocs Inc (supplied),MAT_0253,1615,1615,9.51,15363.25,2025-12-23,2025-12-25,2,4
PO-01776,2025-11-26,Toray Industries,MAT_0154,227,227,19.7,4471.01,2026-01-05,2026-01-06,1,5
PO-01710,2025-11-26,Henkel AG,MAT_0308,199,199,20.58,4095.65,2025-12-08,2025-12-08,0,5
PO-00042,2025-11-27,Global Trim,MAT_0041,5323,5323,0.14,737.32,2026-01-02,2026-01-02,0,4
PO-00453,2025-11-27,Global Trim,MAT_0315,7582,7582,0.14,1077.39,2025-12-30,2025-12-30,0,5
PO-01298,2025-11-27,Covestro AG,MAT_0166,561,561,9.02,5057.81,2025-12-05,2025-12-05,0,4
PO-01894,2025-11-27,Texon International,MAT_0293,1039,959,3.06,2932.31,2025-12-18,2025-12-18,0,3
PO-01908,2025-11-28,Toray Industries,MAT_0342,856,856,16.53,14152.94,2026-01-11,2026-01-11,0,5
PO-00629,2025-11-28,Foam Italia,MAT_0198,2360,1630,4.0,6519.91,2025-12-10,2025-12-10,0,4
PO-01138,2025-11-28,Toray Composite,MAT_0180,98,98,54.31,5322.6,2026-01-05,2026-01-17,12,3
PO-01518,2025-11-28,Foam Italia,MAT_0222,804,804,4.81,3866.08,2025-12-07,2025-12-07,0,4
PO-00414,2025-11-28,Karteks Banja Luka,MAT_0071,2632,1602,0.78,1247.96,2025-12-03,2025-12-03,0,4
PO-01075,2025-11-29,Covestro AG,MAT_0413,774,774,10.51,8132.78,2025-12-08,2025-12-09,1,4
PO-01346,2025-11-29,Coats Group,MAT_0045,876,876,5.46,4784.09,2025-12-11,2025-12-11,0,5
PO-00326,2025-11-29,American & Efird,MAT_0021,819,819,6.66,5451.99,2026-01-08,2026-01-08,0,3
PO-00395,2025-11-29,Crocs Inc (supplied),MAT_0063,1397,1397,8.98,12546.87,2026-01-04,2026-01-07,3,4
PO-00022,2025-11-29,Karteks Banja Luka,MAT_0445,11742,11742,0.68,8025.09,2025-12-02,2025-12-09,7,4
PO-01485,2025-11-29,Texon International,MAT_0132,425,425,3.78,1604.93,2025-12-19,2025-12-22,3,5
PO-01912,2025-11-29,Texon International,MAT_0024,1704,1704,2.77,4721.19,2025-12-14,2025-12-14,0,5
PO-01536,2025-11-29,Global Trim,MAT_0467,5546,5546,0.11,609.02,2026-01-02,2026-01-02,0,4
PO-01718,2025-11-30,Coats Group,MAT_0269,499,499,6.0,2994.94,2025-12-15,2025-12-15,0,5
PO-01495,2025-11-30,Henkel AG,MAT_0013,756,756,15.5,11717.23,2025-12-09,2025-12-09,0,4
PO-01486,2025-11-30,NXP Semiconductors,MAT_0486,1408,1408,0.41,574.01,2025-12-10,2025-12-10,0,4
PO-01917,2025-11-30,Zecchetto Accessori,MAT_0475,1905,1905,0.97,1848.01,2025-12-15,2025-12-15,0,3
PO-00829,2025-11-30,Zhejiang Paper,MAT_0430,10825,10825,0.09,965.94,2026-01-05,2026-01-05,0,5
PO-01252,2025-11-30,Gomma Padana,MAT_0376,362,362,13.61,4925.41,2025-12-15,2025-12-16,1,5
PO-01747,2025-12-01,Toray Composite,MAT_0295,131,131,39.13,5125.45,2026-01-16,2026-01-16,0,5
PO-00088,2025-12-01,Henkel AG,MAT_0363,163,163,23.98,3908.2,2025-12-09,2025-12-09,0,4
PO-00145,2025-12-01,Crocs Inc (supplied),MAT_0208,255,194,10.07,1952.92,2026-01-04,2026-01-04,0,5
PO-01345,2025-12-01,American & Efird,MAT_0155,799,799,7.01,5600.13,2026-01-06,2026-01-06,0,4
PO-00479,2025-12-01,Crocs Inc (supplied),MAT_0233,636,636,8.91,5664.97,2026-01-10,2026-01-10,0,4
PO-01938,2025-12-01,Shenzhen Minghui,MAT_0189,13350,13350,0.03,395.51,2026-01-04,2026-01-17,13,4
PO-00234,2025-12-01,Covestro AG,MAT_0166,339,339,9.04,3063.72,2025-12-09,2025-12-09,0,3
PO-00734,2025-12-02,Foam Italia,MAT_0150,2483,2483,4.65,11548.33,2025-12-10,2025-12-10,0,5
PO-00277,2025-12-02,Covestro AG,MAT_0464,476,476,8.08,3846.67,2025-12-09,2025-12-09,0,2
PO-00952,2025-12-02,Far Eastern Textile,MAT_0456,1643,1094,3.35,3669.95,2026-01-11,2026-01-11,0,4
PO-01583,2025-12-03,Karteks Banja Luka,MAT_0345,7505,7505,0.78,5826.64,2025-12-07,2025-12-07,0,2
PO-00563,2025-12-03,Zhejiang Paper,MAT_0172,7615,7615,0.09,687.45,2026-01-03,2026-01-03,0,4
PO-00721,2025-12-03,Covestro AG,MAT_0464,571,571,8.06,4599.64,2025-12-10,2025-12-10,0,4
PO-01031,2025-12-03,Gomma Padana,MAT_0190,224,224,13.34,2988.46,2025-12-17,2025-12-17,0,2
PO-01598,2025-12-03,Henkel AG,MAT_0321,742,742,23.75,17619.37,2025-12-14,2025-12-29,15,4
PO-01442,2025-12-03,NXP Semiconductors,MAT_0270,3094,3094,0.41,1265.52,2025-12-12,2025-12-12,0,5
PO-01607,2025-12-04,Foam Italia,MAT_0005,2801,2801,5.24,14685.48,2025-12-12,2025-12-12,0,4
PO-01241,2025-12-04,Toray Composite,MAT_0162,96,96,46.82,4494.84,2026-01-16,2026-01-16,0,3
PO-01255,2025-12-04,Henkel AG,MAT_0090,230,230,19.26,4430.72,2025-12-12,2025-12-13,1,3
PO-00993,2025-12-05,American & Efird,MAT_0442,1538,1538,7.18,11036.76,2026-01-02,2026-01-04,2,4
PO-01175,2025-12-05,Texon International,MAT_0293,752,484,2.93,1416.04,2025-12-26,2025-12-26,0,4
PO-01009,2025-12-05,Zecchetto Accessori,MAT_0359,746,746,0.73,543.88,2025-12-19,2025-12-21,2,3
PO-00754,2025-12-06,Far Eastern Textile,MAT_0348,732,732,3.79,2771.58,2026-01-12,2026-01-14,2,4
PO-00823,2025-12-06,Zhejiang Paper,MAT_0494,5273,5273,0.08,422.29,2026-01-10,2026-01-10,0,3
PO-00182,2025-12-06,Global Trim,MAT_0341,4473,4473,0.11,493.5,2026-01-16,2026-01-16,0,4
PO-01944,2025-12-06,Toray Industries,MAT_0443,805,606,20.95,12692.84,2026-01-17,2026-01-25,8,4
PO-01688,2025-12-06,Foam Italia,MAT_0499,2318,2318,4.69,10868.88,2025-12-20,2025-12-26,6,4
PO-01876,2025-12-06,Far Eastern Textile,MAT_0217,1530,1530,4.37,6680.9,2026-01-20,2026-01-20,0,4
PO-01637,2025-12-06,Global Trim,MAT_0112,8446,8446,0.14,1168.52,2026-01-11,2026-01-11,0,5
PO-01013,2025-12-07,Shenzhen Minghui,MAT_0406,18064,18064,0.03,539.47,2026-01-14,2026-01-14,0,3
PO-01147,2025-12-07,Far Eastern Textile,MAT_0456,1090,1090,3.31,3611.61,2026-01-16,2026-01-16,0,4
PO-01146,2025-12-07,Far Eastern Textile,MAT_0288,1095,1095,3.47,3804.61,2026-01-20,2026-01-20,0,5
PO-00128,2025-12-07,Toray Composite,MAT_0369,133,133,44.74,5950.03,2026-01-14,2026-01-14,0,5
PO-00134,2025-12-07,Crocs Inc (supplied),MAT_0211,1431,1431,8.45,12096.26,2026-01-10,2026-01-10,0,4
PO-01219,2025-12-07,Karteks Banja Luka,MAT_0367,792,792,0.58,460.11,2025-12-10,2025-12-15,5,4
PO-00099,2025-12-08,Zecchetto Accessori,MAT_0156,2530,2530,1.04,2634.86,2025-12-15,2025-12-16,1,5
PO-01705,2025-12-08,Toray Composite,MAT_0369,153,153,44.26,6771.28,2026-01-15,2026-01-15,0,4
PO-00089,2025-12-08,Covestro AG,MAT_0461,106,82,9.72,797.44,2025-12-15,2025-12-15,0,3
PO-00713,2025-12-08,Texon International,MAT_0023,1927,1927,3.31,6370.92,2025-12-26,2025-12-26,0,4
PO-01746,2025-12-08,Texon International,MAT_0286,680,680,3.94,2681.15,2025-12-19,2025-12-19,0,4
PO-01480,2025-12-08,Zhejiang Paper,MAT_0494,6577,6577,0.08,532.65,2026-01-12,2026-01-12,0,4
PO-01525,2025-12-08,Coats Group,MAT_0462,1120,1120,6.71,7511.74,2025-12-22,2025-12-22,0,3
PO-00305,2025-12-08,Coats Group,MAT_0245,1166,1039,4.92,5108.24,2025-12-23,2025-12-31,8,3
PO-01149,2025-12-08,Texon International,MAT_0138,632,632,2.58,1631.25,2025-12-26,2025-12-28,2,4
PO-00723,2025-12-09,Zhejiang Paper,MAT_0019,17231,17231,0.08,1402.39,2026-01-23,2026-01-23,0,5
PO-01313,2025-12-09,NXP Semiconductors,MAT_0415,3949,3949,0.51,2013.44,2025-12-23,2025-12-23,0,1
PO-01288,2025-12-09,Karteks Banja Luka,MAT_0367,2626,2626,0.57,1504.35,2025-12-12,2025-12-12,0,4
PO-00542,2025-12-09,Global Trim,MAT_0392,11298,11298,0.11,1206.97,2026-01-18,2026-01-18,0,2
PO-01253,2025-12-09,Far Eastern Textile,MAT_0168,2998,2998,4.47,13409.27,2026-01-10,2026-01-10,0,4
PO-01873,2025-12-09,Zhejiang Paper,MAT_0083,6841,6841,0.07,483.57,2026-01-22,2026-01-22,0,1
PO-01540,2025-12-09,Toray Composite,MAT_0103,184,112,37.41,4190.48,2026-01-28,2026-01-29,1,3
PO-00942,2025-12-09,Zecchetto Accessori,MAT_0197,5073,3475,1.06,3673.82,2025-12-27,2025-12-27,0,4
PO-00321,2025-12-10,Covestro AG,MAT_0258,1176,1176,8.49,9987.56,2025-12-22,2025-12-22,0,4
PO-01280,2025-12-10,Toray Industries,MAT_0238,547,547,18.1,9899.85,2026-01-31,2026-01-31,0,4
PO-00793,2025-12-10,Toray Composite,MAT_0372,86,86,40.67,3497.25,2026-01-16,2026-01-16,0,5
PO-00585,2025-12-10,Gomma Padana,MAT_0196,1717,1110,12.84,14250.21,2025-12-26,2025-12-26,0,5
PO-01473,2025-12-10,Texon International,MAT_0084,1789,1789,3.27,5842.48,2025-12-30,2025-12-30,0,4
PO-00082,2025-12-10,Henkel AG,MAT_0161,399,399,21.62,8624.63,2025-12-25,2025-12-28,3,3
PO-00416,2025-12-11,Covestro AG,MAT_0323,405,405,10.81,4379.36,2025-12-23,2025-12-23,0,3
PO-00216,2025-12-11,Crocs Inc (supplied),MAT_0063,1132,1132,9.2,10413.8,2026-01-16,2026-01-16,0,4
PO-00496,2025-12-11,Gomma Padana,MAT_0231,353,333,12.36,4115.37,2025-12-21,2025-12-21,0,4
PO-00598,2025-12-11,Texon International,MAT_0135,239,239,2.9,692.08,2025-12-26,2025-12-26,0,4
PO-01323,2025-12-11,Crocs Inc (supplied),MAT_0253,1320,1320,9.65,12735.05,2026-01-07,2026-01-07,0,3
PO-00283,2025-12-12,Karteks Banja Luka,MAT_0421,6160,4090,0.73,2983.0,2025-12-14,2025-12-14,0,5
PO-01962,2025-12-12,Foam Italia,MAT_0319,1379,1379,6.15,8476.26,2025-12-26,2025-12-26,0,3
PO-00436,2025-12-12,Toray Composite,MAT_0162,312,312,48.0,14975.8,2026-01-24,2026-01-24,0,5
PO-00261,2025-12-13,Crocs Inc (supplied),MAT_0211,298,298,8.47,2523.27,2026-01-16,2026-01-16,0,5
PO-00113,2025-12-13,Coats Group,MAT_0195,1830,1830,5.92,10841.14,2025-12-30,2025-12-30,0,4
PO-01701,2025-12-14,Global Trim,MAT_0112,12224,12224,0.14,1682.5,2026-01-19,2026-01-19,0,4
PO-01855,2025-12-14,Zecchetto Accessori,MAT_0254,1450,1450,0.98,1421.47,2025-12-26,2025-12-26,0,3
PO-00776,2025-12-14,Shenzhen Minghui,MAT_0189,18193,18193,0.03,548.01,2026-01-17,2026-01-17,0,4
PO-00049,2025-12-15,Zecchetto Accessori,MAT_0110,3499,2568,1.01,2589.7,2025-12-27,2025-12-27,0,4
PO-00308,2025-12-15,Texon International,MAT_0281,599,515,3.51,1806.57,2025-12-27,2025-12-27,0,4
PO-01439,2025-12-15,Coats Group,MAT_0038,1465,1465,5.14,7525.78,2026-01-05,2026-01-05,0,5
PO-01181,2025-12-15,Karteks Banja Luka,MAT_0071,3101,3101,0.77,2398.92,2025-12-20,2025-12-24,4,2
PO-01029,2025-12-16,Gomma Padana,MAT_0265,685,685,14.08,9644.46,2025-12-25,2025-12-25,0,5
PO-01644,2025-12-16,Texon International,MAT_0286,638,638,3.95,2519.75,2025-12-27,2025-12-27,0,5
PO-01363,2025-12-16,Far Eastern Textile,MAT_0230,1750,1750,3.94,6893.65,2026-01-26,2026-01-26,0,3
PO-01633,2025-12-16,Covestro AG,MAT_0381,612,612,8.93,5467.32,2025-12-28,2025-12-28,0,5
PO-01933,2025-12-16,Global Trim,MAT_0314,13544,13544,0.12,1633.31,2026-01-27,2026-01-28,1,5
PO-01561,2025-12-16,Texon International,MAT_0024,2415,1846,2.79,5145.16,2025-12-31,2025-12-31,0,5
PO-01232,2025-12-17,Toray Composite,MAT_0390,111,111,46.95,5210.97,2026-02-09,2026-02-09,0,5
PO-01352,2025-12-17,Global Trim,MAT_0112,6508,6508,0.14,900.43,2026-01-22,2026-01-22,0,5
PO-01779,2025-12-17,Gomma Padana,MAT_0131,783,638,13.14,8382.36,2025-12-26,2025-12-26,0,5
PO-00287,2025-12-17,Zecchetto Accessori,MAT_0463,1295,1295,0.98,1273.51,2025-12-29,2025-12-29,0,2
PO-00363,2025-12-18,Shenzhen Minghui,MAT_0148,7314,7314,0.03,215.53,2026-01-18,2026-01-18,0,4
PO-01909,2025-12-18,American & Efird,MAT_0124,217,217,7.64,1657.24,2026-01-24,2026-01-24,0,4
PO-00092,2025-12-18,Toray Industries,MAT_0303,727,516,20.95,10812.58,2026-02-09,2026-02-13,4,5
PO-00958,2025-12-18,Karteks Banja Luka,MAT_0074,3749,3749,0.54,2032.41,2025-12-22,2025-12-23,1,4
PO-00586,2025-12-19,Karteks Banja Luka,MAT_0078,4204,4204,0.75,3155.98,2025-12-23,2025-12-23,0,4
PO-01244,2025-12-19,NXP Semiconductors,MAT_0415,3390,3390,0.52,1766.11,2026-01-02,2026-01-02,0,4
PO-01476,2025-12-19,Zecchetto Accessori,MAT_0160,933,933,1.03,960.09,2025-12-26,2025-12-26,0,4
PO-00427,2025-12-19,Zecchetto Accessori,MAT_0401,6298,6298,0.9,5654.5,2025-12-27,2025-12-27,0,5
PO-00432,2025-12-19,Zhejiang Paper,MAT_0201,6386,6386,0.1,634.46,2026-01-24,2026-01-24,0,4
PO-01196,2025-12-19,Texon International,MAT_0264,1664,1664,3.11,5178.56,2026-01-03,2026-01-03,0,5
PO-01299,2025-12-19,Karteks Banja Luka,MAT_0029,9205,9205,0.7,6458.93,2025-12-23,2025-12-23,0,4
PO-01616,2025-12-20,Texon International,MAT_0264,1278,1278,3.13,3994.02,2026-01-04,2026-01-04,0,4
PO-00806,2025-12-20,Zecchetto Accessori,MAT_0475,1204,1204,0.99,1188.28,2026-01-04,2026-01-04,0,3
PO-00526,2025-12-20,Far Eastern Textile,MAT_0272,1299,1299,4.4,5718.77,2026-02-08,2026-02-08,0,5
PO-01824,2025-12-20,Shenzhen Minghui,MAT_0329,5204,5204,0.03,154.62,2026-02-01,2026-02-01,0,4
PO-01627,2025-12-20,American & Efird,MAT_0388,368,368,6.75,2482.57,2026-01-14,2026-01-14,0,5
PO-00462,2025-12-20,Global Trim,MAT_0346,3229,3229,0.12,397.97,2026-01-27,2026-01-27,0,4
PO-01302,2025-12-20,Zhejiang Paper,MAT_0083,9634,9634,0.07,663.57,2026-02-02,2026-02-02,0,4
PO-01120,2025-12-20,Zhejiang Paper,MAT_0268,4538,4538,0.09,417.17,2026-01-24,2026-01-25,1,5
PO-00742,2025-12-21,Henkel AG,MAT_0013,756,756,15.51,11726.63,2025-12-30,2025-12-30,0,5
PO-01956,2025-12-21,Covestro AG,MAT_0311,184,184,8.89,1635.07,2026-01-02,2026-01-02,0,4
PO-00239,2025-12-21,Shenzhen Minghui,MAT_0187,14761,14761,0.04,582.31,2026-01-31,2026-01-31,0,5
PO-01722,2025-12-22,Zhejiang Paper,MAT_0201,8995,8995,0.1,889.17,2026-01-27,2026-01-27,0,5
PO-00016,2025-12-22,Toray Industries,MAT_0274,372,372,17.26,6420.48,2026-01-30,2026-01-30,0,4
PO-00610,2025-12-22,Zhejiang Paper,MAT_0430,12988,12988,0.09,1161.79,2026-01-27,2026-01-27,0,5
PO-01819,2025-12-22,Coats Group,MAT_0022,891,589,5.8,3417.54,2026-01-05,2026-01-07,2,4
PO-01185,2025-12-23,Karteks Banja Luka,MAT_0367,2906,2906,0.57,1650.61,2025-12-26,2025-12-26,0,5
PO-01106,2025-12-23,Coats Group,MAT_0022,676,676,5.85,3957.56,2026-01-06,2026-01-06,0,4
PO-00237,2025-12-23,Global Trim,MAT_0171,6648,6648,0.12,795.03,2026-01-26,2026-01-26,0,4
PO-00836,2025-12-23,Coats Group,MAT_0022,957,957,6.04,5782.56,2026-01-06,2026-01-10,4,4
PO-01841,2025-12-23,Zecchetto Accessori,MAT_0483,3728,3728,1.01,3757.86,2025-12-30,2025-12-30,0,4
PO-00879,2025-12-24,Karteks Banja Luka,MAT_0367,2458,2458,0.57,1391.47,2025-12-27,2025-12-27,0,2
PO-00706,2025-12-24,Zhejiang Paper,MAT_0268,22360,22360,0.09,2056.43,2026-01-28,2026-01-28,0,4
PO-00842,2025-12-24,Zecchetto Accessori,MAT_0356,1894,1894,0.92,1735.03,2026-01-03,2026-01-03,0,4
PO-01905,2025-12-25,Toray Industries,MAT_0221,976,976,16.97,16562.41,2026-01-31,2026-01-31,0,4
PO-00190,2025-12-25,Coats Group,MAT_0038,1580,1580,5.18,8191.75,2026-01-15,2026-01-15,0,5
PO-00296,2025-12-25,Texon International,MAT_0127,2004,2004,3.01,6023.97,2026-01-05,2026-01-05,0,4
PO-00286,2025-12-25,Toray Composite,MAT_0390,139,139,45.8,6365.98,2026-02-17,2026-02-17,0,5
PO-00212,2025-12-26,Toray Composite,MAT_0180,235,235,53.97,12683.1,2026-02-02,2026-02-03,1,4
PO-00279,2025-12-26,American & Efird,MAT_0290,372,372,6.04,2248.38,2026-01-27,2026-01-27,0,2
PO-00505,2025-12-26,NXP Semiconductors,MAT_0394,1345,1345,0.4,536.71,2026-01-10,2026-01-10,0,4
PO-00306,2025-12-26,American & Efird,MAT_0396,856,856,7.6,6509.03,2026-01-22,2026-01-22,0,3
PO-01984,2025-12-26,Karteks Banja Luka,MAT_0367,3138,3138,0.58,1831.61,2025-12-29,2025-12-29,0,4
PO-01600,2025-12-27,Karteks Banja Luka,MAT_0445,6566,6566,0.72,4705.19,2025-12-30,2025-12-30,0,3
PO-00045,2025-12-27,Texon International,MAT_0248,1733,1733,2.87,4972.79,2026-01-08,2026-01-08,0,4
PO-00887,2025-12-27,Texon International,MAT_0084,750,750,3.22,2413.87,2026-01-16,2026-01-16,0,3
PO-00744,2025-12-27,Gomma Padana,MAT_0206,543,543,12.29,6672.85,2026-01-08,2026-01-21,13,4
PO-01651,2025-12-27,Foam Italia,MAT_0117,728,728,3.57,2599.78,2026-01-14,2026-01-31,17,4
PO-00446,2025-12-28,Toray Composite,MAT_0103,163,163,38.46,6269.08,2026-02-16,2026-02-17,1,2
PO-01316,2025-12-28,NXP Semiconductors,MAT_0486,2847,1972,0.39,774.92,2026-01-07,2026-01-07,0,4
PO-01623,2025-12-28,Coats Group,MAT_0195,450,450,5.78,2599.58,2026-01-14,2026-01-14,0,4
PO-00651,2025-12-29,Covestro AG,MAT_0323,260,260,10.41,2706.89,2026-01-10,2026-01-10,0,5
PO-00204,2025-12-29,Zhejiang Paper,MAT_0172,2886,1784,0.09,164.7,2026-01-29,2026-01-29,0,3
PO-00057,2025-12-30,Foam Italia,MAT_0280,934,934,6.12,5714.21,2026-01-10,2026-01-10,0,3
PO-01850,2025-12-30,Global Trim,MAT_0466,12940,12940,0.11,1465.0,2026-02-13,2026-02-16,3,4
PO-00311,2025-12-30,Toray Composite,MAT_0390,198,198,47.09,9323.12,2026-02-22,2026-02-22,0,2
PO-01683,2025-12-30,Covestro AG,MAT_0053,585,585,10.2,5966.67,2026-01-12,2026-01-12,0,4
PO-01648,2025-12-31,Far Eastern Textile,MAT_0334,828,828,3.07,2541.21,2026-01-30,2026-01-30,0,5
PO-00521,2025-12-31,Far Eastern Textile,MAT_0009,2531,2531,3.71,9388.68,2026-02-07,2026-02-07,0,3
PO-01448,2025-12-31,Shenzhen Minghui,MAT_0070,16725,16725,0.03,491.28,2026-02-10,2026-02-10,0,4
PO-00559,2025-12-31,Covestro AG,MAT_0258,1104,1104,8.79,9704.61,2026-01-12,2026-01-12,0,3
PO-00425,2025-12-31,Coats Group,MAT_0075,535,535,6.24,3340.73,2026-01-19,2026-01-19,0,4
PO-00913,2025-12-31,Zecchetto Accessori,MAT_0463,1720,1720,1.03,1768.68,2026-01-12,2026-01-13,1,5
PO-00186,2026-01-01,Texon International,MAT_0271,801,742,3.23,2399.0,2026-01-21,2026-01-21,0,5
PO-01977,2026-01-02,Toray Industries,MAT_0114,473,473,20.13,9521.04,2026-02-20,2026-02-20,0,4
PO-00804,2026-01-02,Foam Italia,MAT_0086,2191,2191,4.12,9028.46,2026-01-18,2026-01-25,7,4
PO-00538,2026-01-02,Henkel AG,MAT_0088,544,544,20.51,11156.17,2026-01-15,2026-01-16,1,3
PO-01987,2026-01-02,NXP Semiconductors,MAT_0394,1851,1851,0.42,770.91,2026-01-17,2026-01-17,0,4
PO-00974,2026-01-02,Henkel AG,MAT_0330,501,501,14.81,7418.46,2026-01-15,2026-01-15,0,5
PO-01121,2026-01-02,Toray Industries,MAT_0403,782,782,18.1,14156.99,2026-02-10,2026-02-10,0,4
PO-00342,2026-01-02,Texon International,MAT_0116,522,483,2.52,1216.33,2026-01-21,2026-01-22,1,4
PO-01277,2026-01-03,Toray Composite,MAT_0180,177,177,52.36,9267.73,2026-02-10,2026-02-11,1,4
PO-00408,2026-01-03,NXP Semiconductors,MAT_0017,2537,2537,0.44,1114.63,2026-01-16,2026-01-16,0,5
PO-01481,2026-01-03,Zhejiang Paper,MAT_0347,8058,8058,0.07,572.95,2026-02-02,2026-02-02,0,4
PO-01465,2026-01-03,Coats Group,MAT_0022,731,731,5.9,4312.01,2026-01-17,2026-01-29,12,1
PO-01712,2026-01-03,Toray Industries,MAT_0500,2876,2876,19.02,54711.24,2026-02-20,2026-02-20,0,4
PO-00417,2026-01-04,Crocs Inc (supplied),MAT_0237,1625,1625,8.89,14442.54,2026-02-09,2026-02-09,0,3
PO-01035,2026-01-04,Coats Group,MAT_0269,234,234,5.84,1366.13,2026-01-19,2026-01-19,0,5
PO-01369,2026-01-04,Far Eastern Textile,MAT_0158,1193,1193,3.68,4390.32,2026-02-07,2026-02-07,0,4
PO-00259,2026-01-04,Global Trim,MAT_0112,9723,9723,0.14,1346.87,2026-02-09,2026-02-09,0,5
PO-00179,2026-01-04,Karteks Banja Luka,MAT_0417,7620,7620,0.63,4836.58,2026-01-06,2026-01-11,5,3
PO-00777,2026-01-04,Global Trim,MAT_0422,5858,5858,0.11,638.53,2026-02-15,2026-02-15,0,5
PO-01095,2026-01-04,Zecchetto Accessori,MAT_0320,1829,1829,0.8,1457.24,2026-01-12,2026-01-12,0,4
PO-00406,2026-01-04,Toray Industries,MAT_0490,1112,1112,18.14,20170.31,2026-02-09,2026-02-09,0,5
PO-00029,2026-01-05,Foam Italia,MAT_0447,672,672,4.9,3289.94,2026-01-22,2026-02-03,12,3
PO-00845,2026-01-05,Zhejiang Paper,MAT_0268,14724,14724,0.09,1296.3,2026-02-09,2026-02-09,0,5
PO-00310,2026-01-05,Karteks Banja Luka,MAT_0074,3048,3048,0.54,1635.43,2026-01-09,2026-01-15,6,4
PO-00075,2026-01-05,American & Efird,MAT_0021,1152,1152,6.75,7773.3,2026-02-14,2026-02-14,0,2
PO-00500,2026-01-05,Gomma Padana,MAT_0131,905,905,13.06,11817.51,2026-01-14,2026-01-14,0,4
PO-00624,2026-01-05,Zecchetto Accessori,MAT_0228,1217,1217,0.77,933.72,2026-01-15,2026-01-15,0,4
PO-00688,2026-01-06,Texon International,MAT_0023,1740,1740,3.39,5905.66,2026-01-24,2026-01-25,1,4
PO-00960,2026-01-06,Foam Italia,MAT_0298,2892,2892,3.89,11243.27,2026-01-20,2026-01-21,1,4
PO-00602,2026-01-06,Zhejiang Paper,MAT_0268,21146,21146,0.09,1867.17,2026-02-10,2026-02-10,0,4
PO-01437,2026-01-06,Karteks Banja Luka,MAT_0078,1669,1669,0.72,1197.54,2026-01-10,2026-01-10,0,1
PO-01641,2026-01-06,Zecchetto Accessori,MAT_0492,4088,4088,0.87,3540.58,2026-01-24,2026-01-24,0,5
PO-01789,2026-01-06,Global Trim,MAT_0341,6774,6343,0.11,697.36,2026-02-16,2026-02-18,2,3
PO-00582,2026-01-07,Gomma Padana,MAT_0169,968,968,12.21,11815.26,2026-01-14,2026-01-14,0,5
PO-01099,2026-01-07,Toray Composite,MAT_0216,133,118,39.74,4689.5,2026-02-25,2026-02-28,3,4
PO-00314,2026-01-08,Toray Composite,MAT_0159,242,242,49.15,11895.04,2026-02-23,2026-02-26,3,5
PO-00441,2026-01-08,Far Eastern Textile,MAT_0334,3141,3141,3.18,9996.07,2026-02-07,2026-02-07,0,4
PO-01948,2026-01-08,Far Eastern Textile,MAT_0099,1457,1457,3.21,4675.62,2026-02-24,2026-02-28,4,4
PO-01638,2026-01-08,Far Eastern Textile,MAT_0178,3674,3674,2.79,10264.56,2026-02-07,2026-02-07,0,4
PO-01008,2026-01-08,Far Eastern Textile,MAT_0400,1043,1043,2.72,2833.1,2026-02-19,2026-02-19,0,4
PO-01992,2026-01-08,Shenzhen Minghui,MAT_0070,13721,13721,0.03,411.51,2026-02-18,2026-02-18,0,4
PO-00102,2026-01-08,American & Efird,MAT_0207,378,378,6.48,2447.97,2026-02-15,2026-02-15,0,5
PO-01959,2026-01-09,Texon International,MAT_0249,325,325,3.5,1136.62,2026-01-24,2026-01-24,0,5
PO-00096,2026-01-09,Zhejiang Paper,MAT_0172,9296,9296,0.09,857.0,2026-02-09,2026-02-17,8,4
PO-01000,2026-01-09,Coats Group,MAT_0058,738,738,4.93,3637.4,2026-01-21,2026-01-21,0,5
PO-00674,2026-01-09,Toray Composite,MAT_0369,243,243,44.16,10730.87,2026-02-16,2026-02-16,0,4
PO-00618,2026-01-09,Toray Composite,MAT_0390,141,141,45.71,6444.98,2026-03-04,2026-03-04,0,1
PO-01340,2026-01-09,American & Efird,MAT_0021,787,787,6.82,5369.56,2026-02-18,2026-02-18,0,3
PO-00337,2026-01-09,Gomma Padana,MAT_0196,846,846,12.65,10700.81,2026-01-25,2026-01-26,1,2
PO-00466,2026-01-10,Covestro AG,MAT_0441,1250,1250,8.43,10539.04,2026-01-22,2026-01-22,0,5
PO-00619,2026-01-10,Karteks Banja Luka,MAT_0361,2145,2145,0.7,1509.99,2026-01-14,2026-01-14,0,3
PO-00697,2026-01-10,Zhejiang Paper,MAT_0494,6247,6247,0.08,498.42,2026-02-14,2026-03-04,18,5
PO-00704,2026-01-10,Zhejiang Paper,MAT_0201,7964,5099,0.1,513.99,2026-02-15,2026-02-18,3,4
PO-01560,2026-01-10,Karteks Banja Luka,MAT_0080,1555,1555,0.5,770.79,2026-01-14,2026-01-14,0,4
PO-00289,2026-01-10,NXP Semiconductors,MAT_0193,4262,4262,0.49,2084.03,2026-01-26,2026-01-29,3,4
PO-01386,2026-01-11,Crocs Inc (supplied),MAT_0208,452,452,9.7,4383.84,2026-02-14,2026-02-14,0,1
PO-00816,2026-01-11,Shenzhen Minghui,MAT_0257,7936,6510,0.04,265.79,2026-02-17,2026-02-17,0,4
PO-01284,2026-01-11,American & Efird,MAT_0207,838,838,6.53,5470.1,2026-02-18,2026-02-18,0,4
PO-01590,2026-01-11,Toray Composite,MAT_0059,172,172,47.21,8120.06,2026-03-03,2026-03-03,0,5
PO-01217,2026-01-11,Zhejiang Paper,MAT_0172,5306,5306,0.09,486.89,2026-02-11,2026-02-11,0,5
PO-00750,2026-01-12,Zhejiang Paper,MAT_0268,6903,6903,0.09,632.81,2026-02-16,2026-02-16,0,5
PO-00014,2026-01-12,Toray Industries,MAT_0224,1288,1288,16.95,21832.64,2026-02-24,2026-02-25,1,4
PO-00162,2026-01-12,Texon International,MAT_0446,1826,1826,2.94,5372.81,2026-01-24,2026-01-24,0,4
PO-00637,2026-01-12,Global Trim,MAT_0151,2138,2138,0.1,214.48,2026-02-19,2026-02-20,1,4
PO-01063,2026-01-12,Texon International,MAT_0076,1243,1243,3.33,4144.67,2026-01-25,2026-01-25,0,4
PO-01109,2026-01-12,Covestro AG,MAT_0440,1194,1194,7.79,9303.87,2026-01-21,2026-01-21,0,5
PO-00931,2026-01-12,Far Eastern Textile,MAT_0310,1423,876,3.48,3050.16,2026-02-21,2026-02-21,0,4
PO-00581,2026-01-13,Toray Industries,MAT_0238,794,794,17.67,14026.17,2026-03-06,2026-03-12,6,4
PO-00375,2026-01-13,Coats Group,MAT_0245,1060,1060,5.17,5483.31,2026-01-28,2026-01-28,0,4
PO-01521,2026-01-13,American & Efird,MAT_0442,1542,1542,7.25,11180.01,2026-02-10,2026-02-10,0,5
PO-01231,2026-01-13,Shenzhen Minghui,MAT_0187,11010,11010,0.04,431.74,2026-02-23,2026-02-23,0,3
PO-00752,2026-01-13,Gomma Padana,MAT_0265,265,265,13.95,3695.92,2026-01-22,2026-01-22,0,3
PO-00079,2026-01-14,Covestro AG,MAT_0277,1367,1367,9.61,13142.85,2026-01-28,2026-01-28,0,4
PO-01759,2026-01-14,Toray Composite,MAT_0390,77,77,45.76,3523.48,2026-03-09,2026-03-09,0,5
PO-01555,2026-01-14,Foam Italia,MAT_0039,2290,2290,5.89,13493.97,2026-01-25,2026-01-26,1,3
PO-00724,2026-01-14,Toray Composite,MAT_0059,192,192,45.35,8707.02,2026-03-06,2026-03-06,0,4
PO-01209,2026-01-14,Crocs Inc (supplied),MAT_0122,1120,1120,8.05,9012.44,2026-02-11,2026-02-11,0,4
PO-01164,2026-01-14,Zecchetto Accessori,MAT_0160,352,352,1.01,356.06,2026-01-21,2026-01-22,1,5
PO-00325,2026-01-14,Covestro AG,MAT_0258,593,593,8.71,5165.67,2026-01-26,2026-01-26,0,4
PO-00151,2026-01-14,Shenzhen Minghui,MAT_0020,12882,12882,0.03,384.02,2026-02-27,2026-02-27,0,4
PO-00531,2026-01-15,Toray Industries,MAT_0214,799,799,18.42,14715.21,2026-03-04,2026-03-04,0,4
PO-00074,2026-01-15,Toray Industries,MAT_0292,943,770,21.49,16544.4,2026-03-03,2026-03-03,0,5
PO-01861,2026-01-15,Covestro AG,MAT_0335,208,208,9.68,2013.4,2026-01-22,2026-01-22,0,4
PO-00530,2026-01-15,Karteks Banja Luka,MAT_0040,1339,1339,0.73,974.44,2026-01-20,2026-01-20,0,5
PO-00161,2026-01-15,Global Trim,MAT_0176,2177,2177,0.12,260.7,2026-02-19,2026-02-28,9,4
PO-01172,2026-01-15,Shenzhen Minghui,MAT_0148,4427,4427,0.03,130.5,2026-02-15,2026-02-16,1,4
PO-00021,2026-01-15,Global Trim,MAT_0112,11644,11644,0.14,1622.87,2026-02-20,2026-02-22,2,5
PO-00871,2026-01-16,Karteks Banja Luka,MAT_0220,3554,3554,0.67,2385.61,2026-01-19,2026-01-21,2,4
PO-01077,2026-01-16,Shenzhen Minghui,MAT_0020,26796,22722,0.03,694.12,2026-03-01,2026-03-01,0,5
PO-00835,2026-01-16,Karteks Banja Luka,MAT_0417,4723,4723,0.64,3001.41,2026-01-18,2026-01-18,0,4
PO-00476,2026-01-16,Covestro AG,MAT_0440,721,721,8.04,5796.1,2026-01-25,2026-01-25,0,3
PO-01963,2026-01-16,Gomma Padana,MAT_0140,1725,1725,13.68,23593.88,2026-01-29,2026-01-29,0,5
PO-01691,2026-01-16,Toray Composite,MAT_0012,493,493,44.67,22021.83,2026-03-08,2026-03-08,0,4
PO-01367,2026-01-17,Henkel AG,MAT_0161,334,334,21.15,7064.29,2026-02-01,2026-02-02,1,4
PO-00431,2026-01-17,Gomma Padana,MAT_0131,798,643,13.63,8762.21,2026-01-26,2026-01-26,0,5
PO-01059,2026-01-17,Crocs Inc (supplied),MAT_0237,1011,1011,8.7,8799.99,2026-02-22,2026-02-22,0,4
PO-00515,2026-01-17,Toray Composite,MAT_0012,386,386,45.56,17587.08,2026-03-09,2026-03-09,0,4
PO-01082,2026-01-17,Coats Group,MAT_0245,1133,1133,5.15,5840.28,2026-02-01,2026-02-02,1,3
PO-01004,2026-01-17,Global Trim,MAT_0422,3689,3689,0.11,414.88,2026-02-28,2026-02-28,0,4
PO-01626,2026-01-17,Coats Group,MAT_0104,482,482,7.01,3379.58,2026-02-06,2026-02-06,0,4
PO-00632,2026-01-17,Texon International,MAT_0271,723,723,3.29,2377.74,2026-02-06,2026-02-06,0,4
PO-01766,2026-01-17,Zhejiang Paper,MAT_0347,11319,11319,0.07,799.07,2026-02-16,2026-02-16,0,5
PO-01454,2026-01-18,Zhejiang Paper,MAT_0305,9188,9188,0.09,816.37,2026-02-22,2026-02-22,0,5
PO-01991,2026-01-18,American & Efird,MAT_0207,494,396,6.4,2533.82,2026-02-25,2026-02-25,0,3
PO-01636,2026-01-18,Foam Italia,MAT_0117,2109,2109,3.54,7468.01,2026-02-05,2026-02-05,0,4
PO-01475,2026-01-19,NXP Semiconductors,MAT_0399,5873,5873,0.49,2862.07,2026-01-29,2026-01-29,0,4
PO-00076,2026-01-19,American & Efird,MAT_0109,806,806,5.52,4452.96,2026-02-24,2026-02-25,1,5
PO-00275,2026-01-19,Henkel AG,MAT_0035,137,137,22.83,3127.28,2026-01-31,2026-01-31,0,5
PO-01494,2026-01-19,Far Eastern Textile,MAT_0362,983,983,2.98,2929.87,2026-02-24,2026-02-24,0,5
PO-01546,2026-01-19,Coats Group,MAT_0195,499,499,5.81,2897.62,2026-02-05,2026-02-05,0,4
PO-00459,2026-01-19,Karteks Banja Luka,MAT_0417,10912,10912,0.62,6819.01,2026-01-21,2026-01-21,0,5
PO-00200,2026-01-19,Shenzhen Minghui,MAT_0070,20105,20105,0.03,608.86,2026-03-01,2026-03-02,1,4
PO-00869,2026-01-20,Henkel AG,MAT_0473,191,191,23.49,4486.48,2026-01-30,2026-01-30,0,4
PO-00078,2026-01-20,NXP Semiconductors,MAT_0454,2942,2942,0.55,1631.54,2026-02-02,2026-02-06,4,5
PO-01565,2026-01-20,Crocs Inc (supplied),MAT_0253,1503,1503,9.55,14346.85,2026-02-16,2026-02-16,0,4
PO-00654,2026-01-21,Shenzhen Minghui,MAT_0329,13321,13321,0.03,409.84,2026-03-05,2026-03-05,0,4
PO-00870,2026-01-21,American & Efird,MAT_0021,1068,1068,6.53,6973.77,2026-03-02,2026-03-02,0,4
PO-01388,2026-01-21,Zecchetto Accessori,MAT_0475,3342,3342,1.03,3430.92,2026-02-05,2026-02-05,0,3
PO-00667,2026-01-22,American & Efird,MAT_0366,329,329,7.47,2457.53,2026-03-02,2026-03-02,0,3
PO-00394,2026-01-22,Far Eastern Textile,MAT_0009,1919,1919,3.71,7119.6,2026-03-01,2026-03-03,2,3
PO-00601,2026-01-22,Global Trim,MAT_0467,12584,11645,0.11,1275.43,2026-02-25,2026-02-25,0,4
PO-00055,2026-01-22,Toray Composite,MAT_0369,90,90,43.76,3938.29,2026-03-01,2026-03-01,0,5
PO-00539,2026-01-22,Toray Industries,MAT_0002,1290,1290,18.86,24331.08,2026-03-02,2026-03-02,0,2
PO-00875,2026-01-23,Far Eastern Textile,MAT_0358,629,419,3.1,1298.9,2026-02-25,2026-02-26,1,1
PO-01736,2026-01-23,Toray Composite,MAT_0103,59,59,38.5,2271.6,2026-03-14,2026-03-14,0,3
PO-01754,2026-01-23,Covestro AG,MAT_0182,79,79,9.79,773.43,2026-02-02,2026-02-02,0,5
PO-01775,2026-01-23,Covestro AG,MAT_0133,1026,1026,8.49,8711.89,2026-02-06,2026-02-06,0,4
PO-00551,2026-01-23,Crocs Inc (supplied),MAT_0208,354,354,10.09,3570.32,2026-02-26,2026-02-27,1,3
PO-01416,2026-01-23,Toray Industries,MAT_0500,2609,2609,19.62,51187.88,2026-03-12,2026-03-12,0,4
PO-01423,2026-01-23,American & Efird,MAT_0093,578,578,5.97,3448.48,2026-02-24,2026-02-24,0,3
PO-00929,2026-01-24,Covestro AG,MAT_0441,1284,1284,8.31,10672.42,2026-02-05,2026-02-05,0,4
PO-01735,2026-01-24,Far Eastern Textile,MAT_0178,1393,1393,2.88,4016.19,2026-02-23,2026-02-23,0,5
PO-00758,2026-01-24,Global Trim,MAT_0151,4247,4247,0.1,415.56,2026-03-03,2026-03-06,3,4
PO-00564,2026-01-24,Covestro AG,MAT_0487,353,353,11.1,3917.58,2026-02-08,2026-02-08,0,4
PO-01780,2026-01-24,Foam Italia,MAT_0309,1777,1777,4.73,8413.8,2026-02-02,2026-02-02,0,3
PO-00457,2026-01-24,Gomma Padana,MAT_0010,488,488,12.31,6008.22,2026-02-05,2026-02-05,0,4
PO-00282,2026-01-25,Global Trim,MAT_0467,12923,12923,0.11,1440.26,2026-02-28,2026-02-28,0,4
PO-01640,2026-01-25,Far Eastern Textile,MAT_0378,1320,1320,3.24,4272.06,2026-03-11,2026-03-11,0,4
PO-00763,2026-01-25,Zhejiang Paper,MAT_0347,9505,9505,0.07,675.77,2026-02-24,2026-02-24,0,5
PO-01529,2026-01-25,Toray Industries,MAT_0027,273,273,18.41,5027.1,2026-03-06,2026-03-06,0,5
PO-01975,2026-01-25,Crocs Inc (supplied),MAT_0253,1881,1881,9.63,18115.83,2026-02-21,2026-02-21,0,4
PO-01532,2026-01-25,Far Eastern Textile,MAT_0217,823,823,4.31,3548.21,2026-03-11,2026-03-11,0,4
PO-01338,2026-01-25,Covestro AG,MAT_0166,701,701,9.26,6489.16,2026-02-02,2026-02-02,0,4
PO-01128,2026-01-26,Far Eastern Textile,MAT_0362,1341,832,2.98,2479.44,2026-03-03,2026-03-03,0,3
PO-00592,2026-01-26,Far Eastern Textile,MAT_0310,3422,3422,3.51,12027.6,2026-03-07,2026-03-07,0,5
PO-00941,2026-01-26,Toray Industries,MAT_0386,1649,1649,19.63,32364.52,2026-03-10,2026-03-10,0,4
PO-01784,2026-01-27,Zhejiang Paper,MAT_0347,3108,3108,0.07,221.33,2026-02-26,2026-02-27,1,4
PO-01916,2026-01-27,Crocs Inc (supplied),MAT_0253,1142,1142,9.77,11151.92,2026-02-23,2026-02-23,0,5
PO-01655,2026-01-27,Zecchetto Accessori,MAT_0356,1128,1128,0.94,1056.6,2026-02-06,2026-02-10,4,4
PO-01513,2026-01-27,Far Eastern Textile,MAT_0153,852,852,4.33,3685.73,2026-02-27,2026-02-27,0,5
PO-01094,2026-01-27,American & Efird,MAT_0442,799,799,7.16,5722.52,2026-02-24,2026-03-04,8,4
PO-01889,2026-01-28,Henkel AG,MAT_0250,279,279,23.45,6543.81,2026-02-06,2026-02-11,5,4
PO-01996,2026-01-28,Global Trim,MAT_0341,10897,10897,0.11,1207.69,2026-03-10,2026-03-11,1,4
PO-01337,2026-01-28,Gomma Padana,MAT_0113,847,847,12.18,10318.64,2026-02-12,2026-02-12,0,5
PO-00428,2026-01-28,Covestro AG,MAT_0006,811,811,9.34,7576.42,2026-02-05,2026-02-05,0,2
PO-01629,2026-01-28,Texon International,MAT_0084,756,756,3.26,2463.44,2026-02-17,2026-02-17,0,1
PO-00357,2026-01-29,Henkel AG,MAT_0226,248,248,18.62,4618.02,2026-02-13,2026-02-13,0,5
PO-00638,2026-01-29,Toray Composite,MAT_0103,199,199,37.73,7509.07,2026-03-20,2026-03-20,0,4
PO-01344,2026-01-29,Toray Industries,MAT_0374,719,719,17.43,12531.17,2026-03-22,2026-03-22,0,4
PO-01043,2026-01-29,Global Trim,MAT_0046,7142,7142,0.1,712.26,2026-03-04,2026-03-04,0,5
PO-00985,2026-01-29,NXP Semiconductors,MAT_0402,2191,2191,0.5,1095.68,2026-02-14,2026-02-14,0,4
PO-00933,2026-01-30,Gomma Padana,MAT_0140,1512,1512,14.17,21421.3,2026-02-12,2026-02-16,4,5
PO-01731,2026-01-30,Toray Composite,MAT_0369,122,122,43.5,5307.33,2026-03-09,2026-03-09,0,2
PO-00850,2026-01-30,Covestro AG,MAT_0323,747,747,10.75,8030.67,2026-02-11,2026-02-14,3,5
PO-00399,2026-01-30,Covestro AG,MAT_0166,332,332,8.88,2946.69,2026-02-07,2026-02-07,0,4
PO-01205,2026-01-30,NXP Semiconductors,MAT_0486,1842,1842,0.4,731.88,2026-02-09,2026-02-09,0,4
PO-00244,2026-01-30,Toray Industries,MAT_0096,1005,1005,20.23,20328.93,2026-03-17,2026-03-17,0,1
PO-00570,2026-01-31,Crocs Inc (supplied),MAT_0208,443,443,9.86,4367.13,2026-03-06,2026-03-06,0,4
PO-00909,2026-01-31,Covestro AG,MAT_0182,276,276,10.24,2826.84,2026-02-10,2026-02-14,4,5
PO-00386,2026-01-31,Toray Industries,MAT_0173,823,823,18.67,15364.28,2026-03-10,2026-03-10,0,5
PO-01932,2026-01-31,American & Efird,MAT_0388,334,334,6.68,2230.65,2026-02-25,2026-02-25,0,2
PO-00863,2026-01-31,Foam Italia,MAT_0275,1889,1889,3.58,6761.32,2026-02-09,2026-02-09,0,5
PO-01418,2026-01-31,Zhejiang Paper,MAT_0305,2814,2814,0.09,249.79,2026-03-07,2026-03-11,4,5
PO-00264,2026-01-31,American & Efird,MAT_0155,522,522,6.95,3626.41,2026-03-08,2026-03-08,0,4
PO-00350,2026-01-31,Foam Italia,MAT_0102,360,360,4.52,1626.4,2026-02-13,2026-02-13,0,4
PO-00590,2026-01-31,Toray Composite,MAT_0159,128,128,48.75,6240.37,2026-03-18,2026-03-18,0,4
PO-00451,2026-02-01,Karteks Banja Luka,MAT_0417,10728,10728,0.62,6662.17,2026-02-03,2026-02-06,3,5
PO-01466,2026-02-01,Crocs Inc (supplied),MAT_0063,1560,1560,9.3,14505.57,2026-03-09,2026-03-09,0,5
PO-01460,2026-02-01,Toray Composite,MAT_0295,219,219,38.46,8423.08,2026-03-19,2026-03-19,0,4
PO-00611,2026-02-01,Coats Group,MAT_0104,1065,1065,7.13,7588.42,2026-02-21,2026-02-21,0,5
PO-00732,2026-02-01,Gomma Padana,MAT_0376,1132,1132,14.35,16241.33,2026-02-16,2026-02-16,0,5
PO-01331,2026-02-01,Zhejiang Paper,MAT_0430,8287,8287,0.09,736.15,2026-03-09,2026-03-11,2,4
PO-01551,2026-02-02,Covestro AG,MAT_0215,551,551,8.87,4890.09,2026-02-09,2026-02-09,0,5
PO-00144,2026-02-02,Shenzhen Minghui,MAT_0148,5826,5826,0.03,174.56,2026-03-05,2026-03-05,0,5
PO-01304,2026-02-02,Henkel AG,MAT_0152,97,97,15.46,1499.34,2026-02-14,2026-02-14,0,5
PO-01985,2026-02-02,Texon International,MAT_0354,341,293,3.53,1033.97,2026-02-18,2026-02-18,0,4
PO-00953,2026-02-02,Henkel AG,MAT_0276,893,893,15.45,13795.69,2026-02-14,2026-02-14,0,1
PO-01604,2026-02-03,Shenzhen Minghui,MAT_0148,7628,7628,0.03,223.15,2026-03-06,2026-03-06,0,5
PO-01026,2026-02-03,Texon International,MAT_0248,599,599,2.94,1762.38,2026-02-15,2026-02-15,0,4
PO-00241,2026-02-03,NXP Semiconductors,MAT_0486,1248,1248,0.39,489.97,2026-02-13,2026-02-13,0,2
PO-01809,2026-02-03,Henkel AG,MAT_0043,493,493,17.3,8527.35,2026-02-10,2026-02-10,0,2
PO-01741,2026-02-04,Shenzhen Minghui,MAT_0148,15698,15698,0.03,459.65,2026-03-07,2026-03-07,0,4
PO-00802,2026-02-04,Far Eastern Textile,MAT_0044,1264,1264,3.58,4519.46,2026-03-21,2026-03-21,0,4
PO-01023,2026-02-04,Foam Italia,MAT_0298,2571,2571,3.92,10070.76,2026-02-18,2026-02-18,0,3
PO-01136,2026-02-04,Coats Group,MAT_0075,805,805,6.14,4945.77,2026-02-23,2026-02-23,0,3
PO-01591,2026-02-04,NXP Semiconductors,MAT_0402,4766,4766,0.48,2296.86,2026-02-20,2026-02-20,0,4
PO-00987,2026-02-04,American & Efird,MAT_0124,535,535,7.43,3972.63,2026-03-13,2026-03-13,0,5
PO-00191,2026-02-04,Gomma Padana,MAT_0140,1462,1462,13.66,19976.91,2026-02-17,2026-02-21,4,4
PO-00486,2026-02-04,Zecchetto Accessori,MAT_0401,3043,3043,0.9,2738.41,2026-02-12,2026-02-12,0,4
PO-01088,2026-02-04,Covestro AG,MAT_0277,596,596,9.85,5869.29,2026-02-18,2026-02-18,0,5
PO-01514,2026-02-04,Texon International,MAT_0024,2194,2194,2.78,6097.91,2026-02-19,2026-02-19,0,5
PO-01885,2026-02-04,Covestro AG,MAT_0053,334,334,10.07,3364.22,2026-02-17,2026-02-17,0,4
PO-00743,2026-02-05,Toray Composite,MAT_0159,106,106,48.89,5182.38,2026-03-23,2026-03-23,0,2
PO-00962,2026-02-05,NXP Semiconductors,MAT_0486,2589,2589,0.39,1017.02,2026-02-15,2026-02-15,0,5
PO-01455,2026-02-05,Karteks Banja Luka,MAT_0421,2748,2748,0.71,1945.95,2026-02-07,2026-02-07,0,4
PO-00784,2026-02-05,Far Eastern Textile,MAT_0199,804,804,3.21,2583.89,2026-03-20,2026-03-21,1,2
PO-00168,2026-02-05,Karteks Banja Luka,MAT_0074,1794,1794,0.55,981.24,2026-02-09,2026-02-09,0,3
PO-00780,2026-02-06,Shenzhen Minghui,MAT_0148,17474,17474,0.03,529.75,2026-03-09,2026-03-09,0,2
PO-01708,2026-02-06,Covestro AG,MAT_0246,155,155,10.75,1665.56,2026-02-19,2026-02-23,4,3
PO-00147,2026-02-06,Karteks Banja Luka,MAT_0123,1246,1246,0.62,772.55,2026-02-10,2026-02-10,0,4
PO-01374,2026-02-07,Toray Composite,MAT_0180,220,220,53.47,11762.88,2026-03-17,2026-03-17,0,4
PO-01664,2026-02-07,Coats Group,MAT_0462,424,424,6.71,2844.84,2026-02-21,2026-02-27,6,5
PO-01744,2026-02-07,Covestro AG,MAT_0444,411,411,10.41,4278.47,2026-02-22,2026-02-22,0,5
PO-00876,2026-02-07,Covestro AG,MAT_0242,124,124,10.84,1344.31,2026-02-21,2026-02-21,0,5
PO-00689,2026-02-08,American & Efird,MAT_0124,366,366,7.47,2734.12,2026-03-17,2026-03-17,0,5
PO-01929,2026-02-08,Zecchetto Accessori,MAT_0111,1093,1093,1.04,1132.2,2026-02-21,2026-02-21,0,3
PO-00617,2026-02-08,Shenzhen Minghui,MAT_0148,6797,6797,0.03,202.53,2026-03-11,2026-03-11,0,5
PO-00400,2026-02-08,Toray Industries,MAT_0383,594,594,16.84,10004.76,2026-03-17,2026-03-17,0,3
PO-01150,2026-02-08,Texon International,MAT_0135,1017,1017,2.99,3040.89,2026-02-23,2026-02-23,0,3
PO-01066,2026-02-09,Coats Group,MAT_0045,328,328,5.41,1774.65,2026-02-21,2026-02-21,0,5
PO-01787,2026-02-09,Far Eastern Textile,MAT_0168,3547,3547,4.48,15889.24,2026-03-13,2026-03-13,0,5
PO-01821,2026-02-09,American & Efird,MAT_0290,1080,1080,6.06,6548.4,2026-03-13,2026-03-13,0,5
PO-01947,2026-02-09,American & Efird,MAT_0109,700,700,5.52,3863.36,2026-03-17,2026-03-17,0,5
PO-01813,2026-02-10,Toray Composite,MAT_0216,125,107,38.68,4138.32,2026-03-31,2026-03-31,0,3
PO-01177,2026-02-10,Gomma Padana,MAT_0190,570,570,13.42,7650.12,2026-02-24,2026-02-24,0,4
PO-00011,2026-02-10,Henkel AG,MAT_0051,1032,1032,17.16,17705.38,2026-02-23,2026-02-25,2,4
PO-00692,2026-02-10,Gomma Padana,MAT_0231,547,365,12.6,4598.45,2026-02-20,2026-02-20,0,5
PO-00914,2026-02-10,Foam Italia,MAT_0222,1742,1742,5.05,8789.34,2026-02-19,2026-02-22,3,4
PO-00180,2026-02-10,NXP Semiconductors,MAT_0479,2168,2168,0.45,982.07,2026-02-18,2026-02-19,1,5
PO-01317,2026-02-10,Gomma Padana,MAT_0376,468,468,13.7,6412.65,2026-02-25,2026-02-25,0,4
PO-01186,2026-02-11,Crocs Inc (supplied),MAT_0233,527,527,8.94,4712.34,2026-03-23,2026-03-23,0,5
PO-01826,2026-02-11,Gomma Padana,MAT_0113,1160,1160,12.12,14055.36,2026-02-26,2026-03-04,6,5
PO-01883,2026-02-11,Gomma Padana,MAT_0306,1295,1295,11.42,14790.32,2026-02-26,2026-02-26,0,5
PO-00482,2026-02-11,Henkel AG,MAT_0014,497,497,23.07,11464.21,2026-02-25,2026-02-25,0,4
PO-01199,2026-02-11,Crocs Inc (supplied),MAT_0233,351,351,8.76,3074.47,2026-03-23,2026-04-12,20,5
PO-01900,2026-02-11,Covestro AG,MAT_0279,605,605,8.96,5419.75,2026-02-21,2026-02-21,0,5
PO-01522,2026-02-11,Foam Italia,MAT_0005,1854,1854,5.2,9634.55,2026-02-19,2026-02-19,0,4
PO-00037,2026-02-11,Zhejiang Paper,MAT_0201,9450,9450,0.1,956.55,2026-03-19,2026-03-19,0,3
PO-01639,2026-02-11,Foam Italia,MAT_0089,1090,1090,3.26,3554.82,2026-02-18,2026-02-18,0,5
PO-01239,2026-02-12,Crocs Inc (supplied),MAT_0233,1118,1118,9.03,10090.66,2026-03-24,2026-03-24,0,5
PO-01751,2026-02-12,Henkel AG,MAT_0250,87,87,23.9,2079.05,2026-02-21,2026-02-22,1,3
PO-00917,2026-02-12,NXP Semiconductors,MAT_0073,5828,5828,0.47,2733.88,2026-02-26,2026-02-26,0,3
PO-00840,2026-02-12,Global Trim,MAT_0046,1917,1917,0.1,186.19,2026-03-18,2026-03-24,6,4
PO-00307,2026-02-13,Zecchetto Accessori,MAT_0411,838,838,0.95,792.19,2026-03-01,2026-03-08,7,5
PO-01214,2026-02-13,Gomma Padana,MAT_0097,698,698,12.7,8861.14,2026-02-26,2026-02-26,0,4
PO-00174,2026-02-13,Texon International,MAT_0084,1630,1630,3.3,5382.21,2026-03-05,2026-03-05,0,5
PO-00545,2026-02-13,Henkel AG,MAT_0321,869,869,23.07,20051.64,2026-02-24,2026-02-24,0,5
PO-00990,2026-02-13,Karteks Banja Luka,MAT_0040,3775,3775,0.75,2844.16,2026-02-18,2026-03-05,15,4
PO-01056,2026-02-13,Global Trim,MAT_0016,15317,15317,0.12,1811.92,2026-03-22,2026-03-22,0,5
PO-00890,2026-02-13,NXP Semiconductors,MAT_0415,5184,5184,0.5,2596.58,2026-02-27,2026-02-27,0,5
PO-00903,2026-02-13,Foam Italia,MAT_0336,963,963,4.91,4729.15,2026-03-03,2026-03-03,0,4
PO-01117,2026-02-13,Gomma Padana,MAT_0210,482,482,15.43,7439.0,2026-02-21,2026-02-21,0,4
PO-00046,2026-02-14,Henkel AG,MAT_0363,748,748,25.06,18743.92,2026-02-22,2026-02-22,0,4
PO-01126,2026-02-14,Covestro AG,MAT_0165,889,889,10.26,9122.13,2026-02-27,2026-02-27,0,4
PO-00062,2026-02-14,Texon International,MAT_0084,2352,2014,3.32,6693.65,2026-03-06,2026-03-06,0,2
PO-00789,2026-02-14,Global Trim,MAT_0341,5205,4659,0.11,516.36,2026-03-27,2026-03-27,0,4
PO-00473,2026-02-14,Texon International,MAT_0449,1104,1104,4.0,4415.32,2026-03-07,2026-03-07,0,5
PO-01207,2026-02-15,Shenzhen Minghui,MAT_0329,19372,19372,0.03,576.46,2026-03-30,2026-04-10,11,2
PO-01070,2026-02-15,Toray Industries,MAT_0243,731,731,18.13,13251.67,2026-03-29,2026-03-29,0,5
PO-01484,2026-02-15,Far Eastern Textile,MAT_0378,2670,2670,3.28,8745.6,2026-04-01,2026-04-01,0,4
PO-01976,2026-02-15,American & Efird,MAT_0442,1679,1679,7.04,11824.06,2026-03-15,2026-03-15,0,4
PO-00639,2026-02-15,Henkel AG,MAT_0343,554,554,24.63,13643.02,2026-02-24,2026-02-24,0,5
PO-00930,2026-02-15,Coats Group,MAT_0462,288,288,6.5,1871.52,2026-03-01,2026-03-06,5,4
PO-00756,2026-02-15,Coats Group,MAT_0075,229,211,6.37,1344.46,2026-03-06,2026-03-07,1,4
PO-00335,2026-02-15,Karteks Banja Luka,MAT_0421,2304,2304,0.71,1645.69,2026-02-17,2026-02-17,0,3
PO-00997,2026-02-16,Covestro AG,MAT_0351,579,579,10.31,5970.12,2026-03-01,2026-03-01,0,5
PO-01596,2026-02-16,Karteks Banja Luka,MAT_0220,7788,7788,0.68,5287.74,2026-02-19,2026-02-21,2,4
PO-00740,2026-02-16,American & Efird,MAT_0207,193,193,6.31,1218.02,2026-03-26,2026-03-26,0,4
PO-00513,2026-02-17,Gomma Padana,MAT_0010,961,588,12.08,7104.13,2026-03-01,2026-03-01,0,5
PO-00694,2026-02-17,Gomma Padana,MAT_0131,1267,1267,13.34,16902.75,2026-02-26,2026-02-26,0,5
PO-00919,2026-02-17,Zhejiang Paper,MAT_0430,13835,13835,0.09,1277.77,2026-03-25,2026-03-28,3,5
PO-00562,2026-02-17,Crocs Inc (supplied),MAT_0122,538,538,7.7,4143.51,2026-03-17,2026-03-17,0,3
PO-01212,2026-02-17,Shenzhen Minghui,MAT_0052,20936,20936,0.03,633.55,2026-03-19,2026-03-19,0,5
PO-01548,2026-02-17,Global Trim,MAT_0041,10122,10122,0.14,1402.97,2026-03-25,2026-03-25,0,2
PO-01208,2026-02-17,Toray Industries,MAT_0302,773,773,17.76,13732.06,2026-04-09,2026-04-09,0,5
PO-01797,2026-02-18,Shenzhen Minghui,MAT_0439,21694,21694,0.04,862.21,2026-03-26,2026-03-27,1,3
PO-00220,2026-02-18,Crocs Inc (supplied),MAT_0122,694,694,7.7,5344.79,2026-03-18,2026-03-18,0,5
PO-00208,2026-02-18,Foam Italia,MAT_0085,772,772,5.84,4511.23,2026-03-04,2026-03-04,0,4
PO-00645,2026-02-18,Henkel AG,MAT_0043,423,423,17.31,7323.71,2026-02-25,2026-02-25,0,5
PO-00203,2026-02-18,NXP Semiconductors,MAT_0092,3607,3607,0.49,1771.98,2026-03-03,2026-03-03,0,4
PO-01351,2026-02-19,Zecchetto Accessori,MAT_0405,5308,5308,0.88,4691.04,2026-03-04,2026-03-05,1,4
PO-01679,2026-02-19,Zhejiang Paper,MAT_0305,2727,2727,0.09,250.07,2026-03-26,2026-03-26,0,3
PO-01781,2026-02-20,Zecchetto Accessori,MAT_0437,2043,2043,1.06,2174.95,2026-02-27,2026-02-28,1,3
PO-00940,2026-02-20,NXP Semiconductors,MAT_0436,1288,1288,0.5,642.11,2026-03-06,2026-03-06,0,5
PO-00702,2026-02-21,Toray Composite,MAT_0372,203,203,40.52,8225.18,2026-03-30,2026-03-30,0,2
PO-01370,2026-02-21,Gomma Padana,MAT_0113,2060,2060,11.62,23947.39,2026-03-08,2026-03-08,0,4
PO-01429,2026-02-22,Foam Italia,MAT_0005,1237,1237,5.2,6431.27,2026-03-02,2026-03-02,0,4
PO-00625,2026-02-22,Covestro AG,MAT_0423,214,214,10.56,2260.87,2026-03-02,2026-03-02,0,5
PO-01282,2026-02-22,Foam Italia,MAT_0198,2496,2496,3.88,9684.1,2026-03-06,2026-03-07,1,2
PO-01392,2026-02-22,Zecchetto Accessori,MAT_0142,782,782,0.77,600.56,2026-03-09,2026-03-09,0,4
PO-01817,2026-02-22,Texon International,MAT_0076,746,746,3.51,2620.59,2026-03-07,2026-03-13,6,4
PO-01005,2026-02-22,Coats Group,MAT_0058,799,542,5.12,2776.98,2026-03-06,2026-03-06,0,3
PO-01537,2026-02-23,Zhejiang Paper,MAT_0172,4457,2952,0.09,270.61,2026-03-26,2026-03-26,0,4
PO-00210,2026-02-23,Texon International,MAT_0116,1525,1525,2.43,3706.79,2026-03-14,2026-03-14,0,5
PO-01160,2026-02-24,Far Eastern Textile,MAT_0457,2422,2422,4.14,10031.72,2026-03-29,2026-03-31,2,4
PO-01811,2026-02-24,Karteks Banja Luka,MAT_0445,6722,6722,0.7,4722.95,2026-02-27,2026-02-27,0,4
PO-00443,2026-02-24,Henkel AG,MAT_0179,633,633,14.28,9039.63,2026-03-04,2026-03-04,0,4
PO-01251,2026-02-24,Texon International,MAT_0248,2783,2783,2.92,8119.09,2026-03-08,2026-03-08,0,4
PO-01110,2026-02-24,Crocs Inc (supplied),MAT_0237,1445,1445,8.99,12996.2,2026-04-01,2026-04-02,1,4
PO-01576,2026-02-24,Karteks Banja Luka,MAT_0034,1713,1713,0.82,1400.57,2026-02-27,2026-02-27,0,5
PO-00345,2026-02-24,Zhejiang Paper,MAT_0172,4361,4361,0.09,390.86,2026-03-27,2026-03-27,0,2
PO-01305,2026-02-25,Zhejiang Paper,MAT_0430,13481,13481,0.09,1228.95,2026-04-02,2026-04-02,0,5
PO-01745,2026-02-25,Shenzhen Minghui,MAT_0052,19330,19330,0.03,586.65,2026-03-27,2026-03-27,0,5
PO-00658,2026-02-25,Foam Italia,MAT_0117,796,796,3.66,2917.07,2026-03-15,2026-03-15,0,3
PO-01435,2026-02-25,Global Trim,MAT_0314,9874,9874,0.12,1205.2,2026-04-08,2026-04-10,2,5
PO-01296,2026-02-25,Toray Composite,MAT_0295,406,406,39.22,15923.57,2026-04-12,2026-04-13,1,5
PO-00389,2026-02-25,Coats Group,MAT_0269,283,248,5.9,1463.9,2026-03-12,2026-03-12,0,4
PO-00529,2026-02-25,Foam Italia,MAT_0309,2427,2427,4.67,11336.72,2026-03-06,2026-03-11,5,5
PO-01926,2026-02-25,Karteks Banja Luka,MAT_0067,5750,5750,0.74,4279.35,2026-02-28,2026-02-28,0,3
PO-01001,2026-02-25,Zhejiang Paper,MAT_0305,3564,3564,0.09,316.81,2026-04-01,2026-04-01,0,2
PO-01242,2026-02-25,Karteks Banja Luka,MAT_0163,5536,5536,0.54,3011.85,2026-02-28,2026-02-28,0,5
PO-00644,2026-02-25,Texon International,MAT_0127,1431,1431,3.02,4323.49,2026-03-08,2026-03-08,0,4
PO-00047,2026-02-26,Toray Composite,MAT_0180,203,203,54.04,10970.78,2026-04-05,2026-04-27,22,5
PO-00494,2026-02-26,Toray Industries,MAT_0224,462,462,16.95,7829.53,2026-04-10,2026-04-10,0,4
PO-01048,2026-02-26,American & Efird,MAT_0420,527,527,6.61,3481.92,2026-04-04,2026-04-04,0,4
PO-01401,2026-02-26,Toray Industries,MAT_0188,1710,1710,18.67,31922.14,2026-04-17,2026-04-17,0,2
PO-00027,2026-02-26,Far Eastern Textile,MAT_0230,1526,1526,3.8,5797.81,2026-04-08,2026-04-08,0,4
PO-01033,2026-02-26,Zhejiang Paper,MAT_0347,4456,4456,0.07,308.84,2026-03-28,2026-03-28,0,5
PO-01668,2026-02-26,Gomma Padana,MAT_0113,1933,1933,12.03,23249.77,2026-03-13,2026-03-13,0,5
PO-00236,2026-02-27,Crocs Inc (supplied),MAT_0147,257,257,9.68,2488.81,2026-03-28,2026-03-28,0,5
PO-00407,2026-02-27,Coats Group,MAT_0485,488,488,6.14,2994.63,2026-03-19,2026-03-19,0,4
PO-00525,2026-02-27,Toray Industries,MAT_0324,1253,1253,21.48,26910.97,2026-04-23,2026-04-23,0,4
PO-01362,2026-02-27,American & Efird,MAT_0442,1194,1194,6.98,8333.0,2026-03-27,2026-03-27,0,4
PO-00485,2026-02-27,Zhejiang Paper,MAT_0494,7247,7247,0.08,572.96,2026-04-03,2026-04-03,0,4
PO-00489,2026-02-27,Toray Composite,MAT_0012,453,453,45.44,20584.23,2026-04-19,2026-04-19,0,5
PO-01065,2026-02-27,Shenzhen Minghui,MAT_0406,20491,20491,0.03,618.02,2026-04-06,2026-04-06,0,4
PO-00110,2026-02-27,Zhejiang Paper,MAT_0494,11148,11148,0.08,900.43,2026-04-03,2026-04-03,0,5
