date,shift,line_id,brand,model_name,planned_qty,actual_qty,defect_qty,downtime_minutes,changeover_minutes,operator_count,machine_id,oee_score
2025-03-03,1,L1,Nike,Dunk Low Textile Upper,213,185,7,2,0,4,SHIMA_03,0.8367
2025-03-03,2,L1,Nike,Pegasus 3D Knit Collar,242,207,11,18,11,7,SHIMA_01,0.8103
2025-03-03,3,L1,Nike,Vaporfly Engineered Mesh,139,127,9,14,0,4,SHIMA_03,0.8492
2025-03-03,1,L2,Nike,Pegasus 3D Knit Collar,205,187,16,7,0,4,SHIMA_04,0.8359
2025-03-03,2,L2,Nike,Pegasus 3D Knit Collar,195,147,16,16,87,5,SHIMA_05,0.672
2025-03-03,3,L2,Nike,ZoomX Carbon Plate Insert,141,122,13,25,0,7,SHIMA_04,0.7739
2025-03-03,1,L3,Nike,Dunk Low Textile Upper,193,125,3,118,0,10,STITCH_01,0.6369
2025-03-03,2,L3,Nike,Pegasus 3D Knit Collar,210,177,5,27,0,12,SOLE_01,0.8217
2025-03-03,3,L3,Nike,Vaporfly Engineered Mesh,140,133,13,3,0,10,SOLE_01,0.8583
2025-03-03,1,L4,Crocs,Classic Clog Strap Assembly,223,133,9,163,0,12,SOLE_02,0.5589
2025-03-03,2,L4,Crocs,Classic Clog Strap Assembly,217,208,12,4,0,11,SOLE_02,0.9033
2025-03-03,3,L4,Crocs,LiteRide Insole Unit,154,127,4,24,0,8,STITCH_04,0.8006
2025-03-03,1,L5,Crocs,Classic Clog Strap Assembly,168,102,2,137,0,11,SOLE_02,0.5963
2025-03-03,2,L5,Crocs,Classic Clog Strap Assembly,163,106,3,83,65,8,STITCH_05,0.637
2025-03-03,3,L5,Decathlon,Quechua Hiking Upper,102,82,8,27,21,11,SOLE_02,0.7341
2025-03-03,1,L6,Decathlon,Kalenji Trail Sole Unit,175,123,3,16,76,10,SHIMA_08,0.6866
2025-03-03,2,L6,Decathlon,Kiprun Carbon Plate,193,160,9,6,0,7,SHIMA_08,0.7845
2025-03-03,3,L6,Decathlon,Kalenji Trail Sole Unit,132,108,4,16,0,6,SHIMA_07,0.7936
2025-03-03,1,L7,Decathlon,Quechua Hiking Upper,148,124,7,18,0,8,SHIMA_09,0.7958
2025-03-03,2,L7,Decathlon,Kalenji Trail Sole Unit,163,143,6,23,0,6,STITCH_07,0.8408
2025-03-03,3,L7,Nike,Pegasus 3D Knit Collar,105,73,5,19,66,8,STITCH_08,0.6548
2025-03-03,1,L8,Crocs,Bayaband Slide Upper,184,181,8,7,0,8,SOLE_03,0.9419
2025-03-03,2,L8,Decathlon,Quechua Hiking Upper,194,139,2,14,67,5,SOLE_03,0.7069
2025-03-03,3,L8,Decathlon,Quechua Hiking Upper,104,97,5,26,0,6,SOLE_03,0.8928
2025-03-04,1,L1,Nike,Dunk Low Textile Upper,245,212,13,8,0,6,SHIMA_01,0.8131
2025-03-04,2,L1,Nike,Pegasus 3D Knit Collar,230,205,16,26,0,4,SHIMA_03,0.8238
2025-03-04,1,L2,Crocs,Classic Clog Strap Assembly,200,112,2,161,15,6,SHIMA_05,0.5509
2025-03-04,2,L2,Nike,Pegasus 3D Knit Collar,186,144,13,9,88,5,SHIMA_06,0.7061
2025-03-04,1,L3,Nike,Dunk Low Textile Upper,176,155,13,8,0,10,STITCH_01,0.8086
2025-03-04,2,L3,Nike,Dunk Low Textile Upper,186,157,8,9,0,12,STITCH_02,0.8016
2025-03-04,1,L4,Crocs,Classic Clog Strap Assembly,195,162,9,4,53,12,STITCH_03,0.7892
2025-03-04,2,L4,Crocs,Bayaband Slide Upper,214,183,3,12,38,11,STITCH_03,0.843
2025-03-04,1,L5,Crocs,LiteRide Insole Unit,173,155,4,2,0,12,STITCH_05,0.8738
2025-03-04,2,L5,Crocs,Classic Clog Strap Assembly,182,164,8,0,0,12,STITCH_06,0.862
2025-03-04,1,L6,Decathlon,Quechua Hiking Upper,143,129,7,19,0,6,SHIMA_07,0.8546
2025-03-04,2,L6,Decathlon,Kalenji Trail Sole Unit,140,106,4,19,31,10,STITCH_07,0.7325
2025-03-04,1,L7,Decathlon,Kalenji Trail Sole Unit,141,116,4,10,49,8,STITCH_08,0.7994
2025-03-04,2,L7,Decathlon,Kalenji Trail Sole Unit,154,147,11,5,0,9,SHIMA_09,0.8848
2025-03-04,1,L8,Decathlon,Kalenji Trail Sole Unit,169,133,9,22,0,6,SOLE_04,0.7364
2025-03-04,2,L8,Nike,Dunk Low Textile Upper,173,154,9,41,0,7,SOLE_03,0.839
2025-03-05,1,L1,Nike,Dunk Low Textile Upper,221,167,6,16,85,5,SHIMA_03,0.7318
2025-03-05,2,L1,Nike,Dunk Low Textile Upper,206,184,12,10,21,6,SHIMA_03,0.8372
2025-03-05,1,L2,Nike,Vaporfly Engineered Mesh,221,129,11,137,56,6,SHIMA_05,0.5346
2025-03-05,2,L2,Nike,ZoomX Carbon Plate Insert,250,209,11,11,0,4,SHIMA_06,0.7928
2025-03-05,1,L3,Nike,ZoomX Carbon Plate Insert,204,166,9,22,0,8,STITCH_01,0.7709
2025-03-05,2,L3,Nike,Pegasus 3D Knit Collar,219,199,19,1,0,10,STITCH_01,0.8227
2025-03-05,1,L4,Crocs,Classic Clog Strap Assembly,236,211,15,13,0,8,STITCH_03,0.8338
2025-03-05,2,L4,Decathlon,Quechua Hiking Upper,234,203,11,5,0,11,STITCH_03,0.8209
2025-03-05,1,L5,Decathlon,Quechua Hiking Upper,211,195,5,9,0,10,SOLE_02,0.901
2025-03-05,2,L5,Decathlon,Kalenji Trail Sole Unit,207,188,5,2,0,8,SOLE_02,0.888
2025-03-05,1,L6,Decathlon,Kalenji Trail Sole Unit,190,180,12,11,0,7,STITCH_07,0.8876
2025-03-05,2,L6,Crocs,Classic Clog Strap Assembly,168,159,8,24,0,10,STITCH_07,0.9022
2025-03-05,1,L7,Decathlon,Kalenji Trail Sole Unit,162,149,5,3,0,6,SHIMA_09,0.8902
2025-03-05,2,L7,Nike,Pegasus 3D Knit Collar,158,146,10,23,0,8,STITCH_08,0.865
2025-03-05,1,L8,Crocs,Bayaband Slide Upper,162,153,8,19,0,6,SOLE_03,0.8969
2025-03-05,2,L8,Crocs,LiteRide Insole Unit,156,133,8,27,0,8,SOLE_03,0.806
2025-03-06,1,L1,Crocs,LiteRide Insole Unit,243,239,11,7,0,4,SHIMA_01,0.9401
2025-03-06,2,L1,Nike,Vaporfly Engineered Mesh,219,188,14,13,0,7,SHIMA_03,0.7981
2025-03-06,3,L1,Crocs,Bayaband Slide Upper,141,114,5,5,13,4,SHIMA_03,0.7737
2025-03-06,1,L2,Nike,Air Max Flyknit Upper,177,153,5,3,0,5,SHIMA_05,0.8371
2025-03-06,2,L2,Crocs,Bayaband Slide Upper,176,77,4,212,57,7,SHIMA_04,0.4167
2025-03-06,3,L2,Nike,Pegasus 3D Knit Collar,122,87,8,61,64,5,SHIMA_04,0.654
2025-03-06,1,L3,Nike,Air Max Flyknit Upper,171,145,7,0,0,8,SOLE_01,0.8081
2025-03-06,2,L3,Nike,Pegasus 3D Knit Collar,166,153,11,14,0,11,SOLE_01,0.8583
2025-03-06,3,L3,Nike,ZoomX Carbon Plate Insert,97,83,9,7,0,12,STITCH_02,0.7666
2025-03-06,1,L4,Crocs,Bayaband Slide Upper,184,149,7,5,0,12,STITCH_04,0.7764
2025-03-06,2,L4,Crocs,LiteRide Insole Unit,207,175,13,24,23,10,SOLE_02,0.7843
2025-03-06,3,L4,Crocs,Classic Clog Strap Assembly,128,95,7,21,68,12,STITCH_04,0.688
2025-03-06,1,L5,Crocs,Bayaband Slide Upper,193,146,5,100,15,9,SOLE_02,0.7344
2025-03-06,2,L5,Crocs,Classic Clog Strap Assembly,191,134,3,129,0,12,STITCH_05,0.6891
2025-03-06,3,L5,Decathlon,Quechua Hiking Upper,147,127,8,28,15,12,STITCH_05,0.8133
2025-03-06,1,L6,Decathlon,Quechua Hiking Upper,174,150,6,24,0,10,STITCH_07,0.8304
2025-03-06,2,L6,Decathlon,Kiprun Carbon Plate,167,143,7,18,0,6,SHIMA_08,0.8183
2025-03-06,3,L6,Decathlon,Quechua Hiking Upper,121,88,4,18,85,9,SHIMA_07,0.6981
2025-03-06,1,L7,Decathlon,Quechua Hiking Upper,146,129,8,29,0,6,STITCH_07,0.8344
2025-03-06,2,L7,Decathlon,Quechua Hiking Upper,127,103,7,10,0,9,SHIMA_09,0.7568
2025-03-06,3,L7,Decathlon,Kalenji Trail Sole Unit,86,76,6,21,0,9,SHIMA_09,0.8224
2025-03-06,1,L8,Nike,Vaporfly Engineered Mesh,143,123,11,17,0,5,SOLE_04,0.7891
2025-03-06,2,L8,Nike,Air Max Flyknit Upper,140,106,3,17,83,5,SOLE_03,0.7409
2025-03-06,3,L8,Crocs,LiteRide Insole Unit,99,83,2,28,0,5,SOLE_03,0.8237
2025-03-07,1,L1,Nike,Vaporfly Engineered Mesh,206,198,5,1,0,6,SHIMA_03,0.9393
2025-03-07,2,L1,Crocs,LiteRide Insole Unit,209,187,4,14,0,6,SHIMA_02,0.877
2025-03-07,3,L1,Nike,ZoomX Carbon Plate Insert,121,83,4,95,0,4,SHIMA_02,0.6582
2025-03-07,1,L2,Nike,ZoomX Carbon Plate Insert,226,179,14,15,0,6,SHIMA_06,0.7329
2025-03-07,2,L2,Nike,Air Max Flyknit Upper,205,168,14,25,0,5,SHIMA_04,0.752
2025-03-07,3,L2,Nike,Vaporfly Engineered Mesh,134,74,9,100,70,4,SHIMA_06,0.4885
2025-03-07,1,L3,Nike,Dunk Low Textile Upper,202,164,9,7,50,10,STITCH_01,0.7701
2025-03-07,2,L3,Nike,Pegasus 3D Knit Collar,192,178,10,21,0,12,SOLE_01,0.8763
2025-03-07,3,L3,Nike,Pegasus 3D Knit Collar,118,93,12,22,0,9,SOLE_01,0.6911
2025-03-07,1,L4,Crocs,Bayaband Slide Upper,179,128,8,10,76,8,STITCH_04,0.6737
2025-03-07,2,L4,Crocs,LiteRide Insole Unit,166,164,7,3,0,8,STITCH_04,0.9513
2025-03-07,3,L4,Crocs,Classic Clog Strap Assembly,108,89,5,7,76,12,STITCH_04,0.7806
2025-03-07,1,L5,Nike,Pegasus 3D Knit Collar,188,150,11,14,42,12,STITCH_05,0.7412
2025-03-07,2,L5,Crocs,Bayaband Slide Upper,188,131,5,19,83,9,STITCH_06,0.6741
2025-03-07,3,L5,Crocs,LiteRide Insole Unit,123,100,9,2,0,10,SOLE_02,0.7439
2025-03-07,1,L6,Decathlon,Quechua Hiking Upper,186,134,7,28,48,8,SHIMA_08,0.6865
2025-03-07,2,L6,Nike,Vaporfly Engineered Mesh,182,153,8,18,0,10,SHIMA_07,0.7984
2025-03-07,3,L6,Decathlon,Kiprun Carbon Plate,123,100,7,23,0,8,STITCH_07,0.7624
2025-03-07,1,L7,Decathlon,Kalenji Trail Sole Unit,157,132,8,13,53,10,SHIMA_09,0.7935
2025-03-07,2,L7,Decathlon,Quechua Hiking Upper,175,137,8,19,0,7,SHIMA_09,0.7394
2025-03-07,3,L7,Decathlon,Quechua Hiking Upper,112,79,2,9,68,8,SHIMA_09,0.6918
2025-03-07,1,L8,Nike,Vaporfly Engineered Mesh,175,147,10,19,0,7,SOLE_04,0.787
2025-03-07,2,L8,Nike,ZoomX Carbon Plate Insert,174,146,12,16,0,6,SOLE_03,0.7721
2025-03-07,3,L8,Nike,Vaporfly Engineered Mesh,123,111,4,0,40,5,SOLE_04,0.8758
2025-03-10,1,L1,Nike,ZoomX Carbon Plate Insert,213,193,14,2,0,4,SHIMA_03,0.8408
2025-03-10,2,L1,Nike,ZoomX Carbon Plate Insert,209,151,9,1,89,7,SHIMA_02,0.6813
2025-03-10,1,L2,Nike,Vaporfly Engineered Mesh,204,172,18,5,0,4,SHIMA_05,0.7559
2025-03-10,2,L2,Nike,Vaporfly Engineered Mesh,205,198,18,1,0,6,SHIMA_05,0.8802
2025-03-10,1,L3,Decathlon,Kalenji Trail Sole Unit,172,137,9,22,0,12,SOLE_01,0.7469
2025-03-10,2,L3,Nike,Air Max Flyknit Upper,153,128,7,13,0,9,STITCH_02,0.7921
2025-03-10,1,L4,Crocs,Classic Clog Strap Assembly,180,163,3,8,10,9,STITCH_03,0.8923
2025-03-10,2,L4,Crocs,Classic Clog Strap Assembly,181,164,12,1,0,10,STITCH_03,0.8408
2025-03-10,1,L5,Crocs,Classic Clog Strap Assembly,185,153,4,15,0,8,STITCH_05,0.8074
2025-03-10,2,L5,Crocs,Classic Clog Strap Assembly,176,81,3,176,80,9,STITCH_06,0.4479
2025-03-10,1,L6,Decathlon,Kiprun Carbon Plate,198,118,3,146,0,10,STITCH_07,0.5821
2025-03-10,2,L6,Decathlon,Kalenji Trail Sole Unit,192,159,5,0,0,7,STITCH_07,0.8066
2025-03-10,1,L7,Crocs,Classic Clog Strap Assembly,152,149,4,5,0,9,SHIMA_09,0.9573
2025-03-10,2,L7,Decathlon,Kalenji Trail Sole Unit,144,143,11,1,0,9,STITCH_08,0.9204
2025-03-10,1,L8,Nike,Vaporfly Engineered Mesh,212,193,11,14,0,5,SOLE_03,0.8624
2025-03-10,2,L8,Nike,Air Max Flyknit Upper,218,165,6,24,77,7,SOLE_03,0.7302
2025-03-11,1,L1,Crocs,Classic Clog Strap Assembly,233,193,7,22,0,5,SHIMA_03,0.799
2025-03-11,2,L1,Nike,Air Max Flyknit Upper,215,190,7,16,0,4,SHIMA_01,0.8514
2025-03-11,1,L2,Nike,Pegasus 3D Knit Collar,189,144,13,3,83,5,SHIMA_06,0.6937
2025-03-11,2,L2,Nike,ZoomX Carbon Plate Insert,204,149,13,14,56,4,SHIMA_04,0.6708
2025-03-11,1,L3,Nike,Pegasus 3D Knit Collar,181,165,18,21,0,10,STITCH_02,0.8149
2025-03-11,2,L3,Nike,Air Max Flyknit Upper,182,154,8,0,0,9,STITCH_01,0.8048
2025-03-11,1,L4,Nike,Dunk Low Textile Upper,202,152,11,46,0,9,STITCH_04,0.6992
2025-03-11,2,L4,Nike,ZoomX Carbon Plate Insert,212,194,15,3,0,8,STITCH_03,0.8478
2025-03-11,1,L5,Decathlon,Quechua Hiking Upper,215,191,10,14,0,9,STITCH_06,0.8431
2025-03-11,2,L5,Nike,ZoomX Carbon Plate Insert,200,178,12,21,0,10,STITCH_06,0.8343
2025-03-11,1,L6,Decathlon,Kalenji Trail Sole Unit,158,144,5,1,11,6,STITCH_07,0.881
2025-03-11,2,L6,Nike,Vaporfly Engineered Mesh,159,109,11,12,77,9,STITCH_07,0.6165
2025-03-11,1,L7,Decathlon,Quechua Hiking Upper,142,115,6,17,41,9,SHIMA_09,0.7724
2025-03-11,2,L7,Decathlon,Kiprun Carbon Plate,144,132,8,6,0,8,STITCH_08,0.8644
2025-03-11,1,L8,Decathlon,Kiprun Carbon Plate,154,108,3,29,78,8,SOLE_04,0.6833
2025-03-11,2,L8,Crocs,Bayaband Slide Upper,146,126,5,2,0,7,SOLE_03,0.831
2025-03-12,1,L1,Nike,Pegasus 3D Knit Collar,199,183,7,9,0,7,SHIMA_03,0.8864
2025-03-12,2,L1,Nike,ZoomX Carbon Plate Insert,212,199,16,10,0,6,SHIMA_01,0.8657
2025-03-12,1,L2,Nike,Pegasus 3D Knit Collar,218,125,4,141,0,4,SHIMA_05,0.5573
2025-03-12,2,L2,Nike,Vaporfly Engineered Mesh,214,197,5,11,0,4,SHIMA_05,0.8976
2025-03-12,1,L3,Nike,Pegasus 3D Knit Collar,170,148,6,4,34,9,SOLE_01,0.836
2025-03-12,2,L3,Nike,Dunk Low Textile Upper,162,155,16,5,0,9,STITCH_02,0.8631
2025-03-12,1,L4,Crocs,Classic Clog Strap Assembly,230,187,11,20,0,12,SOLE_02,0.7666
2025-03-12,2,L4,Crocs,LiteRide Insole Unit,224,198,14,1,0,8,STITCH_04,0.8231
2025-03-12,1,L5,Crocs,LiteRide Insole Unit,181,168,12,27,0,10,STITCH_05,0.8632
2025-03-12,2,L5,Crocs,LiteRide Insole Unit,199,181,9,9,0,10,STITCH_06,0.8649
2025-03-12,1,L6,Decathlon,Kalenji Trail Sole Unit,162,151,8,2,0,6,STITCH_07,0.8856
2025-03-12,2,L6,Decathlon,Quechua Hiking Upper,158,130,4,24,21,9,SHIMA_08,0.8004
2025-03-12,1,L7,Decathlon,Quechua Hiking Upper,136,117,8,15,0,10,STITCH_08,0.8053
2025-03-12,2,L7,Decathlon,Kiprun Carbon Plate,147,64,3,226,0,10,STITCH_07,0.4173
2025-03-12,1,L8,Decathlon,Kiprun Carbon Plate,162,134,6,18,0,5,SOLE_04,0.7918
2025-03-12,2,L8,Nike,ZoomX Carbon Plate Insert,158,111,11,5,73,6,SOLE_04,0.6368
2025-03-13,1,L1,Nike,Vaporfly Engineered Mesh,233,188,8,24,0,5,SHIMA_01,0.7753
2025-03-13,2,L1,Crocs,Classic Clog Strap Assembly,232,221,13,9,0,4,SHIMA_02,0.9005
2025-03-13,1,L2,Nike,Pegasus 3D Knit Collar,243,197,6,22,0,6,SHIMA_04,0.7865
2025-03-13,2,L2,Nike,Vaporfly Engineered Mesh,223,176,13,18,21,5,SHIMA_05,0.7331
2025-03-13,1,L3,Nike,Vaporfly Engineered Mesh,197,163,17,24,0,11,SOLE_01,0.7436
2025-03-13,2,L3,Crocs,Bayaband Slide Upper,185,150,7,6,0,9,STITCH_01,0.773
2025-03-13,1,L4,Crocs,LiteRide Insole Unit,157,131,3,6,0,11,STITCH_04,0.8153
2025-03-13,2,L4,Crocs,LiteRide Insole Unit,174,172,5,1,0,8,SOLE_02,0.9651
2025-03-13,1,L5,Nike,Air Max Flyknit Upper,181,170,16,10,0,11,SOLE_02,0.8552
2025-03-13,2,L5,Nike,ZoomX Carbon Plate Insert,194,155,12,15,0,11,STITCH_05,0.7374
2025-03-13,1,L6,Nike,ZoomX Carbon Plate Insert,145,124,5,10,0,8,SHIMA_07,0.8229
2025-03-13,2,L6,Decathlon,Quechua Hiking Upper,150,131,5,23,0,9,STITCH_07,0.8416
2025-03-13,1,L7,Decathlon,Kiprun Carbon Plate,140,127,4,26,0,6,STITCH_08,0.8822
2025-03-13,2,L7,Nike,Vaporfly Engineered Mesh,145,135,9,28,0,6,STITCH_08,0.8711
2025-03-13,1,L8,Nike,Dunk Low Textile Upper,200,147,3,11,39,8,SOLE_04,0.7204
2025-03-13,2,L8,Decathlon,Kalenji Trail Sole Unit,184,132,7,13,61,8,SOLE_03,0.6809
2025-03-14,1,L1,Nike,Pegasus 3D Knit Collar,189,69,2,238,65,4,SHIMA_01,0.3581
2025-03-14,2,L1,Nike,ZoomX Carbon Plate Insert,213,185,9,29,0,7,SHIMA_01,0.8301
2025-03-14,3,L1,Nike,Dunk Low Textile Upper,147,129,16,5,0,5,SHIMA_03,0.7707
2025-03-14,1,L2,Nike,Vaporfly Engineered Mesh,210,144,9,84,0,4,SHIMA_04,0.6454
2025-03-14,2,L2,Nike,Dunk Low Textile Upper,241,190,15,38,0,7,SHIMA_05,0.7293
2025-03-14,3,L2,Nike,ZoomX Carbon Plate Insert,128,107,8,22,0,4,SHIMA_05,0.7782
2025-03-14,1,L3,Decathlon,Kalenji Trail Sole Unit,183,160,5,24,32,12,STITCH_01,0.8478
2025-03-14,2,L3,Nike,Vaporfly Engineered Mesh,181,129,11,18,51,12,STITCH_02,0.6556
2025-03-14,3,L3,Nike,Vaporfly Engineered Mesh,94,65,4,44,86,10,STITCH_01,0.6519
2025-03-14,1,L4,Crocs,Bayaband Slide Upper,233,184,8,16,0,11,SOLE_02,0.7591
2025-03-14,2,L4,Crocs,Classic Clog Strap Assembly,232,192,11,6,59,9,STITCH_03,0.7825
2025-03-14,3,L4,Crocs,LiteRide Insole Unit,140,87,5,129,48,11,STITCH_03,0.5883
2025-03-14,1,L5,Crocs,LiteRide Insole Unit,152,104,3,108,0,11,SOLE_02,0.6654
2025-03-14,2,L5,Crocs,Bayaband Slide Upper,158,69,5,238,0,11,STITCH_06,0.4068
2025-03-14,3,L5,Crocs,Classic Clog Strap Assembly,121,110,8,25,0,10,STITCH_06,0.8442
2025-03-14,1,L6,Decathlon,Kalenji Trail Sole Unit,177,170,5,3,0,8,SHIMA_07,0.9342
2025-03-14,2,L6,Decathlon,Quechua Hiking Upper,160,126,3,22,0,9,STITCH_07,0.7716
2025-03-14,3,L6,Decathlon,Kiprun Carbon Plate,115,107,5,24,0,8,SHIMA_08,0.8885
2025-03-14,1,L7,Decathlon,Quechua Hiking Upper,162,137,7,18,38,7,SHIMA_09,0.8062
2025-03-14,2,L7,Nike,Air Max Flyknit Upper,161,132,4,28,0,8,STITCH_08,0.7961
2025-03-14,3,L7,Decathlon,Kalenji Trail Sole Unit,117,100,8,17,0,10,STITCH_08,0.7887
2025-03-14,1,L8,Nike,Dunk Low Textile Upper,145,130,4,26,0,8,SOLE_04,0.8708
2025-03-14,2,L8,Crocs,LiteRide Insole Unit,155,138,3,8,0,6,SOLE_04,0.8712
2025-03-14,3,L8,Crocs,LiteRide Insole Unit,106,88,3,24,0,5,SOLE_04,0.8084
2025-03-17,1,L1,Nike,ZoomX Carbon Plate Insert,239,202,12,22,23,6,SHIMA_03,0.7953
2025-03-17,2,L1,Nike,Vaporfly Engineered Mesh,240,185,4,17,38,5,SHIMA_03,0.7566
2025-03-17,3,L1,Nike,Vaporfly Engineered Mesh,162,137,10,1,0,7,SHIMA_01,0.7881
2025-03-17,1,L2,Crocs,LiteRide Insole Unit,197,109,6,182,0,5,SHIMA_05,0.5242
2025-03-17,2,L2,Nike,ZoomX Carbon Plate Insert,185,145,4,19,0,7,SHIMA_04,0.7668
2025-03-17,3,L2,Nike,Pegasus 3D Knit Collar,119,104,4,25,22,6,SHIMA_05,0.8461
2025-03-17,1,L3,Nike,Pegasus 3D Knit Collar,165,130,7,16,0,8,SOLE_01,0.7479
2025-03-17,2,L3,Decathlon,Kalenji Trail Sole Unit,164,140,10,5,0,11,SOLE_01,0.7979
2025-03-17,3,L3,Nike,Pegasus 3D Knit Collar,101,91,7,7,0,9,STITCH_01,0.835
2025-03-17,1,L4,Nike,Air Max Flyknit Upper,184,162,6,6,0,8,STITCH_03,0.8481
2025-03-17,2,L4,Crocs,Bayaband Slide Upper,182,148,6,8,0,10,STITCH_03,0.7826
2025-03-17,3,L4,Crocs,Bayaband Slide Upper,98,87,3,9,0,12,STITCH_03,0.8619
2025-03-17,1,L5,Crocs,Bayaband Slide Upper,200,152,3,29,0,10,STITCH_05,0.7486
2025-03-17,2,L5,Crocs,Bayaband Slide Upper,201,161,7,13,0,10,STITCH_06,0.7686
2025-03-17,3,L5,Crocs,Classic Clog Strap Assembly,110,103,6,23,0,9,STITCH_05,0.8856
2025-03-17,1,L6,Decathlon,Kiprun Carbon Plate,166,129,2,26,50,10,STITCH_07,0.7667
2025-03-17,2,L6,Decathlon,Kalenji Trail Sole Unit,167,160,8,2,0,6,SHIMA_08,0.9136
2025-03-17,3,L6,Decathlon,Kalenji Trail Sole Unit,101,89,3,4,0,8,SHIMA_08,0.8544
2025-03-17,1,L7,Decathlon,Kalenji Trail Sole Unit,158,134,5,11,0,7,STITCH_08,0.8219
2025-03-17,2,L7,Decathlon,Kalenji Trail Sole Unit,147,121,8,19,0,9,STITCH_07,0.7692
2025-03-17,3,L7,Crocs,Classic Clog Strap Assembly,96,65,5,80,37,6,STITCH_08,0.6256
2025-03-17,1,L8,Nike,Dunk Low Textile Upper,150,117,9,29,0,8,SOLE_04,0.7219
2025-03-17,2,L8,Crocs,LiteRide Insole Unit,136,107,7,29,16,7,SOLE_03,0.7407
2025-03-17,3,L8,Nike,Vaporfly Engineered Mesh,89,83,10,19,0,5,SOLE_03,0.827
2025-03-18,1,L1,Nike,Vaporfly Engineered Mesh,248,184,11,11,40,6,SHIMA_03,0.6999
2025-03-18,2,L1,Nike,Pegasus 3D Knit Collar,230,170,13,25,82,6,SHIMA_02,0.6861
2025-03-18,1,L2,Nike,Air Max Flyknit Upper,206,187,6,3,0,7,SHIMA_06,0.8791
2025-03-18,2,L2,Nike,Vaporfly Engineered Mesh,206,165,17,8,0,4,SHIMA_04,0.7206
2025-03-18,1,L3,Crocs,Bayaband Slide Upper,204,138,7,80,0,9,SOLE_01,0.6442
2025-03-18,2,L3,Nike,ZoomX Carbon Plate Insert,204,157,16,3,82,8,STITCH_01,0.6942
2025-03-18,1,L4,Crocs,LiteRide Insole Unit,171,147,8,18,0,10,STITCH_04,0.8144
2025-03-18,2,L4,Crocs,Bayaband Slide Upper,169,151,8,3,0,9,SOLE_02,0.8503
2025-03-18,1,L5,Crocs,Bayaband Slide Upper,200,148,3,83,0,10,STITCH_06,0.7297
2025-03-18,2,L5,Decathlon,Kalenji Trail Sole Unit,186,158,5,5,0,12,STITCH_05,0.8268
2025-03-18,1,L6,Decathlon,Kiprun Carbon Plate,144,124,4,24,0,6,SHIMA_07,0.8352
2025-03-18,2,L6,Nike,Air Max Flyknit Upper,154,118,8,102,0,8,SHIMA_07,0.7192
2025-03-18,1,L7,Decathlon,Kalenji Trail Sole Unit,171,149,5,27,0,10,STITCH_07,0.8457
2025-03-18,2,L7,Decathlon,Kalenji Trail Sole Unit,188,168,10,1,14,7,SHIMA_09,0.844
2025-03-18,1,L8,Crocs,LiteRide Insole Unit,160,99,2,117,0,7,SOLE_03,0.6087
2025-03-18,2,L8,Nike,Dunk Low Textile Upper,170,145,5,26,0,7,SOLE_03,0.8277
2025-03-19,1,L1,Nike,Dunk Low Textile Upper,227,201,13,29,0,6,SHIMA_02,0.8299
2025-03-19,2,L1,Nike,Dunk Low Textile Upper,225,206,20,10,0,5,SHIMA_02,0.8275
2025-03-19,1,L2,Nike,Pegasus 3D Knit Collar,202,187,18,23,0,7,SHIMA_05,0.8401
2025-03-19,2,L2,Nike,Vaporfly Engineered Mesh,230,160,6,112,0,4,SHIMA_04,0.6702
2025-03-19,1,L3,Crocs,Bayaband Slide Upper,184,158,8,11,40,8,STITCH_01,0.8174
2025-03-19,2,L3,Nike,Pegasus 3D Knit Collar,182,126,9,20,48,11,STITCH_02,0.6479
2025-03-19,1,L4,Nike,Vaporfly Engineered Mesh,205,150,13,9,49,11,STITCH_04,0.6689
2025-03-19,2,L4,Crocs,LiteRide Insole Unit,215,186,8,8,0,11,STITCH_03,0.8321
2025-03-19,1,L5,Crocs,LiteRide Insole Unit,174,143,5,25,0,10,STITCH_05,0.7931
2025-03-19,2,L5,Crocs,Bayaband Slide Upper,175,155,4,16,0,10,STITCH_05,0.8681
2025-03-19,1,L6,Decathlon,Kiprun Carbon Plate,193,167,9,26,0,10,SHIMA_07,0.8229
2025-03-19,2,L6,Crocs,Classic Clog Strap Assembly,196,149,6,27,57,9,SHIMA_07,0.7328
2025-03-19,1,L7,Decathlon,Kalenji Trail Sole Unit,192,150,7,14,87,9,SHIMA_09,0.7485
2025-03-19,2,L7,Decathlon,Kiprun Carbon Plate,184,136,6,8,70,6,STITCH_07,0.7074
2025-03-19,1,L8,Crocs,Bayaband Slide Upper,216,176,4,17,0,8,SOLE_03,0.7984
2025-03-19,2,L8,Crocs,Classic Clog Strap Assembly,186,177,5,9,12,7,SOLE_04,0.9281
2025-03-20,1,L1,Nike,Pegasus 3D Knit Collar,206,172,14,19,0,5,SHIMA_02,0.7703
2025-03-20,2,L1,Decathlon,Quechua Hiking Upper,184,147,3,30,37,4,SHIMA_01,0.7856
2025-03-20,3,L1,Nike,Air Max Flyknit Upper,141,116,7,21,41,6,SHIMA_03,0.7773
2025-03-20,1,L2,Nike,ZoomX Carbon Plate Insert,211,191,8,2,0,6,SHIMA_04,0.8686
2025-03-20,2,L2,Nike,ZoomX Carbon Plate Insert,230,139,14,114,28,5,SHIMA_05,0.5464
2025-03-20,3,L2,Nike,Dunk Low Textile Upper,130,115,8,19,0,5,SHIMA_06,0.8278
2025-03-20,1,L3,Nike,Pegasus 3D Knit Collar,179,157,9,16,0,12,STITCH_02,0.8303
2025-03-20,2,L3,Nike,ZoomX Carbon Plate Insert,177,141,14,21,0,10,STITCH_01,0.7224
2025-03-20,3,L3,Nike,Air Max Flyknit Upper,101,88,11,23,0,8,SOLE_01,0.7701
2025-03-20,1,L4,Crocs,Classic Clog Strap Assembly,206,200,10,3,0,9,SOLE_02,0.9234
2025-03-20,2,L4,Crocs,Classic Clog Strap Assembly,229,167,7,28,64,10,STITCH_04,0.7007
2025-03-20,3,L4,Crocs,Bayaband Slide Upper,155,113,8,26,32,8,SOLE_02,0.6805
2025-03-20,1,L5,Crocs,Bayaband Slide Upper,186,131,6,105,0,9,STITCH_05,0.6754
2025-03-20,2,L5,Crocs,Classic Clog Strap Assembly,198,188,6,12,0,8,SOLE_02,0.9202
2025-03-20,3,L5,Crocs,LiteRide Insole Unit,141,121,4,22,41,10,STITCH_05,0.8323
2025-03-20,1,L6,Nike,ZoomX Carbon Plate Insert,161,113,4,26,39,9,SHIMA_08,0.683
2025-03-20,2,L6,Decathlon,Kalenji Trail Sole Unit,140,131,2,25,0,8,SHIMA_07,0.9282
2025-03-20,3,L6,Decathlon,Quechua Hiking Upper,94,83,4,28,0,9,SHIMA_07,0.8433
2025-03-20,1,L7,Decathlon,Quechua Hiking Upper,144,126,3,2,0,10,STITCH_07,0.8554
2025-03-20,2,L7,Decathlon,Kiprun Carbon Plate,135,117,8,0,61,6,SHIMA_09,0.8127
2025-03-20,3,L7,Decathlon,Kiprun Carbon Plate,91,70,6,6,81,7,SHIMA_09,0.7091
2025-03-20,1,L8,Nike,ZoomX Carbon Plate Insert,194,150,12,29,52,6,SOLE_04,0.7156
2025-03-20,2,L8,Nike,ZoomX Carbon Plate Insert,190,116,4,160,0,8,SOLE_03,0.5931
2025-03-20,3,L8,Nike,Vaporfly Engineered Mesh,143,127,10,28,0,6,SOLE_03,0.8244
2025-03-21,1,L1,Nike,Vaporfly Engineered Mesh,214,184,21,9,0,5,SHIMA_02,0.7626
2025-03-21,2,L1,Nike,Pegasus 3D Knit Collar,224,185,7,12,23,4,SHIMA_02,0.7985
2025-03-21,3,L1,Decathlon,Quechua Hiking Upper,132,99,5,19,60,6,SHIMA_03,0.7183
2025-03-21,1,L2,Nike,Dunk Low Textile Upper,214,167,16,5,11,4,SHIMA_04,0.7082
2025-03-21,2,L2,Decathlon,Kalenji Trail Sole Unit,229,214,8,11,0,5,SHIMA_05,0.9027
2025-03-21,3,L2,Nike,Vaporfly Engineered Mesh,145,120,14,14,10,6,SHIMA_05,0.7366
2025-03-21,1,L3,Nike,Vaporfly Engineered Mesh,205,192,6,0,0,10,STITCH_02,0.9086
2025-03-21,2,L3,Nike,Air Max Flyknit Upper,208,159,9,19,12,8,STITCH_01,0.7226
2025-03-21,3,L3,Nike,ZoomX Carbon Plate Insert,138,123,5,19,25,10,STITCH_01,0.8612
2025-03-21,1,L4,Nike,Air Max Flyknit Upper,169,153,9,8,0,10,STITCH_04,0.8533
2025-03-21,2,L4,Crocs,Classic Clog Strap Assembly,177,148,9,28,0,9,SOLE_02,0.7872
2025-03-21,3,L4,Crocs,Classic Clog Strap Assembly,133,106,8,8,0,10,STITCH_03,0.74
2025-03-21,1,L5,Crocs,Classic Clog Strap Assembly,178,74,3,203,68,11,SOLE_02,0.401
2025-03-21,2,L5,Crocs,Bayaband Slide Upper,174,155,3,12,20,8,STITCH_05,0.8771
2025-03-21,3,L5,Crocs,Classic Clog Strap Assembly,102,89,2,6,44,11,STITCH_06,0.8594
2025-03-21,1,L6,Decathlon,Kiprun Carbon Plate,159,135,8,12,0,8,SHIMA_07,0.7994
2025-03-21,2,L6,Crocs,Bayaband Slide Upper,160,133,7,29,0,6,STITCH_07,0.7877
2025-03-21,3,L6,Decathlon,Quechua Hiking Upper,103,72,5,86,0,6,SHIMA_08,0.6572
2025-03-21,1,L7,Decathlon,Kalenji Trail Sole Unit,141,127,5,3,0,6,STITCH_07,0.8665
2025-03-21,2,L7,Crocs,Bayaband Slide Upper,137,122,8,27,0,6,STITCH_07,0.8387
2025-03-21,3,L7,Nike,Air Max Flyknit Upper,76,67,6,19,19,6,SHIMA_09,0.8032
2025-03-21,1,L8,Nike,ZoomX Carbon Plate Insert,165,68,5,194,73,8,SOLE_04,0.3818
2025-03-21,2,L8,Decathlon,Kalenji Trail Sole Unit,174,164,11,1,0,5,SOLE_03,0.8835
2025-03-21,3,L8,Crocs,Bayaband Slide Upper,126,112,8,26,0,6,SOLE_04,0.8263
2025-03-24,1,L1,Nike,Vaporfly Engineered Mesh,233,154,10,27,63,6,SHIMA_02,0.6212
2025-03-24,2,L1,Nike,Air Max Flyknit Upper,221,157,10,12,72,4,SHIMA_01,0.6672
2025-03-24,1,L2,Nike,ZoomX Carbon Plate Insert,209,169,10,20,0,7,SHIMA_04,0.7634
2025-03-24,2,L2,Nike,Pegasus 3D Knit Collar,243,203,19,2,0,5,SHIMA_04,0.7607
2025-03-24,1,L3,Nike,Vaporfly Engineered Mesh,192,146,7,7,48,9,STITCH_01,0.7253
2025-03-24,2,L3,Nike,Dunk Low Textile Upper,189,152,11,8,57,9,SOLE_01,0.7461
2025-03-24,1,L4,Crocs,LiteRide Insole Unit,237,196,10,18,0,12,STITCH_03,0.7863
2025-03-24,2,L4,Crocs,Classic Clog Strap Assembly,209,166,11,6,0,11,STITCH_04,0.7458
2025-03-24,1,L5,Nike,Air Max Flyknit Upper,191,178,8,28,0,9,STITCH_05,0.8926
2025-03-24,2,L5,Crocs,LiteRide Insole Unit,203,190,4,22,0,8,STITCH_05,0.918
2025-03-24,1,L6,Decathlon,Kiprun Carbon Plate,206,160,9,29,53,10,SHIMA_07,0.7352
2025-03-24,2,L6,Crocs,Bayaband Slide Upper,182,147,5,0,27,8,STITCH_07,0.7848
2025-03-24,1,L7,Decathlon,Kalenji Trail Sole Unit,152,145,6,11,0,9,STITCH_07,0.9196
2025-03-24,2,L7,Decathlon,Quechua Hiking Upper,165,143,3,22,0,7,STITCH_07,0.8502
2025-03-24,1,L8,Decathlon,Kiprun Carbon Plate,157,120,8,27,0,6,SOLE_03,0.7173
2025-03-24,2,L8,Nike,ZoomX Carbon Plate Insert,169,163,5,13,0,6,SOLE_04,0.9354
2025-03-25,1,L1,Nike,Vaporfly Engineered Mesh,197,112,7,74,67,4,SHIMA_02,0.5361
2025-03-25,2,L1,Nike,Pegasus 3D Knit Collar,183,156,12,21,0,7,SHIMA_01,0.7903
2025-03-25,1,L2,Nike,Dunk Low Textile Upper,192,158,17,24,0,7,SHIMA_04,0.736
2025-03-25,2,L2,Nike,Pegasus 3D Knit Collar,195,157,14,9,0,4,SHIMA_06,0.7354
2025-03-25,1,L3,Crocs,Bayaband Slide Upper,208,167,10,0,46,11,SOLE_01,0.7552
2025-03-25,2,L3,Nike,Air Max Flyknit Upper,190,107,3,180,0,8,SOLE_01,0.5521
2025-03-25,1,L4,Crocs,LiteRide Insole Unit,200,164,5,3,51,10,STITCH_04,0.7978
2025-03-25,2,L4,Crocs,Bayaband Slide Upper,206,185,8,22,0,9,STITCH_03,0.8592
2025-03-25,1,L5,Crocs,LiteRide Insole Unit,216,152,6,15,58,9,STITCH_05,0.6764
2025-03-25,2,L5,Crocs,LiteRide Insole Unit,216,197,11,23,0,10,STITCH_05,0.8633
2025-03-25,1,L6,Decathlon,Kalenji Trail Sole Unit,152,138,8,21,0,6,SHIMA_07,0.8571
2025-03-25,2,L6,Decathlon,Kalenji Trail Sole Unit,147,108,7,89,0,6,STITCH_07,0.6917
2025-03-25,1,L7,Nike,Air Max Flyknit Upper,137,99,7,6,80,9,STITCH_08,0.6744
2025-03-25,2,L7,Decathlon,Quechua Hiking Upper,139,86,4,29,85,8,STITCH_08,0.5932
2025-03-25,1,L8,Crocs,Bayaband Slide Upper,165,128,4,19,0,6,SOLE_04,0.7528
2025-03-25,2,L8,Nike,ZoomX Carbon Plate Insert,171,129,12,16,71,7,SOLE_04,0.685
2025-03-26,1,L1,Nike,Dunk Low Textile Upper,233,220,23,5,0,6,SHIMA_03,0.8464
2025-03-26,2,L1,Nike,Pegasus 3D Knit Collar,225,190,15,22,0,7,SHIMA_01,0.7815
2025-03-26,1,L2,Nike,Pegasus 3D Knit Collar,192,168,11,21,0,6,SHIMA_05,0.8198
2025-03-26,2,L2,Nike,Air Max Flyknit Upper,213,195,9,7,0,7,SHIMA_05,0.8768
2025-03-26,1,L3,Nike,ZoomX Carbon Plate Insert,216,199,16,19,0,11,SOLE_01,0.8485
2025-03-26,2,L3,Nike,Air Max Flyknit Upper,219,212,20,7,0,9,STITCH_01,0.8768
2025-03-26,1,L4,Crocs,Bayaband Slide Upper,212,167,10,20,69,10,STITCH_03,0.7409
2025-03-26,2,L4,Crocs,Bayaband Slide Upper,232,188,4,25,0,12,SOLE_02,0.7933
2025-03-26,1,L5,Nike,Vaporfly Engineered Mesh,155,140,5,16,0,9,STITCH_05,0.8728
2025-03-26,2,L5,Crocs,Bayaband Slide Upper,171,152,6,0,0,10,SOLE_02,0.8541
2025-03-26,1,L6,Decathlon,Kiprun Carbon Plate,138,125,9,4,0,8,STITCH_07,0.8463
2025-03-26,2,L6,Decathlon,Kalenji Trail Sole Unit,159,139,9,29,0,9,STITCH_07,0.822
2025-03-26,1,L7,Decathlon,Kalenji Trail Sole Unit,186,133,3,25,84,8,STITCH_08,0.704
2025-03-26,2,L7,Decathlon,Quechua Hiking Upper,192,155,9,19,0,7,STITCH_08,0.7624
2025-03-26,1,L8,Decathlon,Quechua Hiking Upper,200,162,9,0,46,6,SOLE_04,0.766
2025-03-26,2,L8,Crocs,LiteRide Insole Unit,202,147,8,17,83,8,SOLE_03,0.6904
2025-03-27,1,L1,Nike,Air Max Flyknit Upper,226,176,7,19,79,7,SHIMA_03,0.7504
2025-03-27,2,L1,Nike,Vaporfly Engineered Mesh,260,224,19,18,0,7,SHIMA_01,0.7919
2025-03-27,3,L1,Nike,ZoomX Carbon Plate Insert,150,129,14,26,0,5,SHIMA_01,0.7725
2025-03-27,1,L2,Nike,Pegasus 3D Knit Collar,193,98,5,234,0,7,SHIMA_06,0.4854
2025-03-27,2,L2,Nike,Dunk Low Textile Upper,185,93,5,203,0,5,SHIMA_05,0.479
2025-03-27,3,L2,Nike,Pegasus 3D Knit Collar,138,111,10,16,0,5,SHIMA_06,0.734
2025-03-27,1,L3,Nike,Air Max Flyknit Upper,176,141,8,9,0,12,STITCH_01,0.7578
2025-03-27,2,L3,Nike,ZoomX Carbon Plate Insert,187,178,20,9,0,11,STITCH_01,0.8474
2025-03-27,3,L3,Nike,Dunk Low Textile Upper,104,88,10,14,0,11,STITCH_01,0.7561
2025-03-27,1,L4,Decathlon,Kalenji Trail Sole Unit,199,175,12,15,0,11,STITCH_03,0.8198
2025-03-27,2,L4,Decathlon,Kalenji Trail Sole Unit,214,113,3,149,32,9,SOLE_02,0.5158
2025-03-27,3,L4,Crocs,LiteRide Insole Unit,146,139,7,4,0,10,SOLE_02,0.9084
2025-03-27,1,L5,Crocs,Bayaband Slide Upper,189,167,5,20,27,11,STITCH_05,0.8572
2025-03-27,2,L5,Crocs,LiteRide Insole Unit,172,129,3,22,46,9,STITCH_05,0.735
2025-03-27,3,L5,Decathlon,Kiprun Carbon Plate,111,96,2,27,0,11,STITCH_06,0.8535
2025-03-27,1,L6,Decathlon,Kiprun Carbon Plate,148,131,6,28,0,8,SHIMA_07,0.8509
2025-03-27,2,L6,Decathlon,Kiprun Carbon Plate,134,117,5,18,0,9,SHIMA_07,0.8365
2025-03-27,3,L6,Decathlon,Kalenji Trail Sole Unit,87,70,3,23,0,9,SHIMA_08,0.7745
2025-03-27,1,L7,Crocs,Classic Clog Strap Assembly,174,141,9,11,0,7,STITCH_07,0.7612
2025-03-27,2,L7,Decathlon,Kiprun Carbon Plate,186,162,4,9,0,6,STITCH_08,0.854
2025-03-27,3,L7,Decathlon,Kalenji Trail Sole Unit,106,87,6,20,0,8,SHIMA_09,0.7671
2025-03-27,1,L8,Decathlon,Kiprun Carbon Plate,158,102,6,8,87,5,SOLE_04,0.6111
2025-03-27,2,L8,Nike,Vaporfly Engineered Mesh,146,141,5,4,0,5,SOLE_04,0.9324
2025-03-27,3,L8,Nike,Pegasus 3D Knit Collar,111,81,5,4,66,7,SOLE_04,0.6902
2025-03-28,1,L1,Nike,Pegasus 3D Knit Collar,240,186,4,24,0,4,SHIMA_03,0.7608
2025-03-28,2,L1,Nike,Pegasus 3D Knit Collar,224,189,19,8,45,7,SHIMA_03,0.7611
2025-03-28,3,L1,Nike,Dunk Low Textile Upper,168,89,10,173,0,7,SHIMA_01,0.4737
2025-03-28,1,L2,Nike,Vaporfly Engineered Mesh,220,103,8,152,79,5,SHIMA_06,0.4356
2025-03-28,2,L2,Nike,Vaporfly Engineered Mesh,218,164,11,2,38,6,SHIMA_04,0.7061
2025-03-28,3,L2,Nike,ZoomX Carbon Plate Insert,150,126,9,15,23,5,SHIMA_06,0.7861
2025-03-28,1,L3,Nike,Pegasus 3D Knit Collar,210,184,9,4,12,8,STITCH_01,0.8372
2025-03-28,2,L3,Nike,Pegasus 3D Knit Collar,192,184,6,2,0,9,STITCH_01,0.9285
2025-03-28,3,L3,Nike,Dunk Low Textile Upper,115,96,10,5,56,10,STITCH_02,0.7488
2025-03-28,1,L4,Decathlon,Kalenji Trail Sole Unit,177,157,4,0,0,9,SOLE_02,0.8652
2025-03-28,2,L4,Crocs,LiteRide Insole Unit,203,127,7,117,59,8,STITCH_04,0.5938
2025-03-28,3,L4,Crocs,Bayaband Slide Upper,128,107,4,24,0,8,STITCH_04,0.8057
2025-03-28,1,L5,Crocs,LiteRide Insole Unit,191,135,10,6,54,11,STITCH_06,0.6589
2025-03-28,2,L5,Crocs,Classic Clog Strap Assembly,193,181,14,6,0,12,STITCH_06,0.867
2025-03-28,3,L5,Nike,ZoomX Carbon Plate Insert,141,115,4,9,17,11,SOLE_02,0.7938
2025-03-28,1,L6,Crocs,Classic Clog Strap Assembly,183,153,11,25,0,7,SHIMA_08,0.7761
2025-03-28,2,L6,Decathlon,Kalenji Trail Sole Unit,184,166,11,6,0,8,SHIMA_07,0.8461
2025-03-28,3,L6,Decathlon,Kalenji Trail Sole Unit,131,111,4,25,0,8,SHIMA_07,0.8171
2025-03-28,1,L7,Crocs,LiteRide Insole Unit,144,134,6,9,15,9,SHIMA_09,0.8913
2025-03-28,2,L7,Decathlon,Quechua Hiking Upper,134,123,7,13,0,6,SHIMA_09,0.8718
2025-03-28,3,L7,Crocs,LiteRide Insole Unit,73,72,2,0,0,7,STITCH_08,0.9717
2025-03-28,1,L8,Decathlon,Kiprun Carbon Plate,154,146,11,0,0,5,SOLE_03,0.8798
2025-03-28,2,L8,Nike,Pegasus 3D Knit Collar,174,148,11,16,14,7,SOLE_04,0.7922
2025-03-28,3,L8,Crocs,Classic Clog Strap Assembly,103,87,2,6,0,6,SOLE_04,0.8283
2025-03-31,1,L1,Nike,Dunk Low Textile Upper,187,179,16,9,0,6,SHIMA_02,0.8747
2025-03-31,2,L1,Nike,Vaporfly Engineered Mesh,199,158,5,24,0,7,SHIMA_01,0.7707
2025-03-31,3,L1,Nike,Pegasus 3D Knit Collar,127,118,7,17,0,7,SHIMA_01,0.8761
2025-03-31,1,L2,Nike,Air Max Flyknit Upper,184,115,4,166,0,5,SHIMA_06,0.6082
2025-03-31,2,L2,Nike,Vaporfly Engineered Mesh,186,139,8,37,0,7,SHIMA_04,0.7075
2025-03-31,3,L2,Nike,Vaporfly Engineered Mesh,142,130,10,19,0,5,SHIMA_04,0.85
2025-03-31,1,L3,Nike,Dunk Low Textile Upper,183,167,5,24,0,8,SOLE_01,0.8856
2025-03-31,2,L3,Decathlon,Kalenji Trail Sole Unit,190,124,3,22,79,9,SOLE_01,0.6378
2025-03-31,3,L3,Nike,ZoomX Carbon Plate Insert,122,110,10,17,0,11,SOLE_01,0.8259
2025-03-31,1,L4,Crocs,LiteRide Insole Unit,163,125,7,22,14,11,STITCH_03,0.7276
2025-03-31,2,L4,Crocs,LiteRide Insole Unit,182,160,10,12,12,11,STITCH_04,0.8284
2025-03-31,3,L4,Crocs,Bayaband Slide Upper,114,89,8,19,0,11,STITCH_04,0.7145
2025-03-31,1,L5,Crocs,LiteRide Insole Unit,192,128,5,156,0,11,STITCH_06,0.6409
2025-03-31,2,L5,Crocs,Bayaband Slide Upper,205,183,14,23,0,10,STITCH_05,0.8277
2025-03-31,3,L5,Crocs,Bayaband Slide Upper,113,87,7,19,0,8,STITCH_05,0.7159
2025-03-31,1,L6,Decathlon,Kiprun Carbon Plate,172,134,5,27,0,8,SHIMA_07,0.7521
2025-03-31,2,L6,Decathlon,Kalenji Trail Sole Unit,165,148,10,16,17,9,STITCH_07,0.8406
2025-03-31,3,L6,Decathlon,Quechua Hiking Upper,113,97,4,11,0,6,STITCH_07,0.8282
2025-03-31,1,L7,Decathlon,Quechua Hiking Upper,152,132,9,26,0,7,STITCH_07,0.8128
2025-03-31,2,L7,Decathlon,Quechua Hiking Upper,162,137,8,17,0,10,SHIMA_09,0.7986
2025-03-31,3,L7,Decathlon,Kalenji Trail Sole Unit,108,86,7,12,0,10,SHIMA_09,0.7395
2025-03-31,1,L8,Crocs,Classic Clog Strap Assembly,164,147,5,6,0,7,SOLE_04,0.8686
2025-03-31,2,L8,Crocs,Bayaband Slide Upper,172,100,5,152,0,7,SOLE_04,0.5541
2025-03-31,3,L8,Crocs,Bayaband Slide Upper,126,101,10,17,0,8,SOLE_04,0.7281
2025-04-01,1,L1,Nike,Dunk Low Textile Upper,275,261,19,23,0,7,SHIMA_01,0.8828
2025-04-01,2,L1,Nike,Air Max Flyknit Upper,240,202,11,27,0,4,SHIMA_02,0.7982
2025-04-01,3,L1,Nike,Air Max Flyknit Upper,146,113,9,14,23,5,SHIMA_02,0.7173
2025-04-01,1,L2,Crocs,LiteRide Insole Unit,281,253,14,11,0,5,SHIMA_04,0.8508
2025-04-01,2,L2,Nike,Air Max Flyknit Upper,260,195,18,5,52,7,SHIMA_05,0.6836
2025-04-01,3,L2,Nike,Air Max Flyknit Upper,164,126,5,6,39,7,SHIMA_06,0.7416
2025-04-01,1,L3,Nike,Air Max Flyknit Upper,228,215,12,26,0,9,STITCH_02,0.893
2025-04-01,2,L3,Nike,Vaporfly Engineered Mesh,220,185,17,24,0,9,STITCH_02,0.7664
2025-04-01,3,L3,Nike,ZoomX Carbon Plate Insert,167,135,16,12,0,11,STITCH_02,0.717
2025-04-01,1,L4,Crocs,LiteRide Insole Unit,236,179,10,77,0,12,STITCH_03,0.7161
2025-04-01,2,L4,Crocs,Bayaband Slide Upper,217,207,6,22,0,10,SOLE_02,0.9265
2025-04-01,3,L4,Crocs,Classic Clog Strap Assembly,166,154,13,16,0,8,STITCH_04,0.8499
2025-04-01,1,L5,Decathlon,Quechua Hiking Upper,208,194,6,6,0,12,SOLE_02,0.9073
2025-04-01,2,L5,Crocs,Bayaband Slide Upper,214,174,4,11,0,9,STITCH_06,0.7967
2025-04-01,3,L5,Crocs,LiteRide Insole Unit,123,102,4,28,0,11,SOLE_02,0.8025
2025-04-01,1,L6,Decathlon,Kalenji Trail Sole Unit,173,140,3,16,0,7,STITCH_07,0.7965
2025-04-01,2,L6,Decathlon,Kalenji Trail Sole Unit,178,158,12,17,0,6,SHIMA_07,0.8233
2025-04-01,3,L6,Crocs,LiteRide Insole Unit,106,103,3,1,0,10,SHIMA_07,0.9495
2025-04-01,1,L7,Nike,ZoomX Carbon Plate Insert,165,147,7,19,0,6,STITCH_07,0.852
2025-04-01,2,L7,Decathlon,Kiprun Carbon Plate,151,131,4,21,0,6,STITCH_08,0.8454
2025-04-01,3,L7,Decathlon,Quechua Hiking Upper,90,88,5,3,0,6,STITCH_08,0.9286
2025-04-01,1,L8,Nike,Dunk Low Textile Upper,228,209,5,18,0,8,SOLE_04,0.8985
2025-04-01,2,L8,Nike,Vaporfly Engineered Mesh,219,175,13,24,0,7,SOLE_03,0.7424
2025-04-01,3,L8,Crocs,LiteRide Insole Unit,135,133,13,1,0,8,SOLE_03,0.8897
2025-04-02,1,L1,Nike,Air Max Flyknit Upper,243,232,19,9,0,5,SHIMA_01,0.8777
2025-04-02,2,L1,Nike,Air Max Flyknit Upper,249,171,10,17,69,7,SHIMA_03,0.647
2025-04-02,3,L1,Nike,Dunk Low Textile Upper,170,144,11,5,0,5,SHIMA_01,0.7847
2025-04-02,1,L2,Nike,Pegasus 3D Knit Collar,229,196,6,12,0,5,SHIMA_04,0.833
2025-04-02,2,L2,Nike,Vaporfly Engineered Mesh,264,160,12,161,0,7,SHIMA_04,0.5623
2025-04-02,3,L2,Nike,Vaporfly Engineered Mesh,148,131,16,17,0,4,SHIMA_05,0.7784
2025-04-02,1,L3,Nike,ZoomX Carbon Plate Insert,180,166,5,13,0,10,SOLE_01,0.8981
2025-04-02,2,L3,Nike,Air Max Flyknit Upper,177,144,11,12,0,8,STITCH_02,0.7518
2025-04-02,3,L3,Nike,Vaporfly Engineered Mesh,115,108,12,13,0,9,STITCH_01,0.836
2025-04-02,1,L4,Crocs,Bayaband Slide Upper,236,180,12,26,27,12,SOLE_02,0.7141
2025-04-02,2,L4,Crocs,Classic Clog Strap Assembly,234,178,13,12,88,9,SOLE_02,0.7068
2025-04-02,3,L4,Crocs,Classic Clog Strap Assembly,161,133,9,11,63,9,SOLE_02,0.7729
2025-04-02,1,L5,Crocs,LiteRide Insole Unit,224,172,5,22,42,8,SOLE_02,0.7461
2025-04-02,2,L5,Crocs,Bayaband Slide Upper,219,196,7,5,0,8,SOLE_02,0.867
2025-04-02,3,L5,Crocs,Bayaband Slide Upper,164,139,12,24,0,10,STITCH_06,0.7755
2025-04-02,1,L6,Crocs,LiteRide Insole Unit,165,123,4,9,63,7,STITCH_07,0.7229
2025-04-02,2,L6,Crocs,Classic Clog Strap Assembly,147,128,9,2,0,8,SHIMA_08,0.8146
2025-04-02,3,L6,Decathlon,Kiprun Carbon Plate,118,71,3,178,0,8,STITCH_07,0.5843
2025-04-02,1,L7,Nike,Vaporfly Engineered Mesh,187,153,14,25,0,7,SHIMA_09,0.746
2025-04-02,2,L7,Decathlon,Kiprun Carbon Plate,194,184,13,23,0,8,STITCH_07,0.8848
2025-04-02,3,L7,Decathlon,Kalenji Trail Sole Unit,142,114,6,26,0,7,SHIMA_09,0.7661
2025-04-02,1,L8,Nike,Pegasus 3D Knit Collar,172,164,6,20,0,5,SOLE_04,0.9233
2025-04-02,2,L8,Nike,Air Max Flyknit Upper,174,153,10,11,0,5,SOLE_03,0.8237
2025-04-02,3,L8,Nike,Air Max Flyknit Upper,101,71,9,113,0,8,SOLE_04,0.6167
2025-04-03,1,L1,Nike,Pegasus 3D Knit Collar,210,130,10,88,84,4,SHIMA_01,0.5723
2025-04-03,2,L1,Crocs,Bayaband Slide Upper,219,181,9,14,0,5,SHIMA_01,0.7874
2025-04-03,3,L1,Nike,Dunk Low Textile Upper,160,133,13,26,0,4,SHIMA_02,0.7502
2025-04-03,1,L2,Nike,Air Max Flyknit Upper,217,176,5,37,0,7,SHIMA_05,0.7885
2025-04-03,2,L2,Nike,Dunk Low Textile Upper,238,228,19,20,0,5,SHIMA_04,0.8785
2025-04-03,3,L2,Nike,Pegasus 3D Knit Collar,153,150,12,8,0,4,SHIMA_05,0.9047
2025-04-03,1,L3,Crocs,Bayaband Slide Upper,233,221,4,24,0,8,STITCH_02,0.9328
2025-04-03,2,L3,Nike,Vaporfly Engineered Mesh,248,221,23,8,0,12,STITCH_02,0.8005
2025-04-03,3,L3,Nike,Air Max Flyknit Upper,162,138,15,21,0,10,SOLE_01,0.7636
2025-04-03,1,L4,Crocs,LiteRide Insole Unit,200,170,5,1,0,8,SOLE_02,0.8293
2025-04-03,2,L4,Crocs,Bayaband Slide Upper,199,154,3,6,76,10,STITCH_03,0.7594
2025-04-03,3,L4,Crocs,Bayaband Slide Upper,152,132,9,28,0,9,SOLE_02,0.8095
2025-04-03,1,L5,Crocs,LiteRide Insole Unit,173,124,5,19,53,12,STITCH_06,0.6932
2025-04-03,2,L5,Decathlon,Kalenji Trail Sole Unit,172,157,11,29,0,10,SOLE_02,0.8511
2025-04-03,3,L5,Crocs,Bayaband Slide Upper,135,67,3,236,0,10,STITCH_06,0.4804
2025-04-03,1,L6,Decathlon,Kalenji Trail Sole Unit,192,182,12,24,0,10,STITCH_07,0.8874
2025-04-03,2,L6,Decathlon,Kiprun Carbon Plate,182,112,3,155,0,7,SHIMA_08,0.5994
2025-04-03,3,L6,Decathlon,Kiprun Carbon Plate,141,117,7,22,0,7,SHIMA_07,0.7816
2025-04-03,1,L7,Decathlon,Kalenji Trail Sole Unit,193,165,10,12,56,8,STITCH_07,0.8063
2025-04-03,2,L7,Decathlon,Quechua Hiking Upper,184,69,2,221,48,6,SHIMA_09,0.3658
2025-04-03,3,L7,Decathlon,Quechua Hiking Upper,111,101,6,16,0,7,STITCH_08,0.8588
2025-04-03,1,L8,Decathlon,Quechua Hiking Upper,162,154,9,22,0,8,SOLE_03,0.8984
2025-04-03,2,L8,Nike,Dunk Low Textile Upper,173,145,10,6,0,6,SOLE_03,0.7813
2025-04-03,3,L8,Nike,Dunk Low Textile Upper,128,119,13,27,0,7,SOLE_03,0.8295
2025-04-04,1,L1,Nike,ZoomX Carbon Plate Insert,271,232,17,13,15,5,SHIMA_01,0.7948
2025-04-04,2,L1,Nike,Air Max Flyknit Upper,257,201,9,6,69,4,SHIMA_02,0.7496
2025-04-04,1,L2,Nike,Air Max Flyknit Upper,280,207,8,21,45,5,SHIMA_05,0.7107
2025-04-04,2,L2,Nike,Dunk Low Textile Upper,240,238,24,4,0,7,SHIMA_06,0.8917
2025-04-04,1,L3,Nike,Vaporfly Engineered Mesh,211,177,6,15,0,12,STITCH_02,0.8127
2025-04-04,2,L3,Nike,Vaporfly Engineered Mesh,196,165,8,25,38,12,STITCH_02,0.802
2025-04-04,1,L4,Crocs,Bayaband Slide Upper,204,197,12,15,0,9,STITCH_03,0.9097
2025-04-04,2,L4,Crocs,LiteRide Insole Unit,200,166,3,27,0,9,SOLE_02,0.8198
2025-04-04,1,L5,Crocs,Bayaband Slide Upper,220,185,14,18,40,12,STITCH_05,0.778
2025-04-04,2,L5,Crocs,LiteRide Insole Unit,220,180,6,9,0,9,STITCH_06,0.794
2025-04-04,1,L6,Crocs,LiteRide Insole Unit,152,131,6,5,44,10,SHIMA_07,0.8274
2025-04-04,2,L6,Crocs,LiteRide Insole Unit,165,138,9,11,67,9,STITCH_07,0.7829
2025-04-04,1,L7,Nike,Air Max Flyknit Upper,187,138,9,14,87,6,STITCH_07,0.6918
2025-04-04,2,L7,Nike,Air Max Flyknit Upper,173,141,9,15,0,7,STITCH_08,0.766
2025-04-04,1,L8,Decathlon,Kalenji Trail Sole Unit,164,108,4,121,0,6,SOLE_03,0.6376
2025-04-04,2,L8,Decathlon,Kalenji Trail Sole Unit,180,176,5,10,0,7,SOLE_04,0.9513
2025-04-07,1,L1,Nike,Air Max Flyknit Upper,283,266,12,15,0,6,SHIMA_03,0.8984
2025-04-07,2,L1,Nike,Pegasus 3D Knit Collar,257,191,5,66,0,6,SHIMA_01,0.7269
2025-04-07,1,L2,Nike,ZoomX Carbon Plate Insert,237,116,4,232,0,5,SHIMA_05,0.4762
2025-04-07,2,L2,Nike,ZoomX Carbon Plate Insert,249,235,16,26,0,5,SHIMA_04,0.8814
2025-04-07,1,L3,Crocs,Bayaband Slide Upper,218,189,11,4,0,12,SOLE_01,0.8168
2025-04-07,2,L3,Nike,Dunk Low Textile Upper,212,146,16,25,86,12,STITCH_01,0.6171
2025-04-07,1,L4,Crocs,Classic Clog Strap Assembly,210,134,9,143,0,12,STITCH_03,0.5965
2025-04-07,2,L4,Crocs,Bayaband Slide Upper,244,200,6,24,44,8,STITCH_04,0.799
2025-04-07,1,L5,Crocs,Classic Clog Strap Assembly,232,205,7,1,0,11,SOLE_02,0.8573
2025-04-07,2,L5,Nike,ZoomX Carbon Plate Insert,232,219,22,7,0,8,STITCH_05,0.8528
2025-04-07,1,L6,Decathlon,Kiprun Carbon Plate,198,171,6,8,0,6,SHIMA_07,0.8339
2025-04-07,2,L6,Decathlon,Kiprun Carbon Plate,185,149,6,17,0,9,STITCH_07,0.7734
2025-04-07,1,L7,Decathlon,Quechua Hiking Upper,167,146,6,19,39,7,SHIMA_09,0.843
2025-04-07,2,L7,Decathlon,Quechua Hiking Upper,179,157,6,25,0,9,SHIMA_09,0.8465
2025-04-07,1,L8,Decathlon,Kiprun Carbon Plate,185,129,4,145,0,7,SOLE_04,0.6763
2025-04-07,2,L8,Nike,ZoomX Carbon Plate Insert,187,183,8,8,0,6,SOLE_04,0.9403
2025-04-08,1,L1,Nike,Air Max Flyknit Upper,251,236,14,28,0,4,SHIMA_01,0.8858
2025-04-08,2,L1,Nike,Vaporfly Engineered Mesh,231,220,17,3,0,4,SHIMA_03,0.8813
2025-04-08,3,L1,Nike,ZoomX Carbon Plate Insert,165,121,12,13,54,6,SHIMA_01,0.6625
2025-04-08,1,L2,Nike,Air Max Flyknit Upper,214,175,16,14,0,5,SHIMA_04,0.7442
2025-04-08,2,L2,Decathlon,Kalenji Trail Sole Unit,207,190,10,28,0,5,SHIMA_05,0.8707
2025-04-08,3,L2,Nike,Vaporfly Engineered Mesh,143,108,7,15,35,6,SHIMA_04,0.7119
2025-04-08,1,L3,Nike,Air Max Flyknit Upper,210,187,15,28,0,8,STITCH_01,0.8209
2025-04-08,2,L3,Nike,ZoomX Carbon Plate Insert,201,156,8,29,53,8,SOLE_01,0.7397
2025-04-08,3,L3,Nike,Dunk Low Textile Upper,158,146,7,3,17,10,STITCH_01,0.8829
2025-04-08,1,L4,Crocs,Classic Clog Strap Assembly,206,162,6,100,0,11,SOLE_02,0.7576
2025-04-08,2,L4,Crocs,Classic Clog Strap Assembly,214,200,9,0,0,10,STITCH_04,0.8937
2025-04-08,3,L4,Crocs,Classic Clog Strap Assembly,155,145,8,13,0,11,STITCH_03,0.888
2025-04-08,1,L5,Crocs,Classic Clog Strap Assembly,185,117,7,155,0,11,STITCH_06,0.5961
2025-04-08,2,L5,Crocs,LiteRide Insole Unit,187,147,10,8,28,8,SOLE_02,0.7359
2025-04-08,3,L5,Crocs,LiteRide Insole Unit,118,110,9,0,0,11,STITCH_05,0.8598
2025-04-08,1,L6,Decathlon,Kalenji Trail Sole Unit,211,171,8,11,0,10,STITCH_07,0.7765
2025-04-08,2,L6,Decathlon,Kiprun Carbon Plate,210,204,12,12,0,8,SHIMA_08,0.9176
2025-04-08,3,L6,Crocs,Classic Clog Strap Assembly,112,80,6,26,67,7,STITCH_07,0.6616
2025-04-08,1,L7,Decathlon,Quechua Hiking Upper,190,180,7,13,0,9,STITCH_07,0.9141
2025-04-08,2,L7,Nike,Dunk Low Textile Upper,197,170,14,5,60,9,STITCH_07,0.7934
2025-04-08,3,L7,Decathlon,Kiprun Carbon Plate,138,132,10,8,0,10,STITCH_07,0.8903
2025-04-08,1,L8,Crocs,Classic Clog Strap Assembly,159,147,2,11,0,8,SOLE_04,0.9133
2025-04-08,2,L8,Crocs,Bayaband Slide Upper,166,134,4,18,0,7,SOLE_03,0.7867
2025-04-08,3,L8,Decathlon,Kiprun Carbon Plate,103,97,4,1,0,5,SOLE_04,0.9037
2025-04-09,1,L1,Nike,Pegasus 3D Knit Collar,253,217,11,13,49,4,SHIMA_02,0.8162
2025-04-09,2,L1,Nike,Dunk Low Textile Upper,241,203,17,8,0,4,SHIMA_01,0.7741
2025-04-09,1,L2,Nike,ZoomX Carbon Plate Insert,194,163,15,14,61,6,SHIMA_05,0.7661
2025-04-09,2,L2,Nike,Pegasus 3D Knit Collar,201,165,13,84,0,5,SHIMA_06,0.76
2025-04-09,1,L3,Nike,Dunk Low Textile Upper,180,156,8,10,0,8,STITCH_02,0.8227
2025-04-09,2,L3,Nike,Air Max Flyknit Upper,208,190,18,10,17,10,STITCH_01,0.829
2025-04-09,1,L4,Crocs,Bayaband Slide Upper,237,215,14,6,15,8,STITCH_04,0.8514
2025-04-09,2,L4,Crocs,Classic Clog Strap Assembly,244,202,15,9,0,8,SOLE_02,0.768
2025-04-09,1,L5,Crocs,Classic Clog Strap Assembly,228,172,10,21,35,8,STITCH_05,0.7134
2025-04-09,2,L5,Crocs,Bayaband Slide Upper,210,197,12,29,0,9,SOLE_02,0.8823
2025-04-09,1,L6,Decathlon,Kiprun Carbon Plate,176,143,9,5,82,9,SHIMA_07,0.7662
2025-04-09,2,L6,Decathlon,Quechua Hiking Upper,179,170,10,17,0,9,SHIMA_07,0.8942
2025-04-09,1,L7,Decathlon,Kiprun Carbon Plate,170,144,4,3,0,10,STITCH_07,0.8254
2025-04-09,2,L7,Decathlon,Kiprun Carbon Plate,174,166,9,0,0,10,STITCH_07,0.9071
2025-04-09,1,L8,Crocs,Classic Clog Strap Assembly,219,205,5,9,0,6,SOLE_03,0.917
2025-04-09,2,L8,Nike,Vaporfly Engineered Mesh,195,182,15,18,0,5,SOLE_04,0.8609
2025-04-10,1,L1,Nike,Air Max Flyknit Upper,214,184,14,1,0,5,SHIMA_03,0.7983
2025-04-10,2,L1,Nike,Dunk Low Textile Upper,226,106,4,223,0,6,SHIMA_01,0.4519
2025-04-10,3,L1,Nike,Air Max Flyknit Upper,131,115,9,22,0,5,SHIMA_02,0.8118
2025-04-10,1,L2,Nike,Vaporfly Engineered Mesh,257,216,18,7,0,6,SHIMA_06,0.7706
2025-04-10,2,L2,Nike,Dunk Low Textile Upper,230,193,6,5,0,5,SHIMA_04,0.8159
2025-04-10,3,L2,Nike,Vaporfly Engineered Mesh,157,141,5,22,0,5,SHIMA_05,0.8676
2025-04-10,1,L3,Nike,ZoomX Carbon Plate Insert,232,174,6,51,44,8,SOLE_01,0.7246
2025-04-10,2,L3,Nike,Vaporfly Engineered Mesh,218,150,14,20,73,11,STITCH_01,0.6241
2025-04-10,3,L3,Nike,ZoomX Carbon Plate Insert,156,155,19,2,0,8,SOLE_01,0.8738
2025-04-10,1,L4,Crocs,LiteRide Insole Unit,247,191,12,64,0,12,STITCH_03,0.7279
2025-04-10,2,L4,Crocs,Classic Clog Strap Assembly,240,219,5,19,0,12,SOLE_02,0.8944
2025-04-10,3,L4,Decathlon,Quechua Hiking Upper,165,159,7,2,0,11,STITCH_03,0.9233
2025-04-10,1,L5,Crocs,Bayaband Slide Upper,226,191,13,4,18,8,STITCH_05,0.789
2025-04-10,2,L5,Nike,Pegasus 3D Knit Collar,207,200,6,15,0,9,STITCH_06,0.9397
2025-04-10,3,L5,Nike,ZoomX Carbon Plate Insert,120,107,12,14,0,10,SOLE_02,0.7952
2025-04-10,1,L6,Decathlon,Kiprun Carbon Plate,199,178,12,16,0,10,STITCH_07,0.8369
2025-04-10,2,L6,Decathlon,Kalenji Trail Sole Unit,199,134,7,21,82,9,SHIMA_08,0.6427
2025-04-10,3,L6,Decathlon,Kiprun Carbon Plate,111,99,3,22,0,6,SHIMA_08,0.8649
2025-04-10,1,L7,Decathlon,Kalenji Trail Sole Unit,202,186,8,4,11,7,STITCH_07,0.8818
2025-04-10,2,L7,Decathlon,Kalenji Trail Sole Unit,176,133,4,21,75,10,SHIMA_09,0.7383
2025-04-10,3,L7,Nike,Air Max Flyknit Upper,121,86,8,22,53,7,STITCH_08,0.645
2025-04-10,1,L8,Crocs,Classic Clog Strap Assembly,217,189,11,27,0,7,SOLE_03,0.821
2025-04-10,2,L8,Crocs,Classic Clog Strap Assembly,218,198,9,7,0,8,SOLE_03,0.8711
2025-04-10,3,L8,Crocs,Bayaband Slide Upper,142,130,11,2,0,7,SOLE_04,0.8412
2025-04-11,1,L1,Crocs,Bayaband Slide Upper,229,173,6,15,88,4,SHIMA_02,0.7334
2025-04-11,2,L1,Nike,Air Max Flyknit Upper,241,236,6,8,0,7,SHIMA_01,0.9583
2025-04-11,3,L1,Nike,Dunk Low Textile Upper,130,122,11,29,0,6,SHIMA_03,0.8549
2025-04-11,1,L2,Nike,Air Max Flyknit Upper,232,231,8,0,0,5,SHIMA_06,0.965
2025-04-11,2,L2,Nike,Dunk Low Textile Upper,226,183,7,26,0,6,SHIMA_06,0.7817
2025-04-11,3,L2,Nike,ZoomX Carbon Plate Insert,136,114,12,20,0,5,SHIMA_04,0.751
2025-04-11,1,L3,Decathlon,Kiprun Carbon Plate,194,131,2,142,0,11,SOLE_01,0.6678
2025-04-11,2,L3,Nike,Air Max Flyknit Upper,202,160,18,0,57,11,STITCH_02,0.705
2025-04-11,3,L3,Nike,Pegasus 3D Knit Collar,130,106,10,22,0,12,STITCH_01,0.7453
2025-04-11,1,L4,Crocs,Bayaband Slide Upper,247,217,14,2,0,10,SOLE_02,0.823
2025-04-11,2,L4,Decathlon,Kalenji Trail Sole Unit,247,238,8,15,0,12,STITCH_04,0.9338
2025-04-11,3,L4,Crocs,LiteRide Insole Unit,176,120,8,26,67,10,STITCH_04,0.6416
2025-04-11,1,L5,Crocs,LiteRide Insole Unit,175,152,3,24,0,10,STITCH_05,0.8539
2025-04-11,2,L5,Crocs,Bayaband Slide Upper,173,123,6,136,0,8,STITCH_05,0.6817
2025-04-11,3,L5,Crocs,LiteRide Insole Unit,113,99,3,10,0,9,SOLE_02,0.8553
2025-04-11,1,L6,Decathlon,Kalenji Trail Sole Unit,178,152,4,23,0,7,STITCH_07,0.8342
2025-04-11,2,L6,Crocs,LiteRide Insole Unit,191,163,8,9,35,9,SHIMA_07,0.8141
2025-04-11,3,L6,Decathlon,Kiprun Carbon Plate,110,77,5,14,68,8,SHIMA_07,0.6572
2025-04-11,1,L7,Decathlon,Quechua Hiking Upper,182,158,11,1,0,7,SHIMA_09,0.8099
2025-04-11,2,L7,Crocs,Classic Clog Strap Assembly,185,147,8,15,19,8,STITCH_08,0.7531
2025-04-11,3,L7,Decathlon,Quechua Hiking Upper,116,110,5,21,0,7,STITCH_08,0.9128
2025-04-11,1,L8,Nike,Vaporfly Engineered Mesh,174,154,7,24,0,7,SOLE_03,0.8484
2025-04-11,2,L8,Nike,Dunk Low Textile Upper,193,182,13,9,0,7,SOLE_04,0.8762
2025-04-11,3,L8,Crocs,LiteRide Insole Unit,134,113,3,3,0,6,SOLE_03,0.8236
2025-04-14,1,L1,Nike,Dunk Low Textile Upper,270,188,7,69,69,7,SHIMA_03,0.6715
2025-04-14,2,L1,Nike,Dunk Low Textile Upper,285,276,8,14,0,4,SHIMA_01,0.9427
2025-04-14,1,L2,Nike,Vaporfly Engineered Mesh,245,218,7,21,0,5,SHIMA_04,0.8639
2025-04-14,2,L2,Nike,Vaporfly Engineered Mesh,244,230,6,2,25,7,SHIMA_05,0.9191
2025-04-14,1,L3,Nike,Vaporfly Engineered Mesh,213,170,16,27,0,9,SOLE_01,0.7271
2025-04-14,2,L3,Nike,Pegasus 3D Knit Collar,193,145,12,114,0,9,STITCH_02,0.6917
2025-04-14,1,L4,Crocs,Bayaband Slide Upper,209,144,5,1,86,8,STITCH_04,0.6689
2025-04-14,2,L4,Decathlon,Kiprun Carbon Plate,202,159,6,29,38,12,SOLE_02,0.7594
2025-04-14,1,L5,Crocs,Classic Clog Strap Assembly,210,203,5,5,0,10,SOLE_02,0.9442
2025-04-14,2,L5,Crocs,Bayaband Slide Upper,234,218,15,16,0,8,STITCH_06,0.8702
2025-04-14,1,L6,Decathlon,Kalenji Trail Sole Unit,207,145,10,27,79,8,SHIMA_07,0.6538
2025-04-14,2,L6,Decathlon,Quechua Hiking Upper,203,173,7,17,0,9,SHIMA_07,0.8182
2025-04-14,1,L7,Decathlon,Kiprun Carbon Plate,206,203,9,6,0,6,SHIMA_09,0.9437
2025-04-14,2,L7,Decathlon,Kiprun Carbon Plate,183,170,6,21,0,7,STITCH_07,0.8983
2025-04-14,1,L8,Crocs,Bayaband Slide Upper,159,147,3,4,0,6,SOLE_03,0.9077
2025-04-14,2,L8,Decathlon,Kalenji Trail Sole Unit,173,154,9,20,32,5,SOLE_03,0.8396
2025-04-15,1,L1,Nike,Dunk Low Textile Upper,223,162,8,119,0,5,SHIMA_01,0.6919
2025-04-15,2,L1,Nike,Vaporfly Engineered Mesh,201,143,6,15,69,5,SHIMA_02,0.6847
2025-04-15,3,L1,Nike,ZoomX Carbon Plate Insert,148,140,11,24,0,5,SHIMA_03,0.8754
2025-04-15,1,L2,Nike,Vaporfly Engineered Mesh,256,249,24,13,0,6,SHIMA_06,0.8791
2025-04-15,2,L2,Nike,Air Max Flyknit Upper,220,193,7,13,0,7,SHIMA_05,0.8481
2025-04-15,3,L2,Nike,Vaporfly Engineered Mesh,175,107,14,185,0,7,SHIMA_04,0.5342
2025-04-15,1,L3,Nike,Vaporfly Engineered Mesh,176,147,9,8,0,8,STITCH_02,0.7846
2025-04-15,2,L3,Nike,Vaporfly Engineered Mesh,206,199,16,13,0,10,SOLE_01,0.8891
2025-04-15,3,L3,Nike,Dunk Low Textile Upper,124,123,8,1,0,9,STITCH_01,0.933
2025-04-15,1,L4,Crocs,Bayaband Slide Upper,250,209,6,13,30,9,STITCH_04,0.8141
2025-04-15,2,L4,Crocs,LiteRide Insole Unit,235,169,9,22,49,11,STITCH_04,0.6836
2025-04-15,3,L4,Crocs,Bayaband Slide Upper,158,111,8,8,67,9,STITCH_03,0.6566
2025-04-15,1,L5,Crocs,Bayaband Slide Upper,211,191,10,1,12,8,STITCH_06,0.8606
2025-04-15,2,L5,Crocs,LiteRide Insole Unit,214,181,12,20,0,9,STITCH_05,0.7932
2025-04-15,3,L5,Crocs,LiteRide Insole Unit,150,128,8,21,45,9,SOLE_02,0.8035
2025-04-15,1,L6,Decathlon,Kalenji Trail Sole Unit,198,193,5,10,0,7,STITCH_07,0.9538
2025-04-15,2,L6,Decathlon,Kalenji Trail Sole Unit,194,167,13,8,0,10,SHIMA_07,0.7946
2025-04-15,3,L6,Decathlon,Kiprun Carbon Plate,142,133,12,28,0,6,STITCH_07,0.8567
2025-04-15,1,L7,Decathlon,Kalenji Trail Sole Unit,155,125,8,20,72,10,SHIMA_09,0.7566
2025-04-15,2,L7,Decathlon,Quechua Hiking Upper,145,134,4,4,26,10,STITCH_07,0.9031
2025-04-15,3,L7,Decathlon,Kiprun Carbon Plate,111,105,10,25,0,10,STITCH_07,0.8576
2025-04-15,1,L8,Nike,Vaporfly Engineered Mesh,153,95,6,180,0,6,SOLE_03,0.5855
2025-04-15,2,L8,Nike,Air Max Flyknit Upper,164,140,8,22,0,7,SOLE_03,0.8065
2025-04-15,3,L8,Crocs,Bayaband Slide Upper,116,62,3,188,0,5,SOLE_03,0.5099
2025-04-16,1,L1,Nike,ZoomX Carbon Plate Insert,232,214,5,11,0,7,SHIMA_01,0.9029
2025-04-16,2,L1,Decathlon,Quechua Hiking Upper,251,242,15,17,0,7,SHIMA_01,0.9048
2025-04-16,3,L1,Nike,Air Max Flyknit Upper,159,124,13,8,38,4,SHIMA_03,0.7026
2025-04-16,1,L2,Crocs,Classic Clog Strap Assembly,233,204,13,16,0,4,SHIMA_06,0.8203
2025-04-16,2,L2,Nike,ZoomX Carbon Plate Insert,236,207,6,23,16,5,SHIMA_05,0.8519
2025-04-16,3,L2,Nike,Dunk Low Textile Upper,166,134,13,21,42,7,SHIMA_06,0.73
2025-04-16,1,L3,Nike,Vaporfly Engineered Mesh,174,151,15,15,0,8,SOLE_01,0.7859
2025-04-16,2,L3,Nike,Vaporfly Engineered Mesh,176,151,15,26,42,9,SOLE_01,0.7731
2025-04-16,3,L3,Nike,Pegasus 3D Knit Collar,113,98,6,7,0,10,STITCH_01,0.8169
2025-04-16,1,L4,Crocs,LiteRide Insole Unit,213,181,11,26,0,9,STITCH_03,0.799
2025-04-16,2,L4,Crocs,LiteRide Insole Unit,221,121,6,204,0,9,STITCH_03,0.5221
2025-04-16,3,L4,Crocs,Classic Clog Strap Assembly,116,108,6,0,0,9,STITCH_03,0.8874
2025-04-16,1,L5,Crocs,LiteRide Insole Unit,245,206,13,12,32,8,SOLE_02,0.7914
2025-04-16,2,L5,Crocs,LiteRide Insole Unit,233,198,9,22,0,8,STITCH_05,0.8138
2025-04-16,3,L5,Crocs,Bayaband Slide Upper,170,142,13,78,0,8,STITCH_05,0.7603
2025-04-16,1,L6,Decathlon,Kiprun Carbon Plate,193,179,3,26,0,7,SHIMA_07,0.9146
2025-04-16,2,L6,Nike,Dunk Low Textile Upper,216,188,7,14,10,10,SHIMA_07,0.8384
2025-04-16,3,L6,Nike,Vaporfly Engineered Mesh,154,89,11,190,0,7,SHIMA_08,0.5093
2025-04-16,1,L7,Decathlon,Kiprun Carbon Plate,178,168,5,3,0,9,SHIMA_09,0.9172
2025-04-16,2,L7,Decathlon,Kiprun Carbon Plate,178,144,5,8,22,6,STITCH_08,0.7831
2025-04-16,3,L7,Decathlon,Kalenji Trail Sole Unit,118,115,3,8,0,9,STITCH_07,0.9537
2025-04-16,1,L8,Crocs,Classic Clog Strap Assembly,168,155,7,1,0,8,SOLE_03,0.886
2025-04-16,2,L8,Nike,Air Max Flyknit Upper,168,159,8,25,0,5,SOLE_04,0.9
2025-04-16,3,L8,Nike,ZoomX Carbon Plate Insert,120,108,10,5,17,5,SOLE_03,0.8223
2025-04-17,1,L1,Decathlon,Kalenji Trail Sole Unit,236,217,10,23,11,4,SHIMA_01,0.8806
2025-04-17,2,L1,Nike,Pegasus 3D Knit Collar,209,198,18,24,0,5,SHIMA_01,0.8636
2025-04-17,3,L1,Nike,Pegasus 3D Knit Collar,161,135,16,27,50,6,SHIMA_01,0.7401
2025-04-17,1,L2,Nike,ZoomX Carbon Plate Insert,256,229,13,21,0,6,SHIMA_04,0.8447
2025-04-17,2,L2,Nike,ZoomX Carbon Plate Insert,247,230,8,11,0,7,SHIMA_05,0.9001
2025-04-17,3,L2,Crocs,Bayaband Slide Upper,149,123,5,26,0,6,SHIMA_05,0.7981
2025-04-17,1,L3,Nike,Air Max Flyknit Upper,174,156,14,2,0,9,STITCH_01,0.8168
2025-04-17,2,L3,Nike,Pegasus 3D Knit Collar,170,155,17,6,0,11,STITCH_01,0.8146
2025-04-17,3,L3,Nike,Pegasus 3D Knit Collar,110,94,8,27,0,9,SOLE_01,0.7857
2025-04-17,1,L4,Crocs,LiteRide Insole Unit,208,158,3,5,61,8,STITCH_03,0.7491
2025-04-17,2,L4,Crocs,Classic Clog Strap Assembly,218,172,7,2,84,11,STITCH_04,0.7588
2025-04-17,3,L4,Decathlon,Quechua Hiking Upper,140,109,7,25,78,12,SOLE_02,0.735
2025-04-17,1,L5,Crocs,LiteRide Insole Unit,202,175,4,15,14,11,STITCH_06,0.847
2025-04-17,2,L5,Crocs,LiteRide Insole Unit,215,171,9,26,0,8,STITCH_05,0.7541
2025-04-17,3,L5,Crocs,LiteRide Insole Unit,150,99,6,23,82,11,SOLE_02,0.6245
2025-04-17,1,L6,Decathlon,Kalenji Trail Sole Unit,164,158,12,15,0,7,STITCH_07,0.8952
2025-04-17,2,L6,Crocs,LiteRide Insole Unit,155,129,7,19,0,6,SHIMA_08,0.7925
2025-04-17,3,L6,Decathlon,Kiprun Carbon Plate,106,89,8,23,25,6,SHIMA_08,0.7708
2025-04-17,1,L7,Decathlon,Kalenji Trail Sole Unit,184,178,7,11,0,8,SHIMA_09,0.9339
2025-04-17,2,L7,Decathlon,Quechua Hiking Upper,172,155,3,27,0,8,STITCH_07,0.8868
2025-04-17,3,L7,Decathlon,Kiprun Carbon Plate,115,96,7,10,0,10,SHIMA_09,0.774
2025-04-17,1,L8,Nike,Pegasus 3D Knit Collar,189,132,12,0,82,8,SOLE_04,0.6384
2025-04-17,2,L8,Decathlon,Kalenji Trail Sole Unit,216,154,4,14,88,8,SOLE_03,0.6979
2025-04-17,3,L8,Nike,Air Max Flyknit Upper,147,118,13,25,45,5,SOLE_03,0.7154
2025-04-18,1,L1,Nike,Vaporfly Engineered Mesh,280,277,14,4,0,4,SHIMA_01,0.9415
2025-04-18,2,L1,Nike,Air Max Flyknit Upper,261,246,17,26,0,5,SHIMA_02,0.8805
2025-04-18,3,L1,Nike,Vaporfly Engineered Mesh,177,139,5,27,0,4,SHIMA_02,0.7595
2025-04-18,1,L2,Nike,Air Max Flyknit Upper,254,214,9,0,42,4,SHIMA_04,0.809
2025-04-18,2,L2,Nike,Pegasus 3D Knit Collar,248,222,6,14,0,4,SHIMA_04,0.8727
2025-04-18,3,L2,Nike,Air Max Flyknit Upper,175,142,8,72,0,5,SHIMA_05,0.7673
2025-04-18,1,L3,Crocs,Bayaband Slide Upper,206,176,11,3,0,11,STITCH_02,0.8052
2025-04-18,2,L3,Nike,Pegasus 3D Knit Collar,225,187,11,27,52,8,STITCH_01,0.7863
2025-04-18,3,L3,Nike,Pegasus 3D Knit Collar,138,131,5,16,0,12,SOLE_01,0.9178
2025-04-18,1,L4,Crocs,LiteRide Insole Unit,204,166,9,14,0,12,SOLE_02,0.7727
2025-04-18,2,L4,Crocs,Bayaband Slide Upper,176,164,8,8,0,11,STITCH_03,0.8892
2025-04-18,3,L4,Crocs,LiteRide Insole Unit,114,105,7,14,0,10,STITCH_04,0.8663
2025-04-18,1,L5,Crocs,Classic Clog Strap Assembly,200,166,8,11,0,11,SOLE_02,0.7921
2025-04-18,2,L5,Crocs,LiteRide Insole Unit,213,205,6,12,0,10,STITCH_05,0.9357
2025-04-18,3,L5,Crocs,Classic Clog Strap Assembly,139,125,4,16,0,10,STITCH_06,0.8745
2025-04-18,1,L6,Decathlon,Quechua Hiking Upper,163,132,9,19,0,8,SHIMA_08,0.7597
2025-04-18,2,L6,Decathlon,Kiprun Carbon Plate,162,133,4,23,0,6,STITCH_07,0.8004
2025-04-18,3,L6,Decathlon,Kalenji Trail Sole Unit,115,95,3,27,0,10,SHIMA_07,0.8059
2025-04-18,1,L7,Decathlon,Kalenji Trail Sole Unit,193,84,3,228,0,9,STITCH_08,0.4222
2025-04-18,2,L7,Decathlon,Kalenji Trail Sole Unit,175,173,11,4,0,9,STITCH_07,0.9286
2025-04-18,3,L7,Decathlon,Quechua Hiking Upper,119,94,9,25,74,7,STITCH_08,0.7178
2025-04-18,1,L8,Nike,Air Max Flyknit Upper,210,195,11,29,0,6,SOLE_04,0.8791
2025-04-18,2,L8,Decathlon,Quechua Hiking Upper,181,159,6,11,0,8,SOLE_03,0.8501
2025-04-18,3,L8,Nike,Pegasus 3D Knit Collar,112,71,10,168,0,5,SOLE_04,0.5512
2025-04-21,1,L1,Nike,Air Max Flyknit Upper,250,222,13,27,0,5,SHIMA_02,0.8393
2025-04-21,2,L1,Nike,Pegasus 3D Knit Collar,220,211,19,19,0,5,SHIMA_02,0.8739
2025-04-21,3,L1,Crocs,LiteRide Insole Unit,141,118,7,14,0,4,SHIMA_03,0.788
2025-04-21,1,L2,Nike,Dunk Low Textile Upper,223,221,10,3,0,7,SHIMA_05,0.9488
2025-04-21,2,L2,Nike,Vaporfly Engineered Mesh,240,176,18,22,55,4,SHIMA_05,0.6601
2025-04-21,3,L2,Decathlon,Kiprun Carbon Plate,129,108,5,28,50,4,SHIMA_06,0.7987
2025-04-21,1,L3,Nike,Dunk Low Textile Upper,195,157,6,16,0,8,SOLE_01,0.7762
2025-04-21,2,L3,Decathlon,Kalenji Trail Sole Unit,212,185,9,26,0,12,STITCH_02,0.8316
2025-04-21,3,L3,Nike,Dunk Low Textile Upper,118,92,6,15,65,12,STITCH_01,0.7303
2025-04-21,1,L4,Crocs,LiteRide Insole Unit,199,171,13,2,0,9,STITCH_03,0.7983
2025-04-21,2,L4,Crocs,Classic Clog Strap Assembly,214,202,4,8,0,11,STITCH_04,0.9291
2025-04-21,3,L4,Crocs,Classic Clog Strap Assembly,145,88,3,174,0,12,SOLE_02,0.5906
2025-04-21,1,L5,Decathlon,Kiprun Carbon Plate,206,177,12,12,0,12,STITCH_05,0.8032
2025-04-21,2,L5,Crocs,Bayaband Slide Upper,207,189,5,3,0,11,STITCH_05,0.8922
2025-04-21,3,L5,Crocs,Bayaband Slide Upper,126,122,5,1,0,12,STITCH_05,0.9329
2025-04-21,1,L6,Decathlon,Kalenji Trail Sole Unit,163,118,3,8,61,8,STITCH_07,0.7071
2025-04-21,2,L6,Decathlon,Kiprun Carbon Plate,190,163,11,5,0,7,SHIMA_07,0.8044
2025-04-21,3,L6,Decathlon,Kalenji Trail Sole Unit,106,89,4,18,0,6,SHIMA_07,0.8069
2025-04-21,1,L7,Decathlon,Quechua Hiking Upper,152,137,5,25,0,10,SHIMA_09,0.8738
2025-04-21,2,L7,Decathlon,Kiprun Carbon Plate,151,124,6,20,0,10,SHIMA_09,0.7848
2025-04-21,3,L7,Decathlon,Quechua Hiking Upper,99,93,5,14,0,10,SHIMA_09,0.8909
2025-04-21,1,L8,Decathlon,Kiprun Carbon Plate,204,181,9,5,27,5,SOLE_04,0.8466
2025-04-21,2,L8,Crocs,LiteRide Insole Unit,191,168,7,57,0,6,SOLE_03,0.8445
2025-04-21,3,L8,Crocs,Classic Clog Strap Assembly,147,130,6,53,0,8,SOLE_03,0.8474
2025-04-22,1,L1,Nike,Air Max Flyknit Upper,224,204,15,21,0,4,SHIMA_02,0.8473
2025-04-22,2,L1,Nike,Dunk Low Textile Upper,238,219,6,4,0,7,SHIMA_03,0.8989
2025-04-22,1,L2,Nike,Air Max Flyknit Upper,229,223,13,12,0,7,SHIMA_05,0.9182
2025-04-22,2,L2,Nike,Vaporfly Engineered Mesh,229,211,12,19,0,4,SHIMA_05,0.8696
2025-04-22,1,L3,Nike,Vaporfly Engineered Mesh,176,109,9,181,0,11,STITCH_01,0.5715
2025-04-22,2,L3,Nike,ZoomX Carbon Plate Insert,162,139,14,8,0,10,STITCH_02,0.776
2025-04-22,1,L4,Crocs,Classic Clog Strap Assembly,229,147,9,142,0,10,STITCH_03,0.6061
2025-04-22,2,L4,Crocs,Classic Clog Strap Assembly,227,128,8,208,0,10,SOLE_02,0.5312
2025-04-22,1,L5,Crocs,Bayaband Slide Upper,195,191,13,9,0,8,STITCH_06,0.9145
2025-04-22,2,L5,Crocs,Bayaband Slide Upper,179,127,9,14,61,10,STITCH_05,0.6604
2025-04-22,1,L6,Decathlon,Kalenji Trail Sole Unit,179,173,8,15,0,7,STITCH_07,0.924
2025-04-22,2,L6,Decathlon,Kalenji Trail Sole Unit,177,167,12,26,0,7,SHIMA_07,0.8779
2025-04-22,1,L7,Decathlon,Kalenji Trail Sole Unit,207,164,5,7,65,6,SHIMA_09,0.7718
2025-04-22,2,L7,Decathlon,Quechua Hiking Upper,211,202,6,17,0,10,SHIMA_09,0.9322
2025-04-22,1,L8,Crocs,Bayaband Slide Upper,190,163,5,23,0,8,SOLE_03,0.8349
2025-04-22,2,L8,Decathlon,Kalenji Trail Sole Unit,198,195,15,5,0,8,SOLE_03,0.9135
2025-04-23,1,L1,Nike,Vaporfly Engineered Mesh,269,220,20,18,0,4,SHIMA_03,0.7447
2025-04-23,2,L1,Nike,Dunk Low Textile Upper,255,240,8,4,0,4,SHIMA_02,0.911
2025-04-23,3,L1,Nike,ZoomX Carbon Plate Insert,173,149,5,22,0,6,SHIMA_01,0.8338
2025-04-23,1,L2,Nike,Air Max Flyknit Upper,231,166,6,13,56,5,SHIMA_04,0.696
2025-04-23,2,L2,Decathlon,Quechua Hiking Upper,219,217,5,3,0,6,SHIMA_06,0.9709
2025-04-23,3,L2,Crocs,Bayaband Slide Upper,140,111,8,30,0,4,SHIMA_05,0.7393
2025-04-23,1,L3,Nike,ZoomX Carbon Plate Insert,199,105,5,199,0,12,STITCH_01,0.5066
2025-04-23,2,L3,Nike,Air Max Flyknit Upper,202,180,16,26,0,9,STITCH_01,0.8159
2025-04-23,3,L3,Nike,Dunk Low Textile Upper,153,135,17,26,0,12,SOLE_01,0.7765
2025-04-23,1,L4,Crocs,LiteRide Insole Unit,198,152,9,27,69,12,STITCH_03,0.7226
2025-04-23,2,L4,Crocs,Classic Clog Strap Assembly,204,198,4,14,0,8,SOLE_02,0.9512
2025-04-23,3,L4,Crocs,Classic Clog Strap Assembly,127,85,3,21,84,8,STITCH_04,0.6523
2025-04-23,1,L5,Crocs,LiteRide Insole Unit,245,211,10,11,0,10,STITCH_05,0.8213
2025-04-23,2,L5,Crocs,Classic Clog Strap Assembly,216,122,9,120,51,12,SOLE_02,0.5268
2025-04-23,3,L5,Crocs,LiteRide Insole Unit,130,124,12,21,0,10,STITCH_05,0.8637
2025-04-23,1,L6,Decathlon,Quechua Hiking Upper,176,142,8,26,46,6,STITCH_07,0.766
2025-04-23,2,L6,Decathlon,Kiprun Carbon Plate,177,175,5,3,0,7,SHIMA_08,0.9654
2025-04-23,3,L6,Nike,Pegasus 3D Knit Collar,101,82,7,25,0,6,SHIMA_07,0.7452
2025-04-23,1,L7,Decathlon,Quechua Hiking Upper,185,156,7,12,0,9,SHIMA_09,0.8095
2025-04-23,2,L7,Nike,Vaporfly Engineered Mesh,184,164,12,26,0,9,STITCH_07,0.8261
2025-04-23,3,L7,Decathlon,Quechua Hiking Upper,117,77,6,137,0,8,STITCH_07,0.6143
2025-04-23,1,L8,Nike,Air Max Flyknit Upper,205,189,20,2,0,8,SOLE_03,0.8282
2025-04-23,2,L8,Decathlon,Quechua Hiking Upper,203,167,13,8,0,8,SOLE_03,0.7627
2025-04-23,3,L8,Decathlon,Kiprun Carbon Plate,127,104,2,12,0,8,SOLE_04,0.8053
2025-04-24,1,L1,Nike,ZoomX Carbon Plate Insert,209,192,9,21,16,6,SHIMA_02,0.8797
2025-04-24,2,L1,Nike,ZoomX Carbon Plate Insert,227,187,10,9,0,4,SHIMA_02,0.7799
2025-04-24,1,L2,Crocs,Bayaband Slide Upper,229,187,14,6,82,5,SHIMA_05,0.7555
2025-04-24,2,L2,Nike,ZoomX Carbon Plate Insert,227,107,9,156,81,5,SHIMA_06,0.4357
2025-04-24,1,L3,Nike,Dunk Low Textile Upper,172,109,4,174,0,12,STITCH_01,0.6141
2025-04-24,2,L3,Crocs,Bayaband Slide Upper,173,160,10,27,0,12,SOLE_01,0.8676
2025-04-24,1,L4,Crocs,LiteRide Insole Unit,219,213,12,13,0,12,STITCH_03,0.9181
2025-04-24,2,L4,Crocs,Classic Clog Strap Assembly,213,210,5,6,0,9,STITCH_04,0.964
2025-04-24,1,L5,Decathlon,Kalenji Trail Sole Unit,213,146,10,22,65,11,SOLE_02,0.6408
2025-04-24,2,L5,Crocs,LiteRide Insole Unit,231,163,5,24,67,11,SOLE_02,0.6865
2025-04-24,1,L6,Decathlon,Quechua Hiking Upper,164,82,4,193,0,8,SHIMA_07,0.4801
2025-04-24,2,L6,Crocs,Bayaband Slide Upper,159,117,9,86,0,6,SHIMA_07,0.6837
2025-04-24,1,L7,Crocs,Classic Clog Strap Assembly,203,194,8,8,0,8,STITCH_08,0.9205
2025-04-24,2,L7,Decathlon,Kiprun Carbon Plate,181,138,9,10,61,9,SHIMA_09,0.7158
2025-04-24,1,L8,Nike,Dunk Low Textile Upper,222,163,6,0,75,5,SOLE_03,0.7108
2025-04-24,2,L8,Crocs,Bayaband Slide Upper,233,203,9,18,0,7,SOLE_03,0.8344
2025-04-25,1,L1,Crocs,Bayaband Slide Upper,224,180,6,25,29,4,SHIMA_01,0.7787
2025-04-25,2,L1,Nike,Dunk Low Textile Upper,233,189,19,70,0,5,SHIMA_03,0.7305
2025-04-25,3,L1,Decathlon,Kiprun Carbon Plate,135,129,8,14,0,7,SHIMA_02,0.9001
2025-04-25,1,L2,Nike,Vaporfly Engineered Mesh,223,174,12,7,52,4,SHIMA_05,0.7275
2025-04-25,2,L2,Nike,Dunk Low Textile Upper,201,152,15,26,72,7,SHIMA_06,0.6854
2025-04-25,3,L2,Nike,Dunk Low Textile Upper,124,110,7,12,0,5,SHIMA_04,0.8366
2025-04-25,1,L3,Nike,Vaporfly Engineered Mesh,225,221,8,7,0,10,SOLE_01,0.9491
2025-04-25,2,L3,Nike,ZoomX Carbon Plate Insert,207,169,10,23,0,10,STITCH_02,0.7684
2025-04-25,3,L3,Decathlon,Kalenji Trail Sole Unit,123,121,12,7,0,8,STITCH_02,0.8877
2025-04-25,1,L4,Nike,Air Max Flyknit Upper,193,77,7,239,21,9,SOLE_02,0.3671
2025-04-25,2,L4,Crocs,LiteRide Insole Unit,189,156,8,78,0,10,STITCH_03,0.7833
2025-04-25,3,L4,Nike,Air Max Flyknit Upper,141,98,13,115,0,9,STITCH_04,0.6071
2025-04-25,1,L5,Crocs,Classic Clog Strap Assembly,215,198,7,11,0,11,STITCH_05,0.8919
2025-04-25,2,L5,Decathlon,Kalenji Trail Sole Unit,236,201,11,7,0,10,STITCH_06,0.8069
2025-04-25,3,L5,Crocs,LiteRide Insole Unit,129,106,6,15,0,12,SOLE_02,0.7811
2025-04-25,1,L6,Crocs,LiteRide Insole Unit,189,147,6,98,0,10,SHIMA_08,0.7483
2025-04-25,2,L6,Decathlon,Kiprun Carbon Plate,173,160,5,23,0,9,STITCH_07,0.9015
2025-04-25,3,L6,Decathlon,Kalenji Trail Sole Unit,111,98,2,23,24,9,STITCH_07,0.8713
2025-04-25,1,L7,Decathlon,Kalenji Trail Sole Unit,180,89,6,201,0,9,STITCH_07,0.4658
2025-04-25,2,L7,Decathlon,Kiprun Carbon Plate,182,182,13,0,0,7,SHIMA_09,0.9286
2025-04-25,3,L7,Crocs,Classic Clog Strap Assembly,125,108,9,26,0,10,STITCH_08,0.7983
2025-04-25,1,L8,Decathlon,Kiprun Carbon Plate,176,174,6,0,0,8,SOLE_03,0.9579
2025-04-25,2,L8,Nike,Air Max Flyknit Upper,161,150,12,29,0,6,SOLE_04,0.8585
2025-04-25,3,L8,Crocs,LiteRide Insole Unit,92,87,5,26,0,7,SOLE_04,0.8915
2025-04-28,1,L1,Nike,Dunk Low Textile Upper,211,201,6,21,0,4,SHIMA_03,0.9277
2025-04-28,2,L1,Nike,Pegasus 3D Knit Collar,233,203,19,28,0,7,SHIMA_01,0.7904
2025-04-28,3,L1,Nike,Pegasus 3D Knit Collar,126,125,5,1,0,7,SHIMA_01,0.958
2025-04-28,1,L2,Nike,ZoomX Carbon Plate Insert,260,230,26,26,0,7,SHIMA_05,0.7879
2025-04-28,2,L2,Nike,Dunk Low Textile Upper,235,203,6,29,0,6,SHIMA_05,0.8418
2025-04-28,3,L2,Nike,Vaporfly Engineered Mesh,154,123,10,5,56,6,SHIMA_05,0.7362
2025-04-28,1,L3,Nike,ZoomX Carbon Plate Insert,219,182,12,9,0,10,STITCH_02,0.7794
2025-04-28,2,L3,Nike,Vaporfly Engineered Mesh,216,192,10,8,0,12,STITCH_02,0.845
2025-04-28,3,L3,Nike,ZoomX Carbon Plate Insert,136,103,9,80,0,10,STITCH_02,0.6915
2025-04-28,1,L4,Crocs,Bayaband Slide Upper,224,117,3,150,28,11,STITCH_03,0.5115
2025-04-28,2,L4,Crocs,Classic Clog Strap Assembly,201,105,4,179,31,12,STITCH_03,0.5048
2025-04-28,3,L4,Nike,Vaporfly Engineered Mesh,133,59,5,186,53,8,SOLE_02,0.4066
2025-04-28,1,L5,Crocs,Classic Clog Strap Assembly,201,186,5,27,0,8,SOLE_02,0.9019
2025-04-28,2,L5,Crocs,Classic Clog Strap Assembly,199,192,5,15,0,10,SOLE_02,0.9435
2025-04-28,3,L5,Decathlon,Kiprun Carbon Plate,140,101,7,41,82,8,STITCH_05,0.6773
2025-04-28,1,L6,Decathlon,Kalenji Trail Sole Unit,170,120,9,1,71,9,STITCH_07,0.6571
2025-04-28,2,L6,Crocs,Classic Clog Strap Assembly,181,163,4,8,0,6,SHIMA_07,0.8812
2025-04-28,3,L6,Decathlon,Kiprun Carbon Plate,105,69,5,29,68,10,STITCH_07,0.6159
2025-04-28,1,L7,Decathlon,Kiprun Carbon Plate,169,137,4,61,0,10,STITCH_08,0.7883
2025-04-28,2,L7,Decathlon,Kiprun Carbon Plate,168,162,8,3,0,10,SHIMA_09,0.9198
2025-04-28,3,L7,Decathlon,Kiprun Carbon Plate,122,79,4,146,0,10,STITCH_07,0.6223
2025-04-28,1,L8,Crocs,Classic Clog Strap Assembly,223,211,8,3,0,8,SOLE_04,0.911
2025-04-28,2,L8,Nike,ZoomX Carbon Plate Insert,220,82,5,222,61,7,SOLE_03,0.353
2025-04-28,3,L8,Nike,Dunk Low Textile Upper,129,122,10,26,0,6,SOLE_03,0.8683
2025-04-29,1,L1,Nike,Air Max Flyknit Upper,262,186,10,5,89,4,SHIMA_02,0.6746
2025-04-29,2,L1,Nike,Vaporfly Engineered Mesh,246,225,23,6,0,4,SHIMA_03,0.8223
2025-04-29,3,L1,Nike,ZoomX Carbon Plate Insert,174,139,16,18,0,4,SHIMA_03,0.7102
2025-04-29,1,L2,Nike,Dunk Low Textile Upper,243,214,15,24,0,7,SHIMA_06,0.8225
2025-04-29,2,L2,Crocs,Bayaband Slide Upper,252,222,17,29,28,6,SHIMA_06,0.8138
2025-04-29,3,L2,Nike,Dunk Low Textile Upper,160,148,19,17,0,4,SHIMA_04,0.8082
2025-04-29,1,L3,Nike,Pegasus 3D Knit Collar,189,182,14,16,0,10,STITCH_02,0.8892
2025-04-29,2,L3,Nike,Vaporfly Engineered Mesh,200,180,10,16,0,8,STITCH_01,0.8516
2025-04-29,3,L3,Nike,Vaporfly Engineered Mesh,137,111,14,14,45,9,SOLE_01,0.7123
2025-04-29,1,L4,Decathlon,Kiprun Carbon Plate,227,178,5,27,0,9,SOLE_02,0.7657
2025-04-29,2,L4,Decathlon,Quechua Hiking Upper,239,187,11,6,36,11,SOLE_02,0.7397
2025-04-29,3,L4,Decathlon,Kalenji Trail Sole Unit,143,131,7,26,0,12,STITCH_03,0.8697
2025-04-29,1,L5,Crocs,Classic Clog Strap Assembly,183,130,7,138,0,11,STITCH_06,0.6741
2025-04-29,2,L5,Crocs,Classic Clog Strap Assembly,190,177,13,23,0,10,STITCH_06,0.868
2025-04-29,3,L5,Crocs,LiteRide Insole Unit,134,108,3,22,0,11,STITCH_06,0.7839
2025-04-29,1,L6,Decathlon,Kalenji Trail Sole Unit,198,189,8,11,0,9,SHIMA_08,0.9162
2025-04-29,2,L6,Decathlon,Kiprun Carbon Plate,189,179,6,24,0,9,SHIMA_07,0.9182
2025-04-29,3,L6,Crocs,Classic Clog Strap Assembly,126,115,3,4,28,6,SHIMA_07,0.8918
2025-04-29,1,L7,Decathlon,Kalenji Trail Sole Unit,174,139,5,22,72,8,STITCH_07,0.7752
2025-04-29,2,L7,Decathlon,Kalenji Trail Sole Unit,159,149,11,0,0,7,STITCH_08,0.869
2025-04-29,3,L7,Nike,Dunk Low Textile Upper,111,107,8,16,0,10,SHIMA_09,0.8944
2025-04-29,1,L8,Nike,ZoomX Carbon Plate Insert,227,123,8,210,0,5,SOLE_03,0.5079
2025-04-29,2,L8,Nike,Vaporfly Engineered Mesh,197,177,9,28,0,8,SOLE_04,0.8575
2025-04-29,3,L8,Crocs,Classic Clog Strap Assembly,120,102,8,22,48,8,SOLE_04,0.7872
2025-04-30,1,L1,Nike,ZoomX Carbon Plate Insert,228,177,6,2,59,6,SHIMA_01,0.7521
2025-04-30,2,L1,Nike,Dunk Low Textile Upper,221,178,10,29,0,4,SHIMA_02,0.7625
2025-04-30,3,L1,Nike,Vaporfly Engineered Mesh,136,72,5,193,0,4,SHIMA_03,0.4978
2025-04-30,1,L2,Nike,ZoomX Carbon Plate Insert,215,171,18,47,24,5,SHIMA_05,0.7136
2025-04-30,2,L2,Nike,Air Max Flyknit Upper,235,209,14,13,0,5,SHIMA_04,0.8327
2025-04-30,3,L2,Nike,ZoomX Carbon Plate Insert,143,118,12,24,46,7,SHIMA_05,0.7462
2025-04-30,1,L3,Crocs,Bayaband Slide Upper,201,139,7,99,0,9,SOLE_01,0.66
2025-04-30,2,L3,Crocs,Bayaband Slide Upper,234,194,6,42,0,9,STITCH_02,0.8075
2025-04-30,3,L3,Nike,ZoomX Carbon Plate Insert,126,93,5,15,85,10,SOLE_01,0.7035
2025-04-30,1,L4,Crocs,Bayaband Slide Upper,246,236,15,18,0,9,STITCH_04,0.9013
2025-04-30,2,L4,Crocs,Classic Clog Strap Assembly,218,179,12,18,0,10,STITCH_03,0.7673
2025-04-30,3,L4,Crocs,LiteRide Insole Unit,159,147,8,17,19,11,SOLE_02,0.8747
2025-04-30,1,L5,Crocs,LiteRide Insole Unit,206,186,12,1,0,11,STITCH_06,0.8462
2025-04-30,2,L5,Crocs,LiteRide Insole Unit,214,202,7,25,0,11,SOLE_02,0.9151
2025-04-30,3,L5,Crocs,Bayaband Slide Upper,131,123,11,10,0,9,STITCH_06,0.8586
2025-04-30,1,L6,Crocs,Bayaband Slide Upper,197,184,9,28,0,8,SHIMA_07,0.8913
2025-04-30,2,L6,Decathlon,Kiprun Carbon Plate,190,155,9,7,65,9,SHIMA_07,0.7711
2025-04-30,3,L6,Decathlon,Quechua Hiking Upper,112,109,8,11,0,10,STITCH_07,0.9054
2025-04-30,1,L7,Decathlon,Kalenji Trail Sole Unit,152,150,6,2,0,9,STITCH_07,0.9489
2025-04-30,2,L7,Decathlon,Kiprun Carbon Plate,164,146,6,25,0,6,SHIMA_09,0.8545
2025-04-30,3,L7,Decathlon,Quechua Hiking Upper,99,80,6,19,0,6,STITCH_08,0.7555
2025-04-30,1,L8,Crocs,Bayaband Slide Upper,176,160,6,14,0,8,SOLE_03,0.8757
2025-04-30,2,L8,Nike,Dunk Low Textile Upper,200,191,12,21,0,8,SOLE_03,0.8962
2025-04-30,3,L8,Crocs,LiteRide Insole Unit,127,89,5,96,0,7,SOLE_03,0.6676
2025-05-01,1,L1,Decathlon,Quechua Hiking Upper,258,133,5,206,0,7,SHIMA_03,0.4966
2025-05-01,2,L1,Nike,Vaporfly Engineered Mesh,250,236,10,24,0,5,SHIMA_03,0.9056
2025-05-01,3,L1,Nike,Air Max Flyknit Upper,169,153,11,22,0,7,SHIMA_03,0.8415
2025-05-01,1,L2,Nike,Air Max Flyknit Upper,225,218,10,14,0,4,SHIMA_04,0.9255
2025-05-01,2,L2,Nike,Vaporfly Engineered Mesh,228,199,7,1,58,4,SHIMA_04,0.8462
2025-05-01,3,L2,Crocs,LiteRide Insole Unit,120,102,4,9,0,4,SHIMA_05,0.8218
2025-05-01,1,L3,Nike,Dunk Low Textile Upper,238,213,15,24,13,10,SOLE_01,0.8341
2025-05-01,2,L3,Crocs,LiteRide Insole Unit,242,214,16,19,0,9,STITCH_01,0.8217
2025-05-01,3,L3,Nike,ZoomX Carbon Plate Insert,151,129,15,22,0,9,STITCH_01,0.7581
2025-05-01,1,L4,Crocs,LiteRide Insole Unit,213,173,8,0,60,12,STITCH_04,0.7763
2025-05-01,2,L4,Crocs,Classic Clog Strap Assembly,211,183,5,4,0,9,STITCH_04,0.8475
2025-05-01,3,L4,Crocs,Classic Clog Strap Assembly,125,110,11,19,0,12,STITCH_04,0.7949
2025-05-01,1,L5,Crocs,Classic Clog Strap Assembly,215,179,4,8,0,12,STITCH_05,0.8175
2025-05-01,2,L5,Crocs,Bayaband Slide Upper,207,172,5,0,25,9,SOLE_02,0.8083
2025-05-01,3,L5,Decathlon,Kalenji Trail Sole Unit,130,114,7,29,0,9,STITCH_05,0.8294
2025-05-01,1,L6,Decathlon,Quechua Hiking Upper,172,145,10,12,0,8,STITCH_07,0.7895
2025-05-01,2,L6,Crocs,Bayaband Slide Upper,170,146,2,11,54,8,SHIMA_08,0.8527
2025-05-01,3,L6,Decathlon,Kiprun Carbon Plate,94,85,4,23,0,10,STITCH_07,0.865
2025-05-01,1,L7,Decathlon,Kiprun Carbon Plate,186,171,4,11,0,9,STITCH_07,0.8986
2025-05-01,2,L7,Nike,Vaporfly Engineered Mesh,168,126,12,10,43,9,STITCH_08,0.6816
2025-05-01,3,L7,Decathlon,Kalenji Trail Sole Unit,114,102,8,16,0,9,STITCH_08,0.8254
2025-05-01,1,L8,Nike,ZoomX Carbon Plate Insert,235,190,16,23,46,8,SOLE_04,0.7435
2025-05-01,2,L8,Decathlon,Kalenji Trail Sole Unit,235,181,10,90,0,7,SOLE_03,0.7301
2025-05-01,3,L8,Decathlon,Kalenji Trail Sole Unit,125,118,10,26,0,8,SOLE_03,0.8657
2025-05-02,1,L1,Nike,Pegasus 3D Knit Collar,243,224,17,15,0,4,SHIMA_03,0.8546
2025-05-02,2,L1,Nike,Vaporfly Engineered Mesh,242,222,17,14,0,5,SHIMA_01,0.8496
2025-05-02,1,L2,Nike,Vaporfly Engineered Mesh,246,225,8,21,0,4,SHIMA_04,0.8836
2025-05-02,2,L2,Nike,ZoomX Carbon Plate Insert,255,232,8,14,0,6,SHIMA_05,0.8801
2025-05-02,1,L3,Crocs,Bayaband Slide Upper,175,144,6,27,0,12,SOLE_01,0.7888
2025-05-02,2,L3,Decathlon,Quechua Hiking Upper,189,181,11,20,0,9,STITCH_02,0.9001
2025-05-02,1,L4,Crocs,Classic Clog Strap Assembly,269,233,16,12,0,9,STITCH_03,0.8089
2025-05-02,2,L4,Crocs,Bayaband Slide Upper,246,235,10,20,0,11,STITCH_04,0.9176
2025-05-02,1,L5,Crocs,LiteRide Insole Unit,211,179,4,17,0,12,STITCH_05,0.8329
2025-05-02,2,L5,Crocs,Bayaband Slide Upper,220,184,10,26,10,8,SOLE_02,0.7922
2025-05-02,1,L6,Decathlon,Kiprun Carbon Plate,202,195,6,16,0,8,SHIMA_07,0.9369
2025-05-02,2,L6,Decathlon,Quechua Hiking Upper,195,179,5,3,0,8,STITCH_07,0.8938
2025-05-02,1,L7,Decathlon,Kalenji Trail Sole Unit,200,118,7,92,57,9,STITCH_08,0.5589
2025-05-02,2,L7,Crocs,Classic Clog Strap Assembly,226,151,4,23,76,7,SHIMA_09,0.6533
2025-05-02,1,L8,Decathlon,Kalenji Trail Sole Unit,209,172,6,18,0,8,SOLE_03,0.7952
2025-05-02,2,L8,Crocs,Bayaband Slide Upper,203,177,3,8,0,8,SOLE_04,0.8614
2025-05-05,1,L1,Nike,ZoomX Carbon Plate Insert,211,98,5,233,0,7,SHIMA_01,0.4445
2025-05-05,2,L1,Nike,ZoomX Carbon Plate Insert,217,207,11,11,0,4,SHIMA_01,0.9069
2025-05-05,3,L1,Nike,Pegasus 3D Knit Collar,143,128,9,27,0,7,SHIMA_01,0.8328
2025-05-05,1,L2,Nike,Vaporfly Engineered Mesh,244,192,9,26,18,4,SHIMA_04,0.7505
2025-05-05,2,L2,Nike,Air Max Flyknit Upper,239,225,6,2,0,5,SHIMA_05,0.9179
2025-05-05,3,L2,Nike,Air Max Flyknit Upper,166,160,7,2,0,5,SHIMA_06,0.9242
2025-05-05,1,L3,Decathlon,Kiprun Carbon Plate,188,148,11,38,0,9,SOLE_01,0.73
2025-05-05,2,L3,Nike,Vaporfly Engineered Mesh,193,167,18,8,30,12,STITCH_02,0.7762
2025-05-05,3,L3,Nike,ZoomX Carbon Plate Insert,116,81,9,28,84,10,STITCH_02,0.626
2025-05-05,1,L4,Crocs,Bayaband Slide Upper,230,140,3,74,72,12,SOLE_02,0.5969
2025-05-05,2,L4,Nike,Pegasus 3D Knit Collar,212,108,9,228,0,9,SOLE_02,0.4692
2025-05-05,3,L4,Crocs,LiteRide Insole Unit,135,114,8,25,0,10,STITCH_03,0.7888
2025-05-05,1,L5,Crocs,Classic Clog Strap Assembly,198,173,7,26,26,9,SOLE_02,0.843
2025-05-05,2,L5,Crocs,LiteRide Insole Unit,207,177,4,8,0,9,SOLE_02,0.8396
2025-05-05,3,L5,Nike,Vaporfly Engineered Mesh,126,112,6,23,0,12,STITCH_06,0.843
2025-05-05,1,L6,Nike,Pegasus 3D Knit Collar,220,193,6,0,0,10,STITCH_07,0.8516
2025-05-05,2,L6,Nike,ZoomX Carbon Plate Insert,217,190,13,25,0,7,SHIMA_08,0.8186
2025-05-05,3,L6,Decathlon,Quechua Hiking Upper,150,127,7,5,0,10,SHIMA_08,0.8027
2025-05-05,1,L7,Decathlon,Quechua Hiking Upper,209,114,6,110,65,7,SHIMA_09,0.521
2025-05-05,2,L7,Decathlon,Kalenji Trail Sole Unit,197,186,7,0,0,9,STITCH_08,0.9113
2025-05-05,3,L7,Crocs,Bayaband Slide Upper,134,105,4,17,32,7,STITCH_07,0.7576
2025-05-05,1,L8,Nike,Dunk Low Textile Upper,224,191,10,27,42,5,SOLE_04,0.8114
2025-05-05,2,L8,Nike,Vaporfly Engineered Mesh,218,204,11,23,0,5,SOLE_03,0.8894
2025-05-05,3,L8,Nike,ZoomX Carbon Plate Insert,132,127,5,14,0,8,SOLE_04,0.9254
2025-05-06,1,L1,Nike,Vaporfly Engineered Mesh,254,220,22,9,0,6,SHIMA_02,0.7828
2025-05-06,2,L1,Nike,Air Max Flyknit Upper,278,243,8,21,0,4,SHIMA_03,0.8462
2025-05-06,3,L1,Nike,Pegasus 3D Knit Collar,201,168,9,7,48,7,SHIMA_02,0.7931
2025-05-06,1,L2,Nike,Dunk Low Textile Upper,229,176,7,22,87,7,SHIMA_05,0.7422
2025-05-06,2,L2,Nike,ZoomX Carbon Plate Insert,219,202,15,12,0,6,SHIMA_05,0.8563
2025-05-06,3,L2,Nike,ZoomX Carbon Plate Insert,120,118,7,7,0,6,SHIMA_06,0.927
2025-05-06,1,L3,Nike,Vaporfly Engineered Mesh,208,192,8,6,29,8,STITCH_02,0.8885
2025-05-06,2,L3,Nike,Air Max Flyknit Upper,196,193,19,6,0,9,SOLE_01,0.8903
2025-05-06,3,L3,Nike,Dunk Low Textile Upper,153,132,5,16,0,11,SOLE_01,0.8339
2025-05-06,1,L4,Crocs,Classic Clog Strap Assembly,257,218,4,23,26,8,STITCH_03,0.8348
2025-05-06,2,L4,Crocs,Classic Clog Strap Assembly,273,257,11,17,0,11,STITCH_03,0.9017
2025-05-06,3,L4,Crocs,LiteRide Insole Unit,155,135,9,12,0,9,STITCH_04,0.8159
2025-05-06,1,L5,Crocs,LiteRide Insole Unit,196,157,7,26,0,9,SOLE_02,0.7666
2025-05-06,2,L5,Crocs,LiteRide Insole Unit,199,196,9,5,0,11,STITCH_05,0.9441
2025-05-06,3,L5,Crocs,LiteRide Insole Unit,127,109,2,4,0,8,SOLE_02,0.8452
2025-05-06,1,L6,Decathlon,Kiprun Carbon Plate,211,179,7,8,0,6,STITCH_07,0.8197
2025-05-06,2,L6,Decathlon,Kalenji Trail Sole Unit,206,111,7,219,0,10,SHIMA_08,0.507
2025-05-06,3,L6,Decathlon,Kalenji Trail Sole Unit,123,116,10,25,0,6,STITCH_07,0.8662
2025-05-06,1,L7,Crocs,Classic Clog Strap Assembly,167,147,4,8,0,7,SHIMA_09,0.859
2025-05-06,2,L7,Decathlon,Quechua Hiking Upper,162,150,6,16,0,10,STITCH_07,0.8911
2025-05-06,3,L7,Decathlon,Kalenji Trail Sole Unit,99,87,3,5,0,7,STITCH_08,0.8486
2025-05-06,1,L8,Crocs,Classic Clog Strap Assembly,233,229,10,6,0,6,SOLE_04,0.9412
2025-05-06,2,L8,Crocs,Classic Clog Strap Assembly,212,162,6,25,23,5,SOLE_04,0.7367
2025-05-06,3,L8,Decathlon,Quechua Hiking Upper,128,96,9,85,0,8,SOLE_03,0.6856
2025-05-07,1,L1,Nike,Pegasus 3D Knit Collar,273,203,21,123,0,4,SHIMA_03,0.6668
2025-05-07,2,L1,Crocs,Bayaband Slide Upper,290,212,13,129,0,4,SHIMA_03,0.6864
2025-05-07,3,L1,Nike,ZoomX Carbon Plate Insert,157,139,12,7,0,6,SHIMA_01,0.8097
2025-05-07,1,L2,Nike,ZoomX Carbon Plate Insert,256,250,19,10,0,4,SHIMA_05,0.9043
2025-05-07,2,L2,Nike,Pegasus 3D Knit Collar,260,195,7,106,0,5,SHIMA_05,0.7266
2025-05-07,3,L2,Decathlon,Quechua Hiking Upper,138,88,8,123,48,6,SHIMA_06,0.5852
2025-05-07,1,L3,Nike,ZoomX Carbon Plate Insert,185,159,7,26,0,8,STITCH_02,0.8234
2025-05-07,2,L3,Crocs,Bayaband Slide Upper,192,145,5,25,66,11,STITCH_01,0.7304
2025-05-07,3,L3,Crocs,Bayaband Slide Upper,110,99,2,9,0,8,SOLE_01,0.8842
2025-05-07,1,L4,Crocs,LiteRide Insole Unit,232,147,6,161,0,9,SOLE_02,0.6114
2025-05-07,2,L4,Nike,ZoomX Carbon Plate Insert,213,211,17,4,0,8,SOLE_02,0.9118
2025-05-07,3,L4,Decathlon,Quechua Hiking Upper,146,127,11,28,34,12,STITCH_03,0.7954
2025-05-07,1,L5,Crocs,LiteRide Insole Unit,206,193,15,18,10,12,SOLE_02,0.8681
2025-05-07,2,L5,Decathlon,Kalenji Trail Sole Unit,218,215,11,5,0,9,STITCH_06,0.939
2025-05-07,3,L5,Crocs,Bayaband Slide Upper,120,117,11,7,0,10,SOLE_02,0.8898
2025-05-07,1,L6,Decathlon,Quechua Hiking Upper,216,182,14,6,0,7,STITCH_07,0.7798
2025-05-07,2,L6,Decathlon,Kiprun Carbon Plate,195,121,7,158,0,6,STITCH_07,0.5875
2025-05-07,3,L6,Decathlon,Kalenji Trail Sole Unit,144,139,6,11,0,6,STITCH_07,0.9275
2025-05-07,1,L7,Decathlon,Kiprun Carbon Plate,204,189,11,14,0,7,SHIMA_09,0.8734
2025-05-07,2,L7,Decathlon,Kiprun Carbon Plate,190,151,8,14,23,10,STITCH_08,0.7559
2025-05-07,3,L7,Nike,Air Max Flyknit Upper,141,123,13,0,0,6,STITCH_07,0.7814
2025-05-07,1,L8,Nike,Air Max Flyknit Upper,171,160,11,1,19,6,SOLE_03,0.8723
2025-05-07,2,L8,Decathlon,Kalenji Trail Sole Unit,167,166,11,2,0,8,SOLE_04,0.9298
2025-05-07,3,L8,Decathlon,Kiprun Carbon Plate,108,100,4,1,0,8,SOLE_03,0.8906
2025-05-08,1,L1,Nike,ZoomX Carbon Plate Insert,265,207,13,27,43,5,SHIMA_03,0.7322
2025-05-08,2,L1,Nike,Dunk Low Textile Upper,242,226,14,25,0,5,SHIMA_02,0.8765
2025-05-08,3,L1,Nike,ZoomX Carbon Plate Insert,181,173,20,19,0,4,SHIMA_01,0.8494
2025-05-08,1,L2,Nike,ZoomX Carbon Plate Insert,221,216,17,6,0,6,SHIMA_05,0.902
2025-05-08,2,L2,Nike,ZoomX Carbon Plate Insert,224,165,4,4,73,6,SHIMA_06,0.7194
2025-05-08,3,L2,Nike,Pegasus 3D Knit Collar,156,134,11,23,0,6,SHIMA_05,0.7941
2025-05-08,1,L3,Decathlon,Kalenji Trail Sole Unit,233,219,9,14,0,11,STITCH_02,0.9018
2025-05-08,2,L3,Nike,Vaporfly Engineered Mesh,226,215,12,23,0,10,SOLE_01,0.8989
2025-05-08,3,L3,Nike,ZoomX Carbon Plate Insert,139,119,15,8,0,9,SOLE_01,0.7534
2025-05-08,1,L4,Nike,Pegasus 3D Knit Collar,220,208,18,0,0,11,STITCH_04,0.865
2025-05-08,2,L4,Crocs,Classic Clog Strap Assembly,222,221,5,2,0,11,STITCH_03,0.9733
2025-05-08,3,L4,Crocs,LiteRide Insole Unit,146,137,10,2,0,9,SOLE_02,0.8702
2025-05-08,1,L5,Crocs,LiteRide Insole Unit,241,197,5,27,0,12,STITCH_06,0.7967
2025-05-08,2,L5,Decathlon,Quechua Hiking Upper,233,145,5,168,0,12,STITCH_06,0.6041
2025-05-08,3,L5,Crocs,LiteRide Insole Unit,185,151,15,27,0,9,STITCH_06,0.7396
2025-05-08,1,L6,Decathlon,Kiprun Carbon Plate,194,137,5,12,83,8,STITCH_07,0.6827
2025-05-08,2,L6,Decathlon,Kalenji Trail Sole Unit,185,161,7,12,0,7,STITCH_07,0.8356
2025-05-08,3,L6,Nike,Air Max Flyknit Upper,140,127,5,26,0,9,SHIMA_07,0.8751
2025-05-08,1,L7,Decathlon,Kiprun Carbon Plate,212,189,13,22,0,6,STITCH_08,0.833
2025-05-08,2,L7,Decathlon,Quechua Hiking Upper,197,177,8,15,32,6,STITCH_08,0.8613
2025-05-08,3,L7,Decathlon,Quechua Hiking Upper,110,89,7,22,0,6,STITCH_08,0.7522
2025-05-08,1,L8,Nike,ZoomX Carbon Plate Insert,221,162,6,24,87,7,SOLE_04,0.7092
2025-05-08,2,L8,Nike,Dunk Low Textile Upper,227,213,10,23,0,5,SOLE_04,0.8979
2025-05-08,3,L8,Decathlon,Kalenji Trail Sole Unit,124,106,6,17,49,8,SOLE_03,0.8137
2025-05-09,1,L1,Nike,Air Max Flyknit Upper,246,174,8,4,87,5,SHIMA_02,0.6767
2025-05-09,2,L1,Crocs,Bayaband Slide Upper,240,236,14,8,0,5,SHIMA_01,0.925
2025-05-09,3,L1,Nike,Vaporfly Engineered Mesh,145,139,16,18,0,6,SHIMA_03,0.8517
2025-05-09,1,L2,Nike,ZoomX Carbon Plate Insert,236,155,8,164,0,6,SHIMA_06,0.6244
2025-05-09,2,L2,Nike,Dunk Low Textile Upper,250,212,17,25,0,7,SHIMA_05,0.7835
2025-05-09,3,L2,Nike,Pegasus 3D Knit Collar,188,160,9,26,0,5,SHIMA_06,0.8064
2025-05-09,1,L3,Nike,Dunk Low Textile Upper,235,166,6,139,0,10,STITCH_01,0.6847
2025-05-09,2,L3,Nike,Air Max Flyknit Upper,239,211,15,13,0,8,SOLE_01,0.8233
2025-05-09,3,L3,Nike,Dunk Low Textile Upper,141,119,16,1,0,9,SOLE_01,0.7306
2025-05-09,1,L4,Nike,ZoomX Carbon Plate Insert,193,188,12,9,0,8,STITCH_03,0.9164
2025-05-09,2,L4,Nike,Air Max Flyknit Upper,192,116,8,190,0,8,SOLE_02,0.5625
2025-05-09,3,L4,Crocs,Classic Clog Strap Assembly,133,123,10,14,0,9,SOLE_02,0.8525
2025-05-09,1,L5,Crocs,LiteRide Insole Unit,199,107,6,203,0,12,SOLE_02,0.5096
2025-05-09,2,L5,Crocs,Bayaband Slide Upper,183,112,2,155,0,8,STITCH_06,0.6064
2025-05-09,3,L5,Crocs,Bayaband Slide Upper,132,124,11,27,0,10,STITCH_05,0.86
2025-05-09,1,L6,Decathlon,Quechua Hiking Upper,182,150,10,22,0,9,STITCH_07,0.7706
2025-05-09,2,L6,Decathlon,Kiprun Carbon Plate,186,130,5,78,66,7,STITCH_07,0.6731
2025-05-09,3,L6,Decathlon,Quechua Hiking Upper,113,109,5,13,0,6,SHIMA_07,0.9283
2025-05-09,1,L7,Nike,ZoomX Carbon Plate Insert,194,171,16,4,0,9,SHIMA_09,0.8001
2025-05-09,2,L7,Decathlon,Kalenji Trail Sole Unit,186,172,4,21,0,9,SHIMA_09,0.9053
2025-05-09,3,L7,Decathlon,Kalenji Trail Sole Unit,121,110,11,9,0,10,STITCH_08,0.821
2025-05-09,1,L8,Nike,Dunk Low Textile Upper,243,235,8,15,0,8,SOLE_03,0.9358
2025-05-09,2,L8,Nike,ZoomX Carbon Plate Insert,214,179,12,9,0,7,SOLE_03,0.7829
2025-05-09,3,L8,Nike,Dunk Low Textile Upper,163,153,16,28,0,5,SOLE_04,0.8425
2025-05-12,1,L1,Crocs,LiteRide Insole Unit,222,215,9,14,0,6,SHIMA_02,0.9302
2025-05-12,2,L1,Nike,ZoomX Carbon Plate Insert,235,209,19,5,0,5,SHIMA_01,0.8099
2025-05-12,3,L1,Crocs,LiteRide Insole Unit,123,106,6,19,15,4,SHIMA_01,0.8142
2025-05-12,1,L2,Nike,Vaporfly Engineered Mesh,230,219,14,21,0,4,SHIMA_06,0.8951
2025-05-12,2,L2,Nike,Air Max Flyknit Upper,212,189,18,6,0,5,SHIMA_05,0.8106
2025-05-12,3,L2,Nike,Dunk Low Textile Upper,165,132,5,36,0,6,SHIMA_04,0.7754
2025-05-12,1,L3,Nike,Dunk Low Textile Upper,176,147,10,16,0,9,SOLE_01,0.7817
2025-05-12,2,L3,Decathlon,Quechua Hiking Upper,190,173,5,5,29,12,STITCH_02,0.8874
2025-05-12,3,L3,Nike,Pegasus 3D Knit Collar,138,107,14,13,60,10,STITCH_01,0.6771
2025-05-12,1,L4,Crocs,Bayaband Slide Upper,235,195,12,11,0,12,SOLE_02,0.7821
2025-05-12,2,L4,Nike,ZoomX Carbon Plate Insert,247,186,15,15,67,8,SOLE_02,0.6936
2025-05-12,3,L4,Crocs,LiteRide Insole Unit,164,140,6,21,42,10,SOLE_02,0.8223
2025-05-12,1,L5,Crocs,Classic Clog Strap Assembly,242,230,10,17,0,11,STITCH_06,0.9111
2025-05-12,2,L5,Crocs,Bayaband Slide Upper,252,236,9,4,0,12,SOLE_02,0.9018
2025-05-12,3,L5,Crocs,Classic Clog Strap Assembly,175,112,9,76,67,12,STITCH_06,0.5906
2025-05-12,1,L6,Crocs,Classic Clog Strap Assembly,198,193,4,12,0,7,SHIMA_08,0.9548
2025-05-12,2,L6,Decathlon,Kiprun Carbon Plate,185,152,7,19,23,9,SHIMA_08,0.7884
2025-05-12,3,L6,Decathlon,Kiprun Carbon Plate,128,122,9,21,0,9,STITCH_07,0.8857
2025-05-12,1,L7,Nike,ZoomX Carbon Plate Insert,197,173,6,19,0,8,STITCH_08,0.8477
2025-05-12,2,L7,Crocs,Bayaband Slide Upper,188,175,12,15,0,10,SHIMA_09,0.8681
2025-05-12,3,L7,Nike,Air Max Flyknit Upper,139,126,14,16,20,7,STITCH_08,0.8083
2025-05-12,1,L8,Nike,Dunk Low Textile Upper,189,178,12,3,0,8,SOLE_04,0.8794
2025-05-12,2,L8,Nike,Air Max Flyknit Upper,174,61,3,233,70,8,SOLE_04,0.3337
2025-05-12,3,L8,Decathlon,Quechua Hiking Upper,135,123,12,7,0,5,SOLE_04,0.8245
2025-05-13,1,L1,Nike,ZoomX Carbon Plate Insert,263,190,16,1,75,5,SHIMA_03,0.6631
2025-05-13,2,L1,Nike,ZoomX Carbon Plate Insert,275,217,17,14,86,7,SHIMA_01,0.7296
2025-05-13,3,L1,Nike,Dunk Low Textile Upper,178,154,5,12,0,7,SHIMA_01,0.8406
2025-05-13,1,L2,Crocs,LiteRide Insole Unit,235,186,7,18,67,7,SHIMA_05,0.7652
2025-05-13,2,L2,Nike,Pegasus 3D Knit Collar,220,166,8,24,30,7,SHIMA_06,0.7183
2025-05-13,3,L2,Nike,Dunk Low Textile Upper,140,120,7,0,59,4,SHIMA_05,0.8094
2025-05-13,1,L3,Nike,Vaporfly Engineered Mesh,242,170,6,29,71,11,STITCH_02,0.6795
2025-05-13,2,L3,Nike,Pegasus 3D Knit Collar,251,240,26,19,0,9,STITCH_02,0.8537
2025-05-13,3,L3,Nike,ZoomX Carbon Plate Insert,173,116,13,111,0,9,STITCH_02,0.5983
2025-05-13,1,L4,Crocs,LiteRide Insole Unit,254,227,13,16,0,11,STITCH_04,0.844
2025-05-13,2,L4,Crocs,Classic Clog Strap Assembly,230,201,11,2,0,10,STITCH_03,0.8282
2025-05-13,3,L4,Crocs,LiteRide Insole Unit,169,152,4,4,0,9,SOLE_02,0.8773
2025-05-13,1,L5,Crocs,LiteRide Insole Unit,243,187,8,80,0,12,STITCH_05,0.738
2025-05-13,2,L5,Crocs,LiteRide Insole Unit,245,181,8,21,82,9,STITCH_05,0.7083
2025-05-13,3,L5,Crocs,Classic Clog Strap Assembly,166,146,4,14,11,12,STITCH_06,0.8572
2025-05-13,1,L6,Decathlon,Kiprun Carbon Plate,224,212,8,20,0,6,SHIMA_08,0.9133
2025-05-13,2,L6,Decathlon,Quechua Hiking Upper,213,193,13,23,0,7,STITCH_07,0.8478
2025-05-13,3,L6,Decathlon,Kiprun Carbon Plate,135,124,3,3,31,7,SHIMA_07,0.8995
2025-05-13,1,L7,Decathlon,Quechua Hiking Upper,201,196,9,10,0,9,STITCH_07,0.9342
2025-05-13,2,L7,Decathlon,Kiprun Carbon Plate,199,170,7,1,45,9,STITCH_08,0.8219
2025-05-13,3,L7,Decathlon,Kiprun Carbon Plate,139,111,5,28,0,8,STITCH_07,0.7662
2025-05-13,1,L8,Crocs,Classic Clog Strap Assembly,163,71,5,238,13,7,SOLE_04,0.4064
2025-05-13,2,L8,Decathlon,Kiprun Carbon Plate,157,133,2,19,0,5,SOLE_04,0.839
2025-05-13,3,L8,Nike,ZoomX Carbon Plate Insert,106,100,5,22,0,8,SOLE_03,0.904
2025-05-14,1,L1,Nike,Air Max Flyknit Upper,276,268,30,12,0,6,SHIMA_02,0.8629
2025-05-14,2,L1,Nike,Pegasus 3D Knit Collar,252,203,14,3,26,4,SHIMA_02,0.7533
2025-05-14,3,L1,Crocs,Bayaband Slide Upper,164,102,9,157,0,6,SHIMA_01,0.5702
2025-05-14,1,L2,Nike,ZoomX Carbon Plate Insert,278,161,10,151,0,5,SHIMA_04,0.544
2025-05-14,2,L2,Nike,Pegasus 3D Knit Collar,248,234,17,6,0,6,SHIMA_06,0.8786
2025-05-14,3,L2,Nike,Vaporfly Engineered Mesh,201,187,23,23,0,5,SHIMA_06,0.8199
2025-05-14,1,L3,Nike,Pegasus 3D Knit Collar,198,170,8,6,0,10,STITCH_02,0.8189
2025-05-14,2,L3,Nike,Pegasus 3D Knit Collar,215,173,10,22,0,12,STITCH_01,0.7601
2025-05-14,3,L3,Nike,Dunk Low Textile Upper,112,100,8,1,0,10,STITCH_02,0.8217
2025-05-14,1,L4,Crocs,Bayaband Slide Upper,199,138,8,8,77,9,STITCH_04,0.6558
2025-05-14,2,L4,Crocs,Classic Clog Strap Assembly,195,183,9,0,0,10,SOLE_02,0.8928
2025-05-14,3,L4,Crocs,Classic Clog Strap Assembly,109,107,5,6,0,8,SOLE_02,0.9414
2025-05-14,1,L5,Decathlon,Kalenji Trail Sole Unit,196,156,8,26,31,11,STITCH_05,0.7575
2025-05-14,2,L5,Crocs,LiteRide Insole Unit,215,196,5,7,17,10,STITCH_05,0.8885
2025-05-14,3,L5,Crocs,Bayaband Slide Upper,122,104,7,2,65,9,SOLE_02,0.8025
2025-05-14,1,L6,Decathlon,Kiprun Carbon Plate,199,167,11,27,0,10,SHIMA_08,0.7845
2025-05-14,2,L6,Decathlon,Kalenji Trail Sole Unit,171,149,7,6,0,7,STITCH_07,0.8324
2025-05-14,3,L6,Decathlon,Kalenji Trail Sole Unit,126,118,9,29,0,10,SHIMA_08,0.8679
2025-05-14,1,L7,Crocs,Classic Clog Strap Assembly,149,124,8,19,61,10,STITCH_08,0.7796
2025-05-14,2,L7,Nike,Pegasus 3D Knit Collar,165,140,12,4,0,10,STITCH_08,0.7778
2025-05-14,3,L7,Decathlon,Quechua Hiking Upper,118,108,6,5,0,9,STITCH_08,0.8662
2025-05-14,1,L8,Decathlon,Kiprun Carbon Plate,231,166,10,121,0,6,SOLE_03,0.6794
2025-05-14,2,L8,Nike,Vaporfly Engineered Mesh,205,167,13,4,83,6,SOLE_03,0.7538
2025-05-14,3,L8,Nike,Vaporfly Engineered Mesh,121,107,4,2,0,8,SOLE_03,0.8589
2025-05-15,1,L1,Nike,ZoomX Carbon Plate Insert,237,224,12,26,0,5,SHIMA_01,0.8952
2025-05-15,2,L1,Nike,Dunk Low Textile Upper,244,243,12,1,0,7,SHIMA_01,0.9486
2025-05-15,3,L1,Decathlon,Quechua Hiking Upper,146,130,7,3,0,7,SHIMA_02,0.8455
2025-05-15,1,L2,Nike,Air Max Flyknit Upper,280,150,16,207,0,5,SHIMA_05,0.4798
2025-05-15,2,L2,Nike,Air Max Flyknit Upper,244,220,19,9,0,6,SHIMA_04,0.8258
2025-05-15,3,L2,Nike,Vaporfly Engineered Mesh,183,131,10,10,63,7,SHIMA_05,0.6621
2025-05-15,1,L3,Nike,Air Max Flyknit Upper,214,207,17,14,0,10,STITCH_01,0.8911
2025-05-15,2,L3,Decathlon,Kalenji Trail Sole Unit,192,183,7,21,0,9,STITCH_02,0.9195
2025-05-15,3,L3,Nike,Air Max Flyknit Upper,115,98,8,19,0,8,STITCH_01,0.7861
2025-05-15,1,L4,Crocs,Classic Clog Strap Assembly,244,202,8,20,61,11,STITCH_04,0.7983
2025-05-15,2,L4,Decathlon,Kiprun Carbon Plate,230,224,12,12,0,8,STITCH_03,0.9228
2025-05-15,3,L4,Crocs,LiteRide Insole Unit,162,146,8,4,0,12,STITCH_03,0.8572
2025-05-15,1,L5,Decathlon,Kiprun Carbon Plate,220,200,4,23,0,8,STITCH_05,0.8923
2025-05-15,2,L5,Crocs,Classic Clog Strap Assembly,206,202,8,9,0,9,STITCH_05,0.9424
2025-05-15,3,L5,Crocs,Classic Clog Strap Assembly,161,160,8,1,0,11,SOLE_02,0.948
2025-05-15,1,L6,Decathlon,Kalenji Trail Sole Unit,211,195,13,12,0,7,STITCH_07,0.8628
2025-05-15,2,L6,Decathlon,Kiprun Carbon Plate,209,198,8,6,19,8,STITCH_07,0.9096
2025-05-15,3,L6,Decathlon,Quechua Hiking Upper,149,123,10,21,0,9,STITCH_07,0.7632
2025-05-15,1,L7,Decathlon,Kalenji Trail Sole Unit,199,110,7,211,0,9,STITCH_07,0.5197
2025-05-15,2,L7,Decathlon,Kiprun Carbon Plate,212,155,5,24,77,7,SHIMA_09,0.7099
2025-05-15,3,L7,Nike,Vaporfly Engineered Mesh,115,91,8,17,81,8,SHIMA_09,0.7259
2025-05-15,1,L8,Decathlon,Quechua Hiking Upper,164,149,7,17,0,6,SOLE_03,0.8694
2025-05-15,2,L8,Crocs,Bayaband Slide Upper,189,153,7,12,72,5,SOLE_04,0.7742
2025-05-15,3,L8,Crocs,Classic Clog Strap Assembly,108,82,8,7,66,7,SOLE_04,0.6862
2025-05-16,1,L1,Nike,ZoomX Carbon Plate Insert,247,223,23,28,17,5,SHIMA_03,0.8128
2025-05-16,2,L1,Nike,Pegasus 3D Knit Collar,287,221,16,24,73,5,SHIMA_03,0.7162
2025-05-16,1,L2,Nike,Pegasus 3D Knit Collar,222,164,16,60,0,7,SHIMA_05,0.6699
2025-05-16,2,L2,Nike,Vaporfly Engineered Mesh,223,205,6,3,0,5,SHIMA_05,0.894
2025-05-16,1,L3,Nike,Pegasus 3D Knit Collar,219,210,11,18,0,11,STITCH_01,0.9121
2025-05-16,2,L3,Crocs,LiteRide Insole Unit,217,213,16,1,0,10,STITCH_01,0.9109
2025-05-16,1,L4,Crocs,Classic Clog Strap Assembly,195,175,9,1,34,8,STITCH_03,0.8537
2025-05-16,2,L4,Crocs,Bayaband Slide Upper,186,158,10,8,0,8,STITCH_03,0.7997
2025-05-16,1,L5,Crocs,Classic Clog Strap Assembly,226,184,13,27,36,10,STITCH_05,0.7584
2025-05-16,2,L5,Crocs,Bayaband Slide Upper,246,216,9,16,0,11,STITCH_05,0.8451
2025-05-16,1,L6,Decathlon,Kiprun Carbon Plate,181,157,9,16,0,7,SHIMA_07,0.8193
2025-05-16,2,L6,Decathlon,Quechua Hiking Upper,190,177,7,14,0,10,SHIMA_08,0.8961
2025-05-16,1,L7,Crocs,LiteRide Insole Unit,171,158,7,6,0,9,STITCH_07,0.8886
2025-05-16,2,L7,Decathlon,Kalenji Trail Sole Unit,158,140,11,9,0,6,SHIMA_09,0.8201
2025-05-16,1,L8,Nike,Pegasus 3D Knit Collar,217,215,17,3,0,7,SOLE_03,0.9152
2025-05-16,2,L8,Decathlon,Quechua Hiking Upper,246,110,7,228,0,7,SOLE_03,0.4223
2025-05-19,1,L1,Nike,Pegasus 3D Knit Collar,263,209,10,34,18,5,SHIMA_03,0.7582
2025-05-19,2,L1,Nike,Dunk Low Textile Upper,252,248,21,6,0,4,SHIMA_02,0.9039
2025-05-19,3,L1,Crocs,LiteRide Insole Unit,193,170,10,0,0,7,SHIMA_01,0.8296
2025-05-19,1,L2,Nike,Pegasus 3D Knit Collar,263,239,28,5,0,6,SHIMA_04,0.8043
2025-05-19,2,L2,Nike,ZoomX Carbon Plate Insert,277,126,4,232,0,5,SHIMA_06,0.4421
2025-05-19,3,L2,Nike,ZoomX Carbon Plate Insert,162,155,17,19,0,5,SHIMA_04,0.8551
2025-05-19,1,L3,Nike,Pegasus 3D Knit Collar,177,144,11,27,0,9,STITCH_02,0.7534
2025-05-19,2,L3,Nike,Pegasus 3D Knit Collar,184,151,16,20,0,8,STITCH_01,0.7341
2025-05-19,3,L3,Nike,Dunk Low Textile Upper,143,130,14,23,0,8,STITCH_02,0.8155
2025-05-19,1,L4,Crocs,Classic Clog Strap Assembly,179,169,9,3,11,11,STITCH_03,0.8945
2025-05-19,2,L4,Crocs,LiteRide Insole Unit,193,172,4,4,0,11,STITCH_03,0.8721
2025-05-19,3,L4,Crocs,Classic Clog Strap Assembly,126,71,4,208,0,9,SOLE_02,0.5347
2025-05-19,1,L5,Crocs,Bayaband Slide Upper,203,192,11,10,15,9,STITCH_05,0.8936
2025-05-19,2,L5,Crocs,Classic Clog Strap Assembly,206,157,10,114,0,12,STITCH_05,0.7139
2025-05-19,3,L5,Crocs,Classic Clog Strap Assembly,112,92,3,26,0,12,STITCH_05,0.7966
2025-05-19,1,L6,Decathlon,Quechua Hiking Upper,183,171,8,9,18,7,SHIMA_07,0.8956
2025-05-19,2,L6,Decathlon,Kiprun Carbon Plate,187,171,4,5,0,7,SHIMA_07,0.8982
2025-05-19,3,L6,Crocs,Classic Clog Strap Assembly,101,86,4,27,0,9,SHIMA_07,0.8212
2025-05-19,1,L7,Decathlon,Kalenji Trail Sole Unit,203,128,7,175,0,9,STITCH_07,0.6007
2025-05-19,2,L7,Decathlon,Kiprun Carbon Plate,203,165,11,9,53,6,SHIMA_09,0.7616
2025-05-19,3,L7,Decathlon,Quechua Hiking Upper,125,113,6,11,0,6,STITCH_08,0.8628
2025-05-19,1,L8,Decathlon,Kalenji Trail Sole Unit,196,117,4,141,41,5,SOLE_03,0.5787
2025-05-19,2,L8,Nike,Dunk Low Textile Upper,187,119,11,28,88,6,SOLE_03,0.5814
2025-05-19,3,L8,Crocs,Bayaband Slide Upper,105,99,5,23,0,6,SOLE_03,0.904
2025-05-20,1,L1,Decathlon,Quechua Hiking Upper,282,199,13,25,59,5,SHIMA_02,0.6622
2025-05-20,2,L1,Nike,Pegasus 3D Knit Collar,279,269,7,8,0,5,SHIMA_03,0.9397
2025-05-20,3,L1,Nike,Air Max Flyknit Upper,159,134,7,1,72,7,SHIMA_03,0.8025
2025-05-20,1,L2,Nike,Vaporfly Engineered Mesh,256,195,7,113,0,5,SHIMA_05,0.7371
2025-05-20,2,L2,Crocs,Classic Clog Strap Assembly,259,213,11,24,0,5,SHIMA_05,0.7832
2025-05-20,3,L2,Nike,Vaporfly Engineered Mesh,151,139,13,0,0,5,SHIMA_04,0.8398
2025-05-20,1,L3,Nike,Vaporfly Engineered Mesh,200,141,12,26,53,8,STITCH_01,0.6487
2025-05-20,2,L3,Nike,Pegasus 3D Knit Collar,200,186,12,18,0,10,SOLE_01,0.8732
2025-05-20,3,L3,Nike,Pegasus 3D Knit Collar,123,121,12,5,0,11,STITCH_01,0.8884
2025-05-20,1,L4,Crocs,Bayaband Slide Upper,273,207,5,22,44,11,SOLE_02,0.7424
2025-05-20,2,L4,Crocs,Classic Clog Strap Assembly,244,178,11,129,0,10,STITCH_04,0.6861
2025-05-20,3,L4,Crocs,Bayaband Slide Upper,162,120,7,27,89,9,SOLE_02,0.701
2025-05-20,1,L5,Crocs,Classic Clog Strap Assembly,188,152,3,6,74,9,SOLE_02,0.7928
2025-05-20,2,L5,Crocs,Classic Clog Strap Assembly,210,171,6,19,11,8,STITCH_05,0.7874
2025-05-20,3,L5,Decathlon,Kiprun Carbon Plate,123,115,10,6,0,9,SOLE_02,0.8572
2025-05-20,1,L6,Decathlon,Kiprun Carbon Plate,162,158,10,10,0,6,SHIMA_08,0.9172
2025-05-20,2,L6,Crocs,Bayaband Slide Upper,160,79,1,237,0,6,STITCH_07,0.4918
2025-05-20,3,L6,Decathlon,Quechua Hiking Upper,93,76,5,12,67,9,SHIMA_08,0.7714
2025-05-20,1,L7,Crocs,LiteRide Insole Unit,229,118,8,232,0,10,SHIMA_09,0.4816
2025-05-20,2,L7,Decathlon,Kalenji Trail Sole Unit,208,120,6,190,11,8,SHIMA_09,0.5522
2025-05-20,3,L7,Decathlon,Quechua Hiking Upper,127,111,7,29,0,7,STITCH_08,0.823
2025-05-20,1,L8,Nike,Air Max Flyknit Upper,164,150,7,14,0,5,SOLE_04,0.8734
2025-05-20,2,L8,Nike,Dunk Low Textile Upper,172,159,12,9,12,6,SOLE_03,0.8561
2025-05-20,3,L8,Nike,ZoomX Carbon Plate Insert,122,93,4,27,19,8,SOLE_04,0.736
2025-05-21,1,L1,Nike,Air Max Flyknit Upper,238,230,24,16,0,5,SHIMA_02,0.8658
2025-05-21,2,L1,Nike,Dunk Low Textile Upper,247,167,15,106,0,4,SHIMA_01,0.6158
2025-05-21,1,L2,Nike,Air Max Flyknit Upper,258,233,23,20,0,5,SHIMA_06,0.8155
2025-05-21,2,L2,Nike,Pegasus 3D Knit Collar,269,225,23,2,44,6,SHIMA_05,0.7535
2025-05-21,1,L3,Nike,Pegasus 3D Knit Collar,245,182,10,110,0,11,SOLE_01,0.7031
2025-05-21,2,L3,Nike,Air Max Flyknit Upper,222,195,10,18,0,12,STITCH_01,0.8365
2025-05-21,1,L4,Crocs,Bayaband Slide Upper,218,173,10,28,0,11,SOLE_02,0.7501
2025-05-21,2,L4,Crocs,Bayaband Slide Upper,213,175,5,1,20,10,STITCH_04,0.8013
2025-05-21,1,L5,Crocs,LiteRide Insole Unit,236,221,16,29,0,10,SOLE_02,0.8716
2025-05-21,2,L5,Crocs,Bayaband Slide Upper,208,177,6,70,0,9,STITCH_05,0.8252
2025-05-21,1,L6,Decathlon,Kiprun Carbon Plate,203,201,8,4,0,9,SHIMA_08,0.9522
2025-05-21,2,L6,Nike,ZoomX Carbon Plate Insert,196,114,12,200,0,8,STITCH_07,0.5219
2025-05-21,1,L7,Crocs,Classic Clog Strap Assembly,190,175,3,25,0,7,STITCH_07,0.9059
2025-05-21,2,L7,Decathlon,Quechua Hiking Upper,190,175,13,6,0,6,STITCH_08,0.8563
2025-05-21,1,L8,Crocs,Classic Clog Strap Assembly,196,159,5,17,0,8,SOLE_03,0.789
2025-05-21,2,L8,Crocs,Classic Clog Strap Assembly,190,154,12,29,13,5,SOLE_03,0.7476
2025-05-22,1,L1,Nike,ZoomX Carbon Plate Insert,273,270,22,0,0,4,SHIMA_02,0.9102
2025-05-22,2,L1,Nike,Dunk Low Textile Upper,254,234,23,13,0,6,SHIMA_03,0.8337
2025-05-22,3,L1,Crocs,LiteRide Insole Unit,141,121,4,28,0,5,SHIMA_01,0.8305
2025-05-22,1,L2,Nike,Dunk Low Textile Upper,223,221,6,4,0,7,SHIMA_04,0.9647
2025-05-22,2,L2,Nike,ZoomX Carbon Plate Insert,252,209,19,16,0,4,SHIMA_04,0.757
2025-05-22,3,L2,Nike,Vaporfly Engineered Mesh,137,120,13,17,0,5,SHIMA_05,0.7836
2025-05-22,1,L3,Nike,Vaporfly Engineered Mesh,200,177,6,6,0,9,STITCH_02,0.8584
2025-05-22,2,L3,Nike,Vaporfly Engineered Mesh,198,167,7,1,73,11,STITCH_02,0.8104
2025-05-22,3,L3,Nike,Dunk Low Textile Upper,156,125,7,25,0,10,STITCH_02,0.7581
2025-05-22,1,L4,Crocs,Bayaband Slide Upper,249,244,16,8,0,9,STITCH_04,0.9189
2025-05-22,2,L4,Crocs,Classic Clog Strap Assembly,278,243,18,13,0,11,STITCH_04,0.8107
2025-05-22,3,L4,Nike,Air Max Flyknit Upper,142,123,12,1,0,12,STITCH_03,0.7876
2025-05-22,1,L5,Crocs,Bayaband Slide Upper,202,176,6,18,43,12,STITCH_05,0.8432
2025-05-22,2,L5,Crocs,Classic Clog Strap Assembly,223,204,12,19,0,8,STITCH_05,0.8615
2025-05-22,3,L5,Crocs,Bayaband Slide Upper,155,151,11,12,0,9,STITCH_06,0.904
2025-05-22,1,L6,Crocs,Classic Clog Strap Assembly,211,168,3,3,57,8,STITCH_07,0.7861
2025-05-22,2,L6,Nike,Vaporfly Engineered Mesh,210,161,5,110,0,8,SHIMA_07,0.7469
2025-05-22,3,L6,Decathlon,Kiprun Carbon Plate,155,145,6,2,0,9,SHIMA_08,0.9028
2025-05-22,1,L7,Decathlon,Quechua Hiking Upper,161,155,10,15,0,8,STITCH_08,0.9062
2025-05-22,2,L7,Nike,Air Max Flyknit Upper,161,150,15,15,0,7,STITCH_08,0.8391
2025-05-22,3,L7,Decathlon,Quechua Hiking Upper,111,69,3,130,0,7,STITCH_08,0.5998
2025-05-22,1,L8,Nike,Vaporfly Engineered Mesh,207,184,15,5,0,6,SOLE_04,0.8201
2025-05-22,2,L8,Decathlon,Kalenji Trail Sole Unit,211,191,14,12,26,8,SOLE_04,0.8418
2025-05-22,3,L8,Nike,Dunk Low Textile Upper,114,108,9,25,0,6,SOLE_03,0.8689
2025-05-23,1,L1,Nike,ZoomX Carbon Plate Insert,275,226,6,22,0,5,SHIMA_02,0.8034
2025-05-23,2,L1,Crocs,LiteRide Insole Unit,273,232,14,22,0,7,SHIMA_03,0.8019
2025-05-23,3,L1,Crocs,LiteRide Insole Unit,177,167,7,25,0,7,SHIMA_03,0.9068
2025-05-23,1,L2,Decathlon,Kalenji Trail Sole Unit,246,197,5,18,76,4,SHIMA_04,0.7838
2025-05-23,2,L2,Nike,Air Max Flyknit Upper,241,216,6,23,0,7,SHIMA_05,0.8718
2025-05-23,3,L2,Nike,Pegasus 3D Knit Collar,148,142,14,3,15,4,SHIMA_06,0.8649
2025-05-23,1,L3,Nike,Air Max Flyknit Upper,188,153,6,22,27,9,STITCH_01,0.786
2025-05-23,2,L3,Crocs,Bayaband Slide Upper,214,167,8,28,10,8,STITCH_02,0.7451
2025-05-23,3,L3,Crocs,LiteRide Insole Unit,115,51,1,187,39,11,STITCH_02,0.4408
2025-05-23,1,L4,Crocs,Classic Clog Strap Assembly,242,184,10,26,36,12,STITCH_03,0.7204
2025-05-23,2,L4,Crocs,Bayaband Slide Upper,263,251,14,4,0,10,STITCH_03,0.9031
2025-05-23,3,L4,Crocs,LiteRide Insole Unit,152,140,3,6,19,12,STITCH_03,0.9025
2025-05-23,1,L5,Crocs,Bayaband Slide Upper,191,183,5,20,0,12,STITCH_06,0.9321
2025-05-23,2,L5,Crocs,LiteRide Insole Unit,195,170,7,11,0,8,STITCH_05,0.8376
2025-05-23,3,L5,Nike,Vaporfly Engineered Mesh,135,118,10,14,0,8,STITCH_05,0.8023
2025-05-23,1,L6,Crocs,LiteRide Insole Unit,191,182,5,6,0,9,STITCH_07,0.9317
2025-05-23,2,L6,Decathlon,Quechua Hiking Upper,187,95,7,196,0,8,SHIMA_08,0.4738
2025-05-23,3,L6,Decathlon,Kiprun Carbon Plate,110,98,4,28,0,8,STITCH_07,0.8593
2025-05-23,1,L7,Decathlon,Kalenji Trail Sole Unit,197,147,6,26,51,9,SHIMA_09,0.7168
2025-05-23,2,L7,Decathlon,Quechua Hiking Upper,172,146,11,8,62,10,STITCH_07,0.7898
2025-05-23,3,L7,Decathlon,Kalenji Trail Sole Unit,120,114,10,17,0,6,SHIMA_09,0.8716
2025-05-23,1,L8,Decathlon,Kiprun Carbon Plate,212,180,11,19,0,6,SOLE_03,0.799
2025-05-23,2,L8,Decathlon,Kalenji Trail Sole Unit,241,141,3,86,70,5,SOLE_04,0.5766
2025-05-23,3,L8,Nike,ZoomX Carbon Plate Insert,148,106,4,133,0,7,SOLE_03,0.6956
2025-05-26,1,L1,Nike,Air Max Flyknit Upper,289,263,30,23,0,5,SHIMA_02,0.8077
2025-05-26,2,L1,Nike,Vaporfly Engineered Mesh,283,282,12,1,0,5,SHIMA_03,0.9555
2025-05-26,1,L2,Nike,Vaporfly Engineered Mesh,233,221,14,24,0,7,SHIMA_06,0.8898
2025-05-26,2,L2,Nike,Dunk Low Textile Upper,228,159,15,141,0,7,SHIMA_05,0.6326
2025-05-26,1,L3,Nike,Pegasus 3D Knit Collar,176,175,12,2,0,10,STITCH_01,0.9275
2025-05-26,2,L3,Nike,Air Max Flyknit Upper,177,171,4,16,0,11,STITCH_02,0.9441
2025-05-26,1,L4,Crocs,Bayaband Slide Upper,200,164,11,26,0,11,SOLE_02,0.7652
2025-05-26,2,L4,Crocs,LiteRide Insole Unit,218,158,3,1,83,10,STITCH_03,0.7115
2025-05-26,1,L5,Decathlon,Quechua Hiking Upper,231,177,12,95,0,10,STITCH_05,0.7145
2025-05-26,2,L5,Decathlon,Kiprun Carbon Plate,254,171,13,10,87,9,STITCH_06,0.6247
2025-05-26,1,L6,Decathlon,Kiprun Carbon Plate,194,161,11,29,0,10,STITCH_07,0.7775
2025-05-26,2,L6,Decathlon,Quechua Hiking Upper,195,169,10,8,55,9,STITCH_07,0.8173
2025-05-26,1,L7,Nike,Pegasus 3D Knit Collar,193,94,4,172,48,8,STITCH_08,0.4696
2025-05-26,2,L7,Decathlon,Kiprun Carbon Plate,211,187,6,16,0,9,SHIMA_09,0.8602
2025-05-26,1,L8,Crocs,LiteRide Insole Unit,203,191,10,27,0,6,SOLE_04,0.8943
2025-05-26,2,L8,Crocs,Bayaband Slide Upper,210,186,5,8,0,8,SOLE_03,0.8642
2025-05-27,1,L1,Nike,Vaporfly Engineered Mesh,288,276,11,20,0,7,SHIMA_03,0.9201
2025-05-27,2,L1,Decathlon,Quechua Hiking Upper,273,237,16,7,0,5,SHIMA_02,0.8115
2025-05-27,1,L2,Nike,Vaporfly Engineered Mesh,260,220,11,20,0,7,SHIMA_05,0.8043
2025-05-27,2,L2,Nike,Pegasus 3D Knit Collar,282,226,22,29,38,4,SHIMA_04,0.7238
2025-05-27,1,L3,Nike,Vaporfly Engineered Mesh,197,149,9,5,52,12,SOLE_01,0.7142
2025-05-27,2,L3,Nike,Pegasus 3D Knit Collar,197,175,5,19,15,9,SOLE_01,0.8641
2025-05-27,1,L4,Decathlon,Kalenji Trail Sole Unit,249,221,13,17,31,12,STITCH_04,0.8386
2025-05-27,2,L4,Crocs,Bayaband Slide Upper,266,248,19,11,18,8,STITCH_03,0.8618
2025-05-27,1,L5,Decathlon,Kiprun Carbon Plate,228,195,6,2,47,11,STITCH_05,0.8293
2025-05-27,2,L5,Crocs,Bayaband Slide Upper,229,144,7,96,41,12,SOLE_02,0.6
2025-05-27,1,L6,Decathlon,Kiprun Carbon Plate,222,219,9,6,0,10,SHIMA_07,0.9466
2025-05-27,2,L6,Crocs,LiteRide Insole Unit,238,205,4,26,0,6,SHIMA_08,0.8466
2025-05-27,1,L7,Decathlon,Quechua Hiking Upper,152,148,3,10,0,9,STITCH_07,0.9593
2025-05-27,2,L7,Crocs,Bayaband Slide Upper,167,141,4,17,34,8,SHIMA_09,0.8223
2025-05-27,1,L8,Crocs,LiteRide Insole Unit,175,143,3,75,0,6,SOLE_03,0.8044
2025-05-27,2,L8,Nike,Vaporfly Engineered Mesh,182,178,17,10,0,8,SOLE_04,0.8857
2025-05-28,1,L1,Nike,Pegasus 3D Knit Collar,253,184,11,18,68,4,SHIMA_03,0.6842
2025-05-28,2,L1,Decathlon,Kiprun Carbon Plate,258,219,13,3,66,5,SHIMA_01,0.7999
2025-05-28,3,L1,Nike,Vaporfly Engineered Mesh,169,148,8,13,0,7,SHIMA_03,0.8321
2025-05-28,1,L2,Nike,Vaporfly Engineered Mesh,238,194,18,17,0,5,SHIMA_05,0.7422
2025-05-28,2,L2,Nike,Air Max Flyknit Upper,255,232,18,21,0,4,SHIMA_06,0.8422
2025-05-28,3,L2,Nike,Air Max Flyknit Upper,149,140,5,23,0,4,SHIMA_05,0.9106
2025-05-28,1,L3,Nike,Pegasus 3D Knit Collar,190,186,9,6,0,8,STITCH_02,0.9336
2025-05-28,2,L3,Nike,Air Max Flyknit Upper,208,180,10,7,0,12,STITCH_01,0.8192
2025-05-28,3,L3,Nike,Dunk Low Textile Upper,123,109,10,3,48,8,STITCH_01,0.8118
2025-05-28,1,L4,Crocs,LiteRide Insole Unit,246,242,11,7,0,12,SOLE_02,0.9406
2025-05-28,2,L4,Crocs,Classic Clog Strap Assembly,223,193,8,22,0,12,STITCH_03,0.8301
2025-05-28,3,L4,Crocs,Classic Clog Strap Assembly,137,126,5,16,0,11,STITCH_03,0.8864
2025-05-28,1,L5,Crocs,Bayaband Slide Upper,226,173,11,3,64,10,SOLE_02,0.7181
2025-05-28,2,L5,Crocs,Classic Clog Strap Assembly,212,201,6,11,0,9,STITCH_05,0.921
2025-05-28,3,L5,Crocs,Classic Clog Strap Assembly,157,147,10,0,0,8,STITCH_06,0.8742
2025-05-28,1,L6,Decathlon,Kalenji Trail Sole Unit,184,149,6,63,0,8,SHIMA_07,0.7775
2025-05-28,2,L6,Decathlon,Quechua Hiking Upper,182,160,8,22,0,9,STITCH_07,0.8403
2025-05-28,3,L6,Crocs,LiteRide Insole Unit,94,74,4,1,89,6,SHIMA_07,0.7527
2025-05-28,1,L7,Decathlon,Kiprun Carbon Plate,198,187,6,19,0,10,SHIMA_09,0.9183
2025-05-28,2,L7,Nike,Vaporfly Engineered Mesh,192,162,15,22,0,8,SHIMA_09,0.7698
2025-05-28,3,L7,Decathlon,Quechua Hiking Upper,120,87,5,9,84,6,STITCH_08,0.6867
2025-05-28,1,L8,Decathlon,Quechua Hiking Upper,175,170,11,11,0,8,SOLE_04,0.9139
2025-05-28,2,L8,Crocs,LiteRide Insole Unit,188,151,5,23,0,7,SOLE_04,0.7774
2025-05-28,3,L8,Nike,Vaporfly Engineered Mesh,104,86,3,8,0,5,SOLE_04,0.8061
2025-05-29,1,L1,Nike,ZoomX Carbon Plate Insert,219,212,12,15,0,4,SHIMA_01,0.9139
2025-05-29,2,L1,Nike,ZoomX Carbon Plate Insert,212,169,11,25,0,7,SHIMA_02,0.7493
2025-05-29,1,L2,Nike,Vaporfly Engineered Mesh,256,236,21,28,0,7,SHIMA_05,0.8407
2025-05-29,2,L2,Crocs,LiteRide Insole Unit,232,168,9,21,50,5,SHIMA_04,0.6858
2025-05-29,1,L3,Nike,ZoomX Carbon Plate Insert,211,197,6,28,0,9,STITCH_02,0.9076
2025-05-29,2,L3,Decathlon,Kiprun Carbon Plate,224,208,5,28,0,11,SOLE_01,0.9081
2025-05-29,1,L4,Crocs,LiteRide Insole Unit,236,234,7,3,0,8,STITCH_03,0.964
2025-05-29,2,L4,Crocs,LiteRide Insole Unit,249,206,15,14,0,9,SOLE_02,0.7693
2025-05-29,1,L5,Crocs,Classic Clog Strap Assembly,238,199,14,10,66,10,SOLE_02,0.7775
2025-05-29,2,L5,Crocs,Classic Clog Strap Assembly,226,138,7,138,38,10,SOLE_02,0.5817
2025-05-29,1,L6,Decathlon,Quechua Hiking Upper,208,179,10,21,0,9,STITCH_07,0.8149
2025-05-29,2,L6,Decathlon,Kiprun Carbon Plate,220,178,11,20,20,7,SHIMA_08,0.7618
2025-05-29,1,L7,Decathlon,Kalenji Trail Sole Unit,142,76,1,220,0,6,STITCH_07,0.5345
2025-05-29,2,L7,Decathlon,Kiprun Carbon Plate,153,134,4,1,0,6,STITCH_07,0.8541
2025-05-29,1,L8,Nike,Dunk Low Textile Upper,203,200,10,7,0,6,SOLE_03,0.9361
2025-05-29,2,L8,Crocs,Classic Clog Strap Assembly,191,156,11,11,19,8,SOLE_04,0.7605
2025-05-30,1,L1,Nike,ZoomX Carbon Plate Insert,264,209,15,16,84,7,SHIMA_03,0.7348
2025-05-30,2,L1,Nike,Dunk Low Textile Upper,250,232,18,14,0,5,SHIMA_03,0.8584
2025-05-30,1,L2,Nike,ZoomX Carbon Plate Insert,243,168,9,147,0,7,SHIMA_04,0.6566
2025-05-30,2,L2,Crocs,Bayaband Slide Upper,236,201,7,0,51,4,SHIMA_04,0.8235
2025-05-30,1,L3,Nike,Air Max Flyknit Upper,236,195,13,23,0,10,SOLE_01,0.7733
2025-05-30,2,L3,Crocs,LiteRide Insole Unit,217,164,7,9,41,9,SOLE_01,0.7237
2025-05-30,1,L4,Crocs,Bayaband Slide Upper,216,209,8,14,0,12,STITCH_04,0.9337
2025-05-30,2,L4,Decathlon,Kalenji Trail Sole Unit,204,176,12,17,0,8,STITCH_03,0.8076
2025-05-30,1,L5,Nike,ZoomX Carbon Plate Insert,245,182,8,69,54,9,STITCH_06,0.7111
2025-05-30,2,L5,Crocs,Classic Clog Strap Assembly,215,185,11,15,0,8,STITCH_06,0.8099
2025-05-30,1,L6,Decathlon,Quechua Hiking Upper,211,182,8,4,0,7,STITCH_07,0.8264
2025-05-30,2,L6,Decathlon,Kiprun Carbon Plate,202,174,8,28,0,10,SHIMA_07,0.8254
2025-05-30,1,L7,Nike,Pegasus 3D Knit Collar,157,108,3,9,86,10,STITCH_07,0.6702
2025-05-30,2,L7,Decathlon,Quechua Hiking Upper,172,159,3,8,0,9,SHIMA_09,0.911
2025-05-30,1,L8,Crocs,LiteRide Insole Unit,213,167,10,7,37,5,SOLE_04,0.7394
2025-05-30,2,L8,Decathlon,Quechua Hiking Upper,224,205,5,8,27,5,SOLE_04,0.8952
2025-06-02,1,L1,Crocs,Classic Clog Strap Assembly,228,135,10,158,31,5,SHIMA_02,0.552
2025-06-02,2,L1,Nike,ZoomX Carbon Plate Insert,230,200,13,26,0,7,SHIMA_02,0.8134
2025-06-02,1,L2,Nike,Air Max Flyknit Upper,226,214,7,7,0,4,SHIMA_06,0.9194
2025-06-02,2,L2,Crocs,Classic Clog Strap Assembly,232,203,8,14,12,4,SHIMA_06,0.8424
2025-06-02,1,L3,Nike,Vaporfly Engineered Mesh,211,169,8,6,88,12,STITCH_01,0.7661
2025-06-02,2,L3,Nike,Vaporfly Engineered Mesh,212,174,6,23,42,10,STITCH_01,0.7964
2025-06-02,1,L4,Crocs,Bayaband Slide Upper,199,191,11,9,0,12,STITCH_03,0.9053
2025-06-02,2,L4,Decathlon,Kiprun Carbon Plate,183,179,7,9,0,12,STITCH_03,0.9429
2025-06-02,1,L5,Crocs,LiteRide Insole Unit,198,164,5,13,0,11,SOLE_02,0.8047
2025-06-02,2,L5,Nike,ZoomX Carbon Plate Insert,196,189,19,7,0,10,STITCH_06,0.8678
2025-06-02,1,L6,Decathlon,Kiprun Carbon Plate,195,185,9,24,0,8,SHIMA_07,0.9038
2025-06-02,2,L6,Nike,Pegasus 3D Knit Collar,222,177,13,17,13,6,STITCH_07,0.7419
2025-06-02,1,L7,Decathlon,Kiprun Carbon Plate,192,120,2,81,54,10,STITCH_08,0.6146
2025-06-02,2,L7,Decathlon,Quechua Hiking Upper,182,160,11,6,0,8,STITCH_08,0.823
2025-06-02,1,L8,Nike,Pegasus 3D Knit Collar,187,152,13,8,26,8,SOLE_03,0.7482
2025-06-02,2,L8,Nike,Vaporfly Engineered Mesh,175,164,12,29,0,5,SOLE_03,0.8708
2025-06-03,1,L1,Nike,Air Max Flyknit Upper,241,203,16,17,0,4,SHIMA_01,0.7795
2025-06-03,2,L1,Nike,Vaporfly Engineered Mesh,248,204,14,26,0,6,SHIMA_02,0.7679
2025-06-03,3,L1,Nike,Vaporfly Engineered Mesh,174,155,5,8,0,5,SHIMA_01,0.865
2025-06-03,1,L2,Nike,ZoomX Carbon Plate Insert,235,211,21,10,0,5,SHIMA_05,0.8096
2025-06-03,2,L2,Crocs,LiteRide Insole Unit,242,188,14,17,15,4,SHIMA_06,0.7224
2025-06-03,3,L2,Decathlon,Kalenji Trail Sole Unit,163,142,6,7,0,5,SHIMA_04,0.8362
2025-06-03,1,L3,Decathlon,Quechua Hiking Upper,164,141,7,8,0,12,STITCH_02,0.8187
2025-06-03,2,L3,Nike,Vaporfly Engineered Mesh,179,147,9,14,25,12,STITCH_01,0.7739
2025-06-03,3,L3,Nike,Dunk Low Textile Upper,112,82,4,62,0,12,STITCH_01,0.7016
2025-06-03,1,L4,Decathlon,Quechua Hiking Upper,190,176,5,11,0,12,SOLE_02,0.9033
2025-06-03,2,L4,Crocs,Classic Clog Strap Assembly,202,74,3,206,81,12,STITCH_03,0.3562
2025-06-03,3,L4,Decathlon,Kalenji Trail Sole Unit,146,125,6,6,0,12,SOLE_02,0.8166
2025-06-03,1,L5,Crocs,Classic Clog Strap Assembly,207,191,5,18,0,10,SOLE_02,0.8995
2025-06-03,2,L5,Crocs,LiteRide Insole Unit,188,181,9,3,13,11,STITCH_05,0.9152
2025-06-03,3,L5,Crocs,Classic Clog Strap Assembly,127,123,4,12,0,9,STITCH_05,0.9432
2025-06-03,1,L6,Nike,Pegasus 3D Knit Collar,213,196,10,5,0,6,STITCH_07,0.874
2025-06-03,2,L6,Decathlon,Quechua Hiking Upper,190,166,8,5,20,9,SHIMA_07,0.8336
2025-06-03,3,L6,Decathlon,Quechua Hiking Upper,141,81,4,167,12,7,SHIMA_07,0.5462
2025-06-03,1,L7,Decathlon,Quechua Hiking Upper,170,159,8,17,0,8,STITCH_08,0.8933
2025-06-03,2,L7,Decathlon,Kiprun Carbon Plate,182,157,6,4,61,6,STITCH_07,0.8315
2025-06-03,3,L7,Decathlon,Kalenji Trail Sole Unit,128,119,9,20,0,10,STITCH_07,0.863
2025-06-03,1,L8,Decathlon,Quechua Hiking Upper,224,192,5,0,0,8,SOLE_03,0.8365
2025-06-03,2,L8,Crocs,Bayaband Slide Upper,201,180,4,26,0,5,SOLE_03,0.8796
2025-06-03,3,L8,Crocs,LiteRide Insole Unit,164,146,14,16,0,5,SOLE_03,0.8086
2025-06-04,1,L1,Nike,Pegasus 3D Knit Collar,247,235,10,2,0,7,SHIMA_03,0.9126
2025-06-04,2,L1,Crocs,LiteRide Insole Unit,249,218,15,24,0,4,SHIMA_02,0.8183
2025-06-04,1,L2,Nike,Vaporfly Engineered Mesh,236,191,14,26,0,6,SHIMA_05,0.7537
2025-06-04,2,L2,Nike,ZoomX Carbon Plate Insert,255,232,14,15,0,4,SHIMA_06,0.8571
2025-06-04,1,L3,Nike,Air Max Flyknit Upper,217,205,20,26,0,12,SOLE_01,0.8536
2025-06-04,2,L3,Nike,ZoomX Carbon Plate Insert,231,210,14,22,13,9,STITCH_02,0.8523
2025-06-04,1,L4,Crocs,Bayaband Slide Upper,232,196,4,8,0,10,SOLE_02,0.8312
2025-06-04,2,L4,Crocs,Bayaband Slide Upper,236,206,4,25,0,11,SOLE_02,0.8593
2025-06-04,1,L5,Crocs,Classic Clog Strap Assembly,246,234,8,15,0,8,STITCH_05,0.9195
2025-06-04,2,L5,Crocs,Classic Clog Strap Assembly,251,206,14,13,0,8,STITCH_05,0.7674
2025-06-04,1,L6,Decathlon,Kiprun Carbon Plate,178,153,10,2,52,10,SHIMA_08,0.8073
2025-06-04,2,L6,Decathlon,Quechua Hiking Upper,182,152,4,14,0,7,SHIMA_08,0.8145
2025-06-04,1,L7,Decathlon,Quechua Hiking Upper,199,199,12,0,0,7,STITCH_08,0.9397
2025-06-04,2,L7,Crocs,LiteRide Insole Unit,194,187,8,17,0,7,SHIMA_09,0.9233
2025-06-04,1,L8,Crocs,Bayaband Slide Upper,195,171,3,24,0,8,SOLE_03,0.8634
2025-06-04,2,L8,Nike,ZoomX Carbon Plate Insert,188,83,3,228,0,7,SOLE_03,0.4257
2025-06-05,1,L1,Nike,Vaporfly Engineered Mesh,252,170,17,119,0,6,SHIMA_03,0.6084
2025-06-05,2,L1,Nike,ZoomX Carbon Plate Insert,283,205,22,127,0,5,SHIMA_02,0.6488
2025-06-05,1,L2,Nike,Pegasus 3D Knit Collar,219,176,18,20,0,6,SHIMA_04,0.7221
2025-06-05,2,L2,Nike,Air Max Flyknit Upper,227,194,5,19,0,6,SHIMA_06,0.8363
2025-06-05,1,L3,Nike,Dunk Low Textile Upper,231,179,16,38,0,12,SOLE_01,0.7085
2025-06-05,2,L3,Nike,ZoomX Carbon Plate Insert,229,211,9,16,0,10,STITCH_02,0.8847
2025-06-05,1,L4,Crocs,LiteRide Insole Unit,238,217,5,28,0,12,SOLE_02,0.891
2025-06-05,2,L4,Nike,Dunk Low Textile Upper,217,193,11,5,0,8,SOLE_02,0.8406
2025-06-05,1,L5,Crocs,LiteRide Insole Unit,185,165,7,4,0,9,SOLE_02,0.8574
2025-06-05,2,L5,Crocs,LiteRide Insole Unit,190,188,7,5,0,12,SOLE_02,0.9527
2025-06-05,1,L6,Decathlon,Quechua Hiking Upper,183,149,10,10,78,10,SHIMA_07,0.7619
2025-06-05,2,L6,Decathlon,Kiprun Carbon Plate,175,140,10,26,0,7,SHIMA_08,0.7463
2025-06-05,1,L7,Decathlon,Kiprun Carbon Plate,148,108,4,6,54,8,SHIMA_09,0.7034
2025-06-05,2,L7,Decathlon,Kalenji Trail Sole Unit,160,106,3,80,38,8,SHIMA_09,0.6448
2025-06-05,1,L8,Crocs,Bayaband Slide Upper,201,172,3,22,0,5,SOLE_04,0.843
2025-06-05,2,L8,Nike,Air Max Flyknit Upper,208,186,16,0,0,6,SOLE_04,0.8203
2025-06-06,1,L1,Nike,Dunk Low Textile Upper,248,204,13,28,0,4,SHIMA_01,0.771
2025-06-06,2,L1,Nike,Vaporfly Engineered Mesh,252,210,16,13,61,4,SHIMA_03,0.7728
2025-06-06,3,L1,Crocs,Classic Clog Strap Assembly,147,120,6,17,32,4,SHIMA_01,0.7819
2025-06-06,1,L2,Nike,Vaporfly Engineered Mesh,228,207,13,19,0,6,SHIMA_04,0.8532
2025-06-06,2,L2,Nike,Dunk Low Textile Upper,225,188,10,18,0,4,SHIMA_05,0.7929
2025-06-06,3,L2,Nike,ZoomX Carbon Plate Insert,155,151,12,10,0,5,SHIMA_04,0.9014
2025-06-06,1,L3,Nike,Vaporfly Engineered Mesh,180,171,7,23,0,9,SOLE_01,0.9131
2025-06-06,2,L3,Nike,Pegasus 3D Knit Collar,191,185,19,14,0,10,SOLE_01,0.8711
2025-06-06,3,L3,Crocs,Classic Clog Strap Assembly,109,92,9,12,0,9,SOLE_01,0.7643
2025-06-06,1,L4,Crocs,Classic Clog Strap Assembly,236,214,15,11,0,11,SOLE_02,0.8469
2025-06-06,2,L4,Crocs,Bayaband Slide Upper,230,193,11,1,0,8,STITCH_03,0.7917
2025-06-06,3,L4,Crocs,Bayaband Slide Upper,163,117,5,15,79,8,STITCH_03,0.6896
2025-06-06,1,L5,Crocs,Bayaband Slide Upper,172,161,11,10,0,12,STITCH_06,0.8729
2025-06-06,2,L5,Crocs,LiteRide Insole Unit,179,156,7,21,11,11,SOLE_02,0.8352
2025-06-06,3,L5,Crocs,Classic Clog Strap Assembly,135,76,4,143,54,9,SOLE_02,0.5383
2025-06-06,1,L6,Decathlon,Kiprun Carbon Plate,157,155,4,1,0,7,SHIMA_08,0.9628
2025-06-06,2,L6,Decathlon,Kiprun Carbon Plate,153,149,11,5,0,7,SHIMA_08,0.9042
2025-06-06,3,L6,Crocs,LiteRide Insole Unit,123,103,4,24,0,7,STITCH_07,0.8097
2025-06-06,1,L7,Decathlon,Quechua Hiking Upper,168,151,7,17,0,6,STITCH_07,0.8599
2025-06-06,2,L7,Decathlon,Quechua Hiking Upper,162,147,11,23,0,10,STITCH_08,0.8446
2025-06-06,3,L7,Decathlon,Quechua Hiking Upper,122,104,7,29,0,10,STITCH_07,0.7954
2025-06-06,1,L8,Crocs,LiteRide Insole Unit,227,196,10,29,22,6,SOLE_03,0.8222
2025-06-06,2,L8,Crocs,LiteRide Insole Unit,235,170,12,120,0,8,SOLE_04,0.6728
2025-06-06,3,L8,Nike,Dunk Low Textile Upper,126,110,6,3,0,8,SOLE_04,0.8283
2025-06-09,1,L1,Nike,Pegasus 3D Knit Collar,226,186,13,8,0,6,SHIMA_01,0.7682
2025-06-09,2,L1,Nike,Dunk Low Textile Upper,234,122,9,210,0,5,SHIMA_02,0.4834
2025-06-09,3,L1,Nike,Air Max Flyknit Upper,172,155,10,28,0,5,SHIMA_03,0.8449
2025-06-09,1,L2,Crocs,Classic Clog Strap Assembly,229,219,9,9,0,5,SHIMA_05,0.9194
2025-06-09,2,L2,Nike,Vaporfly Engineered Mesh,204,198,20,12,0,7,SHIMA_04,0.8765
2025-06-09,3,L2,Nike,Air Max Flyknit Upper,142,136,5,3,0,6,SHIMA_05,0.9278
2025-06-09,1,L3,Crocs,LiteRide Insole Unit,210,203,13,14,0,8,SOLE_01,0.9066
2025-06-09,2,L3,Nike,Pegasus 3D Knit Collar,210,187,17,24,0,12,STITCH_02,0.8096
2025-06-09,3,L3,Nike,Pegasus 3D Knit Collar,148,117,11,10,38,12,SOLE_01,0.7166
2025-06-09,1,L4,Crocs,Bayaband Slide Upper,221,124,9,180,0,10,SOLE_02,0.5241
2025-06-09,2,L4,Crocs,LiteRide Insole Unit,241,171,10,25,56,9,SOLE_02,0.6708
2025-06-09,3,L4,Decathlon,Kalenji Trail Sole Unit,134,100,3,22,52,8,SOLE_02,0.7244
2025-06-09,1,L5,Nike,Pegasus 3D Knit Collar,196,168,6,17,0,9,STITCH_06,0.8271
2025-06-09,2,L5,Crocs,Bayaband Slide Upper,205,177,5,16,48,11,SOLE_02,0.8422
2025-06-09,3,L5,Crocs,Classic Clog Strap Assembly,127,110,8,2,0,9,STITCH_06,0.804
2025-06-09,1,L6,Decathlon,Quechua Hiking Upper,166,134,7,84,0,7,SHIMA_07,0.768
2025-06-09,2,L6,Decathlon,Kalenji Trail Sole Unit,175,159,3,20,0,9,SHIMA_07,0.8923
2025-06-09,3,L6,Decathlon,Quechua Hiking Upper,100,61,3,120,50,10,SHIMA_08,0.5809
2025-06-09,1,L7,Decathlon,Kalenji Trail Sole Unit,222,178,11,7,86,9,STITCH_07,0.7564
2025-06-09,2,L7,Nike,Dunk Low Textile Upper,225,192,12,12,44,10,STITCH_08,0.8023
2025-06-09,3,L7,Decathlon,Quechua Hiking Upper,118,95,5,23,0,10,STITCH_08,0.7695
2025-06-09,1,L8,Nike,Vaporfly Engineered Mesh,155,127,4,29,0,6,SOLE_04,0.7957
2025-06-09,2,L8,Decathlon,Kalenji Trail Sole Unit,160,119,6,99,0,8,SOLE_04,0.7088
2025-06-09,3,L8,Crocs,Bayaband Slide Upper,110,98,6,16,0,5,SOLE_03,0.8432
2025-06-10,1,L1,Nike,Pegasus 3D Knit Collar,239,193,7,22,0,6,SHIMA_03,0.7807
2025-06-10,2,L1,Nike,Air Max Flyknit Upper,242,206,5,18,0,7,SHIMA_01,0.832
2025-06-10,3,L1,Nike,Air Max Flyknit Upper,164,112,9,11,83,5,SHIMA_01,0.6309
2025-06-10,1,L2,Crocs,Classic Clog Strap Assembly,204,195,6,21,0,4,SHIMA_04,0.9268
2025-06-10,2,L2,Crocs,Bayaband Slide Upper,212,180,9,0,61,6,SHIMA_06,0.8107
2025-06-10,3,L2,Nike,Vaporfly Engineered Mesh,137,111,11,18,0,7,SHIMA_06,0.7307
2025-06-10,1,L3,Crocs,LiteRide Insole Unit,214,180,5,53,0,9,STITCH_01,0.8215
2025-06-10,2,L3,Nike,Air Max Flyknit Upper,224,185,14,11,0,9,STITCH_01,0.7657
2025-06-10,3,L3,Nike,Pegasus 3D Knit Collar,140,122,5,20,0,9,STITCH_01,0.8363
2025-06-10,1,L4,Crocs,LiteRide Insole Unit,222,202,8,6,0,12,SOLE_02,0.8771
2025-06-10,2,L4,Decathlon,Kalenji Trail Sole Unit,199,129,9,127,24,10,SOLE_02,0.6031
2025-06-10,3,L4,Crocs,Bayaband Slide Upper,138,83,2,190,0,12,STITCH_03,0.5896
2025-06-10,1,L5,Crocs,LiteRide Insole Unit,198,167,7,5,0,8,STITCH_05,0.8104
2025-06-10,2,L5,Decathlon,Kiprun Carbon Plate,205,195,15,22,0,10,SOLE_02,0.8808
2025-06-10,3,L5,Crocs,Classic Clog Strap Assembly,142,136,13,8,0,8,SOLE_02,0.8683
2025-06-10,1,L6,Decathlon,Kalenji Trail Sole Unit,182,140,7,42,0,7,SHIMA_07,0.735
2025-06-10,2,L6,Decathlon,Kalenji Trail Sole Unit,198,193,11,12,0,10,STITCH_07,0.9194
2025-06-10,3,L6,Crocs,Bayaband Slide Upper,113,100,5,11,0,9,SHIMA_07,0.8453
2025-06-10,1,L7,Decathlon,Kiprun Carbon Plate,180,133,3,9,51,10,STITCH_08,0.7254
2025-06-10,2,L7,Decathlon,Quechua Hiking Upper,167,138,3,2,71,10,SHIMA_09,0.8112
2025-06-10,3,L7,Decathlon,Quechua Hiking Upper,96,93,3,11,0,9,STITCH_07,0.9456
2025-06-10,1,L8,Nike,Vaporfly Engineered Mesh,221,180,6,23,0,8,SOLE_04,0.7908
2025-06-10,2,L8,Decathlon,Quechua Hiking Upper,216,178,12,6,25,8,SOLE_03,0.7727
2025-06-10,3,L8,Decathlon,Kiprun Carbon Plate,166,139,13,40,37,7,SOLE_04,0.7611
2025-06-11,1,L1,Nike,ZoomX Carbon Plate Insert,276,259,25,29,0,5,SHIMA_02,0.8489
2025-06-11,2,L1,Decathlon,Quechua Hiking Upper,258,182,4,24,73,5,SHIMA_03,0.6924
2025-06-11,3,L1,Nike,Dunk Low Textile Upper,172,164,14,20,0,4,SHIMA_01,0.8765
2025-06-11,1,L2,Nike,Air Max Flyknit Upper,231,178,13,18,16,5,SHIMA_04,0.7168
2025-06-11,2,L2,Nike,Air Max Flyknit Upper,215,210,21,10,0,6,SHIMA_05,0.8812
2025-06-11,3,L2,Nike,Air Max Flyknit Upper,148,127,16,21,0,6,SHIMA_04,0.7546
2025-06-11,1,L3,Nike,ZoomX Carbon Plate Insert,190,166,14,10,0,12,STITCH_02,0.804
2025-06-11,2,L3,Nike,Dunk Low Textile Upper,203,187,8,10,0,9,STITCH_02,0.8831
2025-06-11,3,L3,Nike,Vaporfly Engineered Mesh,114,107,10,22,0,10,STITCH_01,0.8572
2025-06-11,1,L4,Nike,Air Max Flyknit Upper,207,176,17,10,0,9,STITCH_03,0.7703
2025-06-11,2,L4,Nike,Air Max Flyknit Upper,203,166,6,10,0,12,SOLE_02,0.7913
2025-06-11,3,L4,Crocs,LiteRide Insole Unit,138,99,7,13,63,8,SOLE_02,0.6727
2025-06-11,1,L5,Crocs,LiteRide Insole Unit,235,226,4,1,16,9,SOLE_02,0.9475
2025-06-11,2,L5,Crocs,Bayaband Slide Upper,228,148,10,129,0,8,STITCH_05,0.6061
2025-06-11,3,L5,Crocs,LiteRide Insole Unit,137,131,10,20,0,8,SOLE_02,0.8852
2025-06-11,1,L6,Decathlon,Quechua Hiking Upper,212,176,9,15,0,9,SHIMA_07,0.7918
2025-06-11,2,L6,Decathlon,Kalenji Trail Sole Unit,204,179,10,6,49,9,SHIMA_07,0.8304
2025-06-11,3,L6,Decathlon,Quechua Hiking Upper,123,114,10,9,0,8,STITCH_07,0.846
2025-06-11,1,L7,Decathlon,Kalenji Trail Sole Unit,139,119,7,9,0,9,STITCH_08,0.8089
2025-06-11,2,L7,Crocs,LiteRide Insole Unit,151,138,6,29,0,6,STITCH_08,0.88
2025-06-11,3,L7,Decathlon,Kiprun Carbon Plate,91,84,7,20,0,6,SHIMA_09,0.8546
2025-06-11,1,L8,Nike,Pegasus 3D Knit Collar,191,139,5,16,89,5,SOLE_04,0.7032
2025-06-11,2,L8,Nike,Dunk Low Textile Upper,183,174,16,23,0,6,SOLE_04,0.8645
2025-06-11,3,L8,Crocs,Classic Clog Strap Assembly,141,134,4,1,0,6,SOLE_04,0.9262
2025-06-12,1,L1,Nike,Vaporfly Engineered Mesh,242,198,18,18,59,4,SHIMA_01,0.747
2025-06-12,2,L1,Nike,Vaporfly Engineered Mesh,226,204,12,5,0,6,SHIMA_03,0.852
2025-06-12,3,L1,Nike,Dunk Low Textile Upper,141,122,9,7,57,7,SHIMA_03,0.8027
2025-06-12,1,L2,Nike,Air Max Flyknit Upper,222,180,5,21,0,7,SHIMA_06,0.7899
2025-06-12,2,L2,Decathlon,Kalenji Trail Sole Unit,213,101,4,219,0,6,SHIMA_06,0.4588
2025-06-12,3,L2,Nike,ZoomX Carbon Plate Insert,144,127,18,6,22,5,SHIMA_04,0.7622
2025-06-12,1,L3,Nike,ZoomX Carbon Plate Insert,198,167,5,20,0,12,SOLE_01,0.8195
2025-06-12,2,L3,Crocs,LiteRide Insole Unit,200,164,5,14,69,11,STITCH_01,0.7971
2025-06-12,3,L3,Nike,Air Max Flyknit Upper,112,89,9,3,86,12,STITCH_02,0.719
2025-06-12,1,L4,Crocs,Classic Clog Strap Assembly,177,168,7,23,0,12,SOLE_02,0.9124
2025-06-12,2,L4,Crocs,Bayaband Slide Upper,191,175,9,11,12,8,STITCH_03,0.8719
2025-06-12,3,L4,Crocs,Bayaband Slide Upper,101,50,2,207,0,9,SOLE_02,0.4767
2025-06-12,1,L5,Crocs,LiteRide Insole Unit,188,170,10,20,0,9,STITCH_06,0.8537
2025-06-12,2,L5,Decathlon,Quechua Hiking Upper,187,167,8,13,0,11,STITCH_05,0.8513
2025-06-12,3,L5,Crocs,Classic Clog Strap Assembly,133,130,12,9,0,12,SOLE_02,0.8907
2025-06-12,1,L6,Crocs,Bayaband Slide Upper,188,133,5,25,60,9,SHIMA_07,0.6856
2025-06-12,2,L6,Decathlon,Quechua Hiking Upper,175,164,5,28,0,9,STITCH_07,0.9117
2025-06-12,3,L6,Nike,Air Max Flyknit Upper,111,96,5,21,41,10,STITCH_07,0.8255
2025-06-12,1,L7,Decathlon,Kalenji Trail Sole Unit,150,126,7,0,0,8,STITCH_07,0.7965
2025-06-12,2,L7,Decathlon,Kalenji Trail Sole Unit,146,121,8,29,0,8,SHIMA_09,0.7796
2025-06-12,3,L7,Crocs,LiteRide Insole Unit,99,87,3,27,28,8,STITCH_07,0.8549
2025-06-12,1,L8,Nike,Vaporfly Engineered Mesh,168,152,9,25,0,6,SOLE_04,0.8546
2025-06-12,2,L8,Decathlon,Quechua Hiking Upper,156,126,3,12,57,5,SOLE_04,0.7888
2025-06-12,3,L8,Decathlon,Kalenji Trail Sole Unit,92,82,2,10,0,5,SOLE_03,0.8728
2025-06-13,1,L1,Nike,ZoomX Carbon Plate Insert,273,236,12,1,0,5,SHIMA_01,0.8235
2025-06-13,2,L1,Nike,Dunk Low Textile Upper,255,208,15,28,0,6,SHIMA_02,0.7589
2025-06-13,1,L2,Nike,Air Max Flyknit Upper,210,193,9,37,0,5,SHIMA_06,0.8796
2025-06-13,2,L2,Decathlon,Kiprun Carbon Plate,195,186,11,20,0,7,SHIMA_06,0.9017
2025-06-13,1,L3,Nike,Dunk Low Textile Upper,175,146,13,2,0,8,STITCH_01,0.7636
2025-06-13,2,L3,Nike,Dunk Low Textile Upper,165,99,8,161,0,10,STITCH_02,0.5571
2025-06-13,1,L4,Decathlon,Quechua Hiking Upper,211,174,9,28,0,9,SOLE_02,0.783
2025-06-13,2,L4,Crocs,Classic Clog Strap Assembly,230,156,9,24,65,11,STITCH_03,0.643
2025-06-13,1,L5,Crocs,Classic Clog Strap Assembly,248,233,14,19,0,8,STITCH_06,0.8842
2025-06-13,2,L5,Crocs,LiteRide Insole Unit,217,175,6,23,0,11,STITCH_05,0.7807
2025-06-13,1,L6,Crocs,LiteRide Insole Unit,161,148,6,20,0,10,SHIMA_07,0.8831
2025-06-13,2,L6,Nike,Dunk Low Textile Upper,176,148,12,10,57,7,SHIMA_07,0.7737
2025-06-13,1,L7,Decathlon,Kalenji Trail Sole Unit,177,161,3,8,0,8,STITCH_07,0.8928
2025-06-13,2,L7,Decathlon,Quechua Hiking Upper,189,188,13,2,0,8,SHIMA_09,0.927
2025-06-13,1,L8,Crocs,LiteRide Insole Unit,169,160,6,9,0,5,SOLE_03,0.9167
2025-06-13,2,L8,Nike,Air Max Flyknit Upper,153,132,10,5,0,6,SOLE_03,0.799
2025-06-16,1,L1,Nike,Dunk Low Textile Upper,210,205,5,11,0,7,SHIMA_01,0.9533
2025-06-16,2,L1,Nike,Pegasus 3D Knit Collar,245,197,10,41,0,6,SHIMA_02,0.7659
2025-06-16,3,L1,Nike,Air Max Flyknit Upper,160,137,17,12,56,4,SHIMA_03,0.751
2025-06-16,1,L2,Nike,Dunk Low Textile Upper,236,149,7,29,89,5,SHIMA_04,0.605
2025-06-16,2,L2,Nike,Air Max Flyknit Upper,221,167,8,5,80,5,SHIMA_05,0.7213
2025-06-16,3,L2,Nike,Pegasus 3D Knit Collar,144,139,6,14,0,4,SHIMA_05,0.9289
2025-06-16,1,L3,Nike,Pegasus 3D Knit Collar,237,205,8,27,0,11,STITCH_02,0.833
2025-06-16,2,L3,Nike,ZoomX Carbon Plate Insert,216,172,17,21,0,9,STITCH_02,0.718
2025-06-16,3,L3,Nike,ZoomX Carbon Plate Insert,160,158,21,4,0,12,STITCH_02,0.8599
2025-06-16,1,L4,Decathlon,Quechua Hiking Upper,241,212,16,15,0,11,STITCH_03,0.8168
2025-06-16,2,L4,Nike,Vaporfly Engineered Mesh,265,210,5,22,0,12,STITCH_03,0.7759
2025-06-16,3,L4,Crocs,LiteRide Insole Unit,186,111,5,139,0,9,SOLE_02,0.5707
2025-06-16,1,L5,Crocs,Classic Clog Strap Assembly,242,166,7,18,75,8,STITCH_05,0.6592
2025-06-16,2,L5,Crocs,Bayaband Slide Upper,229,156,7,7,86,11,STITCH_06,0.6513
2025-06-16,3,L5,Crocs,Bayaband Slide Upper,157,106,9,11,81,8,STITCH_06,0.6208
2025-06-16,1,L6,Decathlon,Kiprun Carbon Plate,199,178,10,22,0,6,STITCH_07,0.8454
2025-06-16,2,L6,Decathlon,Kalenji Trail Sole Unit,180,168,7,29,0,7,SHIMA_07,0.8992
2025-06-16,3,L6,Decathlon,Kalenji Trail Sole Unit,146,107,4,28,58,9,SHIMA_07,0.7095
2025-06-16,1,L7,Decathlon,Kiprun Carbon Plate,175,154,4,12,0,8,STITCH_07,0.8601
2025-06-16,2,L7,Decathlon,Kiprun Carbon Plate,158,109,8,131,0,8,SHIMA_09,0.6443
2025-06-16,3,L7,Decathlon,Kalenji Trail Sole Unit,101,95,6,4,0,6,SHIMA_09,0.8851
2025-06-16,1,L8,Nike,Pegasus 3D Knit Collar,170,137,10,21,0,8,SOLE_03,0.7486
2025-06-16,2,L8,Decathlon,Kalenji Trail Sole Unit,176,168,5,7,0,8,SOLE_03,0.9274
2025-06-16,3,L8,Crocs,Classic Clog Strap Assembly,97,74,7,6,62,6,SOLE_04,0.6925
2025-06-17,1,L1,Nike,Pegasus 3D Knit Collar,257,147,8,124,81,7,SHIMA_01,0.5417
2025-06-17,2,L1,Nike,Vaporfly Engineered Mesh,269,214,8,4,84,4,SHIMA_02,0.7667
2025-06-17,3,L1,Nike,Air Max Flyknit Upper,138,132,12,9,11,5,SHIMA_02,0.8701
2025-06-17,1,L2,Nike,Dunk Low Textile Upper,234,219,19,6,0,7,SHIMA_04,0.8569
2025-06-17,2,L2,Nike,Vaporfly Engineered Mesh,226,172,17,8,64,7,SHIMA_05,0.6859
2025-06-17,3,L2,Nike,Dunk Low Textile Upper,137,125,5,29,0,6,SHIMA_06,0.8805
2025-06-17,1,L3,Nike,ZoomX Carbon Plate Insert,236,194,14,18,28,10,STITCH_01,0.766
2025-06-17,2,L3,Nike,ZoomX Carbon Plate Insert,220,189,10,24,0,12,STITCH_02,0.8143
2025-06-17,3,L3,Nike,Vaporfly Engineered Mesh,165,89,6,202,13,11,STITCH_02,0.5036
2025-06-17,1,L4,Crocs,Classic Clog Strap Assembly,204,171,8,18,0,11,SOLE_02,0.8007
2025-06-17,2,L4,Crocs,Classic Clog Strap Assembly,187,179,7,11,0,11,SOLE_02,0.9208
2025-06-17,3,L4,Crocs,Bayaband Slide Upper,149,144,10,13,0,9,STITCH_03,0.9054
2025-06-17,1,L5,Crocs,Bayaband Slide Upper,207,202,11,11,0,9,STITCH_05,0.9239
2025-06-17,2,L5,Crocs,Bayaband Slide Upper,197,192,9,8,0,9,STITCH_06,0.9336
2025-06-17,3,L5,Crocs,LiteRide Insole Unit,143,112,9,21,75,11,STITCH_06,0.7221
2025-06-17,1,L6,Decathlon,Kiprun Carbon Plate,162,144,2,9,0,6,STITCH_07,0.8813
2025-06-17,2,L6,Decathlon,Quechua Hiking Upper,170,126,9,107,0,8,SHIMA_08,0.6925
2025-06-17,3,L6,Crocs,Classic Clog Strap Assembly,99,53,2,134,86,9,SHIMA_07,0.518
2025-06-17,1,L7,Decathlon,Quechua Hiking Upper,189,149,5,25,0,7,STITCH_07,0.7665
2025-06-17,2,L7,Decathlon,Kalenji Trail Sole Unit,182,167,7,10,0,8,STITCH_07,0.884
2025-06-17,3,L7,Decathlon,Kiprun Carbon Plate,122,103,2,13,0,6,STITCH_08,0.8282
2025-06-17,1,L8,Crocs,Bayaband Slide Upper,210,188,6,9,0,7,SOLE_03,0.8689
2025-06-17,2,L8,Nike,Air Max Flyknit Upper,216,185,8,11,41,8,SOLE_04,0.8232
2025-06-17,3,L8,Nike,Vaporfly Engineered Mesh,111,91,11,6,0,6,SOLE_04,0.7268
2025-06-18,1,L1,Nike,ZoomX Carbon Plate Insert,252,238,16,7,0,5,SHIMA_02,0.884
2025-06-18,2,L1,Nike,Dunk Low Textile Upper,273,245,14,8,0,5,SHIMA_02,0.8487
2025-06-18,1,L2,Crocs,Bayaband Slide Upper,217,189,11,14,0,5,SHIMA_04,0.8206
2025-06-18,2,L2,Nike,Pegasus 3D Knit Collar,228,196,18,28,0,4,SHIMA_04,0.7819
2025-06-18,1,L3,Nike,Vaporfly Engineered Mesh,233,202,18,13,0,11,STITCH_01,0.7897
2025-06-18,2,L3,Nike,Pegasus 3D Knit Collar,235,173,12,27,34,12,STITCH_02,0.6877
2025-06-18,1,L4,Nike,ZoomX Carbon Plate Insert,218,194,14,10,0,12,STITCH_04,0.8268
2025-06-18,2,L4,Decathlon,Quechua Hiking Upper,216,149,9,20,77,10,STITCH_04,0.6496
2025-06-18,1,L5,Crocs,Bayaband Slide Upper,220,193,5,17,40,10,STITCH_06,0.8564
2025-06-18,2,L5,Crocs,Bayaband Slide Upper,220,192,3,10,0,9,STITCH_06,0.8609
2025-06-18,1,L6,Crocs,Bayaband Slide Upper,180,107,5,159,0,7,STITCH_07,0.5707
2025-06-18,2,L6,Decathlon,Kalenji Trail Sole Unit,171,166,7,11,0,10,SHIMA_08,0.9308
2025-06-18,1,L7,Decathlon,Quechua Hiking Upper,145,132,7,3,0,8,SHIMA_09,0.8671
2025-06-18,2,L7,Decathlon,Quechua Hiking Upper,151,123,5,3,35,8,STITCH_08,0.7843
2025-06-18,1,L8,Decathlon,Kiprun Carbon Plate,173,143,6,18,0,6,SOLE_04,0.7974
2025-06-18,2,L8,Decathlon,Quechua Hiking Upper,158,136,5,11,0,8,SOLE_03,0.8294
2025-06-19,1,L1,Nike,Dunk Low Textile Upper,263,197,22,63,0,6,SHIMA_02,0.6665
2025-06-19,2,L1,Nike,Vaporfly Engineered Mesh,243,205,5,5,0,4,SHIMA_02,0.8238
2025-06-19,1,L2,Crocs,LiteRide Insole Unit,227,213,6,29,0,4,SHIMA_06,0.9131
2025-06-19,2,L2,Decathlon,Quechua Hiking Upper,205,199,10,1,0,5,SHIMA_04,0.923
2025-06-19,1,L3,Nike,Air Max Flyknit Upper,177,154,11,24,0,10,STITCH_01,0.8122
2025-06-19,2,L3,Nike,Dunk Low Textile Upper,199,156,7,39,28,12,STITCH_02,0.753
2025-06-19,1,L4,Crocs,LiteRide Insole Unit,210,162,8,17,38,9,STITCH_03,0.7369
2025-06-19,2,L4,Crocs,Classic Clog Strap Assembly,227,214,6,4,0,8,STITCH_03,0.9189
2025-06-19,1,L5,Crocs,Classic Clog Strap Assembly,194,160,11,14,41,9,STITCH_06,0.7722
2025-06-19,2,L5,Crocs,Bayaband Slide Upper,202,191,10,5,0,11,STITCH_05,0.8983
2025-06-19,1,L6,Decathlon,Kalenji Trail Sole Unit,174,160,9,17,0,7,STITCH_07,0.8693
2025-06-19,2,L6,Decathlon,Kiprun Carbon Plate,189,180,6,4,0,7,STITCH_07,0.9228
2025-06-19,1,L7,Decathlon,Kiprun Carbon Plate,166,158,8,18,0,7,STITCH_08,0.906
2025-06-19,2,L7,Nike,Air Max Flyknit Upper,165,134,13,21,41,6,STITCH_07,0.7369
2025-06-19,1,L8,Nike,Vaporfly Engineered Mesh,187,166,7,1,0,8,SOLE_04,0.8514
2025-06-19,2,L8,Crocs,LiteRide Insole Unit,184,94,4,223,0,5,SOLE_03,0.4896
2025-06-20,1,L1,Crocs,Bayaband Slide Upper,266,224,8,7,33,5,SHIMA_01,0.8147
2025-06-20,2,L1,Nike,ZoomX Carbon Plate Insert,255,240,15,24,0,7,SHIMA_03,0.8856
2025-06-20,1,L2,Nike,Air Max Flyknit Upper,226,166,16,23,73,7,SHIMA_04,0.6645
2025-06-20,2,L2,Nike,Vaporfly Engineered Mesh,226,195,18,3,0,6,SHIMA_05,0.7841
2025-06-20,1,L3,Nike,Dunk Low Textile Upper,190,155,14,15,0,8,STITCH_02,0.7444
2025-06-20,2,L3,Nike,Pegasus 3D Knit Collar,186,177,18,22,0,9,STITCH_01,0.8571
2025-06-20,1,L4,Crocs,LiteRide Insole Unit,198,175,8,12,0,9,SOLE_02,0.8475
2025-06-20,2,L4,Crocs,LiteRide Insole Unit,196,188,10,18,0,11,STITCH_04,0.9113
2025-06-20,1,L5,Crocs,LiteRide Insole Unit,211,180,9,8,34,8,STITCH_05,0.8105
2025-06-20,2,L5,Crocs,Classic Clog Strap Assembly,207,179,9,10,54,9,STITCH_05,0.8231
2025-06-20,1,L6,Decathlon,Kalenji Trail Sole Unit,189,178,7,15,0,10,SHIMA_07,0.9083
2025-06-20,2,L6,Decathlon,Quechua Hiking Upper,190,142,10,55,0,9,SHIMA_07,0.6962
2025-06-20,1,L7,Decathlon,Kalenji Trail Sole Unit,178,161,3,2,34,10,SHIMA_09,0.8918
2025-06-20,2,L7,Decathlon,Quechua Hiking Upper,159,148,11,4,0,6,STITCH_07,0.8626
2025-06-20,1,L8,Decathlon,Quechua Hiking Upper,182,129,6,20,76,6,SOLE_03,0.6788
2025-06-20,2,L8,Decathlon,Quechua Hiking Upper,188,153,8,15,0,7,SOLE_04,0.7724
2025-06-23,1,L1,Nike,Pegasus 3D Knit Collar,259,216,24,24,41,6,SHIMA_03,0.7437
2025-06-23,2,L1,Nike,Vaporfly Engineered Mesh,266,255,14,19,0,7,SHIMA_01,0.9077
2025-06-23,1,L2,Nike,Vaporfly Engineered Mesh,224,186,10,18,0,4,SHIMA_06,0.7893
2025-06-23,2,L2,Nike,Dunk Low Textile Upper,208,196,6,2,0,7,SHIMA_04,0.9151
2025-06-23,1,L3,Nike,Pegasus 3D Knit Collar,195,191,18,5,0,8,SOLE_01,0.8904
2025-06-23,2,L3,Crocs,Bayaband Slide Upper,209,199,7,1,0,11,STITCH_02,0.9226
2025-06-23,1,L4,Crocs,Classic Clog Strap Assembly,203,169,13,13,0,9,STITCH_04,0.7726
2025-06-23,2,L4,Crocs,Classic Clog Strap Assembly,235,223,12,24,0,9,SOLE_02,0.8989
2025-06-23,1,L5,Crocs,Bayaband Slide Upper,218,179,10,4,81,10,SOLE_02,0.7769
2025-06-23,2,L5,Crocs,LiteRide Insole Unit,211,201,15,8,0,10,SOLE_02,0.8858
2025-06-23,1,L6,Decathlon,Kiprun Carbon Plate,184,164,11,5,27,7,SHIMA_08,0.835
2025-06-23,2,L6,Decathlon,Quechua Hiking Upper,178,167,4,2,0,9,STITCH_07,0.9169
2025-06-23,1,L7,Decathlon,Kiprun Carbon Plate,178,103,4,200,0,9,STITCH_08,0.5607
2025-06-23,2,L7,Decathlon,Kalenji Trail Sole Unit,195,185,10,21,0,9,STITCH_08,0.899
2025-06-23,1,L8,Decathlon,Quechua Hiking Upper,212,193,12,26,0,8,SOLE_04,0.8564
2025-06-23,2,L8,Decathlon,Quechua Hiking Upper,202,172,6,18,53,8,SOLE_03,0.8224
2025-06-24,1,L1,Nike,Vaporfly Engineered Mesh,244,207,16,15,0,6,SHIMA_01,0.7828
2025-06-24,2,L1,Nike,Air Max Flyknit Upper,219,199,6,2,12,4,SHIMA_02,0.8815
2025-06-24,1,L2,Nike,Air Max Flyknit Upper,231,223,21,16,0,5,SHIMA_05,0.8756
2025-06-24,2,L2,Nike,Air Max Flyknit Upper,232,206,20,7,39,4,SHIMA_06,0.8018
2025-06-24,1,L3,Crocs,LiteRide Insole Unit,178,177,4,0,0,12,STITCH_01,0.9763
2025-06-24,2,L3,Decathlon,Kalenji Trail Sole Unit,196,162,6,28,0,9,STITCH_02,0.7971
2025-06-24,1,L4,Crocs,Bayaband Slide Upper,246,198,4,18,0,9,SOLE_02,0.7921
2025-06-24,2,L4,Crocs,Bayaband Slide Upper,246,209,6,16,0,9,SOLE_02,0.8291
2025-06-24,1,L5,Crocs,Classic Clog Strap Assembly,207,186,5,24,0,10,STITCH_05,0.8769
2025-06-24,2,L5,Crocs,Bayaband Slide Upper,209,162,8,18,89,8,STITCH_05,0.7387
2025-06-24,1,L6,Decathlon,Kiprun Carbon Plate,169,157,10,19,0,6,SHIMA_08,0.8705
2025-06-24,2,L6,Nike,Vaporfly Engineered Mesh,150,132,5,11,0,9,STITCH_07,0.8522
2025-06-24,1,L7,Decathlon,Quechua Hiking Upper,171,148,6,18,23,10,STITCH_07,0.8316
2025-06-24,2,L7,Decathlon,Kalenji Trail Sole Unit,170,111,4,69,67,7,STITCH_07,0.6345
2025-06-24,1,L8,Decathlon,Quechua Hiking Upper,212,179,14,9,27,5,SOLE_04,0.7803
2025-06-24,2,L8,Crocs,Classic Clog Strap Assembly,196,148,7,13,42,6,SOLE_03,0.7196
2025-06-25,1,L1,Nike,Air Max Flyknit Upper,260,242,16,2,0,5,SHIMA_01,0.8709
2025-06-25,2,L1,Nike,Air Max Flyknit Upper,241,131,13,175,0,7,SHIMA_03,0.4916
2025-06-25,1,L2,Nike,Pegasus 3D Knit Collar,205,194,18,2,0,7,SHIMA_05,0.8624
2025-06-25,2,L2,Nike,Air Max Flyknit Upper,226,154,10,65,68,5,SHIMA_06,0.6389
2025-06-25,1,L3,Nike,Vaporfly Engineered Mesh,182,150,11,24,0,9,SOLE_01,0.7648
2025-06-25,2,L3,Nike,Air Max Flyknit Upper,192,166,14,22,0,12,STITCH_02,0.796
2025-06-25,1,L4,Nike,ZoomX Carbon Plate Insert,208,189,10,14,0,10,SOLE_02,0.8627
2025-06-25,2,L4,Decathlon,Kalenji Trail Sole Unit,193,155,7,13,31,10,STITCH_04,0.7674
2025-06-25,1,L5,Crocs,LiteRide Insole Unit,201,172,9,7,0,12,STITCH_06,0.815
2025-06-25,2,L5,Crocs,Classic Clog Strap Assembly,223,183,4,12,0,9,STITCH_06,0.8056
2025-06-25,1,L6,Crocs,LiteRide Insole Unit,160,156,9,11,0,7,STITCH_07,0.9207
2025-06-25,2,L6,Decathlon,Kalenji Trail Sole Unit,172,148,2,26,0,8,SHIMA_08,0.8493
2025-06-25,1,L7,Decathlon,Kiprun Carbon Plate,160,144,4,14,0,10,STITCH_08,0.8794
2025-06-25,2,L7,Decathlon,Quechua Hiking Upper,185,145,8,85,11,10,STITCH_08,0.7413
2025-06-25,1,L8,Nike,Air Max Flyknit Upper,172,159,6,17,0,8,SOLE_04,0.8932
2025-06-25,2,L8,Nike,Pegasus 3D Knit Collar,169,152,7,24,0,6,SOLE_03,0.8581
2025-06-26,1,L1,Nike,Air Max Flyknit Upper,230,226,8,7,0,5,SHIMA_02,0.9496
2025-06-26,2,L1,Nike,Dunk Low Textile Upper,225,206,8,4,14,6,SHIMA_02,0.8815
2025-06-26,3,L1,Nike,Air Max Flyknit Upper,144,107,8,17,49,4,SHIMA_03,0.6881
2025-06-26,1,L2,Nike,ZoomX Carbon Plate Insert,219,200,12,13,0,5,SHIMA_04,0.8611
2025-06-26,2,L2,Nike,Pegasus 3D Knit Collar,233,195,11,11,0,7,SHIMA_04,0.7936
2025-06-26,3,L2,Nike,ZoomX Carbon Plate Insert,153,136,4,8,0,4,SHIMA_05,0.8661
2025-06-26,1,L3,Nike,Pegasus 3D Knit Collar,201,165,12,0,48,8,STITCH_01,0.7632
2025-06-26,2,L3,Crocs,Classic Clog Strap Assembly,222,176,7,3,51,12,SOLE_01,0.7647
2025-06-26,3,L3,Nike,Pegasus 3D Knit Collar,117,78,8,28,89,12,SOLE_01,0.6058
2025-06-26,1,L4,Crocs,Bayaband Slide Upper,199,170,4,9,0,12,SOLE_02,0.8372
2025-06-26,2,L4,Crocs,Bayaband Slide Upper,214,179,11,20,57,9,STITCH_04,0.788
2025-06-26,3,L4,Decathlon,Quechua Hiking Upper,131,110,4,2,0,11,STITCH_04,0.8152
2025-06-26,1,L5,Crocs,Classic Clog Strap Assembly,175,169,11,15,0,8,STITCH_06,0.9057
2025-06-26,2,L5,Crocs,Bayaband Slide Upper,182,87,3,219,0,12,STITCH_05,0.4648
2025-06-26,3,L5,Crocs,Classic Clog Strap Assembly,133,123,7,14,0,9,SOLE_02,0.8726
2025-06-26,1,L6,Decathlon,Kalenji Trail Sole Unit,173,157,6,26,0,6,STITCH_07,0.8757
2025-06-26,2,L6,Decathlon,Kalenji Trail Sole Unit,186,156,4,28,29,8,STITCH_07,0.8194
2025-06-26,3,L6,Decathlon,Kalenji Trail Sole Unit,102,88,3,25,0,7,SHIMA_07,0.8384
2025-06-26,1,L7,Nike,Vaporfly Engineered Mesh,194,104,9,204,0,8,STITCH_08,0.4933
2025-06-26,2,L7,Decathlon,Kiprun Carbon Plate,203,194,4,20,0,6,SHIMA_09,0.9386
2025-06-26,3,L7,Decathlon,Quechua Hiking Upper,110,64,2,182,0,7,STITCH_08,0.57
2025-06-26,1,L8,Nike,Dunk Low Textile Upper,218,202,10,16,0,5,SOLE_04,0.8842
2025-06-26,2,L8,Crocs,Classic Clog Strap Assembly,210,163,11,106,0,7,SOLE_04,0.7246
2025-06-26,3,L8,Nike,Pegasus 3D Knit Collar,144,88,6,112,48,8,SOLE_04,0.5701
2025-06-27,1,L1,Nike,Vaporfly Engineered Mesh,242,199,6,16,0,5,SHIMA_01,0.8008
2025-06-27,2,L1,Nike,Vaporfly Engineered Mesh,264,255,22,16,0,7,SHIMA_01,0.8833
2025-06-27,1,L2,Nike,Pegasus 3D Knit Collar,255,194,7,24,51,7,SHIMA_05,0.7337
2025-06-27,2,L2,Crocs,Bayaband Slide Upper,238,206,6,9,55,5,SHIMA_05,0.8414
2025-06-27,1,L3,Crocs,LiteRide Insole Unit,170,115,8,27,78,12,STITCH_02,0.6311
2025-06-27,2,L3,Nike,Dunk Low Textile Upper,184,179,6,0,0,11,STITCH_01,0.9439
2025-06-27,1,L4,Nike,Vaporfly Engineered Mesh,251,223,25,14,38,11,STITCH_03,0.7917
2025-06-27,2,L4,Crocs,Classic Clog Strap Assembly,257,238,12,33,0,10,STITCH_04,0.881
2025-06-27,1,L5,Crocs,LiteRide Insole Unit,226,216,4,12,0,8,STITCH_06,0.9392
2025-06-27,2,L5,Crocs,Bayaband Slide Upper,227,198,7,25,0,12,SOLE_02,0.8416
2025-06-27,1,L6,Decathlon,Quechua Hiking Upper,174,145,10,13,37,6,SHIMA_07,0.7811
2025-06-27,2,L6,Decathlon,Kalenji Trail Sole Unit,165,157,7,5,0,9,SHIMA_07,0.913
2025-06-27,1,L7,Decathlon,Quechua Hiking Upper,200,199,12,1,0,6,STITCH_08,0.9377
2025-06-27,2,L7,Decathlon,Kalenji Trail Sole Unit,184,165,6,9,0,10,SHIMA_09,0.8644
2025-06-27,1,L8,Crocs,Bayaband Slide Upper,193,173,13,16,0,7,SOLE_04,0.8333
2025-06-27,2,L8,Decathlon,Kalenji Trail Sole Unit,182,142,9,8,87,5,SOLE_03,0.7345
2025-06-30,1,L1,Nike,Air Max Flyknit Upper,219,207,18,16,0,4,SHIMA_02,0.8643
2025-06-30,2,L1,Crocs,Bayaband Slide Upper,210,168,7,21,0,4,SHIMA_02,0.7672
2025-06-30,3,L1,Nike,Pegasus 3D Knit Collar,161,133,11,18,49,4,SHIMA_03,0.7617
2025-06-30,1,L2,Nike,Air Max Flyknit Upper,220,182,16,18,47,4,SHIMA_05,0.7566
2025-06-30,2,L2,Nike,ZoomX Carbon Plate Insert,214,167,9,23,82,6,SHIMA_05,0.7391
2025-06-30,3,L2,Nike,Pegasus 3D Knit Collar,124,109,13,7,44,5,SHIMA_05,0.7809
2025-06-30,1,L3,Crocs,Bayaband Slide Upper,242,229,13,25,0,9,STITCH_01,0.8941
2025-06-30,2,L3,Nike,Air Max Flyknit Upper,239,125,12,227,0,10,STITCH_02,0.4765
2025-06-30,3,L3,Nike,Dunk Low Textile Upper,124,98,6,12,86,10,STITCH_01,0.7471
2025-06-30,1,L4,Crocs,Classic Clog Strap Assembly,201,183,10,8,0,10,SOLE_02,0.8643
2025-06-30,2,L4,Crocs,Bayaband Slide Upper,198,174,9,2,0,9,STITCH_04,0.835
2025-06-30,3,L4,Crocs,LiteRide Insole Unit,120,98,5,15,0,10,STITCH_03,0.7756
2025-06-30,1,L5,Crocs,LiteRide Insole Unit,252,228,17,13,11,11,STITCH_06,0.8404
2025-06-30,2,L5,Crocs,Bayaband Slide Upper,224,201,7,44,0,8,SOLE_02,0.8674
2025-06-30,3,L5,Crocs,Bayaband Slide Upper,167,148,10,25,0,10,SOLE_02,0.8282
2025-06-30,1,L6,Decathlon,Kiprun Carbon Plate,169,155,8,19,0,8,SHIMA_08,0.8722
2025-06-30,2,L6,Decathlon,Kalenji Trail Sole Unit,177,163,3,7,0,9,SHIMA_07,0.9092
2025-06-30,3,L6,Decathlon,Kiprun Carbon Plate,133,60,3,231,10,9,SHIMA_07,0.4352
2025-06-30,1,L7,Decathlon,Quechua Hiking Upper,155,114,4,94,21,6,STITCH_07,0.7147
2025-06-30,2,L7,Decathlon,Quechua Hiking Upper,141,62,2,182,69,8,STITCH_08,0.4291
2025-06-30,3,L7,Nike,Vaporfly Engineered Mesh,90,86,10,11,0,10,STITCH_07,0.8484
2025-06-30,1,L8,Crocs,Classic Clog Strap Assembly,201,170,6,21,0,6,SOLE_03,0.8186
2025-06-30,2,L8,Nike,Vaporfly Engineered Mesh,186,150,15,16,30,7,SOLE_04,0.7284
2025-06-30,3,L8,Crocs,LiteRide Insole Unit,109,102,6,28,0,6,SOLE_03,0.8863
2025-07-01,1,L1,Nike,ZoomX Carbon Plate Insert,149,114,7,17,48,7,SHIMA_01,0.7233
2025-07-01,2,L1,Crocs,Bayaband Slide Upper,146,106,2,20,0,5,SHIMA_01,0.7162
2025-07-01,3,L1,Nike,ZoomX Carbon Plate Insert,106,84,3,12,0,6,SHIMA_01,0.7675
2025-07-01,1,L2,Nike,Dunk Low Textile Upper,154,131,13,27,0,6,SHIMA_06,0.7697
2025-07-01,2,L2,Nike,Vaporfly Engineered Mesh,135,103,7,14,0,7,SHIMA_04,0.7127
2025-07-01,3,L2,Nike,Vaporfly Engineered Mesh,104,69,3,11,87,6,SHIMA_04,0.6394
2025-07-01,1,L3,Nike,Air Max Flyknit Upper,143,98,2,46,0,11,SOLE_01,0.6745
2025-07-01,2,L3,Nike,Air Max Flyknit Upper,140,106,11,0,0,9,SOLE_01,0.6825
2025-07-01,3,L3,Nike,Vaporfly Engineered Mesh,81,68,2,2,0,11,STITCH_02,0.8233
2025-07-01,1,L4,Decathlon,Kalenji Trail Sole Unit,171,126,5,23,0,8,STITCH_04,0.7127
2025-07-01,2,L4,Crocs,LiteRide Insole Unit,176,92,5,100,76,8,STITCH_04,0.4947
2025-07-01,3,L4,Crocs,LiteRide Insole Unit,115,89,3,22,0,12,STITCH_04,0.751
2025-07-01,1,L5,Nike,Vaporfly Engineered Mesh,140,118,3,12,0,11,STITCH_06,0.8267
2025-07-01,2,L5,Decathlon,Kalenji Trail Sole Unit,148,109,2,20,0,11,SOLE_02,0.7233
2025-07-01,3,L5,Crocs,Bayaband Slide Upper,110,48,2,197,0,10,STITCH_06,0.4223
2025-07-01,1,L6,Decathlon,Kiprun Carbon Plate,101,76,4,20,29,6,SHIMA_07,0.7146
2025-07-01,2,L6,Crocs,LiteRide Insole Unit,107,81,3,53,0,6,STITCH_07,0.7326
2025-07-01,3,L6,Decathlon,Kiprun Carbon Plate,66,52,4,8,14,10,SHIMA_07,0.7397
2025-07-01,1,L7,Nike,Dunk Low Textile Upper,123,63,3,151,0,10,STITCH_08,0.4919
2025-07-01,2,L7,Decathlon,Kiprun Carbon Plate,134,94,5,23,0,8,SHIMA_09,0.6683
2025-07-01,3,L7,Decathlon,Kalenji Trail Sole Unit,90,65,5,29,0,7,SHIMA_09,0.6683
2025-07-01,1,L8,Crocs,Bayaband Slide Upper,152,106,5,74,15,7,SOLE_04,0.6655
2025-07-01,2,L8,Decathlon,Quechua Hiking Upper,149,130,5,21,0,7,SOLE_04,0.8416
2025-07-01,3,L8,Crocs,Bayaband Slide Upper,107,68,3,15,61,5,SOLE_04,0.6152
2025-07-02,1,L1,Nike,Air Max Flyknit Upper,164,148,6,1,0,6,SHIMA_03,0.8693
2025-07-02,2,L1,Nike,ZoomX Carbon Plate Insert,151,118,4,17,13,7,SHIMA_01,0.7574
2025-07-02,1,L2,Nike,Vaporfly Engineered Mesh,132,100,4,24,0,5,SHIMA_06,0.7297
2025-07-02,2,L2,Nike,ZoomX Carbon Plate Insert,142,104,6,13,0,4,SHIMA_06,0.6935
2025-07-02,1,L3,Nike,Pegasus 3D Knit Collar,142,106,4,20,0,11,STITCH_01,0.7191
2025-07-02,2,L3,Nike,Air Max Flyknit Upper,123,96,9,16,0,9,STITCH_01,0.7098
2025-07-02,1,L4,Crocs,Bayaband Slide Upper,143,120,8,15,0,11,STITCH_03,0.7882
2025-07-02,2,L4,Crocs,LiteRide Insole Unit,157,98,4,27,60,8,SOLE_02,0.599
2025-07-02,1,L5,Crocs,Classic Clog Strap Assembly,140,103,3,1,70,8,STITCH_05,0.7159
2025-07-02,2,L5,Crocs,Classic Clog Strap Assembly,157,127,7,24,0,11,SOLE_02,0.7682
2025-07-02,1,L6,Nike,ZoomX Carbon Plate Insert,131,114,8,14,0,9,SHIMA_07,0.8146
2025-07-02,2,L6,Decathlon,Kiprun Carbon Plate,120,89,2,11,0,8,SHIMA_08,0.7318
2025-07-02,1,L7,Decathlon,Kiprun Carbon Plate,96,84,6,14,0,6,STITCH_07,0.8181
2025-07-02,2,L7,Decathlon,Quechua Hiking Upper,111,89,6,22,0,9,STITCH_08,0.7541
2025-07-02,1,L8,Decathlon,Kalenji Trail Sole Unit,140,76,2,182,0,8,SOLE_04,0.5317
2025-07-02,2,L8,Crocs,Bayaband Slide Upper,137,115,5,18,0,7,SOLE_04,0.807
2025-07-03,1,L1,Nike,Vaporfly Engineered Mesh,160,107,8,13,45,5,SHIMA_03,0.6223
2025-07-03,2,L1,Nike,Vaporfly Engineered Mesh,174,141,13,28,0,4,SHIMA_03,0.7364
2025-07-03,3,L1,Nike,Vaporfly Engineered Mesh,95,73,7,3,0,5,SHIMA_01,0.7012
2025-07-03,1,L2,Crocs,Bayaband Slide Upper,167,138,6,7,0,6,SHIMA_04,0.792
2025-07-03,2,L2,Nike,ZoomX Carbon Plate Insert,183,75,6,200,20,5,SHIMA_06,0.3773
2025-07-03,3,L2,Nike,Pegasus 3D Knit Collar,110,76,5,113,0,4,SHIMA_06,0.6505
2025-07-03,1,L3,Crocs,Bayaband Slide Upper,147,92,4,29,63,9,STITCH_01,0.6026
2025-07-03,2,L3,Nike,Vaporfly Engineered Mesh,151,101,5,11,37,11,STITCH_02,0.6412
2025-07-03,3,L3,Nike,Vaporfly Engineered Mesh,102,87,4,17,13,12,SOLE_01,0.8165
2025-07-03,1,L4,Crocs,Bayaband Slide Upper,165,118,4,27,53,12,STITCH_04,0.6955
2025-07-03,2,L4,Crocs,Classic Clog Strap Assembly,164,121,4,7,0,8,SOLE_02,0.7173
2025-07-03,3,L4,Crocs,LiteRide Insole Unit,124,99,3,28,0,12,STITCH_03,0.7784
2025-07-03,1,L5,Crocs,Classic Clog Strap Assembly,136,102,6,4,0,11,STITCH_06,0.7106
2025-07-03,2,L5,Crocs,Classic Clog Strap Assembly,133,91,2,96,0,12,STITCH_05,0.675
2025-07-03,3,L5,Crocs,Bayaband Slide Upper,71,56,4,4,39,11,SOLE_02,0.7434
2025-07-03,1,L6,Nike,Vaporfly Engineered Mesh,97,66,3,99,0,6,SHIMA_07,0.654
2025-07-03,2,L6,Decathlon,Kalenji Trail Sole Unit,96,76,5,6,0,10,STITCH_07,0.7467
2025-07-03,3,L6,Nike,Pegasus 3D Knit Collar,73,57,5,18,0,8,SHIMA_08,0.7162
2025-07-03,1,L7,Decathlon,Quechua Hiking Upper,111,91,5,27,0,7,STITCH_08,0.776
2025-07-03,2,L7,Decathlon,Quechua Hiking Upper,115,96,4,24,0,7,SHIMA_09,0.8022
2025-07-03,3,L7,Decathlon,Quechua Hiking Upper,83,72,3,6,0,10,SHIMA_09,0.8411
2025-07-03,1,L8,Decathlon,Quechua Hiking Upper,108,93,2,22,0,6,SOLE_03,0.8492
2025-07-03,2,L8,Nike,Air Max Flyknit Upper,104,78,7,9,0,5,SOLE_03,0.6844
2025-07-03,3,L8,Crocs,Bayaband Slide Upper,78,68,5,15,0,5,SOLE_04,0.814
2025-07-04,1,L1,Nike,Dunk Low Textile Upper,164,68,5,182,47,7,SHIMA_03,0.388
2025-07-04,2,L1,Crocs,Bayaband Slide Upper,152,118,7,0,0,5,SHIMA_01,0.7333
2025-07-04,1,L2,Crocs,Classic Clog Strap Assembly,167,98,6,23,81,6,SHIMA_05,0.5513
2025-07-04,2,L2,Decathlon,Kalenji Trail Sole Unit,168,137,10,16,30,5,SHIMA_04,0.7564
2025-07-04,1,L3,Nike,Vaporfly Engineered Mesh,145,113,11,0,27,9,STITCH_02,0.7047
2025-07-04,2,L3,Nike,ZoomX Carbon Plate Insert,133,105,6,8,0,11,STITCH_02,0.7477
2025-07-04,1,L4,Nike,Vaporfly Engineered Mesh,156,73,5,106,70,11,SOLE_02,0.44
2025-07-04,2,L4,Crocs,LiteRide Insole Unit,135,96,3,17,0,8,SOLE_02,0.6914
2025-07-04,1,L5,Crocs,Classic Clog Strap Assembly,144,125,6,10,0,12,STITCH_05,0.8281
2025-07-04,2,L5,Decathlon,Kalenji Trail Sole Unit,159,116,8,13,0,12,STITCH_05,0.6819
2025-07-04,1,L6,Nike,Vaporfly Engineered Mesh,129,95,3,24,0,9,SHIMA_08,0.7167
2025-07-04,2,L6,Decathlon,Kalenji Trail Sole Unit,138,84,6,151,0,7,SHIMA_08,0.5707
2025-07-04,1,L7,Nike,Pegasus 3D Knit Collar,123,96,7,11,13,8,STITCH_07,0.7262
2025-07-04,2,L7,Decathlon,Quechua Hiking Upper,131,82,3,27,87,9,STITCH_08,0.6079
2025-07-04,1,L8,Crocs,Classic Clog Strap Assembly,143,113,7,1,0,5,SOLE_04,0.7423
2025-07-04,2,L8,Crocs,Classic Clog Strap Assembly,148,88,6,113,0,8,SOLE_04,0.5569
2025-07-07,1,L1,Nike,Pegasus 3D Knit Collar,166,137,13,18,0,4,SHIMA_01,0.7492
2025-07-07,2,L1,Nike,Vaporfly Engineered Mesh,157,120,6,29,0,7,SHIMA_02,0.7265
2025-07-07,3,L1,Nike,Pegasus 3D Knit Collar,123,88,5,0,54,6,SHIMA_03,0.6773
2025-07-07,1,L2,Nike,Pegasus 3D Knit Collar,164,145,7,6,0,7,SHIMA_05,0.8454
2025-07-07,2,L2,Nike,Air Max Flyknit Upper,159,105,7,94,0,7,SHIMA_05,0.6202
2025-07-07,3,L2,Nike,ZoomX Carbon Plate Insert,105,88,7,20,0,5,SHIMA_06,0.7739
2025-07-07,1,L3,Nike,Pegasus 3D Knit Collar,137,122,10,13,0,9,STITCH_02,0.8186
2025-07-07,2,L3,Nike,Vaporfly Engineered Mesh,132,97,4,2,0,9,SOLE_01,0.7115
2025-07-07,3,L3,Nike,Vaporfly Engineered Mesh,92,74,5,0,0,9,STITCH_01,0.7533
2025-07-07,1,L4,Crocs,LiteRide Insole Unit,149,92,7,116,0,11,STITCH_04,0.5711
2025-07-07,2,L4,Crocs,LiteRide Insole Unit,165,116,5,13,56,8,SOLE_02,0.675
2025-07-07,3,L4,Crocs,LiteRide Insole Unit,102,65,3,19,61,12,STITCH_04,0.613
2025-07-07,1,L5,Decathlon,Kalenji Trail Sole Unit,120,93,3,2,0,10,SOLE_02,0.757
2025-07-07,2,L5,Crocs,Bayaband Slide Upper,130,109,3,7,0,12,SOLE_02,0.8197
2025-07-07,3,L5,Crocs,LiteRide Insole Unit,73,52,2,15,0,11,SOLE_02,0.6963
2025-07-07,1,L6,Decathlon,Kalenji Trail Sole Unit,102,77,5,2,0,9,SHIMA_08,0.7123
2025-07-07,2,L6,Crocs,Bayaband Slide Upper,107,81,6,18,0,7,SHIMA_07,0.7017
2025-07-07,3,L6,Decathlon,Quechua Hiking Upper,70,34,1,218,0,9,STITCH_07,0.4793
2025-07-07,1,L7,Decathlon,Kalenji Trail Sole Unit,130,100,3,16,0,9,STITCH_08,0.7471
2025-07-07,2,L7,Decathlon,Kalenji Trail Sole Unit,134,99,6,23,0,10,SHIMA_09,0.7002
2025-07-07,3,L7,Decathlon,Kalenji Trail Sole Unit,98,76,6,0,0,7,STITCH_08,0.7236
2025-07-07,1,L8,Crocs,Bayaband Slide Upper,117,84,1,1,62,8,SOLE_04,0.7104
2025-07-07,2,L8,Nike,Pegasus 3D Knit Collar,110,78,4,3,45,6,SOLE_04,0.6813
2025-07-07,3,L8,Decathlon,Kalenji Trail Sole Unit,72,45,2,19,89,5,SOLE_03,0.6073
2025-07-08,1,L1,Nike,ZoomX Carbon Plate Insert,163,125,6,2,0,7,SHIMA_03,0.7326
2025-07-08,2,L1,Nike,ZoomX Carbon Plate Insert,162,128,6,17,0,5,SHIMA_02,0.7533
2025-07-08,1,L2,Decathlon,Kiprun Carbon Plate,161,121,7,24,0,5,SHIMA_04,0.7105
2025-07-08,2,L2,Nike,ZoomX Carbon Plate Insert,161,135,12,24,0,7,SHIMA_06,0.7682
2025-07-08,1,L3,Nike,Vaporfly Engineered Mesh,145,113,8,28,0,12,STITCH_01,0.7269
2025-07-08,2,L3,Decathlon,Kiprun Carbon Plate,143,118,9,0,0,12,STITCH_01,0.7624
2025-07-08,1,L4,Crocs,LiteRide Insole Unit,129,83,3,86,0,12,STITCH_04,0.6208
2025-07-08,2,L4,Crocs,Bayaband Slide Upper,119,84,1,16,74,10,STITCH_03,0.7046
2025-07-08,1,L5,Crocs,LiteRide Insole Unit,116,98,4,7,0,11,STITCH_06,0.8181
2025-07-08,2,L5,Crocs,Bayaband Slide Upper,116,95,6,11,0,10,SOLE_02,0.7745
2025-07-08,1,L6,Crocs,Bayaband Slide Upper,143,116,6,21,0,7,SHIMA_07,0.7734
2025-07-08,2,L6,Decathlon,Quechua Hiking Upper,134,119,2,0,0,9,SHIMA_08,0.8773
2025-07-08,1,L7,Decathlon,Kiprun Carbon Plate,97,65,4,21,65,8,STITCH_07,0.6298
2025-07-08,2,L7,Decathlon,Quechua Hiking Upper,99,85,6,6,0,9,SHIMA_09,0.8004
2025-07-08,1,L8,Crocs,LiteRide Insole Unit,129,97,6,10,36,7,SOLE_04,0.7109
2025-07-08,2,L8,Nike,Dunk Low Textile Upper,145,88,9,23,61,8,SOLE_04,0.5491
2025-07-09,1,L1,Nike,Dunk Low Textile Upper,167,115,10,4,67,4,SHIMA_01,0.6336
2025-07-09,2,L1,Nike,ZoomX Carbon Plate Insert,152,111,3,5,83,7,SHIMA_03,0.7114
2025-07-09,1,L2,Decathlon,Quechua Hiking Upper,155,119,5,25,0,4,SHIMA_06,0.7378
2025-07-09,2,L2,Nike,Vaporfly Engineered Mesh,151,119,7,5,0,6,SHIMA_05,0.7437
2025-07-09,1,L3,Nike,Air Max Flyknit Upper,129,93,6,24,0,9,STITCH_02,0.6789
2025-07-09,2,L3,Nike,Air Max Flyknit Upper,118,100,11,18,0,8,SOLE_01,0.7591
2025-07-09,1,L4,Crocs,Classic Clog Strap Assembly,132,93,6,23,0,9,SOLE_02,0.6604
2025-07-09,2,L4,Decathlon,Quechua Hiking Upper,155,78,5,111,61,8,STITCH_04,0.4729
2025-07-09,1,L5,Nike,Air Max Flyknit Upper,130,97,5,22,50,8,STITCH_05,0.7124
2025-07-09,2,L5,Nike,Dunk Low Textile Upper,132,101,10,16,27,8,SOLE_02,0.6914
2025-07-09,1,L6,Decathlon,Kiprun Carbon Plate,130,93,5,27,15,6,SHIMA_08,0.6817
2025-07-09,2,L6,Decathlon,Kiprun Carbon Plate,129,59,1,195,0,8,SHIMA_07,0.4533
2025-07-09,1,L7,Decathlon,Quechua Hiking Upper,106,71,4,22,73,9,STITCH_08,0.634
2025-07-09,2,L7,Nike,Air Max Flyknit Upper,111,97,8,12,0,7,STITCH_08,0.803
2025-07-09,1,L8,Crocs,Bayaband Slide Upper,113,95,4,10,0,5,SOLE_04,0.8131
2025-07-09,2,L8,Crocs,Bayaband Slide Upper,100,84,3,26,0,5,SOLE_04,0.8141
2025-07-10,1,L1,Nike,Pegasus 3D Knit Collar,152,118,7,28,0,7,SHIMA_03,0.7309
2025-07-10,2,L1,Nike,Pegasus 3D Knit Collar,152,96,8,123,0,6,SHIMA_03,0.5844
2025-07-10,3,L1,Nike,ZoomX Carbon Plate Insert,108,76,10,26,27,5,SHIMA_02,0.6177
2025-07-10,1,L2,Nike,ZoomX Carbon Plate Insert,135,112,6,7,0,4,SHIMA_06,0.7916
2025-07-10,2,L2,Nike,Air Max Flyknit Upper,145,115,9,1,0,7,SHIMA_04,0.7333
2025-07-10,3,L2,Nike,Air Max Flyknit Upper,102,75,9,12,0,7,SHIMA_04,0.6473
2025-07-10,1,L3,Nike,Pegasus 3D Knit Collar,144,101,10,23,61,9,SOLE_01,0.6375
2025-07-10,2,L3,Nike,ZoomX Carbon Plate Insert,135,118,8,12,0,12,SOLE_01,0.8187
2025-07-10,3,L3,Crocs,Classic Clog Strap Assembly,104,87,4,4,0,9,STITCH_02,0.8044
2025-07-10,1,L4,Crocs,Bayaband Slide Upper,149,120,4,3,0,9,SOLE_02,0.7828
2025-07-10,2,L4,Crocs,Classic Clog Strap Assembly,167,116,3,28,0,10,SOLE_02,0.6801
2025-07-10,3,L4,Crocs,Classic Clog Strap Assembly,100,82,3,27,0,9,STITCH_03,0.7991
2025-07-10,1,L5,Crocs,LiteRide Insole Unit,154,101,4,63,0,10,SOLE_02,0.6313
2025-07-10,2,L5,Crocs,LiteRide Insole Unit,138,94,2,58,44,12,STITCH_05,0.6669
2025-07-10,3,L5,Crocs,LiteRide Insole Unit,109,95,5,19,0,8,STITCH_05,0.826
2025-07-10,1,L6,Crocs,Classic Clog Strap Assembly,106,77,4,11,0,10,STITCH_07,0.6963
2025-07-10,2,L6,Decathlon,Quechua Hiking Upper,107,79,3,5,0,9,SHIMA_08,0.7142
2025-07-10,3,L6,Nike,Vaporfly Engineered Mesh,82,59,6,26,0,10,SHIMA_08,0.6553
2025-07-10,1,L7,Decathlon,Kalenji Trail Sole Unit,112,88,5,14,0,8,STITCH_07,0.7456
2025-07-10,2,L7,Nike,Dunk Low Textile Upper,112,91,6,26,0,10,SHIMA_09,0.7604
2025-07-10,3,L7,Decathlon,Quechua Hiking Upper,78,57,2,27,0,6,SHIMA_09,0.7075
2025-07-10,1,L8,Nike,Vaporfly Engineered Mesh,123,82,7,13,83,7,SOLE_03,0.6135
2025-07-10,2,L8,Crocs,Classic Clog Strap Assembly,125,87,3,5,42,5,SOLE_03,0.6773
2025-07-10,3,L8,Decathlon,Kiprun Carbon Plate,66,54,3,27,0,7,SOLE_03,0.786
2025-07-11,1,L1,Nike,Vaporfly Engineered Mesh,162,126,7,11,0,7,SHIMA_03,0.7403
2025-07-11,2,L1,Nike,Air Max Flyknit Upper,153,124,10,25,0,5,SHIMA_02,0.7476
2025-07-11,3,L1,Nike,Pegasus 3D Knit Collar,92,68,6,62,0,5,SHIMA_01,0.6825
2025-07-11,1,L2,Nike,Dunk Low Textile Upper,168,133,5,38,0,4,SHIMA_06,0.7674
2025-07-11,2,L2,Nike,Pegasus 3D Knit Collar,164,134,7,9,0,7,SHIMA_05,0.7755
2025-07-11,3,L2,Nike,Dunk Low Textile Upper,102,91,10,11,0,4,SHIMA_05,0.7955
2025-07-11,1,L3,Nike,Pegasus 3D Knit Collar,125,96,9,12,0,11,STITCH_01,0.7032
2025-07-11,2,L3,Nike,Air Max Flyknit Upper,123,99,8,11,0,8,STITCH_01,0.747
2025-07-11,3,L3,Nike,ZoomX Carbon Plate Insert,74,63,3,3,16,8,STITCH_01,0.8133
2025-07-11,1,L4,Crocs,Classic Clog Strap Assembly,142,110,5,9,0,9,STITCH_04,0.7441
2025-07-11,2,L4,Crocs,Bayaband Slide Upper,164,120,7,11,0,9,STITCH_04,0.6945
2025-07-11,3,L4,Decathlon,Kiprun Carbon Plate,83,72,5,17,0,8,STITCH_04,0.8073
2025-07-11,1,L5,Crocs,Bayaband Slide Upper,128,111,5,16,0,11,STITCH_05,0.8292
2025-07-11,2,L5,Crocs,LiteRide Insole Unit,120,88,6,24,0,12,STITCH_06,0.6845
2025-07-11,3,L5,Nike,Air Max Flyknit Upper,94,80,6,16,0,12,SOLE_02,0.7933
2025-07-11,1,L6,Decathlon,Kiprun Carbon Plate,153,135,5,9,0,10,SHIMA_07,0.8542
2025-07-11,2,L6,Decathlon,Kalenji Trail Sole Unit,142,125,3,11,0,9,SHIMA_07,0.8631
2025-07-11,3,L6,Decathlon,Kalenji Trail Sole Unit,97,69,4,29,0,8,SHIMA_08,0.6777
2025-07-11,1,L7,Decathlon,Kiprun Carbon Plate,122,100,2,23,0,7,STITCH_07,0.805
2025-07-11,2,L7,Decathlon,Kalenji Trail Sole Unit,128,92,2,17,16,6,STITCH_08,0.7045
2025-07-11,3,L7,Decathlon,Quechua Hiking Upper,70,46,3,28,89,7,STITCH_08,0.6191
2025-07-11,1,L8,Crocs,LiteRide Insole Unit,137,99,3,25,0,8,SOLE_03,0.7069
2025-07-11,2,L8,Nike,Pegasus 3D Knit Collar,128,58,2,228,0,7,SOLE_03,0.4401
2025-07-11,3,L8,Nike,Pegasus 3D Knit Collar,98,72,9,1,0,8,SOLE_03,0.6501
2025-07-14,1,L1,Nike,Dunk Low Textile Upper,167,121,7,3,14,4,SHIMA_03,0.6839
2025-07-14,2,L1,Nike,Vaporfly Engineered Mesh,169,96,6,84,31,5,SHIMA_03,0.5371
2025-07-14,1,L2,Nike,Pegasus 3D Knit Collar,147,114,11,17,0,4,SHIMA_06,0.7051
2025-07-14,2,L2,Nike,Pegasus 3D Knit Collar,157,136,7,7,0,5,SHIMA_06,0.8251
2025-07-14,1,L3,Nike,Vaporfly Engineered Mesh,131,106,8,4,0,8,STITCH_01,0.7519
2025-07-14,2,L3,Nike,Vaporfly Engineered Mesh,114,100,4,15,0,11,STITCH_01,0.8499
2025-07-14,1,L4,Crocs,Classic Clog Strap Assembly,118,102,5,10,0,12,STITCH_03,0.8296
2025-07-14,2,L4,Crocs,LiteRide Insole Unit,131,81,3,86,52,9,STITCH_03,0.598
2025-07-14,1,L5,Crocs,Bayaband Slide Upper,155,127,3,28,0,8,STITCH_06,0.8029
2025-07-14,2,L5,Crocs,Bayaband Slide Upper,161,103,4,13,68,10,SOLE_02,0.6152
2025-07-14,1,L6,Decathlon,Quechua Hiking Upper,109,72,1,22,62,10,STITCH_07,0.6567
2025-07-14,2,L6,Decathlon,Kiprun Carbon Plate,105,90,6,0,0,6,STITCH_07,0.8024
2025-07-14,1,L7,Crocs,LiteRide Insole Unit,112,58,3,75,72,6,SHIMA_09,0.498
2025-07-14,2,L7,Decathlon,Quechua Hiking Upper,108,89,2,15,32,6,STITCH_07,0.8081
2025-07-14,1,L8,Nike,Air Max Flyknit Upper,112,94,10,19,0,7,SOLE_03,0.754
2025-07-14,2,L8,Nike,Air Max Flyknit Upper,124,99,9,20,0,6,SOLE_03,0.7316
2025-07-15,1,L1,Nike,ZoomX Carbon Plate Insert,156,112,5,19,0,5,SHIMA_01,0.6876
2025-07-15,2,L1,Nike,Dunk Low Textile Upper,143,106,8,20,0,7,SHIMA_01,0.6912
2025-07-15,1,L2,Nike,Pegasus 3D Knit Collar,151,106,7,28,0,6,SHIMA_06,0.6591
2025-07-15,2,L2,Nike,Air Max Flyknit Upper,157,108,7,27,34,5,SHIMA_04,0.6437
2025-07-15,1,L3,Nike,Pegasus 3D Knit Collar,137,112,8,24,0,10,SOLE_01,0.7612
2025-07-15,2,L3,Crocs,LiteRide Insole Unit,136,108,3,28,0,12,STITCH_01,0.7743
2025-07-15,1,L4,Decathlon,Kiprun Carbon Plate,147,129,6,10,0,11,SOLE_02,0.8398
2025-07-15,2,L4,Crocs,Bayaband Slide Upper,130,110,6,5,0,9,STITCH_03,0.805
2025-07-15,1,L5,Crocs,Bayaband Slide Upper,170,104,6,25,88,9,STITCH_05,0.5786
2025-07-15,2,L5,Crocs,Bayaband Slide Upper,171,139,6,11,0,8,SOLE_02,0.782
2025-07-15,1,L6,Decathlon,Kiprun Carbon Plate,121,80,5,61,0,8,SHIMA_07,0.6222
2025-07-15,2,L6,Decathlon,Kalenji Trail Sole Unit,115,89,4,11,0,10,STITCH_07,0.7394
2025-07-15,1,L7,Decathlon,Kiprun Carbon Plate,115,98,3,12,0,8,STITCH_08,0.8271
2025-07-15,2,L7,Nike,Vaporfly Engineered Mesh,133,111,5,19,0,8,STITCH_08,0.7992
2025-07-15,1,L8,Nike,Pegasus 3D Knit Collar,110,84,3,12,0,8,SOLE_03,0.7404
2025-07-15,2,L8,Nike,Dunk Low Textile Upper,117,90,3,24,0,7,SOLE_03,0.7466
2025-07-16,1,L1,Nike,Pegasus 3D Knit Collar,180,158,13,9,0,7,SHIMA_03,0.8057
2025-07-16,2,L1,Nike,Pegasus 3D Knit Collar,168,110,10,15,74,6,SHIMA_01,0.5971
2025-07-16,3,L1,Crocs,Classic Clog Strap Assembly,120,51,4,229,0,5,SHIMA_01,0.399
2025-07-16,1,L2,Crocs,LiteRide Insole Unit,136,100,3,9,0,6,SHIMA_05,0.7161
2025-07-16,2,L2,Nike,Pegasus 3D Knit Collar,142,114,3,8,36,4,SHIMA_05,0.7857
2025-07-16,3,L2,Nike,Air Max Flyknit Upper,85,69,8,22,17,6,SHIMA_04,0.7242
2025-07-16,1,L3,Nike,Air Max Flyknit Upper,144,110,3,13,0,8,STITCH_01,0.7433
2025-07-16,2,L3,Crocs,Bayaband Slide Upper,154,130,8,29,0,9,STITCH_01,0.795
2025-07-16,3,L3,Nike,ZoomX Carbon Plate Insert,87,75,4,0,0,8,SOLE_01,0.8165
2025-07-16,1,L4,Crocs,Classic Clog Strap Assembly,144,106,7,10,36,10,STITCH_03,0.6888
2025-07-16,2,L4,Crocs,Bayaband Slide Upper,145,111,8,22,54,9,STITCH_04,0.7115
2025-07-16,3,L4,Crocs,Bayaband Slide Upper,103,68,3,11,85,11,SOLE_02,0.6363
2025-07-16,1,L5,Crocs,LiteRide Insole Unit,127,102,3,3,0,10,STITCH_06,0.7802
2025-07-16,2,L5,Crocs,Bayaband Slide Upper,141,105,4,8,0,10,SOLE_02,0.7184
2025-07-16,3,L5,Crocs,Classic Clog Strap Assembly,83,71,3,16,0,9,STITCH_06,0.8246
2025-07-16,1,L6,Decathlon,Quechua Hiking Upper,110,96,3,5,0,8,SHIMA_07,0.8522
2025-07-16,2,L6,Nike,ZoomX Carbon Plate Insert,111,86,6,24,27,7,SHIMA_08,0.7275
2025-07-16,3,L6,Decathlon,Quechua Hiking Upper,85,72,3,3,0,6,SHIMA_08,0.8146
2025-07-16,1,L7,Decathlon,Quechua Hiking Upper,132,112,4,23,0,9,STITCH_07,0.8234
2025-07-16,2,L7,Decathlon,Quechua Hiking Upper,137,94,7,15,15,10,STITCH_07,0.6405
2025-07-16,3,L7,Decathlon,Kiprun Carbon Plate,94,72,5,14,0,10,SHIMA_09,0.7157
2025-07-16,1,L8,Nike,Vaporfly Engineered Mesh,103,78,8,20,21,8,SOLE_04,0.6798
2025-07-16,2,L8,Nike,Vaporfly Engineered Mesh,99,74,7,23,0,8,SOLE_03,0.6849
2025-07-16,3,L8,Nike,Dunk Low Textile Upper,61,41,1,3,81,6,SOLE_03,0.6628
2025-07-17,1,L1,Nike,Air Max Flyknit Upper,152,133,4,6,0,7,SHIMA_03,0.8512
2025-07-17,2,L1,Nike,ZoomX Carbon Plate Insert,161,119,3,6,0,6,SHIMA_02,0.7239
2025-07-17,1,L2,Nike,Dunk Low Textile Upper,164,132,4,8,0,7,SHIMA_04,0.7863
2025-07-17,2,L2,Nike,Pegasus 3D Knit Collar,142,111,9,7,62,7,SHIMA_04,0.7203
2025-07-17,1,L3,Nike,Vaporfly Engineered Mesh,141,116,10,5,0,8,SOLE_01,0.7521
2025-07-17,2,L3,Nike,Dunk Low Textile Upper,150,113,3,12,43,9,SOLE_01,0.7379
2025-07-17,1,L4,Crocs,Classic Clog Strap Assembly,162,141,9,0,0,10,SOLE_02,0.8204
2025-07-17,2,L4,Crocs,LiteRide Insole Unit,143,107,3,19,0,11,STITCH_04,0.7294
2025-07-17,1,L5,Crocs,Classic Clog Strap Assembly,125,101,5,39,0,12,SOLE_02,0.768
2025-07-17,2,L5,Crocs,Bayaband Slide Upper,125,69,4,157,0,8,STITCH_05,0.5264
2025-07-17,1,L6,Decathlon,Kalenji Trail Sole Unit,106,83,3,10,46,6,SHIMA_08,0.7627
2025-07-17,2,L6,Decathlon,Kalenji Trail Sole Unit,96,63,3,23,73,6,STITCH_07,0.6256
2025-07-17,1,L7,Decathlon,Kalenji Trail Sole Unit,109,79,2,27,0,10,SHIMA_09,0.7101
2025-07-17,2,L7,Decathlon,Quechua Hiking Upper,95,78,3,15,0,6,SHIMA_09,0.792
2025-07-17,1,L8,Decathlon,Quechua Hiking Upper,101,82,5,14,0,6,SOLE_03,0.7706
2025-07-17,2,L8,Nike,ZoomX Carbon Plate Insert,112,82,5,10,0,6,SOLE_03,0.6941
2025-07-18,1,L1,Nike,ZoomX Carbon Plate Insert,172,124,10,10,19,6,SHIMA_01,0.6664
2025-07-18,2,L1,Nike,Dunk Low Textile Upper,173,121,5,23,0,4,SHIMA_01,0.6757
2025-07-18,3,L1,Nike,ZoomX Carbon Plate Insert,102,79,7,68,0,4,SHIMA_02,0.7135
2025-07-18,1,L2,Nike,Air Max Flyknit Upper,138,100,4,17,31,7,SHIMA_05,0.6973
2025-07-18,2,L2,Nike,Pegasus 3D Knit Collar,146,112,10,15,0,7,SHIMA_06,0.7002
2025-07-18,3,L2,Nike,ZoomX Carbon Plate Insert,104,93,5,1,0,6,SHIMA_06,0.8518
2025-07-18,1,L3,Nike,Dunk Low Textile Upper,139,121,8,13,0,12,STITCH_01,0.8165
2025-07-18,2,L3,Nike,Vaporfly Engineered Mesh,142,130,6,0,0,12,STITCH_01,0.8737
2025-07-18,3,L3,Crocs,LiteRide Insole Unit,72,59,2,5,0,10,STITCH_02,0.7998
2025-07-18,1,L4,Crocs,LiteRide Insole Unit,136,98,6,8,0,12,STITCH_03,0.6827
2025-07-18,2,L4,Decathlon,Kalenji Trail Sole Unit,155,113,8,9,42,10,STITCH_04,0.6821
2025-07-18,3,L4,Decathlon,Kalenji Trail Sole Unit,97,83,5,17,0,11,STITCH_04,0.8051
2025-07-18,1,L5,Crocs,Bayaband Slide Upper,141,113,3,27,0,12,STITCH_06,0.7823
2025-07-18,2,L5,Crocs,LiteRide Insole Unit,132,111,8,10,0,9,STITCH_05,0.7856
2025-07-18,3,L5,Crocs,LiteRide Insole Unit,78,67,2,3,0,12,STITCH_05,0.8456
2025-07-18,1,L6,Decathlon,Kalenji Trail Sole Unit,140,115,5,11,0,8,SHIMA_08,0.7898
2025-07-18,2,L6,Decathlon,Kalenji Trail Sole Unit,142,120,5,19,0,9,SHIMA_07,0.8129
2025-07-18,3,L6,Decathlon,Quechua Hiking Upper,74,58,2,14,0,7,SHIMA_08,0.7694
2025-07-18,1,L7,Decathlon,Kalenji Trail Sole Unit,126,93,6,27,0,6,STITCH_07,0.696
2025-07-18,2,L7,Decathlon,Kiprun Carbon Plate,124,94,3,20,0,7,SHIMA_09,0.7373
2025-07-18,3,L7,Nike,Dunk Low Textile Upper,90,77,3,18,0,6,SHIMA_09,0.8323
2025-07-18,1,L8,Crocs,Bayaband Slide Upper,131,102,4,27,0,5,SOLE_03,0.7521
2025-07-18,2,L8,Nike,ZoomX Carbon Plate Insert,146,105,7,19,0,7,SOLE_04,0.677
2025-07-18,3,L8,Crocs,Bayaband Slide Upper,100,73,3,2,0,6,SOLE_03,0.7059
2025-07-21,1,L1,Nike,Air Max Flyknit Upper,168,50,4,223,80,7,SHIMA_03,0.2744
2025-07-21,2,L1,Nike,Air Max Flyknit Upper,161,91,7,175,0,4,SHIMA_02,0.5257
2025-07-21,3,L1,Nike,Air Max Flyknit Upper,112,92,4,18,0,4,SHIMA_02,0.7885
2025-07-21,1,L2,Nike,Air Max Flyknit Upper,134,95,6,28,0,6,SHIMA_04,0.6664
2025-07-21,2,L2,Crocs,Bayaband Slide Upper,155,103,5,40,60,5,SHIMA_04,0.6341
2025-07-21,3,L2,Nike,Vaporfly Engineered Mesh,104,44,6,236,0,5,SHIMA_04,0.368
2025-07-21,1,L3,Nike,Dunk Low Textile Upper,136,112,8,29,0,11,STITCH_02,0.7675
2025-07-21,2,L3,Nike,Dunk Low Textile Upper,142,72,7,89,87,9,STITCH_01,0.4619
2025-07-21,3,L3,Nike,ZoomX Carbon Plate Insert,88,54,3,20,82,10,SOLE_01,0.5873
2025-07-21,1,L4,Crocs,Classic Clog Strap Assembly,158,141,3,4,0,11,STITCH_03,0.8744
2025-07-21,2,L4,Crocs,Classic Clog Strap Assembly,165,122,5,1,0,9,STITCH_04,0.7109
2025-07-21,3,L4,Crocs,Classic Clog Strap Assembly,118,98,3,23,0,12,SOLE_02,0.8109
2025-07-21,1,L5,Crocs,Bayaband Slide Upper,144,122,2,19,0,8,STITCH_05,0.8362
2025-07-21,2,L5,Crocs,Classic Clog Strap Assembly,134,115,2,27,0,12,STITCH_06,0.8454
2025-07-21,3,L5,Crocs,Classic Clog Strap Assembly,79,59,6,25,31,10,SOLE_02,0.6818
2025-07-21,1,L6,Decathlon,Kalenji Trail Sole Unit,131,113,2,14,0,8,SHIMA_07,0.8528
2025-07-21,2,L6,Decathlon,Kalenji Trail Sole Unit,142,89,5,0,83,7,STITCH_07,0.5924
2025-07-21,3,L6,Decathlon,Kiprun Carbon Plate,98,85,6,6,16,7,SHIMA_08,0.8088
2025-07-21,1,L7,Decathlon,Kalenji Trail Sole Unit,118,79,1,18,30,9,SHIMA_09,0.6614
2025-07-21,2,L7,Decathlon,Kalenji Trail Sole Unit,119,103,7,7,0,6,SHIMA_09,0.8083
2025-07-21,3,L7,Decathlon,Kalenji Trail Sole Unit,68,56,2,13,0,10,SHIMA_09,0.8044
2025-07-21,1,L8,Nike,Vaporfly Engineered Mesh,113,70,2,130,0,6,SOLE_04,0.6093
2025-07-21,2,L8,Decathlon,Kalenji Trail Sole Unit,108,77,2,17,68,6,SOLE_03,0.6952
2025-07-21,3,L8,Nike,Dunk Low Textile Upper,59,39,2,24,60,7,SOLE_03,0.6345
2025-07-22,1,L1,Nike,Vaporfly Engineered Mesh,157,108,7,28,36,5,SHIMA_03,0.6451
2025-07-22,2,L1,Nike,Pegasus 3D Knit Collar,151,118,7,1,25,6,SHIMA_03,0.7368
2025-07-22,3,L1,Nike,Dunk Low Textile Upper,112,72,2,119,0,4,SHIMA_03,0.6269
2025-07-22,1,L2,Nike,Dunk Low Textile Upper,125,86,8,11,49,7,SHIMA_06,0.6309
2025-07-22,2,L2,Nike,ZoomX Carbon Plate Insert,136,90,4,21,66,6,SHIMA_04,0.6344
2025-07-22,3,L2,Nike,Pegasus 3D Knit Collar,87,70,4,15,34,4,SHIMA_06,0.7658
2025-07-22,1,L3,Crocs,LiteRide Insole Unit,123,53,1,148,63,12,SOLE_01,0.4289
2025-07-22,2,L3,Nike,Air Max Flyknit Upper,123,92,7,21,12,11,SOLE_01,0.6971
2025-07-22,3,L3,Nike,Vaporfly Engineered Mesh,90,71,5,28,0,11,STITCH_01,0.7347
2025-07-22,1,L4,Crocs,Classic Clog Strap Assembly,172,129,3,19,0,11,STITCH_04,0.736
2025-07-22,2,L4,Crocs,Classic Clog Strap Assembly,173,150,9,5,0,8,SOLE_02,0.8188
2025-07-22,3,L4,Crocs,Bayaband Slide Upper,103,85,2,5,23,12,STITCH_03,0.8078
2025-07-22,1,L5,Crocs,Bayaband Slide Upper,151,135,3,8,0,12,STITCH_05,0.8776
2025-07-22,2,L5,Crocs,Bayaband Slide Upper,149,124,3,4,0,11,STITCH_05,0.8141
2025-07-22,3,L5,Crocs,LiteRide Insole Unit,97,69,2,19,53,10,SOLE_02,0.6964
2025-07-22,1,L6,Decathlon,Kalenji Trail Sole Unit,128,97,2,27,0,6,STITCH_07,0.7466
2025-07-22,2,L6,Decathlon,Kalenji Trail Sole Unit,120,91,5,17,0,8,STITCH_07,0.724
2025-07-22,3,L6,Decathlon,Quechua Hiking Upper,78,58,2,3,0,10,SHIMA_07,0.7277
2025-07-22,1,L7,Decathlon,Quechua Hiking Upper,113,83,4,23,0,9,STITCH_07,0.7011
2025-07-22,2,L7,Decathlon,Kalenji Trail Sole Unit,103,80,5,29,0,9,SHIMA_09,0.7301
2025-07-22,3,L7,Decathlon,Kalenji Trail Sole Unit,61,30,1,145,32,8,STITCH_08,0.4833
2025-07-22,1,L8,Nike,ZoomX Carbon Plate Insert,141,110,10,20,13,6,SOLE_03,0.7099
2025-07-22,2,L8,Nike,ZoomX Carbon Plate Insert,156,71,7,184,0,5,SOLE_03,0.4158
2025-07-22,3,L8,Crocs,LiteRide Insole Unit,98,72,2,20,0,5,SOLE_04,0.7147
2025-07-23,1,L1,Crocs,Bayaband Slide Upper,140,106,3,13,0,5,SHIMA_02,0.7415
2025-07-23,2,L1,Nike,ZoomX Carbon Plate Insert,135,83,4,21,55,4,SHIMA_02,0.5921
2025-07-23,3,L1,Nike,Vaporfly Engineered Mesh,78,57,7,4,0,5,SHIMA_03,0.6432
2025-07-23,1,L2,Nike,ZoomX Carbon Plate Insert,181,147,14,29,0,6,SHIMA_04,0.7384
2025-07-23,2,L2,Nike,Air Max Flyknit Upper,167,126,9,0,0,7,SHIMA_05,0.7046
2025-07-23,3,L2,Nike,Pegasus 3D Knit Collar,110,30,3,229,78,6,SHIMA_05,0.2457
2025-07-23,1,L3,Nike,Vaporfly Engineered Mesh,155,133,5,12,0,12,SOLE_01,0.8303
2025-07-23,2,L3,Nike,Vaporfly Engineered Mesh,146,107,4,15,41,11,STITCH_02,0.7086
2025-07-23,3,L3,Nike,Air Max Flyknit Upper,80,65,7,22,0,12,SOLE_01,0.7282
2025-07-23,1,L4,Nike,Vaporfly Engineered Mesh,161,129,13,12,15,12,STITCH_04,0.7242
2025-07-23,2,L4,Crocs,LiteRide Insole Unit,146,103,7,29,54,11,STITCH_03,0.6601
2025-07-23,3,L4,Crocs,Bayaband Slide Upper,89,76,6,23,0,11,STITCH_04,0.7961
2025-07-23,1,L5,Crocs,Classic Clog Strap Assembly,116,83,4,25,0,8,SOLE_02,0.683
2025-07-23,2,L5,Crocs,Bayaband Slide Upper,134,102,4,1,0,8,SOLE_02,0.7359
2025-07-23,3,L5,Crocs,Bayaband Slide Upper,92,26,0,211,88,10,SOLE_02,0.2913
2025-07-23,1,L6,Decathlon,Kalenji Trail Sole Unit,132,102,5,26,0,10,STITCH_07,0.742
2025-07-23,2,L6,Decathlon,Kiprun Carbon Plate,147,115,8,24,0,9,STITCH_07,0.7289
2025-07-23,3,L6,Decathlon,Quechua Hiking Upper,99,86,7,7,0,7,SHIMA_08,0.8022
2025-07-23,1,L7,Decathlon,Kiprun Carbon Plate,112,86,5,9,0,8,STITCH_07,0.7246
2025-07-23,2,L7,Decathlon,Kalenji Trail Sole Unit,111,82,3,9,0,6,STITCH_07,0.714
2025-07-23,3,L7,Decathlon,Kiprun Carbon Plate,90,64,6,23,0,7,STITCH_07,0.6468
2025-07-23,1,L8,Nike,ZoomX Carbon Plate Insert,122,76,5,17,58,8,SOLE_04,0.5888
2025-07-23,2,L8,Nike,Air Max Flyknit Upper,133,108,3,28,0,6,SOLE_04,0.7942
2025-07-23,3,L8,Crocs,Classic Clog Strap Assembly,96,61,2,26,66,7,SOLE_03,0.6174
2025-07-24,1,L1,Nike,Vaporfly Engineered Mesh,164,133,9,19,19,5,SHIMA_01,0.7608
2025-07-24,2,L1,Nike,Vaporfly Engineered Mesh,164,116,5,3,15,7,SHIMA_01,0.68
2025-07-24,3,L1,Nike,Air Max Flyknit Upper,90,67,6,9,0,6,SHIMA_03,0.6829
2025-07-24,1,L2,Nike,Air Max Flyknit Upper,134,104,3,20,35,7,SHIMA_05,0.7553
2025-07-24,2,L2,Nike,Pegasus 3D Knit Collar,127,92,5,28,0,5,SHIMA_05,0.6902
2025-07-24,3,L2,Nike,ZoomX Carbon Plate Insert,79,68,2,2,0,5,SHIMA_04,0.8468
2025-07-24,1,L3,Nike,Pegasus 3D Knit Collar,147,109,11,28,0,11,STITCH_01,0.669
2025-07-24,2,L3,Nike,Pegasus 3D Knit Collar,144,121,4,26,0,10,STITCH_01,0.8153
2025-07-24,3,L3,Nike,ZoomX Carbon Plate Insert,99,83,5,14,0,8,STITCH_01,0.7911
2025-07-24,1,L4,Decathlon,Kiprun Carbon Plate,124,100,3,13,0,12,SOLE_02,0.7877
2025-07-24,2,L4,Crocs,Classic Clog Strap Assembly,128,100,6,23,44,10,STITCH_03,0.7377
2025-07-24,3,L4,Decathlon,Kiprun Carbon Plate,80,54,2,19,18,12,SOLE_02,0.6592
2025-07-24,1,L5,Decathlon,Quechua Hiking Upper,118,106,5,8,0,12,STITCH_06,0.8573
2025-07-24,2,L5,Crocs,Classic Clog Strap Assembly,116,91,3,23,39,8,STITCH_05,0.765
2025-07-24,3,L5,Crocs,LiteRide Insole Unit,67,56,3,5,0,8,STITCH_06,0.7987
2025-07-24,1,L6,Decathlon,Kalenji Trail Sole Unit,130,97,5,22,0,10,SHIMA_07,0.7079
2025-07-24,2,L6,Decathlon,Kalenji Trail Sole Unit,135,113,4,27,0,6,STITCH_07,0.8131
2025-07-24,3,L6,Decathlon,Kalenji Trail Sole Unit,77,64,4,0,0,8,STITCH_07,0.7898
2025-07-24,1,L7,Decathlon,Kalenji Trail Sole Unit,120,85,2,30,0,9,SHIMA_09,0.6987
2025-07-24,2,L7,Decathlon,Quechua Hiking Upper,118,99,4,12,0,9,SHIMA_09,0.8115
2025-07-24,3,L7,Decathlon,Kalenji Trail Sole Unit,62,38,2,14,89,9,STITCH_08,0.5831
2025-07-24,1,L8,Nike,Pegasus 3D Knit Collar,129,89,7,18,63,5,SOLE_03,0.637
2025-07-24,2,L8,Crocs,Classic Clog Strap Assembly,128,103,2,25,0,8,SOLE_03,0.7964
2025-07-24,3,L8,Nike,Vaporfly Engineered Mesh,78,59,5,25,0,6,SOLE_04,0.6998
2025-07-25,1,L1,Nike,Dunk Low Textile Upper,151,107,6,29,0,5,SHIMA_03,0.6719
2025-07-25,2,L1,Nike,ZoomX Carbon Plate Insert,153,132,8,22,0,4,SHIMA_01,0.8147
2025-07-25,3,L1,Nike,Vaporfly Engineered Mesh,97,62,7,121,0,6,SHIMA_03,0.5723
2025-07-25,1,L2,Decathlon,Kalenji Trail Sole Unit,152,109,5,2,18,4,SHIMA_06,0.6881
2025-07-25,2,L2,Nike,Vaporfly Engineered Mesh,163,126,13,6,29,6,SHIMA_05,0.695
2025-07-25,3,L2,Nike,Air Max Flyknit Upper,118,97,13,3,0,4,SHIMA_06,0.719
2025-07-25,1,L3,Crocs,Classic Clog Strap Assembly,124,78,2,2,88,10,SOLE_01,0.6136
2025-07-25,2,L3,Nike,Dunk Low Textile Upper,141,110,5,14,0,8,STITCH_01,0.748
2025-07-25,3,L3,Nike,ZoomX Carbon Plate Insert,81,67,6,16,0,8,STITCH_01,0.7536
2025-07-25,1,L4,Crocs,LiteRide Insole Unit,153,115,8,5,53,9,STITCH_04,0.6996
2025-07-25,2,L4,Crocs,Bayaband Slide Upper,154,126,4,23,0,12,STITCH_04,0.7924
2025-07-25,3,L4,Decathlon,Kalenji Trail Sole Unit,113,69,2,6,86,11,STITCH_04,0.5974
2025-07-25,1,L5,Crocs,Bayaband Slide Upper,159,137,9,17,0,11,STITCH_05,0.8078
2025-07-25,2,L5,Crocs,LiteRide Insole Unit,152,126,2,23,0,12,STITCH_06,0.8191
2025-07-25,3,L5,Crocs,Classic Clog Strap Assembly,112,88,5,15,0,8,SOLE_02,0.7485
2025-07-25,1,L6,Nike,Air Max Flyknit Upper,138,119,6,23,0,6,SHIMA_07,0.8221
2025-07-25,2,L6,Decathlon,Kiprun Carbon Plate,136,85,6,139,0,9,STITCH_07,0.5811
2025-07-25,3,L6,Decathlon,Kalenji Trail Sole Unit,91,66,3,21,0,7,SHIMA_07,0.699
2025-07-25,1,L7,Decathlon,Quechua Hiking Upper,133,112,2,4,23,9,SHIMA_09,0.8313
2025-07-25,2,L7,Decathlon,Kiprun Carbon Plate,135,89,4,6,83,9,STITCH_07,0.6329
2025-07-25,3,L7,Decathlon,Kalenji Trail Sole Unit,81,59,4,13,0,8,STITCH_08,0.6814
2025-07-25,1,L8,Crocs,LiteRide Insole Unit,118,88,6,1,0,6,SOLE_03,0.6995
2025-07-25,2,L8,Decathlon,Kiprun Carbon Plate,118,74,2,103,36,6,SOLE_04,0.611
2025-07-25,3,L8,Nike,Pegasus 3D Knit Collar,79,65,6,8,0,5,SOLE_04,0.7534
2025-07-28,1,L1,Nike,Vaporfly Engineered Mesh,147,109,7,2,0,4,SHIMA_03,0.6972
2025-07-28,2,L1,Nike,ZoomX Carbon Plate Insert,164,117,11,27,0,7,SHIMA_02,0.6507
2025-07-28,1,L2,Nike,Air Max Flyknit Upper,161,111,7,78,0,5,SHIMA_05,0.6487
2025-07-28,2,L2,Nike,Vaporfly Engineered Mesh,174,135,8,6,61,5,SHIMA_05,0.7301
2025-07-28,1,L3,Nike,Air Max Flyknit Upper,148,119,11,23,0,8,STITCH_02,0.7345
2025-07-28,2,L3,Nike,ZoomX Carbon Plate Insert,152,119,4,14,0,11,STITCH_01,0.758
2025-07-28,1,L4,Decathlon,Kalenji Trail Sole Unit,131,102,5,4,0,8,STITCH_04,0.747
2025-07-28,2,L4,Crocs,LiteRide Insole Unit,131,100,7,1,0,8,STITCH_04,0.7121
2025-07-28,1,L5,Crocs,Bayaband Slide Upper,140,98,3,20,24,9,STITCH_05,0.6852
2025-07-28,2,L5,Crocs,Bayaband Slide Upper,129,90,4,26,0,9,STITCH_05,0.6692
2025-07-28,1,L6,Decathlon,Kiprun Carbon Plate,109,83,2,15,0,8,SHIMA_07,0.75
2025-07-28,2,L6,Decathlon,Kalenji Trail Sole Unit,116,83,2,71,0,9,SHIMA_07,0.699
2025-07-28,1,L7,Decathlon,Quechua Hiking Upper,101,85,1,6,0,10,STITCH_08,0.8347
2025-07-28,2,L7,Decathlon,Kalenji Trail Sole Unit,98,80,5,8,0,7,SHIMA_09,0.7688
2025-07-28,1,L8,Decathlon,Kalenji Trail Sole Unit,132,101,4,19,0,5,SOLE_04,0.739
2025-07-28,2,L8,Crocs,Classic Clog Strap Assembly,138,103,8,1,45,8,SOLE_03,0.6945
2025-07-29,1,L1,Nike,Air Max Flyknit Upper,154,127,10,3,0,5,SHIMA_01,0.7642
2025-07-29,2,L1,Nike,Air Max Flyknit Upper,156,127,7,29,0,5,SHIMA_01,0.7705
2025-07-29,3,L1,Nike,ZoomX Carbon Plate Insert,107,74,5,26,0,6,SHIMA_02,0.6519
2025-07-29,1,L2,Nike,Vaporfly Engineered Mesh,146,115,5,5,0,7,SHIMA_06,0.7576
2025-07-29,2,L2,Nike,Vaporfly Engineered Mesh,138,117,5,13,0,4,SHIMA_05,0.8137
2025-07-29,3,L2,Nike,Pegasus 3D Knit Collar,106,83,4,19,47,4,SHIMA_04,0.7494
2025-07-29,1,L3,Nike,ZoomX Carbon Plate Insert,126,52,3,219,0,12,SOLE_01,0.3936
2025-07-29,2,L3,Crocs,Classic Clog Strap Assembly,134,102,4,26,0,10,SOLE_01,0.734
2025-07-29,3,L3,Nike,ZoomX Carbon Plate Insert,77,57,2,5,77,12,STITCH_01,0.7145
2025-07-29,1,L4,Crocs,LiteRide Insole Unit,157,135,10,9,0,8,STITCH_03,0.7967
2025-07-29,2,L4,Nike,Vaporfly Engineered Mesh,173,133,6,9,0,11,SOLE_02,0.7379
2025-07-29,3,L4,Crocs,LiteRide Insole Unit,104,80,3,26,0,10,SOLE_02,0.7427
2025-07-29,1,L5,Crocs,Bayaband Slide Upper,129,95,2,0,50,10,STITCH_05,0.7231
2025-07-29,2,L5,Crocs,LiteRide Insole Unit,134,104,3,18,13,12,STITCH_06,0.7572
2025-07-29,3,L5,Crocs,Classic Clog Strap Assembly,77,50,4,29,70,11,STITCH_05,0.6044
2025-07-29,1,L6,Decathlon,Kiprun Carbon Plate,106,81,3,3,0,10,SHIMA_07,0.742
2025-07-29,2,L6,Decathlon,Kalenji Trail Sole Unit,108,83,3,28,0,7,SHIMA_08,0.7464
2025-07-29,3,L6,Decathlon,Kiprun Carbon Plate,58,45,3,29,0,10,SHIMA_07,0.7353
2025-07-29,1,L7,Decathlon,Kiprun Carbon Plate,110,91,3,20,0,9,STITCH_08,0.8077
2025-07-29,2,L7,Decathlon,Quechua Hiking Upper,112,94,7,8,0,9,STITCH_07,0.7774
2025-07-29,3,L7,Decathlon,Kiprun Carbon Plate,65,48,1,27,0,10,STITCH_08,0.7316
2025-07-29,1,L8,Decathlon,Kalenji Trail Sole Unit,121,92,2,9,44,5,SOLE_03,0.7472
2025-07-29,2,L8,Nike,Pegasus 3D Knit Collar,116,96,10,28,0,6,SOLE_03,0.7423
2025-07-29,3,L8,Nike,ZoomX Carbon Plate Insert,79,62,3,6,0,7,SOLE_03,0.7589
2025-07-30,1,L1,Nike,Air Max Flyknit Upper,159,120,4,29,0,4,SHIMA_01,0.7333
2025-07-30,2,L1,Nike,Pegasus 3D Knit Collar,161,115,5,23,0,6,SHIMA_03,0.6886
2025-07-30,3,L1,Nike,ZoomX Carbon Plate Insert,89,67,6,22,56,7,SHIMA_01,0.6908
2025-07-30,1,L2,Decathlon,Quechua Hiking Upper,169,148,5,14,0,4,SHIMA_06,0.8493
2025-07-30,2,L2,Crocs,Classic Clog Strap Assembly,166,134,7,3,0,4,SHIMA_06,0.766
2025-07-30,3,L2,Nike,Pegasus 3D Knit Collar,112,96,9,13,0,6,SHIMA_04,0.7793
2025-07-30,1,L3,Nike,ZoomX Carbon Plate Insert,146,102,10,47,0,12,STITCH_02,0.6339
2025-07-30,2,L3,Nike,Pegasus 3D Knit Collar,140,114,9,14,0,12,STITCH_01,0.754
2025-07-30,3,L3,Nike,Pegasus 3D Knit Collar,92,75,10,6,0,10,SOLE_01,0.707
2025-07-30,1,L4,Crocs,Bayaband Slide Upper,159,140,5,18,0,12,STITCH_04,0.8501
2025-07-30,2,L4,Crocs,Classic Clog Strap Assembly,142,111,7,0,30,12,STITCH_03,0.7346
2025-07-30,3,L4,Crocs,Classic Clog Strap Assembly,101,85,4,8,0,8,STITCH_04,0.807
2025-07-30,1,L5,Crocs,Bayaband Slide Upper,120,82,2,5,31,8,SOLE_02,0.6711
2025-07-30,2,L5,Crocs,Bayaband Slide Upper,129,76,4,29,87,10,SOLE_02,0.5598
2025-07-30,3,L5,Nike,Vaporfly Engineered Mesh,75,23,0,234,63,10,SOLE_02,0.3107
2025-07-30,1,L6,Decathlon,Kiprun Carbon Plate,124,89,5,10,27,8,SHIMA_08,0.6805
2025-07-30,2,L6,Decathlon,Quechua Hiking Upper,120,83,5,27,0,6,SHIMA_08,0.6543
2025-07-30,3,L6,Decathlon,Quechua Hiking Upper,70,55,3,8,0,6,STITCH_07,0.7441
2025-07-30,1,L7,Decathlon,Kalenji Trail Sole Unit,121,92,6,13,22,6,STITCH_07,0.7122
2025-07-30,2,L7,Crocs,Bayaband Slide Upper,130,104,7,2,0,6,SHIMA_09,0.7505
2025-07-30,3,L7,Decathlon,Quechua Hiking Upper,86,67,2,11,0,6,STITCH_08,0.7609
2025-07-30,1,L8,Crocs,LiteRide Insole Unit,114,83,2,1,29,8,SOLE_03,0.716
2025-07-30,2,L8,Decathlon,Kiprun Carbon Plate,111,57,3,92,72,7,SOLE_04,0.4944
2025-07-30,3,L8,Crocs,Bayaband Slide Upper,68,49,3,6,0,8,SOLE_03,0.6876
2025-07-31,1,L1,Nike,Air Max Flyknit Upper,183,143,13,18,0,7,SHIMA_02,0.7106
2025-07-31,2,L1,Decathlon,Kiprun Carbon Plate,183,154,7,4,0,6,SHIMA_01,0.8069
2025-07-31,3,L1,Nike,Vaporfly Engineered Mesh,93,73,2,25,0,5,SHIMA_01,0.7683
2025-07-31,1,L2,Nike,Dunk Low Textile Upper,164,128,8,25,0,6,SHIMA_06,0.7345
2025-07-31,2,L2,Crocs,LiteRide Insole Unit,159,98,5,91,61,4,SHIMA_05,0.589
2025-07-31,3,L2,Nike,Air Max Flyknit Upper,97,67,7,27,0,6,SHIMA_05,0.6241
2025-07-31,1,L3,Nike,Dunk Low Textile Upper,127,96,5,16,0,12,STITCH_01,0.723
2025-07-31,2,L3,Nike,Vaporfly Engineered Mesh,114,83,6,19,0,11,STITCH_01,0.6794
2025-07-31,3,L3,Nike,Air Max Flyknit Upper,66,45,1,29,54,12,STITCH_01,0.673
2025-07-31,1,L4,Crocs,Bayaband Slide Upper,134,93,5,19,87,12,STITCH_03,0.6583
2025-07-31,2,L4,Crocs,Bayaband Slide Upper,150,126,2,12,0,9,STITCH_04,0.8301
2025-07-31,3,L4,Crocs,LiteRide Insole Unit,102,71,2,16,32,8,STITCH_03,0.6857
2025-07-31,1,L5,Crocs,Bayaband Slide Upper,145,105,6,24,44,11,SOLE_02,0.6849
2025-07-31,2,L5,Crocs,LiteRide Insole Unit,148,100,7,95,0,10,SOLE_02,0.63
2025-07-31,3,L5,Crocs,LiteRide Insole Unit,88,66,6,3,0,9,STITCH_06,0.6834
2025-07-31,1,L6,Decathlon,Quechua Hiking Upper,130,84,5,8,60,6,STITCH_07,0.6112
2025-07-31,2,L6,Crocs,Classic Clog Strap Assembly,115,96,6,16,0,10,SHIMA_07,0.7858
2025-07-31,3,L6,Decathlon,Kiprun Carbon Plate,75,65,3,18,0,7,SHIMA_08,0.8311
2025-07-31,1,L7,Decathlon,Quechua Hiking Upper,109,81,4,13,49,9,SHIMA_09,0.7086
2025-07-31,2,L7,Decathlon,Kalenji Trail Sole Unit,114,95,3,17,0,9,STITCH_07,0.8073
2025-07-31,3,L7,Decathlon,Kalenji Trail Sole Unit,68,53,2,19,36,6,STITCH_08,0.7575
2025-07-31,1,L8,Nike,Vaporfly Engineered Mesh,102,73,7,8,34,5,SOLE_04,0.6554
2025-07-31,2,L8,Decathlon,Quechua Hiking Upper,100,61,3,24,64,7,SOLE_04,0.5838
2025-07-31,3,L8,Crocs,Classic Clog Strap Assembly,70,58,5,21,0,6,SOLE_03,0.7584
2025-08-01,1,L1,Nike,Vaporfly Engineered Mesh,180,109,3,24,63,4,SHIMA_02,0.5921
2025-08-01,2,L1,Crocs,LiteRide Insole Unit,164,113,5,74,0,6,SHIMA_01,0.6621
2025-08-01,3,L1,Nike,Dunk Low Textile Upper,120,57,3,186,0,4,SHIMA_02,0.4548
2025-08-01,1,L2,Crocs,Classic Clog Strap Assembly,193,155,4,0,25,7,SHIMA_06,0.7861
2025-08-01,2,L2,Nike,Air Max Flyknit Upper,175,130,4,0,27,4,SHIMA_04,0.7248
2025-08-01,3,L2,Nike,ZoomX Carbon Plate Insert,109,77,5,23,0,6,SHIMA_04,0.6622
2025-08-01,1,L3,Nike,Dunk Low Textile Upper,140,99,3,24,0,9,STITCH_01,0.6926
2025-08-01,2,L3,Nike,Vaporfly Engineered Mesh,142,108,6,13,0,12,SOLE_01,0.7212
2025-08-01,3,L3,Nike,Dunk Low Textile Upper,83,28,2,214,63,8,STITCH_02,0.3196
2025-08-01,1,L4,Crocs,Classic Clog Strap Assembly,160,119,4,9,0,8,SOLE_02,0.7208
2025-08-01,2,L4,Crocs,LiteRide Insole Unit,143,63,4,195,0,11,STITCH_04,0.4179
2025-08-01,3,L4,Nike,Pegasus 3D Knit Collar,89,68,7,13,0,11,SOLE_02,0.6887
2025-08-01,1,L5,Crocs,Classic Clog Strap Assembly,150,124,8,10,27,12,STITCH_05,0.7768
2025-08-01,2,L5,Crocs,Classic Clog Strap Assembly,151,116,4,16,0,8,STITCH_06,0.742
2025-08-01,3,L5,Crocs,Bayaband Slide Upper,92,67,6,11,62,9,SOLE_02,0.6728
2025-08-01,1,L6,Decathlon,Kalenji Trail Sole Unit,103,84,6,7,0,8,SHIMA_07,0.7636
2025-08-01,2,L6,Decathlon,Kalenji Trail Sole Unit,110,83,5,11,13,6,STITCH_07,0.715
2025-08-01,3,L6,Decathlon,Kiprun Carbon Plate,74,58,5,5,0,8,SHIMA_07,0.7237
2025-08-01,1,L7,Decathlon,Kiprun Carbon Plate,141,123,4,5,0,8,SHIMA_09,0.8454
2025-08-01,2,L7,Decathlon,Kiprun Carbon Plate,129,106,5,27,0,9,STITCH_07,0.7839
2025-08-01,3,L7,Crocs,LiteRide Insole Unit,85,42,1,159,0,7,SHIMA_09,0.4875
2025-08-01,1,L8,Nike,Pegasus 3D Knit Collar,130,87,2,27,52,5,SOLE_03,0.6573
2025-08-01,2,L8,Decathlon,Quechua Hiking Upper,125,81,4,21,82,6,SOLE_04,0.6212
2025-08-01,3,L8,Nike,Air Max Flyknit Upper,87,70,2,11,0,7,SOLE_04,0.7891
2025-08-04,1,L1,Nike,Dunk Low Textile Upper,166,84,3,198,0,5,SHIMA_01,0.4927
2025-08-04,2,L1,Nike,ZoomX Carbon Plate Insert,178,137,4,26,0,4,SHIMA_01,0.7522
2025-08-04,3,L1,Decathlon,Kiprun Carbon Plate,116,88,8,71,0,5,SHIMA_02,0.6945
2025-08-04,1,L2,Nike,Dunk Low Textile Upper,136,110,10,7,20,7,SHIMA_05,0.74
2025-08-04,2,L2,Nike,Vaporfly Engineered Mesh,142,116,12,16,0,7,SHIMA_06,0.7376
2025-08-04,3,L2,Nike,Air Max Flyknit Upper,95,69,5,69,0,4,SHIMA_04,0.6753
2025-08-04,1,L3,Nike,Vaporfly Engineered Mesh,160,145,9,3,0,11,SOLE_01,0.8528
2025-08-04,2,L3,Nike,Pegasus 3D Knit Collar,150,107,5,20,0,9,SOLE_01,0.6806
2025-08-04,3,L3,Decathlon,Kiprun Carbon Plate,90,65,1,29,48,11,STITCH_01,0.7112
2025-08-04,1,L4,Crocs,Classic Clog Strap Assembly,160,122,6,19,0,9,STITCH_04,0.727
2025-08-04,2,L4,Crocs,Classic Clog Strap Assembly,161,116,6,24,0,11,STITCH_04,0.6868
2025-08-04,3,L4,Crocs,LiteRide Insole Unit,118,96,6,12,0,10,STITCH_03,0.7692
2025-08-04,1,L5,Crocs,Bayaband Slide Upper,136,104,4,10,35,10,SOLE_02,0.739
2025-08-04,2,L5,Crocs,Bayaband Slide Upper,121,91,2,14,0,11,STITCH_06,0.7406
2025-08-04,3,L5,Nike,Air Max Flyknit Upper,89,66,2,24,0,10,SOLE_02,0.724
2025-08-04,1,L6,Decathlon,Kiprun Carbon Plate,131,92,4,26,0,9,SHIMA_07,0.6756
2025-08-04,2,L6,Decathlon,Quechua Hiking Upper,136,124,7,3,0,6,SHIMA_08,0.861
2025-08-04,3,L6,Decathlon,Kiprun Carbon Plate,83,58,3,23,42,7,SHIMA_08,0.6706
2025-08-04,1,L7,Decathlon,Kalenji Trail Sole Unit,107,93,3,6,0,8,SHIMA_09,0.8482
2025-08-04,2,L7,Decathlon,Quechua Hiking Upper,110,91,5,24,0,6,STITCH_08,0.782
2025-08-04,3,L7,Decathlon,Kalenji Trail Sole Unit,71,62,2,5,0,7,STITCH_07,0.8574
2025-08-04,1,L8,Decathlon,Quechua Hiking Upper,136,117,3,1,0,5,SOLE_04,0.8413
2025-08-04,2,L8,Crocs,Classic Clog Strap Assembly,142,119,6,29,0,7,SOLE_04,0.8012
2025-08-04,3,L8,Crocs,Classic Clog Strap Assembly,101,78,4,7,0,7,SOLE_04,0.7329
2025-08-05,1,L1,Nike,Pegasus 3D Knit Collar,153,108,9,1,26,7,SHIMA_03,0.653
2025-08-05,2,L1,Crocs,LiteRide Insole Unit,145,126,4,15,0,5,SHIMA_03,0.8444
2025-08-05,1,L2,Crocs,LiteRide Insole Unit,176,127,5,27,32,6,SHIMA_05,0.6933
2025-08-05,2,L2,Nike,Dunk Low Textile Upper,181,121,11,29,67,5,SHIMA_04,0.6108
2025-08-05,1,L3,Nike,ZoomX Carbon Plate Insert,150,110,7,73,0,10,STITCH_02,0.6897
2025-08-05,2,L3,Crocs,Bayaband Slide Upper,149,114,8,22,0,10,STITCH_01,0.7125
2025-08-05,1,L4,Crocs,Bayaband Slide Upper,129,106,7,19,0,9,SOLE_02,0.7729
2025-08-05,2,L4,Nike,ZoomX Carbon Plate Insert,135,115,8,2,0,9,STITCH_03,0.7959
2025-08-05,1,L5,Crocs,Bayaband Slide Upper,174,131,5,13,0,9,SOLE_02,0.7265
2025-08-05,2,L5,Crocs,Bayaband Slide Upper,158,126,9,6,0,12,STITCH_06,0.7434
2025-08-05,1,L6,Decathlon,Quechua Hiking Upper,148,115,4,11,0,8,STITCH_07,0.7513
2025-08-05,2,L6,Decathlon,Kalenji Trail Sole Unit,149,126,6,7,0,7,STITCH_07,0.8068
2025-08-05,1,L7,Decathlon,Quechua Hiking Upper,117,94,4,18,0,9,SHIMA_09,0.7704
2025-08-05,2,L7,Decathlon,Quechua Hiking Upper,116,78,2,16,49,6,STITCH_08,0.6594
2025-08-05,1,L8,Nike,Air Max Flyknit Upper,116,89,2,11,0,8,SOLE_04,0.7558
2025-08-05,2,L8,Crocs,LiteRide Insole Unit,110,91,2,9,28,6,SOLE_03,0.8165
2025-08-06,1,L1,Nike,Air Max Flyknit Upper,181,142,4,17,0,7,SHIMA_03,0.7664
2025-08-06,2,L1,Nike,Pegasus 3D Knit Collar,168,134,13,24,0,4,SHIMA_03,0.7251
2025-08-06,1,L2,Nike,ZoomX Carbon Plate Insert,183,79,5,129,81,6,SHIMA_04,0.4088
2025-08-06,2,L2,Nike,Air Max Flyknit Upper,167,108,11,20,81,5,SHIMA_04,0.5829
2025-08-06,1,L3,Crocs,LiteRide Insole Unit,124,93,3,28,40,11,SOLE_01,0.7301
2025-08-06,2,L3,Nike,ZoomX Carbon Plate Insert,121,90,8,16,0,8,SOLE_01,0.6838
2025-08-06,1,L4,Crocs,LiteRide Insole Unit,164,136,9,14,0,10,STITCH_04,0.7764
2025-08-06,2,L4,Nike,Air Max Flyknit Upper,176,144,5,4,0,12,STITCH_04,0.7931
2025-08-06,1,L5,Nike,Dunk Low Textile Upper,118,101,10,29,0,11,SOLE_02,0.7722
2025-08-06,2,L5,Crocs,Classic Clog Strap Assembly,117,70,2,93,0,12,STITCH_06,0.5825
2025-08-06,1,L6,Decathlon,Kiprun Carbon Plate,121,104,7,11,0,10,STITCH_07,0.8025
2025-08-06,2,L6,Decathlon,Kalenji Trail Sole Unit,129,108,7,12,0,8,SHIMA_07,0.7861
2025-08-06,1,L7,Decathlon,Kiprun Carbon Plate,102,72,2,27,0,9,STITCH_08,0.6929
2025-08-06,2,L7,Decathlon,Kiprun Carbon Plate,101,52,3,198,0,7,STITCH_08,0.4861
2025-08-06,1,L8,Nike,Vaporfly Engineered Mesh,141,117,5,18,0,6,SOLE_04,0.797
2025-08-06,2,L8,Nike,Vaporfly Engineered Mesh,138,121,11,10,0,7,SOLE_04,0.7978
2025-08-07,1,L1,Nike,Vaporfly Engineered Mesh,185,118,7,21,75,6,SHIMA_03,0.6036
2025-08-07,2,L1,Crocs,LiteRide Insole Unit,199,75,3,199,40,6,SHIMA_02,0.3642
2025-08-07,3,L1,Nike,ZoomX Carbon Plate Insert,120,86,3,22,0,6,SHIMA_01,0.6956
2025-08-07,1,L2,Nike,Dunk Low Textile Upper,135,100,5,15,0,7,SHIMA_06,0.7068
2025-08-07,2,L2,Nike,Vaporfly Engineered Mesh,133,111,10,17,0,6,SHIMA_04,0.7612
2025-08-07,3,L2,Decathlon,Kiprun Carbon Plate,99,65,4,70,0,5,SHIMA_06,0.6239
2025-08-07,1,L3,Nike,Pegasus 3D Knit Collar,131,113,4,28,0,10,STITCH_01,0.835
2025-08-07,2,L3,Nike,Vaporfly Engineered Mesh,146,99,4,8,43,11,STITCH_02,0.6514
2025-08-07,3,L3,Nike,Vaporfly Engineered Mesh,100,81,8,21,0,11,SOLE_01,0.7371
2025-08-07,1,L4,Crocs,LiteRide Insole Unit,140,121,3,14,0,10,STITCH_03,0.8478
2025-08-07,2,L4,Crocs,LiteRide Insole Unit,141,100,4,20,0,11,STITCH_03,0.6842
2025-08-07,3,L4,Crocs,LiteRide Insole Unit,84,72,2,22,0,9,STITCH_04,0.8369
2025-08-07,1,L5,Crocs,Bayaband Slide Upper,131,113,2,6,0,8,STITCH_05,0.8496
2025-08-07,2,L5,Crocs,LiteRide Insole Unit,144,123,4,21,0,12,STITCH_05,0.8267
2025-08-07,3,L5,Crocs,Bayaband Slide Upper,75,57,2,17,0,8,STITCH_06,0.7392
2025-08-07,1,L6,Decathlon,Kalenji Trail Sole Unit,137,115,8,16,0,6,STITCH_07,0.782
2025-08-07,2,L6,Decathlon,Quechua Hiking Upper,132,99,5,15,0,6,SHIMA_08,0.7145
2025-08-07,3,L6,Decathlon,Quechua Hiking Upper,86,74,4,12,0,9,SHIMA_07,0.822
2025-08-07,1,L7,Decathlon,Quechua Hiking Upper,134,86,6,19,75,8,STITCH_08,0.5976
2025-08-07,2,L7,Decathlon,Kiprun Carbon Plate,132,92,5,32,0,8,SHIMA_09,0.6622
2025-08-07,3,L7,Decathlon,Kalenji Trail Sole Unit,85,70,5,14,18,7,SHIMA_09,0.7717
2025-08-07,1,L8,Decathlon,Quechua Hiking Upper,117,51,2,222,0,8,SOLE_04,0.4241
2025-08-07,2,L8,Nike,ZoomX Carbon Plate Insert,125,81,3,23,65,8,SOLE_03,0.6298
2025-08-07,3,L8,Nike,Air Max Flyknit Upper,74,56,4,21,0,8,SOLE_04,0.7122
2025-08-08,1,L1,Nike,Dunk Low Textile Upper,139,105,3,1,0,4,SHIMA_01,0.7339
2025-08-08,2,L1,Crocs,Classic Clog Strap Assembly,141,102,8,8,65,5,SHIMA_02,0.667
2025-08-08,3,L1,Nike,Dunk Low Textile Upper,88,60,2,1,85,6,SHIMA_03,0.6676
2025-08-08,1,L2,Nike,Dunk Low Textile Upper,145,124,7,8,0,4,SHIMA_04,0.8101
2025-08-08,2,L2,Nike,ZoomX Carbon Plate Insert,150,72,5,162,24,4,SHIMA_04,0.4502
2025-08-08,3,L2,Decathlon,Kiprun Carbon Plate,95,66,3,26,46,4,SHIMA_04,0.6659
2025-08-08,1,L3,Nike,Dunk Low Textile Upper,139,120,5,22,0,12,STITCH_01,0.8333
2025-08-08,2,L3,Nike,Vaporfly Engineered Mesh,129,91,7,24,0,8,STITCH_01,0.6519
2025-08-08,3,L3,Nike,Vaporfly Engineered Mesh,85,67,7,10,0,10,STITCH_02,0.7138
2025-08-08,1,L4,Crocs,Classic Clog Strap Assembly,135,121,3,2,0,9,SOLE_02,0.8742
2025-08-08,2,L4,Decathlon,Kiprun Carbon Plate,125,93,6,3,55,12,SOLE_02,0.6995
2025-08-08,3,L4,Crocs,LiteRide Insole Unit,95,63,6,92,0,9,SOLE_02,0.6001
2025-08-08,1,L5,Crocs,Bayaband Slide Upper,155,119,8,6,28,8,STITCH_06,0.7214
2025-08-08,2,L5,Decathlon,Kalenji Trail Sole Unit,150,113,8,0,0,8,STITCH_05,0.7051
2025-08-08,3,L5,Crocs,Bayaband Slide Upper,109,81,3,24,0,10,STITCH_05,0.7214
2025-08-08,1,L6,Decathlon,Kiprun Carbon Plate,122,100,7,23,16,9,SHIMA_07,0.7645
2025-08-08,2,L6,Decathlon,Kalenji Trail Sole Unit,131,85,5,12,86,8,SHIMA_08,0.6152
2025-08-08,3,L6,Decathlon,Kiprun Carbon Plate,86,36,2,236,0,9,SHIMA_07,0.3978
2025-08-08,1,L7,Nike,Vaporfly Engineered Mesh,124,66,6,104,34,7,SHIMA_09,0.4893
2025-08-08,2,L7,Decathlon,Kalenji Trail Sole Unit,132,109,7,9,0,9,STITCH_07,0.7753
2025-08-08,3,L7,Crocs,Classic Clog Strap Assembly,67,60,5,5,0,8,STITCH_07,0.8321
2025-08-08,1,L8,Crocs,Bayaband Slide Upper,101,81,3,7,0,8,SOLE_03,0.7757
2025-08-08,2,L8,Nike,Air Max Flyknit Upper,113,96,9,28,0,5,SOLE_03,0.7735
2025-08-08,3,L8,Decathlon,Kiprun Carbon Plate,74,66,3,1,0,5,SOLE_04,0.8636
2025-08-11,1,L1,Nike,Dunk Low Textile Upper,161,123,8,1,0,6,SHIMA_03,0.7183
2025-08-11,2,L1,Nike,Vaporfly Engineered Mesh,161,82,4,152,0,5,SHIMA_01,0.4903
2025-08-11,3,L1,Nike,Vaporfly Engineered Mesh,84,71,8,16,0,4,SHIMA_01,0.7578
2025-08-11,1,L2,Nike,Dunk Low Textile Upper,147,105,6,18,0,4,SHIMA_04,0.6745
2025-08-11,2,L2,Nike,ZoomX Carbon Plate Insert,154,110,7,13,40,5,SHIMA_04,0.6717
2025-08-11,3,L2,Nike,Pegasus 3D Knit Collar,113,80,10,17,10,7,SHIMA_05,0.6208
2025-08-11,1,L3,Nike,Dunk Low Textile Upper,139,102,9,8,0,12,STITCH_02,0.672
2025-08-11,2,L3,Nike,Dunk Low Textile Upper,146,117,11,13,0,10,STITCH_01,0.7278
2025-08-11,3,L3,Nike,Vaporfly Engineered Mesh,82,70,4,5,0,12,STITCH_01,0.8146
2025-08-11,1,L4,Crocs,Bayaband Slide Upper,152,122,3,0,0,10,STITCH_04,0.7861
2025-08-11,2,L4,Crocs,Classic Clog Strap Assembly,158,86,4,179,0,12,STITCH_03,0.522
2025-08-11,3,L4,Crocs,LiteRide Insole Unit,115,86,2,23,0,8,STITCH_04,0.7351
2025-08-11,1,L5,Crocs,LiteRide Insole Unit,135,95,3,26,0,8,SOLE_02,0.6849
2025-08-11,2,L5,Crocs,Bayaband Slide Upper,145,108,8,2,75,10,SOLE_02,0.6908
2025-08-11,3,L5,Crocs,LiteRide Insole Unit,90,67,5,5,0,8,STITCH_06,0.6936
2025-08-11,1,L6,Crocs,Bayaband Slide Upper,100,81,2,21,0,9,SHIMA_08,0.7953
2025-08-11,2,L6,Decathlon,Kalenji Trail Sole Unit,113,54,4,221,0,8,STITCH_07,0.4472
2025-08-11,3,L6,Crocs,Classic Clog Strap Assembly,78,68,6,14,0,7,STITCH_07,0.8027
2025-08-11,1,L7,Decathlon,Quechua Hiking Upper,104,67,2,124,0,9,STITCH_08,0.6308
2025-08-11,2,L7,Nike,ZoomX Carbon Plate Insert,107,93,6,0,0,7,STITCH_07,0.8159
2025-08-11,3,L7,Decathlon,Quechua Hiking Upper,66,53,4,8,0,10,SHIMA_09,0.7491
2025-08-11,1,L8,Nike,Vaporfly Engineered Mesh,100,71,7,27,30,5,SOLE_04,0.6423
2025-08-11,2,L8,Crocs,LiteRide Insole Unit,111,70,4,16,61,5,SOLE_04,0.5991
2025-08-11,3,L8,Crocs,Classic Clog Strap Assembly,81,73,6,7,0,8,SOLE_03,0.8309
2025-08-12,1,L1,Decathlon,Quechua Hiking Upper,183,146,10,14,48,7,SHIMA_02,0.7434
2025-08-12,2,L1,Nike,Air Max Flyknit Upper,183,134,3,28,0,5,SHIMA_01,0.7193
2025-08-12,3,L1,Crocs,LiteRide Insole Unit,120,79,4,20,83,7,SHIMA_02,0.6302
2025-08-12,1,L2,Nike,Air Max Flyknit Upper,138,110,9,8,0,7,SHIMA_04,0.7367
2025-08-12,2,L2,Nike,Pegasus 3D Knit Collar,142,106,9,14,25,5,SHIMA_06,0.6894
2025-08-12,3,L2,Nike,Vaporfly Engineered Mesh,79,55,6,22,42,6,SHIMA_05,0.6312
2025-08-12,1,L3,Nike,Pegasus 3D Knit Collar,141,105,3,9,0,12,STITCH_02,0.7244
2025-08-12,2,L3,Nike,Air Max Flyknit Upper,139,118,3,16,0,10,SOLE_01,0.8291
2025-08-12,3,L3,Crocs,Bayaband Slide Upper,101,73,5,22,0,12,STITCH_02,0.681
2025-08-12,1,L4,Crocs,LiteRide Insole Unit,152,123,9,13,0,11,SOLE_02,0.7549
2025-08-12,2,L4,Crocs,Classic Clog Strap Assembly,146,110,5,17,12,9,SOLE_02,0.7213
2025-08-12,3,L4,Crocs,LiteRide Insole Unit,108,83,8,1,0,10,STITCH_03,0.7009
2025-08-12,1,L5,Crocs,Bayaband Slide Upper,144,117,2,41,0,8,SOLE_02,0.8
2025-08-12,2,L5,Crocs,Bayaband Slide Upper,138,122,3,10,0,8,STITCH_06,0.8624
2025-08-12,3,L5,Crocs,Classic Clog Strap Assembly,84,62,6,18,0,12,STITCH_05,0.6737
2025-08-12,1,L6,Decathlon,Quechua Hiking Upper,111,85,4,28,0,7,SHIMA_08,0.7377
2025-08-12,2,L6,Decathlon,Quechua Hiking Upper,105,75,4,18,44,7,STITCH_07,0.6849
2025-08-12,3,L6,Decathlon,Kiprun Carbon Plate,70,57,5,5,0,7,STITCH_07,0.7448
2025-08-12,1,L7,Decathlon,Kalenji Trail Sole Unit,148,113,6,3,0,6,STITCH_08,0.7236
2025-08-12,2,L7,Decathlon,Quechua Hiking Upper,148,122,5,28,0,6,STITCH_08,0.7967
2025-08-12,3,L7,Decathlon,Quechua Hiking Upper,101,79,4,3,0,6,SHIMA_09,0.7463
2025-08-12,1,L8,Decathlon,Kiprun Carbon Plate,133,68,5,128,48,6,SOLE_03,0.479
2025-08-12,2,L8,Decathlon,Kiprun Carbon Plate,136,97,4,22,0,6,SOLE_04,0.6851
2025-08-12,3,L8,Nike,ZoomX Carbon Plate Insert,98,74,5,7,0,8,SOLE_03,0.71
2025-08-13,1,L1,Nike,Dunk Low Textile Upper,167,130,5,17,0,5,SHIMA_02,0.7533
2025-08-13,2,L1,Nike,Air Max Flyknit Upper,164,128,8,6,0,4,SHIMA_03,0.735
2025-08-13,1,L2,Nike,Vaporfly Engineered Mesh,145,111,3,0,0,5,SHIMA_04,0.7495
2025-08-13,2,L2,Nike,Dunk Low Textile Upper,134,109,3,23,0,5,SHIMA_05,0.7957
2025-08-13,1,L3,Nike,Vaporfly Engineered Mesh,153,127,8,21,0,12,SOLE_01,0.7808
2025-08-13,2,L3,Crocs,LiteRide Insole Unit,157,124,4,22,0,8,SOLE_01,0.7676
2025-08-13,1,L4,Crocs,Bayaband Slide Upper,128,104,3,16,0,10,STITCH_04,0.7961
2025-08-13,2,L4,Crocs,Bayaband Slide Upper,126,75,3,27,69,12,STITCH_03,0.5756
2025-08-13,1,L5,Crocs,Bayaband Slide Upper,162,103,4,10,64,9,STITCH_06,0.6154
2025-08-13,2,L5,Crocs,Bayaband Slide Upper,167,132,2,18,38,11,STITCH_05,0.7817
2025-08-13,1,L6,Decathlon,Quechua Hiking Upper,134,94,6,0,63,9,SHIMA_08,0.6618
2025-08-13,2,L6,Decathlon,Kiprun Carbon Plate,126,114,3,8,0,10,SHIMA_08,0.882
2025-08-13,1,L7,Decathlon,Quechua Hiking Upper,117,83,3,19,21,6,STITCH_08,0.6888
2025-08-13,2,L7,Decathlon,Kiprun Carbon Plate,118,100,6,0,0,7,STITCH_07,0.7993
2025-08-13,1,L8,Crocs,Classic Clog Strap Assembly,139,102,2,17,0,6,SOLE_04,0.7231
2025-08-13,2,L8,Nike,Pegasus 3D Knit Collar,136,114,7,15,0,6,SOLE_04,0.788
2025-08-14,1,L1,Nike,Vaporfly Engineered Mesh,198,167,11,18,0,5,SHIMA_03,0.7887
2025-08-14,2,L1,Crocs,Bayaband Slide Upper,178,118,7,0,61,6,SHIMA_01,0.6252
2025-08-14,1,L2,Nike,Air Max Flyknit Upper,182,134,4,21,0,4,SHIMA_05,0.7179
2025-08-14,2,L2,Nike,ZoomX Carbon Plate Insert,186,144,13,1,0,4,SHIMA_06,0.7044
2025-08-14,1,L3,Nike,Dunk Low Textile Upper,136,111,8,20,0,11,STITCH_01,0.7585
2025-08-14,2,L3,Crocs,Classic Clog Strap Assembly,142,102,3,6,40,8,STITCH_02,0.7004
2025-08-14,1,L4,Crocs,LiteRide Insole Unit,131,94,5,87,0,8,SOLE_02,0.6805
2025-08-14,2,L4,Crocs,Classic Clog Strap Assembly,145,115,5,4,0,10,STITCH_04,0.7643
2025-08-14,1,L5,Nike,ZoomX Carbon Plate Insert,156,103,4,70,0,10,STITCH_05,0.6393
2025-08-14,2,L5,Crocs,Classic Clog Strap Assembly,176,130,4,21,16,12,STITCH_05,0.7205
2025-08-14,1,L6,Decathlon,Kiprun Carbon Plate,145,116,7,2,0,6,SHIMA_07,0.7571
2025-08-14,2,L6,Decathlon,Kalenji Trail Sole Unit,132,102,2,23,36,8,SHIMA_07,0.7612
2025-08-14,1,L7,Decathlon,Kiprun Carbon Plate,130,105,5,25,0,7,STITCH_08,0.7699
2025-08-14,2,L7,Crocs,Bayaband Slide Upper,120,88,6,8,0,8,STITCH_08,0.6908
2025-08-14,1,L8,Crocs,Bayaband Slide Upper,111,65,3,120,0,8,SOLE_04,0.5665
2025-08-14,2,L8,Nike,Air Max Flyknit Upper,108,67,6,7,86,5,SOLE_04,0.5724
2025-08-15,1,L1,Nike,Pegasus 3D Knit Collar,165,138,13,22,0,6,SHIMA_02,0.7606
2025-08-15,2,L1,Nike,Pegasus 3D Knit Collar,171,131,9,6,0,4,SHIMA_03,0.718
2025-08-15,3,L1,Nike,ZoomX Carbon Plate Insert,102,88,11,20,0,6,SHIMA_02,0.7592
2025-08-15,1,L2,Nike,Dunk Low Textile Upper,172,77,4,188,34,4,SHIMA_04,0.4252
2025-08-15,2,L2,Nike,Dunk Low Textile Upper,172,128,4,27,0,6,SHIMA_06,0.7263
2025-08-15,3,L2,Nike,Vaporfly Engineered Mesh,117,73,8,28,81,5,SHIMA_05,0.559
2025-08-15,1,L3,Nike,Dunk Low Textile Upper,142,122,9,0,0,10,SOLE_01,0.8004
2025-08-15,2,L3,Nike,Dunk Low Textile Upper,157,133,8,7,0,12,STITCH_01,0.8002
2025-08-15,3,L3,Crocs,Classic Clog Strap Assembly,109,95,8,5,12,10,STITCH_02,0.7991
2025-08-15,1,L4,Crocs,LiteRide Insole Unit,144,116,7,3,0,11,SOLE_02,0.7581
2025-08-15,2,L4,Decathlon,Kalenji Trail Sole Unit,134,101,5,3,0,8,STITCH_04,0.7231
2025-08-15,3,L4,Crocs,Classic Clog Strap Assembly,79,70,6,0,0,8,STITCH_04,0.813
2025-08-15,1,L5,Crocs,LiteRide Insole Unit,154,123,7,0,0,12,STITCH_05,0.7582
2025-08-15,2,L5,Crocs,Bayaband Slide Upper,161,123,4,2,61,9,SOLE_02,0.7396
2025-08-15,3,L5,Crocs,Bayaband Slide Upper,94,75,3,8,0,11,STITCH_05,0.7693
2025-08-15,1,L6,Decathlon,Kalenji Trail Sole Unit,142,115,4,25,0,9,SHIMA_07,0.7828
2025-08-15,2,L6,Decathlon,Quechua Hiking Upper,135,118,7,2,0,10,STITCH_07,0.8245
2025-08-15,3,L6,Decathlon,Quechua Hiking Upper,96,61,3,26,59,6,SHIMA_08,0.6047
2025-08-15,1,L7,Decathlon,Kalenji Trail Sole Unit,104,75,4,17,0,10,SHIMA_09,0.684
2025-08-15,2,L7,Decathlon,Kiprun Carbon Plate,120,106,6,8,0,9,STITCH_08,0.8388
2025-08-15,3,L7,Decathlon,Quechua Hiking Upper,66,48,2,29,0,6,SHIMA_09,0.7111
2025-08-15,1,L8,Nike,ZoomX Carbon Plate Insert,152,108,4,79,0,5,SOLE_03,0.6861
2025-08-15,2,L8,Crocs,LiteRide Insole Unit,152,115,7,13,0,7,SOLE_04,0.7153
2025-08-15,3,L8,Nike,Vaporfly Engineered Mesh,88,75,4,4,0,5,SOLE_03,0.8158
2025-08-18,1,L1,Crocs,LiteRide Insole Unit,157,109,5,76,0,7,SHIMA_02,0.6657
2025-08-18,2,L1,Nike,Pegasus 3D Knit Collar,156,133,15,2,0,6,SHIMA_03,0.7594
2025-08-18,3,L1,Nike,Dunk Low Textile Upper,117,95,9,19,0,6,SHIMA_03,0.7416
2025-08-18,1,L2,Nike,Dunk Low Textile Upper,187,157,10,26,0,7,SHIMA_04,0.7909
2025-08-18,2,L2,Nike,ZoomX Carbon Plate Insert,184,129,6,13,51,7,SHIMA_05,0.6709
2025-08-18,3,L2,Nike,Vaporfly Engineered Mesh,108,79,11,12,0,7,SHIMA_04,0.6321
2025-08-18,1,L3,Nike,Dunk Low Textile Upper,150,121,9,7,0,10,STITCH_01,0.7473
2025-08-18,2,L3,Nike,Vaporfly Engineered Mesh,157,122,6,17,55,9,STITCH_02,0.7402
2025-08-18,3,L3,Nike,Air Max Flyknit Upper,104,77,9,21,0,12,STITCH_02,0.6611
2025-08-18,1,L4,Crocs,LiteRide Insole Unit,135,107,5,18,43,12,STITCH_03,0.7582
2025-08-18,2,L4,Decathlon,Quechua Hiking Upper,140,52,2,226,13,9,STITCH_03,0.3636
2025-08-18,3,L4,Crocs,LiteRide Insole Unit,106,75,3,22,27,12,STITCH_03,0.6805
2025-08-18,1,L5,Crocs,LiteRide Insole Unit,160,137,2,6,0,11,SOLE_02,0.8479
2025-08-18,2,L5,Crocs,LiteRide Insole Unit,164,122,3,7,76,10,SOLE_02,0.7305
2025-08-18,3,L5,Decathlon,Quechua Hiking Upper,124,89,6,22,0,8,STITCH_06,0.6765
2025-08-18,1,L6,Decathlon,Kiprun Carbon Plate,128,110,3,20,0,9,SHIMA_07,0.8429
2025-08-18,2,L6,Nike,Dunk Low Textile Upper,128,86,7,9,59,6,STITCH_07,0.6179
2025-08-18,3,L6,Decathlon,Kalenji Trail Sole Unit,83,71,3,2,0,8,STITCH_07,0.8206
2025-08-18,1,L7,Crocs,Classic Clog Strap Assembly,100,84,1,17,0,9,STITCH_07,0.8368
2025-08-18,2,L7,Nike,Pegasus 3D Knit Collar,106,89,5,5,0,9,STITCH_08,0.7938
2025-08-18,3,L7,Decathlon,Quechua Hiking Upper,62,31,2,172,0,8,STITCH_08,0.4819
2025-08-18,1,L8,Crocs,Classic Clog Strap Assembly,136,93,2,68,0,7,SOLE_03,0.6755
2025-08-18,2,L8,Crocs,Bayaband Slide Upper,131,89,6,68,0,5,SOLE_04,0.6348
2025-08-18,3,L8,Crocs,LiteRide Insole Unit,92,38,3,218,0,6,SOLE_04,0.3836
2025-08-19,1,L1,Nike,Vaporfly Engineered Mesh,193,123,7,96,0,5,SHIMA_02,0.6057
2025-08-19,2,L1,Decathlon,Quechua Hiking Upper,186,138,5,10,0,7,SHIMA_03,0.7165
2025-08-19,3,L1,Nike,Air Max Flyknit Upper,111,84,9,3,0,4,SHIMA_02,0.6784
2025-08-19,1,L2,Nike,Dunk Low Textile Upper,149,119,5,15,0,7,SHIMA_04,0.7652
2025-08-19,2,L2,Nike,ZoomX Carbon Plate Insert,141,122,12,7,0,4,SHIMA_05,0.7848
2025-08-19,3,L2,Decathlon,Quechua Hiking Upper,85,69,5,1,0,5,SHIMA_06,0.7591
2025-08-19,1,L3,Nike,Pegasus 3D Knit Collar,153,126,8,11,21,10,STITCH_02,0.7749
2025-08-19,2,L3,Nike,ZoomX Carbon Plate Insert,145,113,5,28,0,10,STITCH_01,0.7458
2025-08-19,3,L3,Nike,ZoomX Carbon Plate Insert,84,62,5,4,0,11,STITCH_01,0.6817
2025-08-19,1,L4,Crocs,Bayaband Slide Upper,164,108,6,16,40,12,SOLE_02,0.624
2025-08-19,2,L4,Crocs,LiteRide Insole Unit,160,131,6,5,0,11,STITCH_03,0.7815
2025-08-19,3,L4,Crocs,Bayaband Slide Upper,113,89,5,22,33,8,SOLE_02,0.75
2025-08-19,1,L5,Crocs,LiteRide Insole Unit,154,93,3,61,89,9,SOLE_02,0.5861
2025-08-19,2,L5,Crocs,Bayaband Slide Upper,172,122,6,8,65,10,STITCH_05,0.6774
2025-08-19,3,L5,Crocs,Classic Clog Strap Assembly,88,73,3,17,21,10,SOLE_02,0.8037
2025-08-19,1,L6,Decathlon,Kiprun Carbon Plate,132,94,6,12,79,9,STITCH_07,0.6689
2025-08-19,2,L6,Crocs,Bayaband Slide Upper,119,82,2,17,31,10,SHIMA_08,0.6791
2025-08-19,3,L6,Decathlon,Kiprun Carbon Plate,87,77,2,13,0,8,SHIMA_07,0.8694
2025-08-19,1,L7,Decathlon,Kalenji Trail Sole Unit,130,86,2,103,0,8,STITCH_07,0.6478
2025-08-19,2,L7,Nike,Pegasus 3D Knit Collar,123,77,5,10,83,8,STITCH_08,0.5919
2025-08-19,3,L7,Decathlon,Kiprun Carbon Plate,77,69,4,0,0,7,STITCH_07,0.845
2025-08-19,1,L8,Nike,Dunk Low Textile Upper,151,108,9,19,0,5,SOLE_04,0.6597
2025-08-19,2,L8,Nike,Air Max Flyknit Upper,148,41,2,229,75,8,SOLE_03,0.2698
2025-08-19,3,L8,Decathlon,Kiprun Carbon Plate,89,72,5,9,0,7,SOLE_03,0.7621
2025-08-20,1,L1,Nike,Air Max Flyknit Upper,176,153,7,6,0,4,SHIMA_02,0.8331
2025-08-20,2,L1,Nike,Air Max Flyknit Upper,192,153,11,8,0,7,SHIMA_03,0.7433
2025-08-20,3,L1,Crocs,LiteRide Insole Unit,134,112,4,0,0,5,SHIMA_03,0.8112
2025-08-20,1,L2,Nike,Vaporfly Engineered Mesh,179,134,11,4,0,5,SHIMA_06,0.6874
2025-08-20,2,L2,Nike,Vaporfly Engineered Mesh,165,141,13,29,0,4,SHIMA_04,0.7811
2025-08-20,3,L2,Nike,Dunk Low Textile Upper,126,85,4,115,0,7,SHIMA_04,0.6452
2025-08-20,1,L3,Nike,Dunk Low Textile Upper,136,85,4,112,0,10,STITCH_01,0.5988
2025-08-20,2,L3,Nike,Air Max Flyknit Upper,137,101,8,24,0,9,SOLE_01,0.6799
2025-08-20,3,L3,Decathlon,Quechua Hiking Upper,95,64,4,14,68,8,SOLE_01,0.6335
2025-08-20,1,L4,Crocs,Classic Clog Strap Assembly,163,119,8,9,0,9,SOLE_02,0.6855
2025-08-20,2,L4,Crocs,Classic Clog Strap Assembly,159,123,2,8,0,12,STITCH_03,0.7641
2025-08-20,3,L4,Crocs,LiteRide Insole Unit,122,94,9,19,25,10,STITCH_04,0.7036
2025-08-20,1,L5,Crocs,LiteRide Insole Unit,157,102,4,7,60,12,SOLE_02,0.6286
2025-08-20,2,L5,Crocs,LiteRide Insole Unit,142,111,7,7,0,10,STITCH_05,0.7364
2025-08-20,3,L5,Crocs,Bayaband Slide Upper,84,70,6,22,0,10,SOLE_02,0.7645
2025-08-20,1,L6,Decathlon,Kalenji Trail Sole Unit,117,104,4,7,0,8,STITCH_07,0.8599
2025-08-20,2,L6,Decathlon,Kiprun Carbon Plate,125,63,2,181,0,9,SHIMA_07,0.4885
2025-08-20,3,L6,Decathlon,Kiprun Carbon Plate,83,62,6,24,33,10,STITCH_07,0.6773
2025-08-20,1,L7,Decathlon,Kiprun Carbon Plate,152,110,7,11,87,10,STITCH_07,0.6833
2025-08-20,2,L7,Decathlon,Kiprun Carbon Plate,147,118,9,21,18,7,SHIMA_09,0.7478
2025-08-20,3,L7,Decathlon,Kiprun Carbon Plate,106,75,6,28,0,6,SHIMA_09,0.6565
2025-08-20,1,L8,Crocs,Bayaband Slide Upper,140,112,3,37,0,7,SOLE_04,0.7802
2025-08-20,2,L8,Nike,Pegasus 3D Knit Collar,139,117,3,4,0,5,SOLE_04,0.8217
2025-08-20,3,L8,Nike,Vaporfly Engineered Mesh,81,59,2,28,0,7,SOLE_03,0.7119
2025-08-21,1,L1,Nike,Vaporfly Engineered Mesh,191,133,10,4,64,7,SHIMA_02,0.6453
2025-08-21,2,L1,Decathlon,Kiprun Carbon Plate,172,121,2,17,30,4,SHIMA_01,0.6945
2025-08-21,3,L1,Decathlon,Quechua Hiking Upper,111,78,5,31,0,7,SHIMA_03,0.6595
2025-08-21,1,L2,Nike,ZoomX Carbon Plate Insert,163,126,7,29,45,7,SHIMA_04,0.7351
2025-08-21,2,L2,Crocs,LiteRide Insole Unit,167,77,3,209,0,7,SHIMA_04,0.444
2025-08-21,3,L2,Nike,Air Max Flyknit Upper,95,64,8,93,0,6,SHIMA_06,0.5914
2025-08-21,1,L3,Crocs,Bayaband Slide Upper,123,71,2,159,0,9,STITCH_02,0.5628
2025-08-21,2,L3,Nike,Air Max Flyknit Upper,125,107,5,25,0,10,SOLE_01,0.8172
2025-08-21,3,L3,Nike,Vaporfly Engineered Mesh,70,56,4,19,0,12,STITCH_01,0.7527
2025-08-21,1,L4,Nike,Air Max Flyknit Upper,149,112,5,0,0,10,SOLE_02,0.7198
2025-08-21,2,L4,Crocs,Classic Clog Strap Assembly,159,86,3,119,70,12,SOLE_02,0.5273
2025-08-21,3,L4,Crocs,Classic Clog Strap Assembly,92,69,5,11,0,10,SOLE_02,0.7013
2025-08-21,1,L5,Crocs,LiteRide Insole Unit,154,120,7,15,0,12,SOLE_02,0.7369
2025-08-21,2,L5,Nike,Dunk Low Textile Upper,171,126,4,13,0,10,STITCH_05,0.7147
2025-08-21,3,L5,Crocs,Bayaband Slide Upper,111,93,2,18,0,10,STITCH_06,0.826
2025-08-21,1,L6,Decathlon,Kalenji Trail Sole Unit,127,110,7,19,0,7,SHIMA_08,0.8141
2025-08-21,2,L6,Crocs,Classic Clog Strap Assembly,115,84,5,19,74,9,SHIMA_07,0.692
2025-08-21,3,L6,Decathlon,Kalenji Trail Sole Unit,80,62,2,52,0,9,SHIMA_08,0.7511
2025-08-21,1,L7,Decathlon,Quechua Hiking Upper,108,80,4,19,0,7,STITCH_07,0.7064
2025-08-21,2,L7,Crocs,Classic Clog Strap Assembly,119,97,6,17,0,8,STITCH_07,0.766
2025-08-21,3,L7,Decathlon,Quechua Hiking Upper,87,26,1,216,78,8,STITCH_07,0.2958
2025-08-21,1,L8,Nike,Vaporfly Engineered Mesh,113,84,7,0,0,6,SOLE_03,0.6881
2025-08-21,2,L8,Decathlon,Kiprun Carbon Plate,114,88,5,20,0,6,SOLE_03,0.7323
2025-08-21,3,L8,Crocs,LiteRide Insole Unit,66,40,1,16,74,8,SOLE_03,0.5985
2025-08-22,1,L1,Nike,Dunk Low Textile Upper,171,108,6,22,84,4,SHIMA_03,0.5991
2025-08-22,2,L1,Nike,Dunk Low Textile Upper,159,120,10,23,0,4,SHIMA_01,0.6954
2025-08-22,1,L2,Nike,Dunk Low Textile Upper,182,158,4,14,0,5,SHIMA_06,0.8506
2025-08-22,2,L2,Nike,Pegasus 3D Knit Collar,191,143,14,20,29,4,SHIMA_04,0.6763
2025-08-22,1,L3,Nike,ZoomX Carbon Plate Insert,150,108,9,21,72,9,SOLE_01,0.6604
2025-08-22,2,L3,Nike,Dunk Low Textile Upper,151,134,12,1,0,11,STITCH_01,0.8096
2025-08-22,1,L4,Crocs,Bayaband Slide Upper,174,127,7,15,59,8,STITCH_03,0.692
2025-08-22,2,L4,Crocs,Bayaband Slide Upper,167,98,7,143,0,9,SOLE_02,0.5498
2025-08-22,1,L5,Crocs,Classic Clog Strap Assembly,128,111,2,17,0,10,STITCH_05,0.8554
2025-08-22,2,L5,Crocs,LiteRide Insole Unit,119,82,3,21,59,12,STITCH_06,0.6701
2025-08-22,1,L6,Nike,Air Max Flyknit Upper,124,75,8,12,87,9,STITCH_07,0.5407
2025-08-22,2,L6,Decathlon,Kiprun Carbon Plate,130,107,8,17,0,8,SHIMA_08,0.7671
2025-08-22,1,L7,Nike,Pegasus 3D Knit Collar,129,76,6,100,0,6,STITCH_07,0.5479
2025-08-22,2,L7,Decathlon,Kalenji Trail Sole Unit,123,84,5,3,73,8,SHIMA_09,0.6493
2025-08-22,1,L8,Nike,Dunk Low Textile Upper,147,109,7,11,0,8,SOLE_03,0.6987
2025-08-22,2,L8,Nike,Dunk Low Textile Upper,162,105,8,22,60,8,SOLE_04,0.5995
2025-08-25,1,L1,Nike,Vaporfly Engineered Mesh,180,72,4,203,51,7,SHIMA_03,0.3784
2025-08-25,2,L1,Nike,Air Max Flyknit Upper,189,155,4,4,0,7,SHIMA_03,0.8014
2025-08-25,3,L1,Decathlon,Kiprun Carbon Plate,116,85,4,9,31,7,SHIMA_02,0.7043
2025-08-25,1,L2,Nike,ZoomX Carbon Plate Insert,156,54,2,227,39,5,SHIMA_06,0.3345
2025-08-25,2,L2,Nike,Pegasus 3D Knit Collar,163,119,9,15,0,7,SHIMA_05,0.6778
2025-08-25,3,L2,Nike,Pegasus 3D Knit Collar,111,88,9,21,0,7,SHIMA_06,0.716
2025-08-25,1,L3,Nike,ZoomX Carbon Plate Insert,150,113,10,8,0,9,STITCH_02,0.689
2025-08-25,2,L3,Nike,Air Max Flyknit Upper,148,115,12,18,19,12,SOLE_01,0.7018
2025-08-25,3,L3,Nike,Pegasus 3D Knit Collar,114,82,6,23,0,8,STITCH_02,0.671
2025-08-25,1,L4,Crocs,LiteRide Insole Unit,126,101,7,11,0,9,STITCH_04,0.7527
2025-08-25,2,L4,Crocs,Bayaband Slide Upper,134,94,6,0,64,8,STITCH_04,0.6576
2025-08-25,3,L4,Crocs,Classic Clog Strap Assembly,95,74,6,12,0,12,SOLE_02,0.7186
2025-08-25,1,L5,Crocs,LiteRide Insole Unit,133,111,2,37,0,11,STITCH_06,0.826
2025-08-25,2,L5,Crocs,LiteRide Insole Unit,146,98,7,22,31,10,STITCH_06,0.6287
2025-08-25,3,L5,Crocs,Bayaband Slide Upper,94,80,4,13,0,9,STITCH_06,0.8131
2025-08-25,1,L6,Nike,Vaporfly Engineered Mesh,129,110,9,13,0,10,SHIMA_07,0.7831
2025-08-25,2,L6,Decathlon,Quechua Hiking Upper,127,76,3,71,77,8,STITCH_07,0.5749
2025-08-25,3,L6,Decathlon,Quechua Hiking Upper,80,36,3,176,38,6,SHIMA_08,0.4225
2025-08-25,1,L7,Crocs,Bayaband Slide Upper,95,39,2,224,0,6,STITCH_08,0.3922
2025-08-25,2,L7,Nike,ZoomX Carbon Plate Insert,106,89,3,28,0,7,SHIMA_09,0.8122
2025-08-25,3,L7,Decathlon,Quechua Hiking Upper,70,50,4,20,66,10,SHIMA_09,0.6626
2025-08-25,1,L8,Nike,ZoomX Carbon Plate Insert,152,108,3,22,0,5,SOLE_03,0.6951
2025-08-25,2,L8,Nike,Vaporfly Engineered Mesh,130,85,5,69,0,5,SOLE_03,0.62
2025-08-25,3,L8,Crocs,Classic Clog Strap Assembly,79,69,2,25,0,5,SOLE_04,0.8496
2025-08-26,1,L1,Nike,Dunk Low Textile Upper,140,102,6,3,12,5,SHIMA_02,0.6866
2025-08-26,2,L1,Nike,Pegasus 3D Knit Collar,139,112,9,9,0,7,SHIMA_02,0.7433
2025-08-26,1,L2,Nike,Dunk Low Textile Upper,177,131,6,25,0,5,SHIMA_06,0.7087
2025-08-26,2,L2,Nike,ZoomX Carbon Plate Insert,167,136,8,18,0,5,SHIMA_04,0.769
2025-08-26,1,L3,Nike,Dunk Low Textile Upper,134,112,3,11,0,10,STITCH_01,0.8202
2025-08-26,2,L3,Nike,Dunk Low Textile Upper,136,100,10,21,0,11,STITCH_01,0.6649
2025-08-26,1,L4,Crocs,Classic Clog Strap Assembly,138,101,5,29,30,10,STITCH_04,0.7024
2025-08-26,2,L4,Crocs,Bayaband Slide Upper,156,120,2,11,0,11,SOLE_02,0.7623
2025-08-26,1,L5,Crocs,Bayaband Slide Upper,130,101,7,5,0,9,STITCH_05,0.7301
2025-08-26,2,L5,Crocs,Classic Clog Strap Assembly,114,93,6,4,0,11,STITCH_05,0.7688
2025-08-26,1,L6,Decathlon,Kalenji Trail Sole Unit,118,90,6,14,47,7,SHIMA_08,0.7183
2025-08-26,2,L6,Nike,Dunk Low Textile Upper,119,102,7,9,0,9,SHIMA_07,0.8053
2025-08-26,1,L7,Decathlon,Quechua Hiking Upper,123,80,4,82,0,8,STITCH_08,0.6253
2025-08-26,2,L7,Crocs,LiteRide Insole Unit,122,99,5,0,0,6,STITCH_07,0.7739
2025-08-26,1,L8,Decathlon,Kalenji Trail Sole Unit,129,111,3,13,0,8,SOLE_04,0.8373
2025-08-26,2,L8,Decathlon,Quechua Hiking Upper,129,88,2,26,21,6,SOLE_04,0.6739
2025-08-27,1,L1,Nike,ZoomX Carbon Plate Insert,153,118,10,13,19,4,SHIMA_03,0.7112
2025-08-27,2,L1,Nike,Vaporfly Engineered Mesh,144,127,6,2,0,4,SHIMA_01,0.8462
2025-08-27,3,L1,Nike,Vaporfly Engineered Mesh,110,61,3,139,0,4,SHIMA_01,0.5291
2025-08-27,1,L2,Crocs,LiteRide Insole Unit,138,108,4,25,0,4,SHIMA_06,0.7606
2025-08-27,2,L2,Nike,Pegasus 3D Knit Collar,160,119,9,13,0,4,SHIMA_05,0.6896
2025-08-27,3,L2,Nike,ZoomX Carbon Plate Insert,86,67,9,17,0,6,SHIMA_05,0.6799
2025-08-27,1,L3,Nike,Vaporfly Engineered Mesh,146,123,7,23,0,10,STITCH_01,0.7998
2025-08-27,2,L3,Nike,ZoomX Carbon Plate Insert,132,81,6,110,31,10,SOLE_01,0.5696
2025-08-27,3,L3,Nike,Air Max Flyknit Upper,95,71,8,22,0,9,SOLE_01,0.6649
2025-08-27,1,L4,Crocs,LiteRide Insole Unit,166,123,4,23,0,8,SOLE_02,0.717
2025-08-27,2,L4,Crocs,Bayaband Slide Upper,167,125,3,24,10,11,STITCH_03,0.7325
2025-08-27,3,L4,Crocs,Bayaband Slide Upper,106,85,6,17,0,11,STITCH_04,0.7501
2025-08-27,1,L5,Crocs,LiteRide Insole Unit,117,90,6,21,0,10,SOLE_02,0.7192
2025-08-27,2,L5,Decathlon,Kalenji Trail Sole Unit,124,52,3,207,0,11,STITCH_06,0.401
2025-08-27,3,L5,Crocs,Bayaband Slide Upper,70,59,4,7,0,10,STITCH_05,0.7863
2025-08-27,1,L6,Decathlon,Kalenji Trail Sole Unit,102,88,2,9,0,7,STITCH_07,0.8441
2025-08-27,2,L6,Crocs,Classic Clog Strap Assembly,112,87,3,18,0,7,SHIMA_08,0.758
2025-08-27,3,L6,Decathlon,Kalenji Trail Sole Unit,62,45,4,8,0,6,SHIMA_07,0.6701
2025-08-27,1,L7,Decathlon,Kiprun Carbon Plate,141,89,4,10,82,6,SHIMA_09,0.604
2025-08-27,2,L7,Decathlon,Kiprun Carbon Plate,126,106,6,16,0,10,SHIMA_09,0.7975
2025-08-27,3,L7,Decathlon,Kalenji Trail Sole Unit,79,70,3,1,0,10,STITCH_08,0.8565
2025-08-27,1,L8,Crocs,Classic Clog Strap Assembly,141,109,4,11,0,7,SOLE_04,0.7511
2025-08-27,2,L8,Crocs,LiteRide Insole Unit,150,134,4,0,0,5,SOLE_04,0.8668
2025-08-27,3,L8,Crocs,Bayaband Slide Upper,90,78,3,17,0,7,SOLE_04,0.8366
2025-08-28,1,L1,Nike,Air Max Flyknit Upper,167,118,12,22,15,6,SHIMA_02,0.6384
2025-08-28,2,L1,Nike,Air Max Flyknit Upper,155,69,6,224,0,7,SHIMA_01,0.4119
2025-08-28,1,L2,Nike,Vaporfly Engineered Mesh,148,125,13,27,0,7,SHIMA_04,0.76
2025-08-28,2,L2,Nike,Air Max Flyknit Upper,138,96,4,14,82,7,SHIMA_04,0.6692
2025-08-28,1,L3,Nike,Air Max Flyknit Upper,125,88,3,82,0,11,STITCH_01,0.6874
2025-08-28,2,L3,Nike,Air Max Flyknit Upper,123,108,9,16,0,11,STITCH_02,0.8122
2025-08-28,1,L4,Crocs,Classic Clog Strap Assembly,152,130,10,23,0,9,SOLE_02,0.7935
2025-08-28,2,L4,Crocs,Bayaband Slide Upper,155,129,2,20,0,9,STITCH_04,0.8203
2025-08-28,1,L5,Crocs,LiteRide Insole Unit,157,129,5,4,0,11,STITCH_05,0.7935
2025-08-28,2,L5,Decathlon,Kalenji Trail Sole Unit,164,63,4,193,53,8,STITCH_05,0.3622
2025-08-28,1,L6,Decathlon,Quechua Hiking Upper,132,106,7,6,0,8,STITCH_07,0.7502
2025-08-28,2,L6,Decathlon,Kalenji Trail Sole Unit,118,55,3,178,0,10,STITCH_07,0.4432
2025-08-28,1,L7,Crocs,LiteRide Insole Unit,121,100,2,12,0,9,SHIMA_09,0.8112
2025-08-28,2,L7,Decathlon,Kalenji Trail Sole Unit,124,104,2,6,0,8,STITCH_08,0.8293
2025-08-28,1,L8,Nike,ZoomX Carbon Plate Insert,129,81,2,29,44,6,SOLE_03,0.6183
2025-08-28,2,L8,Decathlon,Kalenji Trail Sole Unit,144,114,2,21,0,6,SOLE_03,0.7823
2025-08-29,1,L1,Nike,Dunk Low Textile Upper,182,153,6,23,0,6,SHIMA_03,0.8129
2025-08-29,2,L1,Nike,Air Max Flyknit Upper,160,109,4,5,46,6,SHIMA_03,0.6593
2025-08-29,3,L1,Nike,Pegasus 3D Knit Collar,119,85,5,20,0,6,SHIMA_02,0.6724
2025-08-29,1,L2,Nike,Vaporfly Engineered Mesh,187,135,3,14,0,5,SHIMA_05,0.7062
2025-08-29,2,L2,Nike,Vaporfly Engineered Mesh,186,132,11,21,65,6,SHIMA_06,0.6553
2025-08-29,3,L2,Nike,Dunk Low Textile Upper,112,83,8,21,0,5,SHIMA_06,0.6738
2025-08-29,1,L3,Nike,Air Max Flyknit Upper,136,89,5,14,61,11,SOLE_01,0.6243
2025-08-29,2,L3,Crocs,Bayaband Slide Upper,133,116,3,8,0,10,STITCH_02,0.8535
2025-08-29,3,L3,Nike,ZoomX Carbon Plate Insert,105,76,9,19,78,8,STITCH_02,0.6463
2025-08-29,1,L4,Crocs,Classic Clog Strap Assembly,152,114,5,2,30,9,SOLE_02,0.7209
2025-08-29,2,L4,Crocs,Classic Clog Strap Assembly,163,120,3,42,0,10,STITCH_03,0.7229
2025-08-29,3,L4,Crocs,Bayaband Slide Upper,95,73,4,19,0,11,SOLE_02,0.7283
2025-08-29,1,L5,Crocs,Bayaband Slide Upper,130,115,4,2,0,12,SOLE_02,0.8611
2025-08-29,2,L5,Crocs,Bayaband Slide Upper,141,84,4,12,86,11,STITCH_06,0.5729
2025-08-29,3,L5,Crocs,Classic Clog Strap Assembly,100,87,7,19,0,12,STITCH_05,0.8017
2025-08-29,1,L6,Decathlon,Quechua Hiking Upper,109,81,1,27,0,9,SHIMA_08,0.7357
2025-08-29,2,L6,Nike,Air Max Flyknit Upper,112,91,4,25,0,10,STITCH_07,0.78
2025-08-29,3,L6,Decathlon,Kiprun Carbon Plate,73,62,3,20,0,8,SHIMA_08,0.8165
2025-08-29,1,L7,Decathlon,Quechua Hiking Upper,115,93,6,25,0,7,STITCH_07,0.7625
2025-08-29,2,L7,Decathlon,Kalenji Trail Sole Unit,127,90,6,22,86,10,STITCH_08,0.667
2025-08-29,3,L7,Crocs,LiteRide Insole Unit,83,72,3,15,0,9,SHIMA_09,0.8353
2025-08-29,1,L8,Crocs,Bayaband Slide Upper,152,79,5,168,0,7,SOLE_03,0.4928
2025-08-29,2,L8,Crocs,LiteRide Insole Unit,158,125,8,1,0,7,SOLE_03,0.7433
2025-08-29,3,L8,Nike,ZoomX Carbon Plate Insert,80,57,5,8,22,8,SOLE_04,0.6564
2025-09-01,1,L1,Nike,ZoomX Carbon Plate Insert,218,164,10,5,37,4,SHIMA_01,0.7098
2025-09-01,2,L1,Nike,Air Max Flyknit Upper,209,176,10,24,0,6,SHIMA_02,0.7979
2025-09-01,3,L1,Nike,Pegasus 3D Knit Collar,126,108,11,10,0,7,SHIMA_02,0.7723
2025-09-01,1,L2,Nike,ZoomX Carbon Plate Insert,260,256,15,6,0,6,SHIMA_06,0.9296
2025-09-01,2,L2,Nike,Dunk Low Textile Upper,252,181,12,4,75,6,SHIMA_05,0.6733
2025-09-01,3,L2,Nike,Dunk Low Textile Upper,150,121,12,7,0,4,SHIMA_05,0.7314
2025-09-01,1,L3,Nike,Air Max Flyknit Upper,173,138,5,11,0,8,SOLE_01,0.773
2025-09-01,2,L3,Nike,Pegasus 3D Knit Collar,176,142,7,76,0,8,STITCH_01,0.7678
2025-09-01,3,L3,Nike,ZoomX Carbon Plate Insert,117,92,13,28,40,9,STITCH_01,0.6794
2025-09-01,1,L4,Decathlon,Kiprun Carbon Plate,244,217,5,19,0,10,STITCH_03,0.8697
2025-09-01,2,L4,Crocs,LiteRide Insole Unit,248,199,10,20,0,9,SOLE_02,0.7634
2025-09-01,3,L4,Crocs,Classic Clog Strap Assembly,168,156,7,26,0,9,SOLE_02,0.8882
2025-09-01,1,L5,Crocs,Bayaband Slide Upper,207,161,7,2,55,12,STITCH_06,0.7449
2025-09-01,2,L5,Crocs,Classic Clog Strap Assembly,184,145,5,27,35,10,SOLE_02,0.7633
2025-09-01,3,L5,Crocs,Bayaband Slide Upper,136,102,6,3,40,11,STITCH_05,0.7116
2025-09-01,1,L6,Decathlon,Kiprun Carbon Plate,169,141,5,27,0,8,SHIMA_07,0.8062
2025-09-01,2,L6,Decathlon,Quechua Hiking Upper,187,153,5,26,16,8,STITCH_07,0.7954
2025-09-01,3,L6,Decathlon,Kalenji Trail Sole Unit,125,101,5,27,23,8,SHIMA_08,0.7688
2025-09-01,1,L7,Crocs,LiteRide Insole Unit,164,139,3,20,0,7,STITCH_08,0.8346
2025-09-01,2,L7,Decathlon,Kalenji Trail Sole Unit,168,139,10,9,0,6,STITCH_07,0.7694
2025-09-01,3,L7,Decathlon,Kiprun Carbon Plate,94,69,2,24,67,8,STITCH_08,0.7217
2025-09-01,1,L8,Crocs,Classic Clog Strap Assembly,163,152,6,24,0,6,SOLE_04,0.9013
2025-09-01,2,L8,Nike,Pegasus 3D Knit Collar,141,96,4,12,74,7,SOLE_03,0.6558
2025-09-01,3,L8,Crocs,Classic Clog Strap Assembly,93,76,6,8,77,6,SOLE_03,0.7579
2025-09-02,1,L1,Nike,Vaporfly Engineered Mesh,270,253,24,2,21,5,SHIMA_03,0.8498
2025-09-02,2,L1,Nike,Vaporfly Engineered Mesh,241,190,6,81,10,6,SHIMA_03,0.7666
2025-09-02,3,L1,Nike,Dunk Low Textile Upper,160,135,4,20,0,4,SHIMA_02,0.8223
2025-09-02,1,L2,Nike,Air Max Flyknit Upper,216,200,7,4,0,5,SHIMA_04,0.895
2025-09-02,2,L2,Nike,Air Max Flyknit Upper,226,219,15,1,0,7,SHIMA_04,0.9027
2025-09-02,3,L2,Nike,Air Max Flyknit Upper,121,113,11,25,0,6,SHIMA_06,0.8442
2025-09-02,1,L3,Nike,ZoomX Carbon Plate Insert,159,140,13,5,11,8,STITCH_02,0.802
2025-09-02,2,L3,Crocs,LiteRide Insole Unit,158,127,3,25,0,8,STITCH_01,0.7897
2025-09-02,3,L3,Crocs,Bayaband Slide Upper,96,75,2,23,15,11,SOLE_01,0.7666
2025-09-02,1,L4,Crocs,Bayaband Slide Upper,208,96,2,232,0,9,SOLE_02,0.4533
2025-09-02,2,L4,Crocs,Bayaband Slide Upper,229,192,11,61,0,12,STITCH_04,0.7919
2025-09-02,3,L4,Nike,Dunk Low Textile Upper,149,142,8,14,0,12,SOLE_02,0.9027
2025-09-02,1,L5,Decathlon,Kalenji Trail Sole Unit,196,85,5,214,22,11,STITCH_06,0.4108
2025-09-02,2,L5,Crocs,Classic Clog Strap Assembly,197,145,8,15,54,10,STITCH_05,0.7
2025-09-02,3,L5,Crocs,LiteRide Insole Unit,115,78,6,90,49,8,STITCH_05,0.6306
2025-09-02,1,L6,Decathlon,Quechua Hiking Upper,192,167,10,19,0,7,SHIMA_08,0.8225
2025-09-02,2,L6,Decathlon,Kiprun Carbon Plate,206,194,8,16,0,7,SHIMA_08,0.907
2025-09-02,3,L6,Decathlon,Quechua Hiking Upper,132,104,3,18,0,8,STITCH_07,0.77
2025-09-02,1,L7,Decathlon,Kiprun Carbon Plate,179,174,6,12,0,8,STITCH_08,0.9414
2025-09-02,2,L7,Decathlon,Kalenji Trail Sole Unit,161,137,9,24,25,9,SHIMA_09,0.8
2025-09-02,3,L7,Decathlon,Quechua Hiking Upper,114,53,3,220,0,7,SHIMA_09,0.4468
2025-09-02,1,L8,Nike,ZoomX Carbon Plate Insert,193,174,8,21,0,7,SOLE_03,0.8611
2025-09-02,2,L8,Nike,Air Max Flyknit Upper,210,116,10,128,56,8,SOLE_03,0.5081
2025-09-02,3,L8,Nike,Vaporfly Engineered Mesh,143,134,18,26,0,5,SOLE_04,0.8123
2025-09-03,1,L1,Nike,Pegasus 3D Knit Collar,274,241,21,16,0,6,SHIMA_01,0.8043
2025-09-03,2,L1,Nike,ZoomX Carbon Plate Insert,270,210,17,24,12,4,SHIMA_01,0.7158
2025-09-03,1,L2,Nike,Dunk Low Textile Upper,217,175,10,28,0,5,SHIMA_04,0.7606
2025-09-03,2,L2,Nike,Dunk Low Textile Upper,223,131,9,197,0,6,SHIMA_04,0.5491
2025-09-03,1,L3,Nike,ZoomX Carbon Plate Insert,177,173,15,10,0,8,STITCH_01,0.8943
2025-09-03,2,L3,Nike,Dunk Low Textile Upper,191,154,5,11,79,8,STITCH_01,0.7838
2025-09-03,1,L4,Crocs,Classic Clog Strap Assembly,192,164,8,7,0,8,SOLE_02,0.8149
2025-09-03,2,L4,Crocs,Bayaband Slide Upper,189,138,6,4,50,9,SOLE_02,0.6994
2025-09-03,1,L5,Crocs,Bayaband Slide Upper,212,208,10,7,0,12,SOLE_02,0.938
2025-09-03,2,L5,Crocs,Classic Clog Strap Assembly,241,215,11,21,0,10,SOLE_02,0.8477
2025-09-03,1,L6,Decathlon,Kalenji Trail Sole Unit,178,147,3,4,0,10,SHIMA_07,0.8139
2025-09-03,2,L6,Crocs,LiteRide Insole Unit,175,79,6,217,0,8,SHIMA_08,0.4172
2025-09-03,1,L7,Nike,Vaporfly Engineered Mesh,194,170,13,8,0,7,STITCH_07,0.8132
2025-09-03,2,L7,Decathlon,Kiprun Carbon Plate,204,183,8,28,0,7,STITCH_08,0.8582
2025-09-03,1,L8,Nike,Air Max Flyknit Upper,174,146,9,0,0,8,SOLE_04,0.7925
2025-09-03,2,L8,Nike,Air Max Flyknit Upper,178,148,7,29,0,7,SOLE_03,0.7926
2025-09-04,1,L1,Nike,Vaporfly Engineered Mesh,262,180,10,17,87,4,SHIMA_01,0.6522
2025-09-04,2,L1,Nike,ZoomX Carbon Plate Insert,262,165,8,134,0,4,SHIMA_03,0.6007
2025-09-04,3,L1,Nike,Air Max Flyknit Upper,140,123,16,7,33,4,SHIMA_01,0.768
2025-09-04,1,L2,Crocs,Bayaband Slide Upper,240,191,6,26,0,7,SHIMA_05,0.7746
2025-09-04,2,L2,Crocs,LiteRide Insole Unit,232,150,9,162,0,6,SHIMA_06,0.6117
2025-09-04,3,L2,Nike,Vaporfly Engineered Mesh,147,131,13,11,0,4,SHIMA_05,0.8082
2025-09-04,1,L3,Nike,Vaporfly Engineered Mesh,195,185,18,21,0,12,STITCH_01,0.8598
2025-09-04,2,L3,Nike,Vaporfly Engineered Mesh,194,121,6,120,0,8,STITCH_01,0.5933
2025-09-04,3,L3,Nike,ZoomX Carbon Plate Insert,125,99,7,8,53,10,STITCH_02,0.74
2025-09-04,1,L4,Crocs,LiteRide Insole Unit,211,179,5,15,55,11,STITCH_03,0.8292
2025-09-04,2,L4,Crocs,Bayaband Slide Upper,194,154,5,29,0,12,STITCH_03,0.7683
2025-09-04,3,L4,Crocs,LiteRide Insole Unit,152,98,6,126,0,12,SOLE_02,0.6114
2025-09-04,1,L5,Crocs,Classic Clog Strap Assembly,180,175,12,2,0,9,STITCH_05,0.9071
2025-09-04,2,L5,Crocs,LiteRide Insole Unit,171,130,4,15,61,9,SOLE_02,0.7418
2025-09-04,3,L5,Nike,Pegasus 3D Knit Collar,116,114,14,6,0,11,STITCH_06,0.8662
2025-09-04,1,L6,Decathlon,Kalenji Trail Sole Unit,179,165,11,19,0,7,STITCH_07,0.8652
2025-09-04,2,L6,Crocs,Bayaband Slide Upper,185,170,6,12,0,7,SHIMA_07,0.8911
2025-09-04,3,L6,Decathlon,Quechua Hiking Upper,118,98,7,20,0,9,STITCH_07,0.7739
2025-09-04,1,L7,Decathlon,Kiprun Carbon Plate,183,153,10,3,0,10,SHIMA_09,0.7865
2025-09-04,2,L7,Crocs,LiteRide Insole Unit,197,167,4,23,0,7,SHIMA_09,0.8285
2025-09-04,3,L7,Decathlon,Kalenji Trail Sole Unit,133,107,5,7,0,9,STITCH_08,0.7733
2025-09-04,1,L8,Crocs,Bayaband Slide Upper,199,158,12,6,25,8,SOLE_04,0.7361
2025-09-04,2,L8,Crocs,Classic Clog Strap Assembly,179,110,2,155,0,5,SOLE_04,0.6086
2025-09-04,3,L8,Crocs,Bayaband Slide Upper,118,102,3,28,23,7,SOLE_03,0.8462
2025-09-05,1,L1,Nike,Vaporfly Engineered Mesh,227,179,6,20,0,6,SHIMA_01,0.7653
2025-09-05,2,L1,Nike,Pegasus 3D Knit Collar,203,179,6,2,54,5,SHIMA_03,0.8537
2025-09-05,1,L2,Nike,ZoomX Carbon Plate Insert,203,169,6,1,74,5,SHIMA_05,0.803
2025-09-05,2,L2,Nike,Dunk Low Textile Upper,206,163,10,15,80,6,SHIMA_05,0.7435
2025-09-05,1,L3,Nike,Dunk Low Textile Upper,210,188,15,4,44,10,STITCH_02,0.8264
2025-09-05,2,L3,Nike,Dunk Low Textile Upper,213,148,14,29,65,11,SOLE_01,0.6318
2025-09-05,1,L4,Crocs,Classic Clog Strap Assembly,185,171,6,13,0,10,SOLE_02,0.8958
2025-09-05,2,L4,Crocs,Classic Clog Strap Assembly,169,150,6,13,0,8,STITCH_03,0.8577
2025-09-05,1,L5,Crocs,Classic Clog Strap Assembly,187,152,7,22,0,12,STITCH_05,0.7784
2025-09-05,2,L5,Crocs,Bayaband Slide Upper,198,126,5,36,82,11,STITCH_06,0.6126
2025-09-05,1,L6,Decathlon,Quechua Hiking Upper,208,176,5,19,41,9,SHIMA_08,0.8231
2025-09-05,2,L6,Decathlon,Kalenji Trail Sole Unit,207,143,10,115,32,8,STITCH_07,0.6452
2025-09-05,1,L7,Decathlon,Kalenji Trail Sole Unit,154,129,4,23,0,9,SHIMA_09,0.8172
2025-09-05,2,L7,Decathlon,Kiprun Carbon Plate,151,113,2,6,53,10,STITCH_08,0.7408
2025-09-05,1,L8,Nike,Dunk Low Textile Upper,179,166,13,1,0,7,SOLE_04,0.8577
2025-09-05,2,L8,Crocs,Bayaband Slide Upper,169,132,8,1,78,6,SOLE_04,0.7356
2025-09-08,1,L1,Crocs,LiteRide Insole Unit,216,196,4,16,0,5,SHIMA_02,0.8905
2025-09-08,2,L1,Nike,Vaporfly Engineered Mesh,210,163,14,27,0,7,SHIMA_01,0.7111
2025-09-08,3,L1,Nike,Pegasus 3D Knit Collar,127,109,13,5,0,6,SHIMA_01,0.7623
2025-09-08,1,L2,Nike,Dunk Low Textile Upper,192,155,9,17,0,5,SHIMA_04,0.7653
2025-09-08,2,L2,Nike,Dunk Low Textile Upper,219,167,7,19,85,7,SHIMA_04,0.7334
2025-09-08,3,L2,Nike,Dunk Low Textile Upper,116,73,7,148,0,6,SHIMA_04,0.5706
2025-09-08,1,L3,Nike,ZoomX Carbon Plate Insert,222,121,11,183,0,10,STITCH_02,0.4989
2025-09-08,2,L3,Nike,ZoomX Carbon Plate Insert,231,116,9,232,0,9,SOLE_01,0.4633
2025-09-08,3,L3,Nike,Air Max Flyknit Upper,135,126,5,22,0,12,STITCH_01,0.9032
2025-09-08,1,L4,Crocs,LiteRide Insole Unit,250,202,11,15,0,12,SOLE_02,0.7655
2025-09-08,2,L4,Crocs,LiteRide Insole Unit,220,183,10,6,0,8,SOLE_02,0.7883
2025-09-08,3,L4,Crocs,Classic Clog Strap Assembly,155,129,10,10,0,9,STITCH_03,0.7736
2025-09-08,1,L5,Crocs,Bayaband Slide Upper,183,172,4,20,0,11,STITCH_05,0.9186
2025-09-08,2,L5,Crocs,LiteRide Insole Unit,193,162,7,19,49,8,SOLE_02,0.8033
2025-09-08,3,L5,Crocs,LiteRide Insole Unit,119,70,2,146,0,11,SOLE_02,0.5724
2025-09-08,1,L6,Nike,ZoomX Carbon Plate Insert,183,132,13,73,0,8,SHIMA_07,0.6541
2025-09-08,2,L6,Decathlon,Kalenji Trail Sole Unit,204,174,10,2,0,10,SHIMA_07,0.8041
2025-09-08,3,L6,Decathlon,Quechua Hiking Upper,143,124,10,24,0,10,SHIMA_07,0.8008
2025-09-08,1,L7,Decathlon,Kiprun Carbon Plate,148,116,6,29,0,7,STITCH_07,0.7449
2025-09-08,2,L7,Crocs,Bayaband Slide Upper,160,154,4,15,0,7,STITCH_07,0.9424
2025-09-08,3,L7,Decathlon,Kiprun Carbon Plate,102,89,7,22,0,8,STITCH_07,0.8115
2025-09-08,1,L8,Nike,Dunk Low Textile Upper,166,160,15,17,0,8,SOLE_04,0.8742
2025-09-08,2,L8,Nike,Vaporfly Engineered Mesh,169,141,6,1,0,5,SOLE_03,0.8023
2025-09-08,3,L8,Crocs,Bayaband Slide Upper,120,112,8,24,0,7,SOLE_04,0.8729
2025-09-09,1,L1,Nike,ZoomX Carbon Plate Insert,203,183,15,27,0,6,SHIMA_01,0.8309
2025-09-09,2,L1,Crocs,LiteRide Insole Unit,208,151,8,89,0,4,SHIMA_01,0.6919
2025-09-09,3,L1,Crocs,Bayaband Slide Upper,149,140,11,26,0,6,SHIMA_01,0.8715
2025-09-09,1,L2,Nike,Vaporfly Engineered Mesh,222,192,11,8,0,5,SHIMA_06,0.8188
2025-09-09,2,L2,Crocs,Bayaband Slide Upper,247,200,6,16,0,7,SHIMA_06,0.7879
2025-09-09,3,L2,Nike,Vaporfly Engineered Mesh,159,123,4,1,74,6,SHIMA_06,0.7543
2025-09-09,1,L3,Nike,ZoomX Carbon Plate Insert,198,182,9,7,0,12,SOLE_01,0.8755
2025-09-09,2,L3,Crocs,Classic Clog Strap Assembly,193,104,4,168,0,11,STITCH_02,0.5197
2025-09-09,3,L3,Nike,Air Max Flyknit Upper,127,119,15,28,0,12,SOLE_01,0.823
2025-09-09,1,L4,Crocs,LiteRide Insole Unit,206,174,8,17,0,8,SOLE_02,0.8087
2025-09-09,2,L4,Crocs,Bayaband Slide Upper,204,168,9,26,45,8,SOLE_02,0.7821
2025-09-09,3,L4,Crocs,LiteRide Insole Unit,128,119,11,21,0,12,SOLE_02,0.8456
2025-09-09,1,L5,Crocs,Classic Clog Strap Assembly,221,209,14,3,0,11,SOLE_02,0.885
2025-09-09,2,L5,Crocs,Classic Clog Strap Assembly,203,162,5,23,23,11,STITCH_05,0.7771
2025-09-09,3,L5,Crocs,Bayaband Slide Upper,146,125,3,1,43,9,STITCH_05,0.8358
2025-09-09,1,L6,Decathlon,Quechua Hiking Upper,153,116,5,90,0,6,SHIMA_08,0.729
2025-09-09,2,L6,Decathlon,Kiprun Carbon Plate,156,135,4,0,0,9,STITCH_07,0.8411
2025-09-09,3,L6,Nike,ZoomX Carbon Plate Insert,103,91,9,25,16,9,STITCH_07,0.8037
2025-09-09,1,L7,Decathlon,Kiprun Carbon Plate,144,132,3,7,0,6,STITCH_08,0.9022
2025-09-09,2,L7,Decathlon,Quechua Hiking Upper,134,127,8,2,10,8,SHIMA_09,0.8911
2025-09-09,3,L7,Decathlon,Kiprun Carbon Plate,87,75,5,28,19,10,STITCH_08,0.8086
2025-09-09,1,L8,Nike,Vaporfly Engineered Mesh,186,165,12,15,0,7,SOLE_03,0.8248
2025-09-09,2,L8,Crocs,LiteRide Insole Unit,198,193,6,10,0,6,SOLE_04,0.9487
2025-09-09,3,L8,Nike,Dunk Low Textile Upper,114,108,7,7,0,8,SOLE_04,0.8913
2025-09-10,1,L1,Nike,Vaporfly Engineered Mesh,210,196,18,11,0,6,SHIMA_02,0.8492
2025-09-10,2,L1,Nike,Pegasus 3D Knit Collar,223,176,12,3,37,5,SHIMA_01,0.7395
2025-09-10,3,L1,Nike,Pegasus 3D Knit Collar,117,93,8,8,33,5,SHIMA_02,0.7267
2025-09-10,1,L2,Nike,Pegasus 3D Knit Collar,200,186,17,28,0,6,SHIMA_06,0.8458
2025-09-10,2,L2,Nike,Vaporfly Engineered Mesh,214,182,13,22,0,7,SHIMA_05,0.7928
2025-09-10,3,L2,Nike,ZoomX Carbon Plate Insert,122,118,10,13,0,4,SHIMA_06,0.8905
2025-09-10,1,L3,Crocs,Bayaband Slide Upper,204,185,9,24,0,11,SOLE_01,0.8657
2025-09-10,2,L3,Nike,ZoomX Carbon Plate Insert,217,146,5,103,0,12,STITCH_02,0.6512
2025-09-10,3,L3,Nike,ZoomX Carbon Plate Insert,141,118,9,23,0,12,STITCH_02,0.7773
2025-09-10,1,L4,Crocs,LiteRide Insole Unit,196,182,12,29,0,10,STITCH_03,0.8692
2025-09-10,2,L4,Crocs,Classic Clog Strap Assembly,203,189,9,26,0,10,STITCH_03,0.8898
2025-09-10,3,L4,Crocs,LiteRide Insole Unit,155,130,4,20,0,9,STITCH_04,0.8184
2025-09-10,1,L5,Crocs,LiteRide Insole Unit,174,128,7,126,0,8,STITCH_05,0.6972
2025-09-10,2,L5,Decathlon,Kiprun Carbon Plate,176,151,10,12,53,8,STITCH_06,0.805
2025-09-10,3,L5,Crocs,Classic Clog Strap Assembly,102,98,3,7,0,10,STITCH_05,0.9379
2025-09-10,1,L6,Decathlon,Quechua Hiking Upper,189,165,11,23,0,10,SHIMA_07,0.8192
2025-09-10,2,L6,Decathlon,Kiprun Carbon Plate,212,172,11,6,66,6,SHIMA_07,0.7612
2025-09-10,3,L6,Decathlon,Kiprun Carbon Plate,147,123,12,20,14,8,STITCH_07,0.7601
2025-09-10,1,L7,Decathlon,Kalenji Trail Sole Unit,157,138,4,4,14,6,STITCH_08,0.8552
2025-09-10,2,L7,Decathlon,Kiprun Carbon Plate,170,137,7,15,32,6,STITCH_08,0.7649
2025-09-10,3,L7,Decathlon,Kalenji Trail Sole Unit,120,100,6,11,0,9,SHIMA_09,0.7893
2025-09-10,1,L8,Crocs,LiteRide Insole Unit,170,144,8,3,0,5,SOLE_03,0.8006
2025-09-10,2,L8,Nike,Vaporfly Engineered Mesh,174,165,15,23,0,5,SOLE_03,0.8655
2025-09-10,3,L8,Nike,ZoomX Carbon Plate Insert,92,43,3,198,49,8,SOLE_03,0.4414
2025-09-11,1,L1,Nike,Pegasus 3D Knit Collar,256,245,7,20,0,5,SHIMA_01,0.931
2025-09-11,2,L1,Nike,Dunk Low Textile Upper,242,193,15,19,0,6,SHIMA_01,0.7378
2025-09-11,3,L1,Nike,Vaporfly Engineered Mesh,177,153,11,3,0,7,SHIMA_02,0.8045
2025-09-11,1,L2,Nike,Dunk Low Textile Upper,189,169,14,0,50,7,SHIMA_04,0.8216
2025-09-11,2,L2,Nike,Dunk Low Textile Upper,199,186,9,3,0,5,SHIMA_05,0.8901
2025-09-11,3,L2,Nike,Dunk Low Textile Upper,113,84,4,11,66,4,SHIMA_05,0.7131
2025-09-11,1,L3,Nike,Pegasus 3D Knit Collar,186,170,7,25,0,10,STITCH_01,0.8809
2025-09-11,2,L3,Nike,ZoomX Carbon Plate Insert,183,124,11,20,63,10,STITCH_02,0.6192
2025-09-11,3,L3,Nike,Air Max Flyknit Upper,107,93,4,3,13,12,STITCH_01,0.8376
2025-09-11,1,L4,Crocs,Bayaband Slide Upper,176,127,9,8,61,10,STITCH_03,0.6731
2025-09-11,2,L4,Crocs,Classic Clog Strap Assembly,194,181,9,14,0,8,STITCH_03,0.8885
2025-09-11,3,L4,Crocs,Bayaband Slide Upper,126,102,8,9,0,11,STITCH_04,0.7511
2025-09-11,1,L5,Decathlon,Kiprun Carbon Plate,202,197,8,10,0,8,STITCH_06,0.9394
2025-09-11,2,L5,Crocs,Bayaband Slide Upper,194,111,4,186,0,10,STITCH_05,0.5517
2025-09-11,3,L5,Crocs,Classic Clog Strap Assembly,109,88,7,20,0,9,STITCH_06,0.7493
2025-09-11,1,L6,Decathlon,Kalenji Trail Sole Unit,147,107,2,28,84,7,STITCH_07,0.7154
2025-09-11,2,L6,Nike,Pegasus 3D Knit Collar,150,117,3,27,0,9,SHIMA_07,0.7615
2025-09-11,3,L6,Decathlon,Kiprun Carbon Plate,103,52,2,198,0,6,SHIMA_07,0.4894
2025-09-11,1,L7,Crocs,LiteRide Insole Unit,159,150,4,4,0,7,SHIMA_09,0.9216
2025-09-11,2,L7,Decathlon,Kiprun Carbon Plate,168,159,9,17,0,7,SHIMA_09,0.8962
2025-09-11,3,L7,Decathlon,Kiprun Carbon Plate,97,81,5,1,72,8,STITCH_07,0.7891
2025-09-11,1,L8,Nike,ZoomX Carbon Plate Insert,163,135,5,12,37,6,SOLE_04,0.7982
2025-09-11,2,L8,Crocs,Bayaband Slide Upper,174,168,9,14,0,7,SOLE_04,0.9188
2025-09-11,3,L8,Crocs,LiteRide Insole Unit,116,97,8,22,0,7,SOLE_04,0.768
2025-09-12,1,L1,Nike,Air Max Flyknit Upper,251,201,15,15,0,6,SHIMA_01,0.7421
2025-09-12,2,L1,Nike,Air Max Flyknit Upper,231,194,16,23,0,7,SHIMA_02,0.7709
2025-09-12,3,L1,Nike,Dunk Low Textile Upper,141,104,11,10,53,5,SHIMA_02,0.6599
2025-09-12,1,L2,Decathlon,Kiprun Carbon Plate,192,180,4,23,0,7,SHIMA_06,0.9174
2025-09-12,2,L2,Nike,Air Max Flyknit Upper,197,171,5,15,32,6,SHIMA_05,0.8459
2025-09-12,3,L2,Nike,Dunk Low Textile Upper,154,127,8,28,0,5,SHIMA_06,0.7758
2025-09-12,1,L3,Nike,Dunk Low Textile Upper,164,146,11,27,0,11,SOLE_01,0.8269
2025-09-12,2,L3,Decathlon,Kiprun Carbon Plate,186,156,5,15,0,10,STITCH_01,0.816
2025-09-12,3,L3,Crocs,Bayaband Slide Upper,98,91,6,18,0,9,STITCH_02,0.8719
2025-09-12,1,L4,Crocs,LiteRide Insole Unit,218,177,10,11,79,11,SOLE_02,0.7666
2025-09-12,2,L4,Crocs,Classic Clog Strap Assembly,213,209,12,8,0,12,SOLE_02,0.9262
2025-09-12,3,L4,Crocs,Bayaband Slide Upper,158,112,10,18,82,12,SOLE_02,0.6505
2025-09-12,1,L5,Crocs,Classic Clog Strap Assembly,172,152,3,11,0,11,STITCH_06,0.8673
2025-09-12,2,L5,Decathlon,Kiprun Carbon Plate,170,134,3,66,0,9,STITCH_06,0.7721
2025-09-12,3,L5,Crocs,LiteRide Insole Unit,111,99,3,18,0,9,SOLE_02,0.8675
2025-09-12,1,L6,Decathlon,Kalenji Trail Sole Unit,187,153,8,3,55,10,SHIMA_07,0.7804
2025-09-12,2,L6,Decathlon,Kalenji Trail Sole Unit,180,132,4,20,63,6,SHIMA_08,0.7112
2025-09-12,3,L6,Decathlon,Quechua Hiking Upper,110,104,6,18,0,8,SHIMA_08,0.8957
2025-09-12,1,L7,Decathlon,Kalenji Trail Sole Unit,170,158,9,14,0,6,STITCH_08,0.8805
2025-09-12,2,L7,Nike,ZoomX Carbon Plate Insert,185,174,11,10,0,6,STITCH_08,0.8832
2025-09-12,3,L7,Decathlon,Quechua Hiking Upper,125,116,6,18,0,7,STITCH_07,0.8857
2025-09-12,1,L8,Nike,ZoomX Carbon Plate Insert,181,172,14,14,0,6,SOLE_04,0.8769
2025-09-12,2,L8,Nike,Pegasus 3D Knit Collar,189,136,11,27,83,7,SOLE_04,0.6644
2025-09-12,3,L8,Crocs,Classic Clog Strap Assembly,115,90,9,1,77,6,SOLE_03,0.7047
2025-09-15,1,L1,Nike,ZoomX Carbon Plate Insert,235,180,13,19,68,6,SHIMA_03,0.7128
2025-09-15,2,L1,Nike,Air Max Flyknit Upper,238,196,10,3,0,7,SHIMA_01,0.783
2025-09-15,3,L1,Nike,Air Max Flyknit Upper,131,113,11,8,0,6,SHIMA_01,0.7796
2025-09-15,1,L2,Nike,Air Max Flyknit Upper,216,208,23,16,0,6,SHIMA_06,0.8598
2025-09-15,2,L2,Nike,Dunk Low Textile Upper,215,198,9,8,29,6,SHIMA_06,0.881
2025-09-15,3,L2,Crocs,LiteRide Insole Unit,119,99,7,11,63,5,SHIMA_04,0.7738
2025-09-15,1,L3,Crocs,LiteRide Insole Unit,168,73,2,230,0,10,STITCH_02,0.4273
2025-09-15,2,L3,Nike,Vaporfly Engineered Mesh,179,118,3,99,0,8,STITCH_01,0.6432
2025-09-15,3,L3,Nike,Vaporfly Engineered Mesh,98,57,3,98,66,12,SOLE_01,0.5596
2025-09-15,1,L4,Crocs,Classic Clog Strap Assembly,221,158,7,7,66,12,SOLE_02,0.6858
2025-09-15,2,L4,Crocs,Bayaband Slide Upper,193,180,7,29,0,8,SOLE_02,0.8982
2025-09-15,3,L4,Crocs,Bayaband Slide Upper,141,133,6,26,0,12,STITCH_04,0.9032
2025-09-15,1,L5,Crocs,LiteRide Insole Unit,199,195,10,8,0,9,STITCH_06,0.9329
2025-09-15,2,L5,Crocs,LiteRide Insole Unit,180,106,4,156,22,11,SOLE_02,0.5697
2025-09-15,3,L5,Crocs,Bayaband Slide Upper,136,122,4,13,0,10,STITCH_05,0.8697
2025-09-15,1,L6,Decathlon,Kiprun Carbon Plate,189,178,7,27,0,10,SHIMA_07,0.9066
2025-09-15,2,L6,Decathlon,Quechua Hiking Upper,178,143,9,13,0,6,SHIMA_08,0.7537
2025-09-15,3,L6,Decathlon,Kiprun Carbon Plate,128,112,10,5,38,8,SHIMA_08,0.8003
2025-09-15,1,L7,Decathlon,Kiprun Carbon Plate,210,195,6,15,0,10,STITCH_08,0.9005
2025-09-15,2,L7,Decathlon,Kalenji Trail Sole Unit,179,121,3,91,0,9,SHIMA_09,0.6641
2025-09-15,3,L7,Decathlon,Kalenji Trail Sole Unit,138,118,10,12,0,8,SHIMA_09,0.7865
2025-09-15,1,L8,Nike,Air Max Flyknit Upper,199,176,19,19,0,6,SOLE_03,0.7903
2025-09-15,2,L8,Crocs,Classic Clog Strap Assembly,181,142,3,3,86,5,SOLE_03,0.7731
2025-09-15,3,L8,Decathlon,Kiprun Carbon Plate,137,103,3,19,53,7,SOLE_04,0.732
2025-09-16,1,L1,Nike,Air Max Flyknit Upper,261,205,15,61,41,4,SHIMA_01,0.7299
2025-09-16,2,L1,Nike,Air Max Flyknit Upper,275,225,19,23,0,5,SHIMA_01,0.7521
2025-09-16,1,L2,Nike,Dunk Low Textile Upper,216,103,4,211,0,5,SHIMA_06,0.4586
2025-09-16,2,L2,Nike,Dunk Low Textile Upper,210,196,18,24,0,6,SHIMA_06,0.8502
2025-09-16,1,L3,Nike,Pegasus 3D Knit Collar,214,174,17,15,60,12,SOLE_01,0.7351
2025-09-16,2,L3,Nike,ZoomX Carbon Plate Insert,198,160,5,19,0,8,SOLE_01,0.7849
2025-09-16,1,L4,Nike,ZoomX Carbon Plate Insert,251,202,18,9,0,11,STITCH_03,0.7365
2025-09-16,2,L4,Crocs,Classic Clog Strap Assembly,217,203,10,27,0,11,STITCH_04,0.8904
2025-09-16,1,L5,Crocs,LiteRide Insole Unit,210,164,10,9,19,10,SOLE_02,0.734
2025-09-16,2,L5,Decathlon,Kiprun Carbon Plate,196,141,7,1,64,9,STITCH_06,0.6873
2025-09-16,1,L6,Decathlon,Kalenji Trail Sole Unit,193,166,4,25,0,8,SHIMA_07,0.8441
2025-09-16,2,L6,Decathlon,Kalenji Trail Sole Unit,195,183,4,28,0,7,SHIMA_07,0.9191
2025-09-16,1,L7,Decathlon,Kalenji Trail Sole Unit,150,133,3,5,0,7,STITCH_07,0.8728
2025-09-16,2,L7,Decathlon,Quechua Hiking Upper,156,143,4,3,30,6,STITCH_08,0.8941
2025-09-16,1,L8,Crocs,LiteRide Insole Unit,204,176,5,13,52,8,SOLE_04,0.84
2025-09-16,2,L8,Nike,Vaporfly Engineered Mesh,200,183,8,12,0,7,SOLE_03,0.8785
2025-09-17,1,L1,Nike,ZoomX Carbon Plate Insert,216,168,5,5,59,6,SHIMA_03,0.7566
2025-09-17,2,L1,Nike,Dunk Low Textile Upper,206,191,13,26,0,6,SHIMA_02,0.8661
2025-09-17,3,L1,Nike,Pegasus 3D Knit Collar,129,71,5,162,0,6,SHIMA_01,0.5124
2025-09-17,1,L2,Nike,Air Max Flyknit Upper,234,190,5,24,42,4,SHIMA_05,0.7923
2025-09-17,2,L2,Nike,Dunk Low Textile Upper,219,173,14,21,0,7,SHIMA_04,0.7288
2025-09-17,3,L2,Nike,Dunk Low Textile Upper,153,111,15,0,86,5,SHIMA_04,0.6313
2025-09-17,1,L3,Crocs,Classic Clog Strap Assembly,180,145,8,19,0,9,SOLE_01,0.762
2025-09-17,2,L3,Nike,Vaporfly Engineered Mesh,179,144,8,28,45,9,STITCH_01,0.7617
2025-09-17,3,L3,Nike,Pegasus 3D Knit Collar,107,88,3,8,35,8,STITCH_02,0.8024
2025-09-17,1,L4,Crocs,Bayaband Slide Upper,186,177,5,0,0,11,STITCH_03,0.9291
2025-09-17,2,L4,Crocs,Classic Clog Strap Assembly,179,177,13,5,0,10,STITCH_04,0.9163
2025-09-17,3,L4,Crocs,LiteRide Insole Unit,103,90,4,9,0,9,STITCH_03,0.8387
2025-09-17,1,L5,Crocs,LiteRide Insole Unit,227,110,4,159,52,8,STITCH_06,0.4706
2025-09-17,2,L5,Decathlon,Quechua Hiking Upper,209,194,9,23,0,9,SOLE_02,0.8858
2025-09-17,3,L5,Crocs,Classic Clog Strap Assembly,170,143,7,9,45,9,STITCH_05,0.8006
2025-09-17,1,L6,Decathlon,Kiprun Carbon Plate,172,153,5,16,0,6,SHIMA_07,0.8622
2025-09-17,2,L6,Decathlon,Quechua Hiking Upper,161,147,7,19,0,7,SHIMA_08,0.8738
2025-09-17,3,L6,Crocs,LiteRide Insole Unit,100,84,2,5,22,9,SHIMA_08,0.8249
2025-09-17,1,L7,Decathlon,Kalenji Trail Sole Unit,188,164,11,16,0,10,STITCH_07,0.8181
2025-09-17,2,L7,Decathlon,Kalenji Trail Sole Unit,172,123,5,55,81,7,STITCH_08,0.6875
2025-09-17,3,L7,Decathlon,Quechua Hiking Upper,101,96,9,21,0,6,STITCH_08,0.8666
2025-09-17,1,L8,Nike,Vaporfly Engineered Mesh,213,202,13,16,0,7,SOLE_04,0.8898
2025-09-17,2,L8,Nike,Vaporfly Engineered Mesh,193,170,15,17,26,8,SOLE_03,0.8076
2025-09-17,3,L8,Crocs,Classic Clog Strap Assembly,117,109,3,20,0,7,SOLE_03,0.9132
2025-09-18,1,L1,Nike,Air Max Flyknit Upper,221,126,11,194,12,6,SHIMA_01,0.521
2025-09-18,2,L1,Nike,Vaporfly Engineered Mesh,205,193,6,27,0,5,SHIMA_01,0.9144
2025-09-18,1,L2,Nike,Vaporfly Engineered Mesh,260,211,6,21,0,5,SHIMA_04,0.7911
2025-09-18,2,L2,Crocs,Bayaband Slide Upper,252,200,10,11,72,4,SHIMA_04,0.7552
2025-09-18,1,L3,Nike,Vaporfly Engineered Mesh,171,140,12,13,0,8,SOLE_01,0.7486
2025-09-18,2,L3,Nike,Vaporfly Engineered Mesh,170,88,6,208,0,9,SOLE_01,0.4829
2025-09-18,1,L4,Decathlon,Kiprun Carbon Plate,246,231,16,13,0,12,STITCH_04,0.876
2025-09-18,2,L4,Crocs,LiteRide Insole Unit,247,200,11,23,16,11,STITCH_03,0.7655
2025-09-18,1,L5,Crocs,LiteRide Insole Unit,193,176,7,17,0,11,STITCH_05,0.877
2025-09-18,2,L5,Nike,ZoomX Carbon Plate Insert,184,158,8,17,0,9,STITCH_06,0.8157
2025-09-18,1,L6,Decathlon,Kalenji Trail Sole Unit,174,149,3,35,0,7,SHIMA_08,0.8442
2025-09-18,2,L6,Decathlon,Quechua Hiking Upper,173,152,5,9,0,10,STITCH_07,0.8499
2025-09-18,1,L7,Decathlon,Quechua Hiking Upper,158,130,8,22,49,6,SHIMA_09,0.7737
2025-09-18,2,L7,Decathlon,Quechua Hiking Upper,162,147,6,6,0,8,STITCH_08,0.8751
2025-09-18,1,L8,Nike,Vaporfly Engineered Mesh,199,150,13,81,0,7,SOLE_04,0.6927
2025-09-18,2,L8,Crocs,LiteRide Insole Unit,201,191,9,22,0,5,SOLE_04,0.9092
2025-09-19,1,L1,Nike,Dunk Low Textile Upper,253,220,17,24,0,6,SHIMA_01,0.8056
2025-09-19,2,L1,Nike,ZoomX Carbon Plate Insert,268,243,25,38,0,6,SHIMA_03,0.8168
2025-09-19,3,L1,Nike,Dunk Low Textile Upper,160,142,8,29,0,5,SHIMA_03,0.8378
2025-09-19,1,L2,Nike,Air Max Flyknit Upper,235,225,19,9,0,7,SHIMA_06,0.8799
2025-09-19,2,L2,Nike,Dunk Low Textile Upper,208,188,9,23,0,5,SHIMA_06,0.8615
2025-09-19,3,L2,Nike,Pegasus 3D Knit Collar,152,61,5,208,41,5,SHIMA_05,0.3706
2025-09-19,1,L3,Nike,Air Max Flyknit Upper,207,70,6,229,85,9,STITCH_01,0.312
2025-09-19,2,L3,Nike,Dunk Low Textile Upper,205,195,7,20,0,12,SOLE_01,0.9205
2025-09-19,3,L3,Nike,Pegasus 3D Knit Collar,163,113,8,23,86,9,SOLE_01,0.649
2025-09-19,1,L4,Crocs,LiteRide Insole Unit,202,188,14,26,0,9,SOLE_02,0.8647
2025-09-19,2,L4,Nike,Air Max Flyknit Upper,183,148,17,28,0,9,STITCH_04,0.7168
2025-09-19,3,L4,Crocs,Classic Clog Strap Assembly,136,131,5,6,0,9,STITCH_03,0.9282
2025-09-19,1,L5,Crocs,Bayaband Slide Upper,185,172,10,0,0,9,SOLE_02,0.8807
2025-09-19,2,L5,Nike,Pegasus 3D Knit Collar,186,112,9,183,0,10,STITCH_06,0.5572
2025-09-19,3,L5,Crocs,Bayaband Slide Upper,108,91,2,15,60,11,STITCH_05,0.8252
2025-09-19,1,L6,Nike,Air Max Flyknit Upper,187,180,17,17,0,8,STITCH_07,0.8735
2025-09-19,2,L6,Decathlon,Kiprun Carbon Plate,196,163,10,20,25,6,SHIMA_08,0.7842
2025-09-19,3,L6,Decathlon,Quechua Hiking Upper,117,81,6,28,75,6,SHIMA_08,0.645
2025-09-19,1,L7,Decathlon,Kalenji Trail Sole Unit,189,157,10,26,40,8,STITCH_07,0.7806
2025-09-19,2,L7,Crocs,Classic Clog Strap Assembly,208,109,6,184,0,8,STITCH_07,0.4968
2025-09-19,3,L7,Decathlon,Kiprun Carbon Plate,145,133,5,11,0,10,SHIMA_09,0.8892
2025-09-19,1,L8,Crocs,Classic Clog Strap Assembly,216,186,14,2,0,5,SOLE_03,0.8002
2025-09-19,2,L8,Crocs,LiteRide Insole Unit,211,178,10,6,0,5,SOLE_04,0.799
2025-09-19,3,L8,Nike,Pegasus 3D Knit Collar,154,76,7,104,88,8,SOLE_03,0.4495
2025-09-22,1,L1,Nike,ZoomX Carbon Plate Insert,222,186,17,2,0,6,SHIMA_02,0.7619
2025-09-22,2,L1,Nike,Vaporfly Engineered Mesh,237,194,17,0,0,7,SHIMA_01,0.7495
2025-09-22,3,L1,Nike,Dunk Low Textile Upper,161,126,7,7,15,4,SHIMA_02,0.7414
2025-09-22,1,L2,Nike,Dunk Low Textile Upper,212,177,4,22,0,4,SHIMA_04,0.8195
2025-09-22,2,L2,Nike,Air Max Flyknit Upper,232,200,19,9,53,5,SHIMA_06,0.7819
2025-09-22,3,L2,Decathlon,Quechua Hiking Upper,128,102,8,16,0,5,SHIMA_04,0.737
2025-09-22,1,L3,Nike,Vaporfly Engineered Mesh,189,119,12,149,26,11,STITCH_02,0.5707
2025-09-22,2,L3,Nike,Vaporfly Engineered Mesh,202,185,15,9,0,8,STITCH_02,0.8459
2025-09-22,3,L3,Nike,Pegasus 3D Knit Collar,135,115,10,21,0,10,STITCH_01,0.7816
2025-09-22,1,L4,Crocs,LiteRide Insole Unit,207,149,8,8,75,10,STITCH_03,0.6853
2025-09-22,2,L4,Decathlon,Quechua Hiking Upper,213,183,14,6,0,11,SOLE_02,0.7951
2025-09-22,3,L4,Crocs,LiteRide Insole Unit,152,143,13,17,0,8,STITCH_03,0.857
2025-09-22,1,L5,Crocs,Bayaband Slide Upper,176,122,6,143,0,11,STITCH_06,0.6591
2025-09-22,2,L5,Crocs,Bayaband Slide Upper,177,168,13,7,0,8,SOLE_02,0.8782
2025-09-22,3,L5,Crocs,Classic Clog Strap Assembly,106,89,5,20,0,11,STITCH_05,0.7994
2025-09-22,1,L6,Decathlon,Kiprun Carbon Plate,178,64,1,217,70,9,SHIMA_08,0.3541
2025-09-22,2,L6,Nike,Vaporfly Engineered Mesh,193,175,9,9,0,7,SHIMA_07,0.8613
2025-09-22,3,L6,Decathlon,Kiprun Carbon Plate,111,53,2,121,78,10,SHIMA_08,0.467
2025-09-22,1,L7,Decathlon,Kiprun Carbon Plate,179,102,3,206,0,7,STITCH_07,0.554
2025-09-22,2,L7,Decathlon,Kiprun Carbon Plate,155,146,8,16,0,7,STITCH_08,0.8941
2025-09-22,3,L7,Decathlon,Kalenji Trail Sole Unit,99,84,5,22,15,9,STITCH_08,0.8033
2025-09-22,1,L8,Decathlon,Kalenji Trail Sole Unit,198,177,5,29,0,7,SOLE_03,0.8729
2025-09-22,2,L8,Crocs,Bayaband Slide Upper,193,100,5,188,0,7,SOLE_03,0.4967
2025-09-22,3,L8,Crocs,Bayaband Slide Upper,126,104,7,17,0,5,SOLE_04,0.7718
2025-09-23,1,L1,Crocs,LiteRide Insole Unit,237,130,5,144,71,6,SHIMA_03,0.5308
2025-09-23,2,L1,Nike,Air Max Flyknit Upper,247,223,11,10,0,7,SHIMA_03,0.8599
2025-09-23,1,L2,Nike,Pegasus 3D Knit Collar,193,168,7,9,0,5,SHIMA_05,0.8369
2025-09-23,2,L2,Nike,ZoomX Carbon Plate Insert,218,191,17,2,0,5,SHIMA_06,0.8003
2025-09-23,1,L3,Nike,Dunk Low Textile Upper,198,182,5,19,0,10,STITCH_02,0.8943
2025-09-23,2,L3,Nike,Pegasus 3D Knit Collar,173,164,8,20,0,10,STITCH_02,0.9051
2025-09-23,1,L4,Crocs,Bayaband Slide Upper,221,221,9,0,0,11,STITCH_03,0.9593
2025-09-23,2,L4,Crocs,Bayaband Slide Upper,228,185,14,12,0,10,STITCH_03,0.7509
2025-09-23,1,L5,Crocs,LiteRide Insole Unit,229,179,7,24,0,9,STITCH_05,0.7547
2025-09-23,2,L5,Crocs,Bayaband Slide Upper,236,217,13,21,0,10,STITCH_06,0.8659
2025-09-23,1,L6,Decathlon,Quechua Hiking Upper,191,167,10,7,0,7,SHIMA_08,0.8231
2025-09-23,2,L6,Decathlon,Kalenji Trail Sole Unit,187,164,4,20,0,10,STITCH_07,0.8563
2025-09-23,1,L7,Decathlon,Kalenji Trail Sole Unit,165,137,2,23,45,10,STITCH_08,0.8193
2025-09-23,2,L7,Decathlon,Quechua Hiking Upper,147,100,3,110,0,9,SHIMA_09,0.6609
2025-09-23,1,L8,Decathlon,Kalenji Trail Sole Unit,176,154,11,4,0,6,SOLE_03,0.8142
2025-09-23,2,L8,Nike,Dunk Low Textile Upper,171,159,5,16,0,8,SOLE_04,0.9034
2025-09-24,1,L1,Nike,Vaporfly Engineered Mesh,215,210,15,1,0,4,SHIMA_01,0.9098
2025-09-24,2,L1,Nike,Air Max Flyknit Upper,205,174,8,1,0,5,SHIMA_03,0.8131
2025-09-24,3,L1,Nike,Pegasus 3D Knit Collar,151,128,11,6,0,4,SHIMA_01,0.7784
2025-09-24,1,L2,Nike,ZoomX Carbon Plate Insert,236,230,23,9,0,5,SHIMA_04,0.8784
2025-09-24,2,L2,Nike,Dunk Low Textile Upper,229,204,9,6,0,5,SHIMA_05,0.8535
2025-09-24,3,L2,Nike,Vaporfly Engineered Mesh,152,112,12,36,60,5,SHIMA_05,0.6631
2025-09-24,1,L3,Nike,Air Max Flyknit Upper,191,170,17,13,0,11,SOLE_01,0.8043
2025-09-24,2,L3,Nike,Pegasus 3D Knit Collar,213,182,5,3,0,10,SOLE_01,0.8317
2025-09-24,3,L3,Nike,ZoomX Carbon Plate Insert,128,107,12,2,0,9,SOLE_01,0.7456
2025-09-24,1,L4,Crocs,Classic Clog Strap Assembly,181,147,3,8,0,9,SOLE_02,0.8002
2025-09-24,2,L4,Crocs,Bayaband Slide Upper,181,172,10,22,0,9,STITCH_04,0.8987
2025-09-24,3,L4,Crocs,Bayaband Slide Upper,131,93,3,135,0,9,SOLE_02,0.6882
2025-09-24,1,L5,Decathlon,Quechua Hiking Upper,201,163,5,85,0,10,SOLE_02,0.7899
2025-09-24,2,L5,Crocs,Bayaband Slide Upper,174,164,7,26,0,10,STITCH_05,0.9055
2025-09-24,3,L5,Crocs,LiteRide Insole Unit,106,102,6,18,0,9,STITCH_05,0.9059
2025-09-24,1,L6,Decathlon,Quechua Hiking Upper,170,147,5,28,0,9,SHIMA_08,0.8391
2025-09-24,2,L6,Decathlon,Quechua Hiking Upper,167,112,4,29,77,8,STITCH_07,0.6515
2025-09-24,3,L6,Decathlon,Kalenji Trail Sole Unit,115,95,3,16,0,6,SHIMA_07,0.802
2025-09-24,1,L7,Decathlon,Quechua Hiking Upper,158,135,4,8,0,8,STITCH_07,0.8302
2025-09-24,2,L7,Decathlon,Kalenji Trail Sole Unit,146,114,8,26,62,9,SHIMA_09,0.7269
2025-09-24,3,L7,Decathlon,Kalenji Trail Sole Unit,104,68,2,134,0,7,STITCH_07,0.6393
2025-09-24,1,L8,Crocs,Classic Clog Strap Assembly,183,147,6,26,52,8,SOLE_03,0.7734
2025-09-24,2,L8,Crocs,Classic Clog Strap Assembly,178,131,9,12,43,5,SOLE_04,0.6875
2025-09-24,3,L8,Crocs,Classic Clog Strap Assembly,114,107,4,5,0,7,SOLE_04,0.9119
2025-09-25,1,L1,Nike,Dunk Low Textile Upper,227,199,10,4,0,4,SHIMA_02,0.8348
2025-09-25,2,L1,Nike,ZoomX Carbon Plate Insert,234,192,11,29,0,5,SHIMA_02,0.7745
2025-09-25,3,L1,Decathlon,Quechua Hiking Upper,144,123,6,23,42,4,SHIMA_01,0.8162
2025-09-25,1,L2,Nike,Dunk Low Textile Upper,214,189,16,12,18,6,SHIMA_04,0.8107
2025-09-25,2,L2,Nike,ZoomX Carbon Plate Insert,200,164,9,17,0,4,SHIMA_05,0.7773
2025-09-25,3,L2,Nike,Pegasus 3D Knit Collar,143,109,6,23,51,6,SHIMA_05,0.7203
2025-09-25,1,L3,Nike,Vaporfly Engineered Mesh,181,156,9,26,17,10,STITCH_01,0.8155
2025-09-25,2,L3,Nike,Vaporfly Engineered Mesh,198,167,6,1,74,11,SOLE_01,0.8134
2025-09-25,3,L3,Nike,Pegasus 3D Knit Collar,112,90,8,2,17,12,STITCH_02,0.7357
2025-09-25,1,L4,Crocs,LiteRide Insole Unit,230,179,9,23,0,10,STITCH_04,0.7432
2025-09-25,2,L4,Crocs,LiteRide Insole Unit,233,218,10,5,0,9,STITCH_04,0.8944
2025-09-25,3,L4,Crocs,Classic Clog Strap Assembly,124,102,9,2,0,9,SOLE_02,0.7512
2025-09-25,1,L5,Crocs,Bayaband Slide Upper,212,167,7,19,0,8,SOLE_02,0.7583
2025-09-25,2,L5,Crocs,Classic Clog Strap Assembly,199,185,4,4,0,8,SOLE_02,0.9106
2025-09-25,3,L5,Crocs,Classic Clog Strap Assembly,134,110,4,20,0,12,STITCH_06,0.7941
2025-09-25,1,L6,Decathlon,Quechua Hiking Upper,144,140,2,3,0,9,STITCH_07,0.9633
2025-09-25,2,L6,Nike,Pegasus 3D Knit Collar,159,128,9,20,0,10,SHIMA_08,0.7521
2025-09-25,3,L6,Nike,ZoomX Carbon Plate Insert,81,75,9,3,18,10,SHIMA_08,0.819
2025-09-25,1,L7,Decathlon,Kiprun Carbon Plate,168,129,4,70,0,7,STITCH_07,0.7458
2025-09-25,2,L7,Decathlon,Kalenji Trail Sole Unit,173,152,3,7,0,10,STITCH_07,0.865
2025-09-25,3,L7,Nike,ZoomX Carbon Plate Insert,101,87,8,8,0,10,STITCH_08,0.7854
2025-09-25,1,L8,Crocs,LiteRide Insole Unit,207,151,10,17,37,5,SOLE_03,0.6825
2025-09-25,2,L8,Crocs,LiteRide Insole Unit,194,156,10,9,0,5,SOLE_04,0.7565
2025-09-25,3,L8,Crocs,Bayaband Slide Upper,140,86,7,54,75,8,SOLE_03,0.5689
2025-09-26,1,L1,Nike,Dunk Low Textile Upper,238,205,22,17,0,5,SHIMA_01,0.7703
2025-09-26,2,L1,Nike,Dunk Low Textile Upper,226,198,8,11,48,4,SHIMA_03,0.8416
2025-09-26,1,L2,Nike,Vaporfly Engineered Mesh,215,190,14,15,0,7,SHIMA_05,0.8217
2025-09-26,2,L2,Crocs,LiteRide Insole Unit,222,178,10,27,0,6,SHIMA_06,0.7579
2025-09-26,1,L3,Nike,ZoomX Carbon Plate Insert,222,191,14,20,0,9,SOLE_01,0.7999
2025-09-26,2,L3,Nike,Dunk Low Textile Upper,221,187,13,19,53,12,STITCH_01,0.7909
2025-09-26,1,L4,Crocs,Classic Clog Strap Assembly,197,190,8,15,0,9,SOLE_02,0.928
2025-09-26,2,L4,Crocs,Bayaband Slide Upper,214,166,6,3,83,8,SOLE_02,0.7484
2025-09-26,1,L5,Crocs,LiteRide Insole Unit,165,136,6,24,60,12,SOLE_02,0.7886
2025-09-26,2,L5,Crocs,LiteRide Insole Unit,164,152,5,23,0,12,SOLE_02,0.8993
2025-09-26,1,L6,Crocs,Bayaband Slide Upper,157,147,7,19,0,10,SHIMA_07,0.8956
2025-09-26,2,L6,Decathlon,Kalenji Trail Sole Unit,143,60,4,235,0,9,SHIMA_08,0.398
2025-09-26,1,L7,Decathlon,Kalenji Trail Sole Unit,173,137,3,29,69,6,SHIMA_09,0.7784
2025-09-26,2,L7,Nike,Pegasus 3D Knit Collar,174,106,5,152,0,6,STITCH_08,0.5847
2025-09-26,1,L8,Crocs,LiteRide Insole Unit,196,154,4,9,82,5,SOLE_04,0.7674
2025-09-26,2,L8,Crocs,LiteRide Insole Unit,177,140,5,16,46,5,SOLE_03,0.766
2025-09-29,1,L1,Nike,Air Max Flyknit Upper,188,154,7,16,0,4,SHIMA_03,0.7821
2025-09-29,2,L1,Nike,Pegasus 3D Knit Collar,210,180,13,19,0,5,SHIMA_02,0.7993
2025-09-29,3,L1,Nike,ZoomX Carbon Plate Insert,150,136,11,2,0,4,SHIMA_02,0.8384
2025-09-29,1,L2,Nike,ZoomX Carbon Plate Insert,226,178,6,28,0,4,SHIMA_04,0.7642
2025-09-29,2,L2,Crocs,LiteRide Insole Unit,239,225,5,28,0,6,SHIMA_05,0.9207
2025-09-29,3,L2,Nike,Air Max Flyknit Upper,181,160,15,3,0,5,SHIMA_06,0.8021
2025-09-29,1,L3,Nike,ZoomX Carbon Plate Insert,164,158,11,13,0,12,SOLE_01,0.8984
2025-09-29,2,L3,Nike,Pegasus 3D Knit Collar,182,157,5,21,43,9,STITCH_01,0.8391
2025-09-29,3,L3,Nike,ZoomX Carbon Plate Insert,119,77,6,156,0,9,STITCH_01,0.6022
2025-09-29,1,L4,Crocs,Bayaband Slide Upper,189,173,9,11,0,8,SOLE_02,0.8689
2025-09-29,2,L4,Crocs,LiteRide Insole Unit,192,171,6,18,0,11,STITCH_04,0.8616
2025-09-29,3,L4,Decathlon,Quechua Hiking Upper,128,111,3,47,0,11,SOLE_02,0.844
2025-09-29,1,L5,Crocs,LiteRide Insole Unit,209,165,3,29,18,9,SOLE_02,0.7797
2025-09-29,2,L5,Crocs,LiteRide Insole Unit,207,156,11,85,0,11,STITCH_06,0.7043
2025-09-29,3,L5,Crocs,Bayaband Slide Upper,139,123,4,7,0,11,STITCH_06,0.8562
2025-09-29,1,L6,Decathlon,Quechua Hiking Upper,155,141,9,25,0,7,STITCH_07,0.857
2025-09-29,2,L6,Decathlon,Kiprun Carbon Plate,156,138,9,13,13,8,SHIMA_07,0.8291
2025-09-29,3,L6,Decathlon,Quechua Hiking Upper,112,109,3,1,0,9,STITCH_07,0.9547
2025-09-29,1,L7,Crocs,Bayaband Slide Upper,148,130,9,8,0,10,STITCH_08,0.8237
2025-09-29,2,L7,Decathlon,Kiprun Carbon Plate,137,130,6,23,0,7,SHIMA_09,0.9081
2025-09-29,3,L7,Decathlon,Kalenji Trail Sole Unit,101,83,3,19,0,9,STITCH_08,0.7943
2025-09-29,1,L8,Crocs,Bayaband Slide Upper,146,116,2,19,0,5,SOLE_04,0.7808
2025-09-29,2,L8,Decathlon,Kalenji Trail Sole Unit,150,116,5,25,41,6,SOLE_03,0.7433
2025-09-29,3,L8,Nike,Pegasus 3D Knit Collar,111,90,10,6,0,8,SOLE_03,0.7217
2025-09-30,1,L1,Nike,Dunk Low Textile Upper,216,185,6,6,0,6,SHIMA_01,0.8331
2025-09-30,2,L1,Nike,Vaporfly Engineered Mesh,237,205,23,18,0,7,SHIMA_03,0.7695
2025-09-30,1,L2,Nike,Air Max Flyknit Upper,228,197,20,25,0,4,SHIMA_06,0.7792
2025-09-30,2,L2,Nike,Pegasus 3D Knit Collar,263,256,16,12,0,6,SHIMA_05,0.9141
2025-09-30,1,L3,Nike,Air Max Flyknit Upper,164,132,12,47,0,9,STITCH_01,0.7357
2025-09-30,2,L3,Nike,Vaporfly Engineered Mesh,159,138,10,6,0,12,STITCH_02,0.8081
2025-09-30,1,L4,Crocs,LiteRide Insole Unit,225,215,4,12,0,8,STITCH_03,0.9416
2025-09-30,2,L4,Crocs,LiteRide Insole Unit,223,184,6,5,77,12,SOLE_02,0.8021
2025-09-30,1,L5,Crocs,LiteRide Insole Unit,217,204,5,9,0,11,STITCH_05,0.9193
2025-09-30,2,L5,Crocs,LiteRide Insole Unit,208,185,6,18,0,8,STITCH_05,0.862
2025-09-30,1,L6,Decathlon,Kiprun Carbon Plate,179,151,6,18,0,6,STITCH_07,0.813
2025-09-30,2,L6,Decathlon,Kalenji Trail Sole Unit,199,164,6,0,66,10,SHIMA_07,0.7948
2025-09-30,1,L7,Nike,Dunk Low Textile Upper,183,153,12,28,0,8,SHIMA_09,0.7725
2025-09-30,2,L7,Crocs,Bayaband Slide Upper,188,153,11,6,0,6,SHIMA_09,0.7567
2025-09-30,1,L8,Nike,Dunk Low Textile Upper,194,154,5,6,62,6,SOLE_03,0.7722
2025-09-30,2,L8,Nike,Dunk Low Textile Upper,198,124,14,83,67,6,SOLE_04,0.5574
2025-10-01,1,L1,Nike,Air Max Flyknit Upper,285,268,22,11,0,4,SHIMA_02,0.8662
2025-10-01,2,L1,Nike,Vaporfly Engineered Mesh,284,262,15,29,0,7,SHIMA_01,0.8725
2025-10-01,3,L1,Nike,ZoomX Carbon Plate Insert,159,104,10,125,0,7,SHIMA_02,0.596
2025-10-01,1,L2,Nike,ZoomX Carbon Plate Insert,206,155,4,78,0,5,SHIMA_05,0.7358
2025-10-01,2,L2,Decathlon,Kalenji Trail Sole Unit,230,224,8,6,0,5,SHIMA_06,0.9399
2025-10-01,3,L2,Nike,ZoomX Carbon Plate Insert,125,102,4,27,58,7,SHIMA_05,0.7906
2025-10-01,1,L3,Nike,Dunk Low Textile Upper,200,192,13,17,0,11,SOLE_01,0.8992
2025-10-01,2,L3,Nike,Air Max Flyknit Upper,179,154,4,17,0,9,SOLE_01,0.8424
2025-10-01,3,L3,Nike,Air Max Flyknit Upper,112,107,5,19,0,12,STITCH_02,0.9155
2025-10-01,1,L4,Nike,Dunk Low Textile Upper,233,221,8,24,0,12,STITCH_04,0.9156
2025-10-01,2,L4,Crocs,Classic Clog Strap Assembly,206,204,11,3,0,9,STITCH_04,0.9402
2025-10-01,3,L4,Crocs,Bayaband Slide Upper,143,139,5,12,0,11,STITCH_03,0.9399
2025-10-01,1,L5,Crocs,Bayaband Slide Upper,232,226,6,3,0,12,STITCH_06,0.9509
2025-10-01,2,L5,Crocs,Bayaband Slide Upper,232,215,6,19,0,10,STITCH_06,0.9024
2025-10-01,3,L5,Crocs,Bayaband Slide Upper,164,163,7,2,0,9,SOLE_02,0.9531
2025-10-01,1,L6,Decathlon,Kiprun Carbon Plate,172,163,8,24,0,6,STITCH_07,0.9034
2025-10-01,2,L6,Nike,Vaporfly Engineered Mesh,172,145,13,36,0,9,SHIMA_08,0.7707
2025-10-01,3,L6,Crocs,Classic Clog Strap Assembly,124,103,5,3,78,8,SHIMA_08,0.7909
2025-10-01,1,L7,Decathlon,Quechua Hiking Upper,224,221,4,5,0,8,STITCH_08,0.9717
2025-10-01,2,L7,Decathlon,Kiprun Carbon Plate,209,188,7,23,0,8,SHIMA_09,0.8685
2025-10-01,3,L7,Decathlon,Quechua Hiking Upper,121,99,5,7,54,9,STITCH_08,0.7819
2025-10-01,1,L8,Nike,ZoomX Carbon Plate Insert,177,147,4,13,0,7,SOLE_04,0.8115
2025-10-01,2,L8,Crocs,LiteRide Insole Unit,177,163,3,26,0,8,SOLE_03,0.9082
2025-10-01,3,L8,Decathlon,Kalenji Trail Sole Unit,103,68,4,110,0,5,SOLE_04,0.6221
2025-10-02,1,L1,Nike,Pegasus 3D Knit Collar,203,160,10,20,26,6,SHIMA_03,0.7432
2025-10-02,2,L1,Nike,Air Max Flyknit Upper,220,220,8,0,0,7,SHIMA_02,0.9636
2025-10-02,3,L1,Nike,Air Max Flyknit Upper,147,144,17,8,0,5,SHIMA_01,0.8672
2025-10-02,1,L2,Nike,ZoomX Carbon Plate Insert,237,235,12,1,0,6,SHIMA_05,0.9435
2025-10-02,2,L2,Nike,Air Max Flyknit Upper,247,199,21,25,0,7,SHIMA_04,0.7214
2025-10-02,3,L2,Nike,Air Max Flyknit Upper,148,125,15,4,0,7,SHIMA_05,0.7489
2025-10-02,1,L3,Decathlon,Kalenji Trail Sole Unit,220,152,4,132,0,9,SOLE_01,0.6751
2025-10-02,2,L3,Nike,Vaporfly Engineered Mesh,219,206,6,3,0,10,STITCH_02,0.9156
2025-10-02,3,L3,Nike,Vaporfly Engineered Mesh,149,131,19,8,0,11,SOLE_01,0.7547
2025-10-02,1,L4,Crocs,Classic Clog Strap Assembly,236,217,6,17,0,10,STITCH_04,0.8975
2025-10-02,2,L4,Crocs,Classic Clog Strap Assembly,216,144,9,25,80,9,STITCH_04,0.6268
2025-10-02,3,L4,Crocs,Classic Clog Strap Assembly,138,125,9,13,0,9,SOLE_02,0.8458
2025-10-02,1,L5,Crocs,LiteRide Insole Unit,229,197,11,9,40,12,STITCH_06,0.8143
2025-10-02,2,L5,Crocs,Bayaband Slide Upper,249,245,7,6,0,11,STITCH_05,0.9593
2025-10-02,3,L5,Crocs,Bayaband Slide Upper,174,165,15,18,0,12,STITCH_06,0.8628
2025-10-02,1,L6,Decathlon,Kiprun Carbon Plate,161,124,3,16,45,10,SHIMA_08,0.7546
2025-10-02,2,L6,Decathlon,Quechua Hiking Upper,160,141,9,11,46,7,SHIMA_08,0.825
2025-10-02,3,L6,Decathlon,Quechua Hiking Upper,108,96,9,14,0,7,STITCH_07,0.8125
2025-10-02,1,L7,Decathlon,Kiprun Carbon Plate,218,132,7,164,0,8,SHIMA_09,0.5756
2025-10-02,2,L7,Decathlon,Quechua Hiking Upper,204,173,9,24,0,9,STITCH_08,0.8061
2025-10-02,3,L7,Nike,ZoomX Carbon Plate Insert,131,97,12,12,65,10,STITCH_08,0.6542
2025-10-02,1,L8,Crocs,LiteRide Insole Unit,206,180,8,14,0,5,SOLE_03,0.8364
2025-10-02,2,L8,Nike,Air Max Flyknit Upper,224,222,23,4,0,8,SOLE_03,0.8889
2025-10-02,3,L8,Crocs,LiteRide Insole Unit,140,105,4,119,0,6,SOLE_04,0.7234
2025-10-03,1,L1,Nike,Dunk Low Textile Upper,243,172,15,111,0,7,SHIMA_02,0.6471
2025-10-03,2,L1,Nike,Vaporfly Engineered Mesh,227,199,16,28,0,4,SHIMA_01,0.8085
2025-10-03,1,L2,Nike,Pegasus 3D Knit Collar,262,229,14,16,0,5,SHIMA_06,0.8234
2025-10-03,2,L2,Crocs,LiteRide Insole Unit,276,218,4,4,87,6,SHIMA_05,0.7772
2025-10-03,1,L3,Nike,ZoomX Carbon Plate Insert,185,158,12,18,0,8,STITCH_02,0.793
2025-10-03,2,L3,Crocs,Classic Clog Strap Assembly,176,145,8,10,0,12,STITCH_02,0.7799
2025-10-03,1,L4,Crocs,LiteRide Insole Unit,183,174,6,15,0,10,STITCH_03,0.9202
2025-10-03,2,L4,Crocs,LiteRide Insole Unit,193,168,9,22,0,11,SOLE_02,0.8285
2025-10-03,1,L5,Crocs,LiteRide Insole Unit,217,212,4,11,0,10,SOLE_02,0.9586
2025-10-03,2,L5,Crocs,Classic Clog Strap Assembly,219,216,6,5,0,10,STITCH_05,0.9621
2025-10-03,1,L6,Crocs,LiteRide Insole Unit,199,196,11,6,0,7,STITCH_07,0.9321
2025-10-03,2,L6,Decathlon,Kiprun Carbon Plate,202,156,12,22,48,6,SHIMA_07,0.713
2025-10-03,1,L7,Decathlon,Kiprun Carbon Plate,202,188,8,19,0,8,SHIMA_09,0.8947
2025-10-03,2,L7,Decathlon,Kiprun Carbon Plate,214,170,10,3,29,8,STITCH_08,0.7485
2025-10-03,1,L8,Decathlon,Kalenji Trail Sole Unit,181,161,5,7,46,7,SOLE_03,0.862
2025-10-03,2,L8,Nike,Vaporfly Engineered Mesh,201,190,14,24,0,8,SOLE_04,0.88
2025-10-06,1,L1,Crocs,LiteRide Insole Unit,275,166,10,184,0,5,SHIMA_02,0.5694
2025-10-06,2,L1,Crocs,LiteRide Insole Unit,275,233,9,28,0,7,SHIMA_02,0.8179
2025-10-06,3,L1,Nike,Pegasus 3D Knit Collar,145,138,16,22,0,6,SHIMA_01,0.8435
2025-10-06,1,L2,Nike,Pegasus 3D Knit Collar,232,190,14,10,71,5,SHIMA_04,0.7589
2025-10-06,2,L2,Nike,Air Max Flyknit Upper,231,195,9,17,0,6,SHIMA_06,0.8062
2025-10-06,3,L2,Nike,Dunk Low Textile Upper,140,104,8,12,63,4,SHIMA_05,0.6867
2025-10-06,1,L3,Crocs,Bayaband Slide Upper,205,182,8,24,29,8,SOLE_01,0.8501
2025-10-06,2,L3,Nike,Pegasus 3D Knit Collar,207,205,14,3,0,11,STITCH_02,0.9259
2025-10-06,3,L3,Nike,Dunk Low Textile Upper,119,101,11,10,0,8,STITCH_02,0.7564
2025-10-06,1,L4,Crocs,Classic Clog Strap Assembly,272,203,11,75,13,8,SOLE_02,0.7081
2025-10-06,2,L4,Crocs,Bayaband Slide Upper,268,228,8,10,0,12,SOLE_02,0.8244
2025-10-06,3,L4,Crocs,Bayaband Slide Upper,180,143,13,20,49,8,STITCH_04,0.7261
2025-10-06,1,L5,Crocs,Bayaband Slide Upper,212,206,15,12,0,12,STITCH_06,0.904
2025-10-06,2,L5,Crocs,Bayaband Slide Upper,203,175,13,57,0,8,STITCH_05,0.8025
2025-10-06,3,L5,Crocs,LiteRide Insole Unit,151,129,4,20,0,8,STITCH_05,0.8293
2025-10-06,1,L6,Nike,Dunk Low Textile Upper,217,183,15,9,22,10,STITCH_07,0.7769
2025-10-06,2,L6,Decathlon,Quechua Hiking Upper,208,96,3,239,0,6,SHIMA_08,0.4472
2025-10-06,3,L6,Decathlon,Quechua Hiking Upper,114,98,5,18,0,9,SHIMA_08,0.818
2025-10-06,1,L7,Decathlon,Kiprun Carbon Plate,170,167,4,6,0,9,SHIMA_09,0.9618
2025-10-06,2,L7,Decathlon,Kalenji Trail Sole Unit,173,147,8,23,0,9,STITCH_07,0.8087
2025-10-06,3,L7,Decathlon,Quechua Hiking Upper,100,77,7,25,71,8,STITCH_08,0.7013
2025-10-06,1,L8,Decathlon,Kalenji Trail Sole Unit,175,174,12,1,0,7,SOLE_04,0.9291
2025-10-06,2,L8,Crocs,Classic Clog Strap Assembly,182,81,5,226,0,6,SOLE_04,0.419
2025-10-06,3,L8,Nike,Vaporfly Engineered Mesh,96,81,6,6,0,6,SOLE_04,0.7876
2025-10-07,1,L1,Nike,Pegasus 3D Knit Collar,267,256,23,19,0,6,SHIMA_03,0.8741
2025-10-07,2,L1,Nike,Dunk Low Textile Upper,276,276,19,0,0,4,SHIMA_01,0.9312
2025-10-07,3,L1,Nike,Air Max Flyknit Upper,198,193,12,11,0,6,SHIMA_01,0.9163
2025-10-07,1,L2,Decathlon,Quechua Hiking Upper,252,245,8,1,0,5,SHIMA_04,0.9428
2025-10-07,2,L2,Nike,Pegasus 3D Knit Collar,249,237,20,17,0,5,SHIMA_06,0.8717
2025-10-07,3,L2,Nike,Dunk Low Textile Upper,179,151,15,10,0,4,SHIMA_05,0.7638
2025-10-07,1,L3,Nike,Dunk Low Textile Upper,179,155,5,19,0,9,SOLE_01,0.8419
2025-10-07,2,L3,Nike,Air Max Flyknit Upper,194,184,8,10,0,10,STITCH_02,0.912
2025-10-07,3,L3,Nike,Vaporfly Engineered Mesh,141,108,12,4,42,12,STITCH_02,0.6836
2025-10-07,1,L4,Decathlon,Kiprun Carbon Plate,252,249,15,5,0,12,STITCH_03,0.93
2025-10-07,2,L4,Decathlon,Kalenji Trail Sole Unit,246,187,10,112,0,10,STITCH_03,0.7222
2025-10-07,3,L4,Crocs,LiteRide Insole Unit,138,132,12,1,0,9,STITCH_04,0.8736
2025-10-07,1,L5,Crocs,LiteRide Insole Unit,193,145,10,21,60,11,SOLE_02,0.7031
2025-10-07,2,L5,Crocs,Bayaband Slide Upper,180,150,8,11,0,11,STITCH_05,0.7941
2025-10-07,3,L5,Decathlon,Quechua Hiking Upper,107,91,4,52,0,9,STITCH_06,0.8202
2025-10-07,1,L6,Decathlon,Kiprun Carbon Plate,159,142,4,4,0,7,SHIMA_07,0.8732
2025-10-07,2,L6,Nike,Pegasus 3D Knit Collar,166,125,8,24,64,10,STITCH_07,0.7051
2025-10-07,3,L6,Decathlon,Quechua Hiking Upper,100,95,2,1,0,8,SHIMA_08,0.9385
2025-10-07,1,L7,Decathlon,Kalenji Trail Sole Unit,170,146,4,46,0,8,STITCH_07,0.8378
2025-10-07,2,L7,Decathlon,Kalenji Trail Sole Unit,170,73,2,199,38,7,STITCH_08,0.4213
2025-10-07,3,L7,Crocs,LiteRide Insole Unit,98,96,3,7,0,7,STITCH_08,0.9546
2025-10-07,1,L8,Decathlon,Kiprun Carbon Plate,196,147,5,8,78,5,SOLE_03,0.7266
2025-10-07,2,L8,Crocs,LiteRide Insole Unit,208,175,4,24,0,6,SOLE_04,0.8227
2025-10-07,3,L8,Nike,Air Max Flyknit Upper,139,110,8,98,0,5,SOLE_03,0.738
2025-10-08,1,L1,Nike,Dunk Low Textile Upper,233,189,16,29,0,4,SHIMA_02,0.743
2025-10-08,2,L1,Nike,Dunk Low Textile Upper,240,229,21,11,0,5,SHIMA_02,0.8699
2025-10-08,3,L1,Nike,Dunk Low Textile Upper,126,124,18,4,0,4,SHIMA_02,0.8444
2025-10-08,1,L2,Nike,Dunk Low Textile Upper,230,217,6,4,0,5,SHIMA_06,0.9196
2025-10-08,2,L2,Nike,ZoomX Carbon Plate Insert,255,242,13,4,0,7,SHIMA_06,0.9008
2025-10-08,3,L2,Nike,Vaporfly Engineered Mesh,135,107,3,27,0,4,SHIMA_06,0.7774
2025-10-08,1,L3,Nike,ZoomX Carbon Plate Insert,225,156,7,9,86,10,STITCH_02,0.6647
2025-10-08,2,L3,Nike,Dunk Low Textile Upper,241,142,10,191,0,10,SOLE_01,0.5498
2025-10-08,3,L3,Nike,Pegasus 3D Knit Collar,148,126,6,9,44,8,STITCH_01,0.8166
2025-10-08,1,L4,Crocs,LiteRide Insole Unit,239,232,12,3,0,9,STITCH_04,0.9208
2025-10-08,2,L4,Crocs,Bayaband Slide Upper,226,212,7,29,0,10,STITCH_03,0.9086
2025-10-08,3,L4,Nike,ZoomX Carbon Plate Insert,182,155,6,12,0,9,STITCH_03,0.8235
2025-10-08,1,L5,Crocs,Bayaband Slide Upper,209,185,5,15,14,11,STITCH_05,0.8614
2025-10-08,2,L5,Crocs,LiteRide Insole Unit,202,190,5,4,0,9,STITCH_05,0.92
2025-10-08,3,L5,Nike,Air Max Flyknit Upper,145,77,3,223,0,12,SOLE_02,0.5146
2025-10-08,1,L6,Decathlon,Quechua Hiking Upper,178,114,8,138,0,7,STITCH_07,0.596
2025-10-08,2,L6,Crocs,Classic Clog Strap Assembly,174,146,4,5,55,7,STITCH_07,0.8184
2025-10-08,3,L6,Decathlon,Kalenji Trail Sole Unit,134,130,5,13,0,9,SHIMA_08,0.9332
2025-10-08,1,L7,Decathlon,Kiprun Carbon Plate,197,192,13,12,0,8,SHIMA_09,0.909
2025-10-08,2,L7,Decathlon,Quechua Hiking Upper,196,156,11,8,55,7,STITCH_07,0.7416
2025-10-08,3,L7,Decathlon,Kalenji Trail Sole Unit,127,86,5,86,39,7,STITCH_07,0.6447
2025-10-08,1,L8,Nike,Dunk Low Textile Upper,246,201,14,11,66,7,SOLE_03,0.7639
2025-10-08,2,L8,Crocs,Classic Clog Strap Assembly,240,204,5,8,60,6,SOLE_04,0.8328
2025-10-08,3,L8,Nike,ZoomX Carbon Plate Insert,157,134,7,12,0,7,SOLE_03,0.8098
2025-10-09,1,L1,Nike,Vaporfly Engineered Mesh,290,209,12,133,0,5,SHIMA_03,0.6814
2025-10-09,2,L1,Nike,Air Max Flyknit Upper,271,260,25,18,0,6,SHIMA_03,0.87
2025-10-09,1,L2,Nike,Pegasus 3D Knit Collar,268,232,24,1,0,6,SHIMA_04,0.7773
2025-10-09,2,L2,Nike,Air Max Flyknit Upper,249,182,19,25,51,7,SHIMA_05,0.6571
2025-10-09,1,L3,Nike,Pegasus 3D Knit Collar,199,156,12,71,0,8,STITCH_02,0.7238
2025-10-09,2,L3,Nike,Air Max Flyknit Upper,190,185,5,0,0,10,STITCH_01,0.9518
2025-10-09,1,L4,Crocs,Bayaband Slide Upper,253,242,18,9,0,12,SOLE_02,0.8887
2025-10-09,2,L4,Decathlon,Kiprun Carbon Plate,257,221,15,10,0,12,STITCH_04,0.8036
2025-10-09,1,L5,Decathlon,Kalenji Trail Sole Unit,201,188,4,4,0,11,STITCH_06,0.9165
2025-10-09,2,L5,Crocs,Classic Clog Strap Assembly,206,200,12,2,0,12,STITCH_05,0.9166
2025-10-09,1,L6,Nike,Dunk Low Textile Upper,161,149,9,27,0,9,SHIMA_07,0.8714
2025-10-09,2,L6,Nike,Pegasus 3D Knit Collar,181,165,6,2,0,6,STITCH_07,0.8796
2025-10-09,1,L7,Nike,Air Max Flyknit Upper,174,167,4,17,0,7,SHIMA_09,0.9415
2025-10-09,2,L7,Decathlon,Kiprun Carbon Plate,177,159,11,12,0,8,STITCH_08,0.8388
2025-10-09,1,L8,Decathlon,Kiprun Carbon Plate,171,155,8,2,0,7,SOLE_04,0.8612
2025-10-09,2,L8,Nike,Pegasus 3D Knit Collar,159,128,10,21,0,7,SOLE_03,0.7471
2025-10-10,1,L1,Nike,Dunk Low Textile Upper,239,146,4,151,0,6,SHIMA_01,0.5949
2025-10-10,2,L1,Nike,Air Max Flyknit Upper,235,212,13,17,0,6,SHIMA_01,0.8485
2025-10-10,3,L1,Nike,ZoomX Carbon Plate Insert,145,132,9,20,0,4,SHIMA_02,0.854
2025-10-10,1,L2,Nike,ZoomX Carbon Plate Insert,215,178,9,6,56,5,SHIMA_04,0.7866
2025-10-10,2,L2,Nike,Pegasus 3D Knit Collar,210,201,19,19,0,4,SHIMA_06,0.8696
2025-10-10,3,L2,Nike,ZoomX Carbon Plate Insert,122,118,7,0,0,5,SHIMA_04,0.9161
2025-10-10,1,L3,Decathlon,Kiprun Carbon Plate,195,178,11,29,0,11,STITCH_02,0.8566
2025-10-10,2,L3,Nike,Vaporfly Engineered Mesh,203,177,5,20,0,10,SOLE_01,0.8515
2025-10-10,3,L3,Nike,Vaporfly Engineered Mesh,112,88,8,27,55,9,STITCH_01,0.7182
2025-10-10,1,L4,Crocs,Bayaband Slide Upper,258,172,7,15,88,8,SOLE_02,0.6408
2025-10-10,2,L4,Decathlon,Kalenji Trail Sole Unit,237,202,9,25,0,8,SOLE_02,0.8177
2025-10-10,3,L4,Crocs,Classic Clog Strap Assembly,142,134,13,18,0,10,SOLE_02,0.856
2025-10-10,1,L5,Crocs,Classic Clog Strap Assembly,209,188,10,6,40,12,STITCH_06,0.8561
2025-10-10,2,L5,Crocs,LiteRide Insole Unit,224,188,5,15,0,12,SOLE_02,0.8172
2025-10-10,3,L5,Crocs,Classic Clog Strap Assembly,121,120,5,2,0,12,STITCH_06,0.9543
2025-10-10,1,L6,Decathlon,Kiprun Carbon Plate,165,155,11,1,0,9,SHIMA_07,0.8735
2025-10-10,2,L6,Decathlon,Kalenji Trail Sole Unit,171,154,8,22,0,9,SHIMA_08,0.8579
2025-10-10,3,L6,Nike,Air Max Flyknit Upper,93,81,9,21,17,10,STITCH_07,0.7831
2025-10-10,1,L7,Decathlon,Kiprun Carbon Plate,161,125,8,25,34,7,STITCH_07,0.7296
2025-10-10,2,L7,Decathlon,Kiprun Carbon Plate,171,114,4,113,10,7,STITCH_08,0.644
2025-10-10,3,L7,Decathlon,Kiprun Carbon Plate,106,98,8,11,23,10,STITCH_08,0.8533
2025-10-10,1,L8,Nike,Air Max Flyknit Upper,221,191,16,3,0,6,SOLE_04,0.7926
2025-10-10,2,L8,Decathlon,Kalenji Trail Sole Unit,217,178,8,22,0,8,SOLE_03,0.7851
2025-10-10,3,L8,Nike,Vaporfly Engineered Mesh,171,155,9,1,0,5,SOLE_04,0.8583
2025-10-13,1,L1,Nike,ZoomX Carbon Plate Insert,238,232,12,12,0,6,SHIMA_02,0.9246
2025-10-13,2,L1,Nike,Vaporfly Engineered Mesh,235,116,4,148,66,6,SHIMA_03,0.4795
2025-10-13,3,L1,Nike,Pegasus 3D Knit Collar,180,173,8,17,0,7,SHIMA_01,0.92
2025-10-13,1,L2,Nike,Pegasus 3D Knit Collar,267,217,16,24,0,7,SHIMA_05,0.754
2025-10-13,2,L2,Nike,Dunk Low Textile Upper,271,257,9,23,0,7,SHIMA_05,0.9155
2025-10-13,3,L2,Nike,Air Max Flyknit Upper,198,163,21,18,0,5,SHIMA_06,0.7203
2025-10-13,1,L3,Nike,Vaporfly Engineered Mesh,171,163,11,5,0,9,STITCH_01,0.8922
2025-10-13,2,L3,Nike,Pegasus 3D Knit Collar,184,158,8,5,0,11,SOLE_01,0.8194
2025-10-13,3,L3,Nike,ZoomX Carbon Plate Insert,119,107,4,26,0,10,STITCH_01,0.8707
2025-10-13,1,L4,Crocs,LiteRide Insole Unit,255,220,10,4,0,10,STITCH_04,0.8266
2025-10-13,2,L4,Nike,Vaporfly Engineered Mesh,244,218,22,22,0,12,STITCH_03,0.8056
2025-10-13,3,L4,Decathlon,Quechua Hiking Upper,190,181,10,2,20,9,SOLE_02,0.9015
2025-10-13,1,L5,Crocs,Classic Clog Strap Assembly,226,204,11,4,0,12,STITCH_05,0.8566
2025-10-13,2,L5,Crocs,Classic Clog Strap Assembly,223,206,11,21,15,10,SOLE_02,0.8756
2025-10-13,3,L5,Crocs,Classic Clog Strap Assembly,152,108,5,26,49,9,SOLE_02,0.6795
2025-10-13,1,L6,Decathlon,Kalenji Trail Sole Unit,213,189,6,26,0,7,SHIMA_08,0.86
2025-10-13,2,L6,Decathlon,Kalenji Trail Sole Unit,200,172,8,3,0,8,SHIMA_08,0.8203
2025-10-13,3,L6,Decathlon,Kiprun Carbon Plate,155,139,7,4,0,8,SHIMA_07,0.8561
2025-10-13,1,L7,Crocs,Bayaband Slide Upper,183,142,10,1,47,7,STITCH_08,0.7214
2025-10-13,2,L7,Crocs,Classic Clog Strap Assembly,199,170,3,29,0,10,STITCH_08,0.8414
2025-10-13,3,L7,Decathlon,Kiprun Carbon Plate,133,114,10,11,38,7,STITCH_08,0.7883
2025-10-13,1,L8,Nike,Dunk Low Textile Upper,184,176,10,9,0,6,SOLE_03,0.905
2025-10-13,2,L8,Crocs,Bayaband Slide Upper,189,169,8,18,10,6,SOLE_03,0.8539
2025-10-13,3,L8,Crocs,Classic Clog Strap Assembly,114,95,7,2,0,5,SOLE_04,0.7792
2025-10-14,1,L1,Nike,Pegasus 3D Knit Collar,242,196,11,19,66,4,SHIMA_02,0.7651
2025-10-14,2,L1,Nike,ZoomX Carbon Plate Insert,269,250,16,2,0,7,SHIMA_03,0.871
2025-10-14,3,L1,Crocs,Bayaband Slide Upper,161,142,9,8,18,6,SHIMA_01,0.831
2025-10-14,1,L2,Nike,Air Max Flyknit Upper,216,176,13,13,0,6,SHIMA_05,0.7566
2025-10-14,2,L2,Nike,ZoomX Carbon Plate Insert,221,165,9,24,86,5,SHIMA_06,0.7079
2025-10-14,3,L2,Crocs,LiteRide Insole Unit,152,140,5,7,11,4,SHIMA_06,0.8885
2025-10-14,1,L3,Nike,Vaporfly Engineered Mesh,216,166,7,26,36,10,STITCH_02,0.7372
2025-10-14,2,L3,Nike,Dunk Low Textile Upper,245,186,16,0,87,11,SOLE_01,0.6975
2025-10-14,3,L3,Nike,Dunk Low Textile Upper,126,116,13,9,0,11,STITCH_02,0.8196
2025-10-14,1,L4,Crocs,LiteRide Insole Unit,258,245,13,23,0,9,SOLE_02,0.9016
2025-10-14,2,L4,Decathlon,Quechua Hiking Upper,241,209,13,10,0,12,STITCH_04,0.8149
2025-10-14,3,L4,Decathlon,Kalenji Trail Sole Unit,161,141,5,34,24,10,STITCH_03,0.848
2025-10-14,1,L5,Crocs,Classic Clog Strap Assembly,220,172,12,11,56,11,STITCH_06,0.7283
2025-10-14,2,L5,Crocs,Classic Clog Strap Assembly,211,130,9,172,0,9,STITCH_05,0.5746
2025-10-14,3,L5,Crocs,LiteRide Insole Unit,119,103,9,14,0,12,STITCH_05,0.7971
2025-10-14,1,L6,Decathlon,Kalenji Trail Sole Unit,172,144,5,64,0,7,SHIMA_08,0.8137
2025-10-14,2,L6,Decathlon,Quechua Hiking Upper,164,154,4,6,0,7,STITCH_07,0.9202
2025-10-14,3,L6,Decathlon,Kiprun Carbon Plate,108,51,4,232,0,7,SHIMA_07,0.4411
2025-10-14,1,L7,Decathlon,Quechua Hiking Upper,187,180,8,2,0,8,STITCH_07,0.9246
2025-10-14,2,L7,Decathlon,Kiprun Carbon Plate,176,159,7,25,0,9,STITCH_07,0.866
2025-10-14,3,L7,Decathlon,Kalenji Trail Sole Unit,126,106,5,19,0,8,STITCH_08,0.8024
2025-10-14,1,L8,Nike,ZoomX Carbon Plate Insert,229,219,19,14,0,6,SOLE_04,0.8752
2025-10-14,2,L8,Decathlon,Kalenji Trail Sole Unit,209,194,4,29,0,8,SOLE_04,0.9115
2025-10-14,3,L8,Nike,ZoomX Carbon Plate Insert,125,102,11,0,26,5,SOLE_04,0.7335
2025-10-15,1,L1,Nike,Dunk Low Textile Upper,256,215,23,10,13,5,SHIMA_02,0.7516
2025-10-15,2,L1,Nike,Dunk Low Textile Upper,280,244,8,7,54,4,SHIMA_01,0.8443
2025-10-15,1,L2,Nike,Pegasus 3D Knit Collar,256,236,19,25,0,4,SHIMA_06,0.8477
2025-10-15,2,L2,Decathlon,Quechua Hiking Upper,253,217,5,26,0,6,SHIMA_05,0.8397
2025-10-15,1,L3,Nike,Dunk Low Textile Upper,197,171,13,17,0,12,STITCH_02,0.8044
2025-10-15,2,L3,Nike,ZoomX Carbon Plate Insert,182,171,5,16,0,9,STITCH_01,0.9125
2025-10-15,1,L4,Crocs,Bayaband Slide Upper,233,207,16,0,0,9,STITCH_03,0.821
2025-10-15,2,L4,Crocs,Bayaband Slide Upper,247,155,8,178,0,12,SOLE_02,0.5967
2025-10-15,1,L5,Crocs,LiteRide Insole Unit,211,178,8,16,31,11,STITCH_06,0.8088
2025-10-15,2,L5,Decathlon,Quechua Hiking Upper,196,160,6,17,0,12,SOLE_02,0.7868
2025-10-15,1,L6,Decathlon,Kalenji Trail Sole Unit,204,156,10,42,0,10,SHIMA_07,0.7168
2025-10-15,2,L6,Decathlon,Kalenji Trail Sole Unit,193,182,12,22,0,7,STITCH_07,0.8836
2025-10-15,1,L7,Decathlon,Quechua Hiking Upper,213,211,11,3,0,10,SHIMA_09,0.9419
2025-10-15,2,L7,Nike,Dunk Low Textile Upper,213,188,14,26,0,10,SHIMA_09,0.8191
2025-10-15,1,L8,Nike,Dunk Low Textile Upper,186,162,4,22,0,5,SOLE_03,0.8528
2025-10-15,2,L8,Nike,Air Max Flyknit Upper,194,178,17,4,0,8,SOLE_04,0.8333
2025-10-16,1,L1,Nike,Air Max Flyknit Upper,245,168,13,7,84,4,SHIMA_03,0.636
2025-10-16,2,L1,Nike,Pegasus 3D Knit Collar,237,214,12,17,0,4,SHIMA_01,0.853
2025-10-16,1,L2,Nike,ZoomX Carbon Plate Insert,241,187,8,22,42,7,SHIMA_04,0.7428
2025-10-16,2,L2,Nike,ZoomX Carbon Plate Insert,246,149,11,97,60,6,SHIMA_06,0.5634
2025-10-16,1,L3,Nike,ZoomX Carbon Plate Insert,241,218,21,6,0,9,SOLE_01,0.8197
2025-10-16,2,L3,Nike,Pegasus 3D Knit Collar,232,219,16,1,0,11,STITCH_02,0.8766
2025-10-16,1,L4,Decathlon,Kalenji Trail Sole Unit,231,215,6,14,18,10,STITCH_04,0.9073
2025-10-16,2,L4,Nike,ZoomX Carbon Plate Insert,249,242,15,8,0,11,SOLE_02,0.9125
2025-10-16,1,L5,Crocs,LiteRide Insole Unit,215,171,9,8,89,11,STITCH_06,0.7559
2025-10-16,2,L5,Crocs,LiteRide Insole Unit,240,197,14,17,39,12,STITCH_06,0.7635
2025-10-16,1,L6,Decathlon,Kalenji Trail Sole Unit,196,193,10,5,0,9,STITCH_07,0.9383
2025-10-16,2,L6,Decathlon,Kalenji Trail Sole Unit,174,126,8,88,0,7,STITCH_07,0.6795
2025-10-16,1,L7,Decathlon,Kiprun Carbon Plate,156,145,3,10,0,6,STITCH_07,0.9136
2025-10-16,2,L7,Crocs,LiteRide Insole Unit,166,102,7,162,0,10,STITCH_08,0.5773
2025-10-16,1,L8,Nike,ZoomX Carbon Plate Insert,191,176,12,7,0,7,SOLE_04,0.8599
2025-10-16,2,L8,Crocs,Bayaband Slide Upper,209,201,11,17,0,5,SOLE_03,0.9118
2025-10-17,1,L1,Nike,Dunk Low Textile Upper,267,244,27,29,0,4,SHIMA_01,0.8141
2025-10-17,2,L1,Decathlon,Quechua Hiking Upper,266,171,10,160,0,5,SHIMA_02,0.6075
2025-10-17,3,L1,Nike,Dunk Low Textile Upper,159,148,15,15,18,5,SHIMA_03,0.8369
2025-10-17,1,L2,Nike,Air Max Flyknit Upper,206,199,11,11,0,4,SHIMA_05,0.9129
2025-10-17,2,L2,Decathlon,Kiprun Carbon Plate,218,206,10,9,0,4,SHIMA_05,0.9032
2025-10-17,3,L2,Nike,Vaporfly Engineered Mesh,133,105,11,94,0,4,SHIMA_05,0.7127
2025-10-17,1,L3,Nike,ZoomX Carbon Plate Insert,179,174,20,13,0,11,SOLE_01,0.8611
2025-10-17,2,L3,Nike,Air Max Flyknit Upper,192,160,12,11,69,9,STITCH_02,0.7708
2025-10-17,3,L3,Nike,Vaporfly Engineered Mesh,118,92,4,21,41,8,STITCH_02,0.7488
2025-10-17,1,L4,Crocs,Bayaband Slide Upper,250,207,10,10,44,11,STITCH_04,0.7889
2025-10-17,2,L4,Nike,Vaporfly Engineered Mesh,251,157,15,179,0,9,SOLE_02,0.5672
2025-10-17,3,L4,Crocs,Bayaband Slide Upper,156,151,7,10,0,10,SOLE_02,0.9278
2025-10-17,1,L5,Crocs,Bayaband Slide Upper,211,154,3,129,0,12,STITCH_06,0.717
2025-10-17,2,L5,Decathlon,Kalenji Trail Sole Unit,241,213,15,15,0,11,STITCH_05,0.825
2025-10-17,3,L5,Crocs,Classic Clog Strap Assembly,145,122,5,13,0,10,STITCH_05,0.8093
2025-10-17,1,L6,Decathlon,Kalenji Trail Sole Unit,154,123,3,4,40,7,SHIMA_08,0.7817
2025-10-17,2,L6,Crocs,Classic Clog Strap Assembly,150,116,4,14,83,7,SHIMA_07,0.7519
2025-10-17,3,L6,Decathlon,Kiprun Carbon Plate,100,53,4,124,55,8,SHIMA_07,0.498
2025-10-17,1,L7,Nike,Air Max Flyknit Upper,184,182,8,3,0,10,STITCH_07,0.9501
2025-10-17,2,L7,Decathlon,Kalenji Trail Sole Unit,168,123,3,7,68,6,SHIMA_09,0.7147
2025-10-17,3,L7,Decathlon,Kiprun Carbon Plate,103,98,9,14,0,9,STITCH_07,0.8729
2025-10-17,1,L8,Decathlon,Kalenji Trail Sole Unit,164,125,3,94,0,8,SOLE_04,0.7453
2025-10-17,2,L8,Crocs,Classic Clog Strap Assembly,166,160,8,8,0,7,SOLE_03,0.9213
2025-10-17,3,L8,Nike,Pegasus 3D Knit Collar,93,92,5,2,0,6,SOLE_04,0.9417
2025-10-20,1,L1,Nike,Dunk Low Textile Upper,244,238,12,6,0,6,SHIMA_01,0.9301
2025-10-20,2,L1,Nike,ZoomX Carbon Plate Insert,248,222,15,25,0,4,SHIMA_03,0.8353
2025-10-20,3,L1,Nike,ZoomX Carbon Plate Insert,165,157,18,6,0,6,SHIMA_01,0.8447
2025-10-20,1,L2,Nike,Vaporfly Engineered Mesh,260,248,10,7,0,7,SHIMA_06,0.9159
2025-10-20,2,L2,Nike,Air Max Flyknit Upper,270,237,11,12,0,4,SHIMA_04,0.8377
2025-10-20,3,L2,Nike,Air Max Flyknit Upper,152,142,18,17,0,5,SHIMA_05,0.8175
2025-10-20,1,L3,Nike,Dunk Low Textile Upper,239,197,17,22,0,10,STITCH_01,0.7544
2025-10-20,2,L3,Nike,ZoomX Carbon Plate Insert,252,197,15,2,84,10,STITCH_02,0.724
2025-10-20,3,L3,Nike,Pegasus 3D Knit Collar,146,124,11,15,0,9,STITCH_02,0.776
2025-10-20,1,L4,Crocs,Bayaband Slide Upper,245,122,8,205,0,8,STITCH_03,0.4686
2025-10-20,2,L4,Crocs,Classic Clog Strap Assembly,243,211,11,62,0,10,STITCH_04,0.8254
2025-10-20,3,L4,Crocs,Bayaband Slide Upper,137,120,8,39,0,8,SOLE_02,0.8216
2025-10-20,1,L5,Crocs,Classic Clog Strap Assembly,199,151,9,81,0,9,STITCH_05,0.7146
2025-10-20,2,L5,Crocs,Bayaband Slide Upper,208,182,10,12,0,8,STITCH_05,0.8294
2025-10-20,3,L5,Crocs,LiteRide Insole Unit,118,105,4,4,0,11,SOLE_02,0.8631
2025-10-20,1,L6,Decathlon,Kiprun Carbon Plate,204,183,10,0,0,9,SHIMA_07,0.8506
2025-10-20,2,L6,Decathlon,Kalenji Trail Sole Unit,197,168,10,15,0,8,STITCH_07,0.8034
2025-10-20,3,L6,Nike,Air Max Flyknit Upper,121,109,13,14,0,7,SHIMA_07,0.7943
2025-10-20,1,L7,Decathlon,Quechua Hiking Upper,160,151,10,24,0,6,STITCH_08,0.8823
2025-10-20,2,L7,Decathlon,Kiprun Carbon Plate,167,105,6,58,78,6,SHIMA_09,0.5961
2025-10-20,3,L7,Crocs,Bayaband Slide Upper,117,107,10,24,0,8,SHIMA_09,0.8343
2025-10-20,1,L8,Crocs,Bayaband Slide Upper,188,101,7,157,65,7,SOLE_04,0.5002
2025-10-20,2,L8,Crocs,Bayaband Slide Upper,169,112,7,135,0,7,SOLE_04,0.6261
2025-10-20,3,L8,Crocs,LiteRide Insole Unit,124,91,6,21,48,7,SOLE_04,0.6903
2025-10-21,1,L1,Nike,Vaporfly Engineered Mesh,250,228,12,25,17,5,SHIMA_03,0.8645
2025-10-21,2,L1,Nike,Vaporfly Engineered Mesh,265,188,8,28,66,4,SHIMA_01,0.6817
2025-10-21,3,L1,Nike,Vaporfly Engineered Mesh,143,113,10,67,0,6,SHIMA_01,0.7216
2025-10-21,1,L2,Nike,Dunk Low Textile Upper,253,214,15,7,0,4,SHIMA_05,0.7874
2025-10-21,2,L2,Nike,Pegasus 3D Knit Collar,278,236,7,20,0,6,SHIMA_04,0.8257
2025-10-21,3,L2,Nike,Air Max Flyknit Upper,167,147,12,21,22,5,SHIMA_04,0.8107
2025-10-21,1,L3,Nike,Pegasus 3D Knit Collar,188,147,10,20,67,12,SOLE_01,0.7321
2025-10-21,2,L3,Nike,ZoomX Carbon Plate Insert,184,180,17,10,0,11,SOLE_01,0.8867
2025-10-21,3,L3,Nike,Vaporfly Engineered Mesh,109,106,7,12,0,11,SOLE_01,0.9106
2025-10-21,1,L4,Decathlon,Kiprun Carbon Plate,223,167,6,60,57,12,SOLE_02,0.7241
2025-10-21,2,L4,Crocs,Classic Clog Strap Assembly,219,102,5,216,0,9,STITCH_04,0.4467
2025-10-21,3,L4,Crocs,LiteRide Insole Unit,158,98,4,164,16,11,STITCH_04,0.5995
2025-10-21,1,L5,Crocs,Classic Clog Strap Assembly,225,166,9,48,62,9,SOLE_02,0.6996
2025-10-21,2,L5,Crocs,Classic Clog Strap Assembly,229,202,14,23,0,10,STITCH_05,0.8225
2025-10-21,3,L5,Crocs,LiteRide Insole Unit,141,90,3,102,19,8,SOLE_02,0.6204
2025-10-21,1,L6,Decathlon,Kiprun Carbon Plate,172,123,8,66,24,8,SHIMA_07,0.6691
2025-10-21,2,L6,Decathlon,Kiprun Carbon Plate,173,156,8,8,0,7,SHIMA_08,0.8585
2025-10-21,3,L6,Decathlon,Kalenji Trail Sole Unit,95,94,4,1,0,8,STITCH_07,0.9555
2025-10-21,1,L7,Nike,Dunk Low Textile Upper,178,148,10,27,0,8,STITCH_08,0.7762
2025-10-21,2,L7,Decathlon,Kiprun Carbon Plate,170,159,5,14,0,10,STITCH_07,0.9103
2025-10-21,3,L7,Decathlon,Kalenji Trail Sole Unit,134,119,4,13,0,10,SHIMA_09,0.8635
2025-10-21,1,L8,Crocs,LiteRide Insole Unit,175,173,9,4,0,5,SOLE_04,0.9401
2025-10-21,2,L8,Crocs,LiteRide Insole Unit,186,160,11,9,31,6,SOLE_03,0.804
2025-10-21,3,L8,Crocs,Classic Clog Strap Assembly,98,83,4,9,38,6,SOLE_04,0.808
2025-10-22,1,L1,Nike,Dunk Low Textile Upper,266,186,15,2,79,4,SHIMA_01,0.6459
2025-10-22,2,L1,Nike,Pegasus 3D Knit Collar,256,240,21,0,0,5,SHIMA_02,0.8574
2025-10-22,1,L2,Nike,Air Max Flyknit Upper,224,184,12,18,33,4,SHIMA_04,0.7706
2025-10-22,2,L2,Nike,Air Max Flyknit Upper,205,140,12,22,82,5,SHIMA_04,0.6246
2025-10-22,1,L3,Nike,Dunk Low Textile Upper,198,195,20,7,0,10,STITCH_02,0.8843
2025-10-22,2,L3,Nike,ZoomX Carbon Plate Insert,181,158,9,18,0,12,STITCH_01,0.8275
2025-10-22,1,L4,Crocs,Classic Clog Strap Assembly,253,205,11,17,0,10,STITCH_04,0.7692
2025-10-22,2,L4,Decathlon,Quechua Hiking Upper,271,218,7,7,42,10,STITCH_04,0.7805
2025-10-22,1,L5,Nike,Vaporfly Engineered Mesh,203,184,18,29,0,10,STITCH_05,0.8206
2025-10-22,2,L5,Crocs,LiteRide Insole Unit,200,146,10,23,40,11,STITCH_05,0.6842
2025-10-22,1,L6,Decathlon,Kalenji Trail Sole Unit,216,176,12,24,0,8,STITCH_07,0.7612
2025-10-22,2,L6,Decathlon,Kiprun Carbon Plate,217,86,3,212,50,6,SHIMA_08,0.3862
2025-10-22,1,L7,Decathlon,Quechua Hiking Upper,199,179,7,23,0,8,STITCH_07,0.8688
2025-10-22,2,L7,Nike,Vaporfly Engineered Mesh,182,84,2,233,0,6,STITCH_07,0.4522
2025-10-22,1,L8,Nike,Vaporfly Engineered Mesh,175,122,10,21,70,6,SOLE_04,0.6437
2025-10-22,2,L8,Nike,Vaporfly Engineered Mesh,150,149,11,1,0,7,SOLE_04,0.9242
2025-10-23,1,L1,Nike,Air Max Flyknit Upper,207,176,6,8,0,4,SHIMA_01,0.8245
2025-10-23,2,L1,Nike,Pegasus 3D Knit Collar,229,200,20,18,19,4,SHIMA_02,0.7898
2025-10-23,3,L1,Decathlon,Kalenji Trail Sole Unit,159,157,12,5,0,5,SHIMA_03,0.9139
2025-10-23,1,L2,Nike,Air Max Flyknit Upper,217,152,14,24,84,7,SHIMA_04,0.6381
2025-10-23,2,L2,Nike,Dunk Low Textile Upper,208,186,5,1,0,6,SHIMA_06,0.8708
2025-10-23,3,L2,Nike,Dunk Low Textile Upper,132,112,10,31,0,7,SHIMA_04,0.7737
2025-10-23,1,L3,Nike,Vaporfly Engineered Mesh,202,143,14,18,69,8,STITCH_02,0.6412
2025-10-23,2,L3,Nike,Pegasus 3D Knit Collar,194,147,10,22,65,12,STITCH_02,0.7082
2025-10-23,3,L3,Nike,Air Max Flyknit Upper,135,114,4,2,25,10,STITCH_02,0.8207
2025-10-23,1,L4,Crocs,LiteRide Insole Unit,231,194,9,22,0,8,STITCH_03,0.8042
2025-10-23,2,L4,Nike,Air Max Flyknit Upper,248,207,9,29,0,10,SOLE_02,0.8005
2025-10-23,3,L4,Crocs,Bayaband Slide Upper,145,129,11,38,0,8,STITCH_03,0.8185
2025-10-23,1,L5,Decathlon,Kiprun Carbon Plate,230,213,11,9,13,10,STITCH_06,0.8786
2025-10-23,2,L5,Crocs,Classic Clog Strap Assembly,226,210,5,8,0,8,SOLE_02,0.9085
2025-10-23,3,L5,Nike,Air Max Flyknit Upper,125,123,6,4,0,8,STITCH_05,0.9433
2025-10-23,1,L6,Decathlon,Kiprun Carbon Plate,198,165,4,19,0,6,STITCH_07,0.8144
2025-10-23,2,L6,Decathlon,Kiprun Carbon Plate,200,178,6,14,0,10,SHIMA_08,0.8606
2025-10-23,3,L6,Decathlon,Kiprun Carbon Plate,121,99,6,1,85,6,SHIMA_07,0.7711
2025-10-23,1,L7,Decathlon,Kalenji Trail Sole Unit,178,172,12,14,0,6,STITCH_08,0.9031
2025-10-23,2,L7,Decathlon,Quechua Hiking Upper,169,84,6,182,58,9,SHIMA_09,0.4643
2025-10-23,3,L7,Decathlon,Quechua Hiking Upper,99,76,3,16,57,10,STITCH_07,0.7389
2025-10-23,1,L8,Decathlon,Quechua Hiking Upper,172,142,4,18,0,8,SOLE_03,0.8048
2025-10-23,2,L8,Nike,ZoomX Carbon Plate Insert,165,147,11,15,0,7,SOLE_04,0.8294
2025-10-23,3,L8,Nike,Vaporfly Engineered Mesh,109,94,6,20,0,6,SOLE_03,0.8126
2025-10-24,1,L1,Nike,Dunk Low Textile Upper,244,222,16,14,0,6,SHIMA_01,0.8468
2025-10-24,2,L1,Nike,Dunk Low Textile Upper,255,241,14,11,0,6,SHIMA_02,0.8923
2025-10-24,1,L2,Nike,ZoomX Carbon Plate Insert,283,231,13,16,56,7,SHIMA_04,0.772
2025-10-24,2,L2,Nike,Vaporfly Engineered Mesh,261,180,11,45,60,5,SHIMA_06,0.6484
2025-10-24,1,L3,Decathlon,Quechua Hiking Upper,196,190,7,4,10,10,STITCH_02,0.9351
2025-10-24,2,L3,Nike,Dunk Low Textile Upper,197,176,12,29,0,10,STITCH_02,0.8335
2025-10-24,1,L4,Crocs,LiteRide Insole Unit,224,164,5,24,75,11,SOLE_02,0.7106
2025-10-24,2,L4,Crocs,LiteRide Insole Unit,249,237,6,22,0,9,STITCH_04,0.93
2025-10-24,1,L5,Decathlon,Kalenji Trail Sole Unit,193,161,11,26,53,9,STITCH_05,0.7783
2025-10-24,2,L5,Crocs,Classic Clog Strap Assembly,193,193,9,0,0,9,STITCH_06,0.9534
2025-10-24,1,L6,Decathlon,Kalenji Trail Sole Unit,193,134,9,8,88,8,STITCH_07,0.6488
2025-10-24,2,L6,Decathlon,Quechua Hiking Upper,206,169,9,26,0,9,STITCH_07,0.7807
2025-10-24,1,L7,Decathlon,Kiprun Carbon Plate,193,163,9,29,0,9,STITCH_07,0.7993
2025-10-24,2,L7,Decathlon,Kiprun Carbon Plate,205,198,11,15,0,8,STITCH_07,0.9149
2025-10-24,1,L8,Decathlon,Kalenji Trail Sole Unit,191,173,12,12,0,7,SOLE_04,0.8473
2025-10-24,2,L8,Nike,Vaporfly Engineered Mesh,195,175,8,11,0,5,SOLE_03,0.8568
2025-10-27,1,L1,Nike,Dunk Low Textile Upper,248,154,12,102,42,4,SHIMA_01,0.573
2025-10-27,2,L1,Nike,ZoomX Carbon Plate Insert,246,212,19,18,48,5,SHIMA_02,0.7852
2025-10-27,1,L2,Crocs,Classic Clog Strap Assembly,289,186,5,143,0,6,SHIMA_04,0.6268
2025-10-27,2,L2,Crocs,Bayaband Slide Upper,272,254,17,29,0,6,SHIMA_04,0.874
2025-10-27,1,L3,Nike,Air Max Flyknit Upper,234,220,10,27,0,8,STITCH_01,0.9009
2025-10-27,2,L3,Crocs,LiteRide Insole Unit,228,202,10,23,24,9,STITCH_01,0.8455
2025-10-27,1,L4,Crocs,Bayaband Slide Upper,207,139,7,20,89,11,STITCH_03,0.6401
2025-10-27,2,L4,Nike,Vaporfly Engineered Mesh,189,187,9,2,0,11,SOLE_02,0.9441
2025-10-27,1,L5,Crocs,Bayaband Slide Upper,189,177,5,9,0,8,STITCH_05,0.915
2025-10-27,2,L5,Crocs,Classic Clog Strap Assembly,207,198,11,20,0,8,STITCH_05,0.9043
2025-10-27,1,L6,Crocs,Classic Clog Strap Assembly,182,155,9,27,0,6,SHIMA_08,0.8055
2025-10-27,2,L6,Decathlon,Quechua Hiking Upper,168,166,7,3,0,10,STITCH_07,0.9518
2025-10-27,1,L7,Decathlon,Kalenji Trail Sole Unit,221,196,7,17,0,10,SHIMA_09,0.8571
2025-10-27,2,L7,Decathlon,Quechua Hiking Upper,193,175,10,26,0,10,SHIMA_09,0.857
2025-10-27,1,L8,Crocs,Classic Clog Strap Assembly,183,161,6,3,27,7,SOLE_03,0.8502
2025-10-27,2,L8,Crocs,Classic Clog Strap Assembly,186,170,10,4,0,7,SOLE_04,0.8614
2025-10-28,1,L1,Nike,Pegasus 3D Knit Collar,291,290,29,1,0,6,SHIMA_02,0.8981
2025-10-28,2,L1,Nike,ZoomX Carbon Plate Insert,287,278,8,11,0,6,SHIMA_03,0.9438
2025-10-28,1,L2,Crocs,Bayaband Slide Upper,225,195,12,13,23,6,SHIMA_04,0.8161
2025-10-28,2,L2,Nike,Pegasus 3D Knit Collar,232,187,17,33,0,4,SHIMA_05,0.7364
2025-10-28,1,L3,Nike,Vaporfly Engineered Mesh,248,220,16,4,0,8,STITCH_01,0.8249
2025-10-28,2,L3,Decathlon,Kalenji Trail Sole Unit,237,90,1,232,64,11,STITCH_01,0.3791
2025-10-28,1,L4,Crocs,Classic Clog Strap Assembly,266,246,5,16,0,10,STITCH_03,0.9086
2025-10-28,2,L4,Decathlon,Kiprun Carbon Plate,228,199,15,3,0,8,SOLE_02,0.8093
2025-10-28,1,L5,Crocs,LiteRide Insole Unit,221,201,7,17,0,9,STITCH_06,0.8792
2025-10-28,2,L5,Crocs,LiteRide Insole Unit,209,142,9,80,29,10,STITCH_06,0.6387
2025-10-28,1,L6,Decathlon,Kiprun Carbon Plate,201,141,9,17,82,9,STITCH_07,0.6601
2025-10-28,2,L6,Decathlon,Kiprun Carbon Plate,201,125,3,161,0,9,SHIMA_08,0.607
2025-10-28,1,L7,Decathlon,Quechua Hiking Upper,167,102,6,185,0,8,STITCH_08,0.5784
2025-10-28,2,L7,Decathlon,Kiprun Carbon Plate,173,138,5,19,66,8,STITCH_08,0.7726
2025-10-28,1,L8,Nike,Dunk Low Textile Upper,193,181,12,4,0,8,SOLE_04,0.8767
2025-10-28,2,L8,Nike,Air Max Flyknit Upper,191,177,10,18,15,6,SOLE_04,0.8786
2025-10-29,1,L1,Nike,Dunk Low Textile Upper,279,211,7,43,71,7,SHIMA_01,0.7332
2025-10-29,2,L1,Nike,Vaporfly Engineered Mesh,279,236,22,25,48,6,SHIMA_02,0.7689
2025-10-29,1,L2,Nike,Air Max Flyknit Upper,221,211,17,0,0,5,SHIMA_06,0.8784
2025-10-29,2,L2,Crocs,LiteRide Insole Unit,237,233,6,7,0,4,SHIMA_06,0.96
2025-10-29,1,L3,Nike,Pegasus 3D Knit Collar,194,191,13,7,0,8,SOLE_01,0.9183
2025-10-29,2,L3,Nike,ZoomX Carbon Plate Insert,200,188,5,28,0,9,STITCH_01,0.9166
2025-10-29,1,L4,Crocs,Classic Clog Strap Assembly,228,217,16,15,0,12,SOLE_02,0.8856
2025-10-29,2,L4,Crocs,Classic Clog Strap Assembly,228,204,7,27,17,11,SOLE_02,0.8647
2025-10-29,1,L5,Decathlon,Kalenji Trail Sole Unit,202,190,12,7,0,10,STITCH_06,0.8853
2025-10-29,2,L5,Crocs,LiteRide Insole Unit,207,172,10,21,59,11,SOLE_02,0.7849
2025-10-29,1,L6,Decathlon,Kiprun Carbon Plate,202,172,4,1,12,8,SHIMA_07,0.8344
2025-10-29,2,L6,Decathlon,Kalenji Trail Sole Unit,196,159,9,19,0,9,SHIMA_07,0.7663
2025-10-29,1,L7,Nike,Dunk Low Textile Upper,209,178,9,23,0,9,STITCH_08,0.8087
2025-10-29,2,L7,Decathlon,Quechua Hiking Upper,208,154,7,21,85,7,SHIMA_09,0.7075
2025-10-29,1,L8,Nike,ZoomX Carbon Plate Insert,185,158,8,7,56,8,SOLE_04,0.8146
2025-10-29,2,L8,Nike,Air Max Flyknit Upper,190,182,15,12,0,6,SOLE_04,0.8799
2025-10-30,1,L1,Nike,Pegasus 3D Knit Collar,260,191,8,2,89,7,SHIMA_01,0.7052
2025-10-30,2,L1,Nike,ZoomX Carbon Plate Insert,250,222,16,10,0,5,SHIMA_02,0.825
2025-10-30,3,L1,Nike,ZoomX Carbon Plate Insert,190,164,8,6,0,5,SHIMA_01,0.8227
2025-10-30,1,L2,Nike,Vaporfly Engineered Mesh,215,197,12,21,17,7,SHIMA_05,0.864
2025-10-30,2,L2,Nike,Dunk Low Textile Upper,202,156,14,29,38,4,SHIMA_04,0.7071
2025-10-30,3,L2,Nike,Pegasus 3D Knit Collar,116,93,5,16,79,7,SHIMA_05,0.759
2025-10-30,1,L3,Nike,Vaporfly Engineered Mesh,193,180,15,22,0,12,SOLE_01,0.8565
2025-10-30,2,L3,Nike,ZoomX Carbon Plate Insert,191,155,10,18,16,11,STITCH_01,0.7641
2025-10-30,3,L3,Nike,ZoomX Carbon Plate Insert,139,117,14,26,0,9,SOLE_01,0.7455
2025-10-30,1,L4,Crocs,Bayaband Slide Upper,218,182,6,16,61,9,STITCH_03,0.8088
2025-10-30,2,L4,Crocs,LiteRide Insole Unit,197,172,3,7,0,10,SOLE_02,0.862
2025-10-30,3,L4,Crocs,Classic Clog Strap Assembly,141,122,4,29,0,12,SOLE_02,0.8394
2025-10-30,1,L5,Crocs,Classic Clog Strap Assembly,221,208,11,28,0,8,STITCH_06,0.8919
2025-10-30,2,L5,Crocs,Classic Clog Strap Assembly,204,198,15,8,0,9,STITCH_06,0.9011
2025-10-30,3,L5,Crocs,Classic Clog Strap Assembly,163,147,8,15,0,9,STITCH_05,0.8573
2025-10-30,1,L6,Nike,Air Max Flyknit Upper,189,106,3,109,71,9,SHIMA_08,0.5485
2025-10-30,2,L6,Decathlon,Quechua Hiking Upper,203,196,8,16,0,8,SHIMA_08,0.9272
2025-10-30,3,L6,Decathlon,Kiprun Carbon Plate,103,94,4,27,0,10,SHIMA_08,0.8761
2025-10-30,1,L7,Decathlon,Quechua Hiking Upper,161,155,9,2,0,9,STITCH_08,0.909
2025-10-30,2,L7,Decathlon,Quechua Hiking Upper,162,149,5,24,0,10,STITCH_08,0.8902
2025-10-30,3,L7,Decathlon,Kiprun Carbon Plate,119,102,9,12,0,6,STITCH_08,0.7874
2025-10-30,1,L8,Nike,ZoomX Carbon Plate Insert,180,142,6,9,37,7,SOLE_04,0.7585
2025-10-30,2,L8,Decathlon,Kalenji Trail Sole Unit,174,156,6,27,0,5,SOLE_04,0.8667
2025-10-30,3,L8,Crocs,LiteRide Insole Unit,136,104,3,3,67,5,SOLE_04,0.7472
2025-10-31,1,L1,Decathlon,Kiprun Carbon Plate,289,252,7,48,0,4,SHIMA_03,0.8507
2025-10-31,2,L1,Nike,Pegasus 3D Knit Collar,296,284,25,18,0,5,SHIMA_03,0.8778
2025-10-31,3,L1,Nike,ZoomX Carbon Plate Insert,185,176,12,21,0,6,SHIMA_01,0.8911
2025-10-31,1,L2,Nike,ZoomX Carbon Plate Insert,246,196,5,18,79,4,SHIMA_06,0.7776
2025-10-31,2,L2,Nike,Pegasus 3D Knit Collar,238,203,19,7,18,6,SHIMA_06,0.7738
2025-10-31,3,L2,Nike,Air Max Flyknit Upper,136,131,11,0,0,6,SHIMA_06,0.8869
2025-10-31,1,L3,Nike,Pegasus 3D Knit Collar,226,223,16,6,0,9,SOLE_01,0.9166
2025-10-31,2,L3,Nike,Dunk Low Textile Upper,241,204,19,7,0,9,STITCH_01,0.7692
2025-10-31,3,L3,Nike,ZoomX Carbon Plate Insert,127,121,4,20,0,9,SOLE_01,0.9267
2025-10-31,1,L4,Crocs,LiteRide Insole Unit,206,149,3,9,68,10,STITCH_03,0.7133
2025-10-31,2,L4,Crocs,LiteRide Insole Unit,183,173,4,26,0,11,SOLE_02,0.924
2025-10-31,3,L4,Crocs,Bayaband Slide Upper,148,126,4,11,0,12,STITCH_03,0.8281
2025-10-31,1,L5,Crocs,Classic Clog Strap Assembly,244,241,9,3,0,12,STITCH_05,0.9512
2025-10-31,2,L5,Crocs,LiteRide Insole Unit,228,184,8,13,78,11,SOLE_02,0.7752
2025-10-31,3,L5,Crocs,LiteRide Insole Unit,136,113,6,19,0,12,STITCH_06,0.787
2025-10-31,1,L6,Decathlon,Kalenji Trail Sole Unit,175,101,3,201,0,10,STITCH_07,0.564
2025-10-31,2,L6,Decathlon,Quechua Hiking Upper,176,149,8,19,0,8,SHIMA_08,0.8048
2025-10-31,3,L6,Decathlon,Kiprun Carbon Plate,131,116,3,1,0,8,SHIMA_08,0.8641
2025-10-31,1,L7,Decathlon,Kalenji Trail Sole Unit,164,155,8,1,0,9,SHIMA_09,0.8979
2025-10-31,2,L7,Decathlon,Kalenji Trail Sole Unit,167,140,5,11,66,10,SHIMA_09,0.8096
2025-10-31,3,L7,Decathlon,Kalenji Trail Sole Unit,118,104,9,10,0,9,STITCH_07,0.8082
2025-10-31,1,L8,Nike,ZoomX Carbon Plate Insert,193,158,13,17,0,6,SOLE_04,0.7513
2025-10-31,2,L8,Nike,Dunk Low Textile Upper,222,215,10,15,0,7,SOLE_04,0.9237
2025-10-31,3,L8,Nike,Pegasus 3D Knit Collar,134,106,11,28,29,5,SOLE_04,0.7139
2025-11-03,1,L1,Crocs,Classic Clog Strap Assembly,265,160,8,132,56,4,SHIMA_01,0.5767
2025-11-03,2,L1,Nike,Dunk Low Textile Upper,253,241,22,10,0,4,SHIMA_01,0.8682
2025-11-03,1,L2,Nike,Pegasus 3D Knit Collar,220,166,10,16,52,7,SHIMA_05,0.7111
2025-11-03,2,L2,Nike,Air Max Flyknit Upper,217,197,13,3,0,5,SHIMA_05,0.8489
2025-11-03,1,L3,Nike,Vaporfly Engineered Mesh,182,153,16,8,0,9,STITCH_02,0.7551
2025-11-03,2,L3,Nike,ZoomX Carbon Plate Insert,183,176,13,17,0,9,STITCH_02,0.8933
2025-11-03,1,L4,Crocs,Bayaband Slide Upper,211,185,5,25,0,10,STITCH_03,0.8541
2025-11-03,2,L4,Crocs,Bayaband Slide Upper,201,176,13,26,0,9,SOLE_02,0.8149
2025-11-03,1,L5,Crocs,LiteRide Insole Unit,228,167,3,7,78,10,SOLE_02,0.7204
2025-11-03,2,L5,Crocs,LiteRide Insole Unit,238,198,11,3,0,8,STITCH_06,0.786
2025-11-03,1,L6,Decathlon,Kalenji Trail Sole Unit,213,186,10,13,0,7,STITCH_07,0.827
2025-11-03,2,L6,Crocs,Classic Clog Strap Assembly,211,117,3,129,69,6,SHIMA_07,0.5421
2025-11-03,1,L7,Decathlon,Kalenji Trail Sole Unit,182,172,6,22,0,7,STITCH_07,0.914
2025-11-03,2,L7,Decathlon,Kalenji Trail Sole Unit,196,189,7,3,0,6,STITCH_07,0.9304
2025-11-03,1,L8,Decathlon,Quechua Hiking Upper,178,124,7,8,89,7,SOLE_04,0.6586
2025-11-03,2,L8,Crocs,Bayaband Slide Upper,181,126,7,8,89,6,SOLE_03,0.6588
2025-11-04,1,L1,Nike,Vaporfly Engineered Mesh,254,240,11,2,0,7,SHIMA_03,0.9053
2025-11-04,2,L1,Nike,Pegasus 3D Knit Collar,253,213,19,20,0,4,SHIMA_01,0.7689
2025-11-04,1,L2,Nike,Air Max Flyknit Upper,218,199,11,18,0,6,SHIMA_04,0.8643
2025-11-04,2,L2,Nike,Dunk Low Textile Upper,214,165,13,24,26,6,SHIMA_04,0.7127
2025-11-04,1,L3,Nike,Pegasus 3D Knit Collar,163,109,5,154,0,11,STITCH_01,0.6438
2025-11-04,2,L3,Decathlon,Kalenji Trail Sole Unit,173,170,8,4,0,11,STITCH_01,0.9385
2025-11-04,1,L4,Crocs,Classic Clog Strap Assembly,236,110,2,223,0,10,STITCH_04,0.4616
2025-11-04,2,L4,Decathlon,Kalenji Trail Sole Unit,222,165,8,8,85,11,SOLE_02,0.7077
2025-11-04,1,L5,Crocs,Bayaband Slide Upper,203,177,9,12,0,9,STITCH_05,0.8312
2025-11-04,2,L5,Crocs,LiteRide Insole Unit,183,156,11,25,0,9,STITCH_06,0.7945
2025-11-04,1,L6,Decathlon,Quechua Hiking Upper,170,150,5,27,0,8,STITCH_07,0.8565
2025-11-04,2,L6,Decathlon,Kalenji Trail Sole Unit,180,174,8,15,0,6,SHIMA_08,0.9242
2025-11-04,1,L7,Decathlon,Quechua Hiking Upper,167,137,9,20,0,9,STITCH_07,0.7696
2025-11-04,2,L7,Decathlon,Kiprun Carbon Plate,170,135,6,23,0,10,STITCH_07,0.764
2025-11-04,1,L8,Nike,Vaporfly Engineered Mesh,175,128,12,4,66,7,SOLE_03,0.6658
2025-11-04,2,L8,Nike,Vaporfly Engineered Mesh,167,144,6,28,0,5,SOLE_03,0.8294
2025-11-05,1,L1,Nike,Dunk Low Textile Upper,251,175,11,23,58,4,SHIMA_02,0.6563
2025-11-05,2,L1,Nike,Air Max Flyknit Upper,241,207,10,7,0,6,SHIMA_01,0.8204
2025-11-05,3,L1,Nike,Dunk Low Textile Upper,164,155,18,25,0,6,SHIMA_03,0.8378
2025-11-05,1,L2,Nike,Pegasus 3D Knit Collar,197,131,9,116,15,6,SHIMA_04,0.6201
2025-11-05,2,L2,Nike,Vaporfly Engineered Mesh,216,144,10,149,10,4,SHIMA_05,0.6223
2025-11-05,3,L2,Crocs,LiteRide Insole Unit,128,112,7,12,45,7,SHIMA_06,0.8262
2025-11-05,1,L3,Decathlon,Kalenji Trail Sole Unit,210,186,10,26,0,12,SOLE_01,0.8406
2025-11-05,2,L3,Nike,Dunk Low Textile Upper,204,167,16,15,0,9,SOLE_01,0.7441
2025-11-05,3,L3,Decathlon,Kalenji Trail Sole Unit,150,125,8,9,0,8,STITCH_02,0.7858
2025-11-05,1,L4,Decathlon,Quechua Hiking Upper,211,202,11,7,0,9,SOLE_02,0.9093
2025-11-05,2,L4,Crocs,Bayaband Slide Upper,212,184,9,0,0,10,SOLE_02,0.8262
2025-11-05,3,L4,Crocs,Bayaband Slide Upper,117,96,6,19,0,8,STITCH_04,0.7693
2025-11-05,1,L5,Nike,Vaporfly Engineered Mesh,204,199,12,7,0,10,STITCH_06,0.9195
2025-11-05,2,L5,Nike,Pegasus 3D Knit Collar,197,177,5,14,0,10,STITCH_05,0.8771
2025-11-05,3,L5,Crocs,LiteRide Insole Unit,143,118,8,29,21,9,STITCH_05,0.7742
2025-11-05,1,L6,Nike,ZoomX Carbon Plate Insert,212,194,12,1,0,10,STITCH_07,0.8611
2025-11-05,2,L6,Decathlon,Quechua Hiking Upper,209,168,5,94,0,6,SHIMA_07,0.7802
2025-11-05,3,L6,Decathlon,Quechua Hiking Upper,151,149,13,0,0,7,STITCH_07,0.9028
2025-11-05,1,L7,Decathlon,Quechua Hiking Upper,181,73,5,232,38,10,STITCH_08,0.3789
2025-11-05,2,L7,Decathlon,Quechua Hiking Upper,169,160,6,17,0,7,STITCH_07,0.9168
2025-11-05,3,L7,Decathlon,Kalenji Trail Sole Unit,97,90,3,14,0,9,STITCH_08,0.9035
2025-11-05,1,L8,Decathlon,Quechua Hiking Upper,215,199,14,8,0,7,SOLE_04,0.8644
2025-11-05,2,L8,Nike,Vaporfly Engineered Mesh,190,154,11,11,79,6,SOLE_03,0.7545
2025-11-05,3,L8,Nike,Dunk Low Textile Upper,133,120,5,10,0,7,SOLE_04,0.8686
2025-11-06,1,L1,Nike,Pegasus 3D Knit Collar,278,239,12,28,14,5,SHIMA_03,0.8179
2025-11-06,2,L1,Nike,Air Max Flyknit Upper,282,213,7,23,66,4,SHIMA_02,0.7327
2025-11-06,3,L1,Nike,Air Max Flyknit Upper,150,127,6,22,0,5,SHIMA_01,0.8074
2025-11-06,1,L2,Nike,Air Max Flyknit Upper,246,121,5,237,0,7,SHIMA_05,0.4748
2025-11-06,2,L2,Nike,Pegasus 3D Knit Collar,230,218,13,23,0,4,SHIMA_04,0.8953
2025-11-06,3,L2,Nike,ZoomX Carbon Plate Insert,161,133,8,25,52,4,SHIMA_05,0.781
2025-11-06,1,L3,Nike,Air Max Flyknit Upper,235,190,6,24,28,8,STITCH_01,0.7862
2025-11-06,2,L3,Nike,Pegasus 3D Knit Collar,223,178,5,24,0,9,STITCH_01,0.7797
2025-11-06,3,L3,Nike,Air Max Flyknit Upper,155,139,15,17,0,8,STITCH_01,0.8017
2025-11-06,1,L4,Crocs,Classic Clog Strap Assembly,251,138,8,164,0,12,SOLE_02,0.5211
2025-11-06,2,L4,Crocs,Classic Clog Strap Assembly,249,191,6,92,18,10,STITCH_03,0.7466
2025-11-06,3,L4,Crocs,Classic Clog Strap Assembly,128,96,6,52,0,12,SOLE_02,0.7061
2025-11-06,1,L5,Nike,ZoomX Carbon Plate Insert,221,171,4,7,85,9,STITCH_06,0.7566
2025-11-06,2,L5,Crocs,Bayaband Slide Upper,233,191,9,11,0,10,SOLE_02,0.7813
2025-11-06,3,L5,Nike,Dunk Low Textile Upper,169,121,9,11,64,8,STITCH_05,0.6633
2025-11-06,1,L6,Crocs,Classic Clog Strap Assembly,188,186,8,4,0,7,STITCH_07,0.949
2025-11-06,2,L6,Decathlon,Kalenji Trail Sole Unit,196,174,6,21,23,6,SHIMA_07,0.8582
2025-11-06,3,L6,Decathlon,Kiprun Carbon Plate,107,99,5,26,0,6,STITCH_07,0.8828
2025-11-06,1,L7,Crocs,LiteRide Insole Unit,154,111,2,66,47,6,SHIMA_09,0.7141
2025-11-06,2,L7,Decathlon,Kiprun Carbon Plate,147,72,4,216,0,7,SHIMA_09,0.4665
2025-11-06,3,L7,Decathlon,Kiprun Carbon Plate,101,99,6,6,0,7,STITCH_07,0.9277
2025-11-06,1,L8,Nike,Pegasus 3D Knit Collar,179,164,13,20,0,5,SOLE_04,0.8479
2025-11-06,2,L8,Nike,Vaporfly Engineered Mesh,184,155,6,7,0,6,SOLE_04,0.8108
2025-11-06,3,L8,Decathlon,Quechua Hiking Upper,128,93,2,26,56,7,SOLE_04,0.7133
2025-11-07,1,L1,Nike,ZoomX Carbon Plate Insert,220,205,6,12,0,4,SHIMA_02,0.9052
2025-11-07,2,L1,Nike,Dunk Low Textile Upper,204,181,10,16,0,5,SHIMA_01,0.8389
2025-11-07,3,L1,Nike,Dunk Low Textile Upper,141,123,16,22,0,5,SHIMA_02,0.7613
2025-11-07,1,L2,Nike,Air Max Flyknit Upper,210,197,9,1,0,4,SHIMA_05,0.8961
2025-11-07,2,L2,Nike,Vaporfly Engineered Mesh,226,200,14,12,0,5,SHIMA_04,0.8239
2025-11-07,3,L2,Crocs,LiteRide Insole Unit,114,91,6,28,0,5,SHIMA_06,0.7459
2025-11-07,1,L3,Nike,Pegasus 3D Knit Collar,176,148,6,19,0,8,SOLE_01,0.8113
2025-11-07,2,L3,Nike,Pegasus 3D Knit Collar,168,122,11,28,85,9,STITCH_02,0.6645
2025-11-07,3,L3,Nike,Vaporfly Engineered Mesh,108,74,8,146,0,11,SOLE_01,0.6155
2025-11-07,1,L4,Crocs,Bayaband Slide Upper,178,174,6,9,0,10,STITCH_04,0.9474
2025-11-07,2,L4,Crocs,Classic Clog Strap Assembly,187,165,5,9,0,9,SOLE_02,0.8593
2025-11-07,3,L4,Nike,Air Max Flyknit Upper,126,110,6,12,0,8,SOLE_02,0.8313
2025-11-07,1,L5,Decathlon,Kiprun Carbon Plate,173,173,6,0,0,11,SOLE_02,0.9653
2025-11-07,2,L5,Crocs,LiteRide Insole Unit,168,156,8,29,0,8,STITCH_06,0.8865
2025-11-07,3,L5,Crocs,LiteRide Insole Unit,110,109,4,3,0,9,SOLE_02,0.9573
2025-11-07,1,L6,Decathlon,Kiprun Carbon Plate,220,115,2,213,0,7,SHIMA_08,0.5166
2025-11-07,2,L6,Crocs,Bayaband Slide Upper,193,171,13,23,0,8,SHIMA_07,0.8232
2025-11-07,3,L6,Nike,Pegasus 3D Knit Collar,156,92,5,183,0,6,SHIMA_07,0.5595
2025-11-07,1,L7,Decathlon,Quechua Hiking Upper,185,165,7,4,0,7,STITCH_07,0.8552
2025-11-07,2,L7,Decathlon,Kiprun Carbon Plate,202,173,6,17,0,6,STITCH_08,0.8313
2025-11-07,3,L7,Decathlon,Kalenji Trail Sole Unit,133,115,3,19,0,6,SHIMA_09,0.8474
2025-11-07,1,L8,Crocs,Classic Clog Strap Assembly,202,182,4,6,0,8,SOLE_03,0.8829
2025-11-07,2,L8,Nike,Vaporfly Engineered Mesh,219,197,10,26,0,5,SOLE_03,0.8576
2025-11-07,3,L8,Crocs,Classic Clog Strap Assembly,120,111,9,2,24,5,SOLE_03,0.8547
2025-11-10,1,L1,Nike,Air Max Flyknit Upper,253,248,22,8,0,5,SHIMA_02,0.8961
2025-11-10,2,L1,Nike,ZoomX Carbon Plate Insert,255,227,20,1,0,6,SHIMA_03,0.8136
2025-11-10,3,L1,Nike,ZoomX Carbon Plate Insert,151,68,8,223,36,7,SHIMA_03,0.4009
2025-11-10,1,L2,Crocs,LiteRide Insole Unit,222,219,5,5,0,4,SHIMA_05,0.967
2025-11-10,2,L2,Nike,Dunk Low Textile Upper,254,235,16,24,0,7,SHIMA_04,0.8651
2025-11-10,3,L2,Nike,Pegasus 3D Knit Collar,141,134,9,23,0,5,SHIMA_06,0.8881
2025-11-10,1,L3,Crocs,Bayaband Slide Upper,191,183,6,13,0,11,STITCH_01,0.9314
2025-11-10,2,L3,Nike,Vaporfly Engineered Mesh,191,156,15,43,0,10,SOLE_01,0.741
2025-11-10,3,L3,Decathlon,Kalenji Trail Sole Unit,132,111,11,26,0,11,SOLE_01,0.7598
2025-11-10,1,L4,Nike,Pegasus 3D Knit Collar,209,160,9,7,88,11,STITCH_04,0.7244
2025-11-10,2,L4,Crocs,LiteRide Insole Unit,220,214,7,10,0,12,STITCH_04,0.9445
2025-11-10,3,L4,Crocs,LiteRide Insole Unit,116,101,2,11,43,11,STITCH_03,0.8601
2025-11-10,1,L5,Crocs,LiteRide Insole Unit,201,115,7,155,0,12,SOLE_02,0.5376
2025-11-10,2,L5,Crocs,LiteRide Insole Unit,220,212,9,7,10,12,STITCH_06,0.9236
2025-11-10,3,L5,Crocs,Bayaband Slide Upper,141,91,6,170,0,8,SOLE_02,0.6033
2025-11-10,1,L6,Decathlon,Kiprun Carbon Plate,167,157,8,26,0,8,SHIMA_07,0.8964
2025-11-10,2,L6,Decathlon,Quechua Hiking Upper,172,78,4,233,0,10,STITCH_07,0.432
2025-11-10,3,L6,Decathlon,Quechua Hiking Upper,104,86,2,12,0,7,SHIMA_07,0.8164
2025-11-10,1,L7,Decathlon,Kiprun Carbon Plate,189,180,8,4,0,8,STITCH_08,0.9128
2025-11-10,2,L7,Decathlon,Quechua Hiking Upper,176,154,5,0,0,10,STITCH_07,0.8513
2025-11-10,3,L7,Decathlon,Quechua Hiking Upper,119,97,10,27,0,6,STITCH_08,0.7326
2025-11-10,1,L8,Crocs,LiteRide Insole Unit,208,202,11,12,0,5,SOLE_04,0.9219
2025-11-10,2,L8,Decathlon,Kalenji Trail Sole Unit,218,210,11,16,0,7,SOLE_03,0.916
2025-11-10,3,L8,Crocs,Bayaband Slide Upper,157,126,10,19,53,7,SOLE_04,0.7446
2025-11-11,1,L1,Nike,Vaporfly Engineered Mesh,253,202,6,44,0,7,SHIMA_01,0.7764
2025-11-11,2,L1,Nike,Vaporfly Engineered Mesh,261,245,18,21,0,5,SHIMA_03,0.8727
2025-11-11,3,L1,Decathlon,Kalenji Trail Sole Unit,155,130,6,29,32,7,SHIMA_01,0.8037
2025-11-11,1,L2,Nike,ZoomX Carbon Plate Insert,258,242,7,5,0,6,SHIMA_06,0.9122
2025-11-11,2,L2,Nike,Pegasus 3D Knit Collar,250,219,6,10,0,7,SHIMA_05,0.854
2025-11-11,3,L2,Nike,Air Max Flyknit Upper,192,188,14,10,0,5,SHIMA_04,0.9062
2025-11-11,1,L3,Nike,Dunk Low Textile Upper,199,155,9,3,35,11,SOLE_01,0.737
2025-11-11,2,L3,Nike,Dunk Low Textile Upper,178,170,11,10,0,10,STITCH_01,0.8956
2025-11-11,3,L3,Nike,Air Max Flyknit Upper,106,58,2,92,83,12,SOLE_01,0.5358
2025-11-11,1,L4,Crocs,Bayaband Slide Upper,192,189,5,6,0,8,SOLE_02,0.9614
2025-11-11,2,L4,Crocs,Classic Clog Strap Assembly,188,165,8,0,44,10,SOLE_02,0.8378
2025-11-11,3,L4,Decathlon,Kiprun Carbon Plate,119,98,9,28,41,8,SOLE_02,0.7513
2025-11-11,1,L5,Crocs,LiteRide Insole Unit,196,135,7,147,0,12,STITCH_05,0.6578
2025-11-11,2,L5,Crocs,Classic Clog Strap Assembly,171,153,3,0,0,10,STITCH_06,0.8806
2025-11-11,3,L5,Crocs,Bayaband Slide Upper,132,116,10,0,0,9,STITCH_06,0.8078
2025-11-11,1,L6,Decathlon,Kiprun Carbon Plate,202,167,10,7,50,7,SHIMA_07,0.7797
2025-11-11,2,L6,Decathlon,Kalenji Trail Sole Unit,221,189,10,22,0,9,SHIMA_07,0.8102
2025-11-11,3,L6,Decathlon,Quechua Hiking Upper,125,100,6,17,76,6,STITCH_07,0.7531
2025-11-11,1,L7,Decathlon,Kiprun Carbon Plate,151,135,4,20,0,8,STITCH_07,0.8708
2025-11-11,2,L7,Decathlon,Kalenji Trail Sole Unit,158,128,4,9,81,9,SHIMA_09,0.7871
2025-11-11,3,L7,Decathlon,Kiprun Carbon Plate,86,83,3,12,0,6,STITCH_08,0.9398
2025-11-11,1,L8,Nike,Air Max Flyknit Upper,238,232,8,11,0,8,SOLE_04,0.9434
2025-11-11,2,L8,Crocs,LiteRide Insole Unit,211,193,5,4,0,5,SOLE_03,0.8947
2025-11-11,3,L8,Nike,Vaporfly Engineered Mesh,140,133,15,3,0,5,SOLE_03,0.8465
2025-11-12,1,L1,Nike,Pegasus 3D Knit Collar,282,257,13,3,0,5,SHIMA_03,0.8674
2025-11-12,2,L1,Nike,Pegasus 3D Knit Collar,259,229,12,10,0,7,SHIMA_03,0.8414
2025-11-12,3,L1,Nike,Dunk Low Textile Upper,153,140,20,16,0,7,SHIMA_03,0.7876
2025-11-12,1,L2,Nike,Pegasus 3D Knit Collar,266,238,22,29,0,4,SHIMA_05,0.8138
2025-11-12,2,L2,Nike,Pegasus 3D Knit Collar,250,242,8,15,0,7,SHIMA_06,0.9367
2025-11-12,3,L2,Nike,Dunk Low Textile Upper,180,159,6,6,39,6,SHIMA_04,0.8507
2025-11-12,1,L3,Nike,Dunk Low Textile Upper,209,184,13,19,33,11,SOLE_01,0.8219
2025-11-12,2,L3,Crocs,LiteRide Insole Unit,209,184,7,27,0,12,SOLE_01,0.8514
2025-11-12,3,L3,Nike,ZoomX Carbon Plate Insert,127,107,13,19,0,8,STITCH_01,0.746
2025-11-12,1,L4,Nike,Air Max Flyknit Upper,206,197,14,0,0,9,STITCH_03,0.8886
2025-11-12,2,L4,Crocs,Classic Clog Strap Assembly,223,184,12,11,0,10,SOLE_02,0.7733
2025-11-12,3,L4,Crocs,Classic Clog Strap Assembly,150,127,3,8,21,8,STITCH_03,0.829
2025-11-12,1,L5,Crocs,Classic Clog Strap Assembly,215,87,3,176,86,10,STITCH_06,0.3946
2025-11-12,2,L5,Nike,Air Max Flyknit Upper,212,210,19,3,0,8,STITCH_06,0.9038
2025-11-12,3,L5,Crocs,Classic Clog Strap Assembly,125,109,3,29,0,11,STITCH_05,0.8549
2025-11-12,1,L6,Decathlon,Quechua Hiking Upper,191,166,13,23,11,10,SHIMA_08,0.8055
2025-11-12,2,L6,Decathlon,Quechua Hiking Upper,198,198,11,0,0,7,STITCH_07,0.9444
2025-11-12,3,L6,Decathlon,Kalenji Trail Sole Unit,136,79,7,161,0,10,SHIMA_08,0.5298
2025-11-12,1,L7,Decathlon,Quechua Hiking Upper,186,173,7,0,0,6,STITCH_07,0.8937
2025-11-12,2,L7,Decathlon,Quechua Hiking Upper,175,115,5,47,67,6,STITCH_08,0.6298
2025-11-12,3,L7,Decathlon,Kalenji Trail Sole Unit,118,96,8,21,0,10,SHIMA_09,0.7462
2025-11-12,1,L8,Decathlon,Quechua Hiking Upper,184,172,7,10,0,8,SOLE_03,0.8992
2025-11-12,2,L8,Nike,Vaporfly Engineered Mesh,171,130,7,24,80,8,SOLE_04,0.7194
2025-11-12,3,L8,Nike,Vaporfly Engineered Mesh,108,94,5,8,0,8,SOLE_04,0.829
2025-11-13,1,L1,Nike,Pegasus 3D Knit Collar,252,245,27,5,0,4,SHIMA_03,0.8684
2025-11-13,2,L1,Nike,Pegasus 3D Knit Collar,257,223,10,29,34,6,SHIMA_03,0.8298
2025-11-13,1,L2,Nike,Pegasus 3D Knit Collar,275,230,9,11,0,4,SHIMA_06,0.8066
2025-11-13,2,L2,Nike,Dunk Low Textile Upper,258,223,14,27,0,4,SHIMA_06,0.8124
2025-11-13,1,L3,Nike,Pegasus 3D Knit Collar,176,167,6,23,0,12,STITCH_01,0.9179
2025-11-13,2,L3,Nike,ZoomX Carbon Plate Insert,174,129,4,13,59,10,SOLE_01,0.7227
2025-11-13,1,L4,Crocs,Classic Clog Strap Assembly,187,170,3,8,34,9,STITCH_03,0.8943
2025-11-13,2,L4,Crocs,LiteRide Insole Unit,212,170,12,15,0,8,SOLE_02,0.7493
2025-11-13,1,L5,Crocs,Bayaband Slide Upper,196,157,3,20,0,11,STITCH_06,0.7886
2025-11-13,2,L5,Nike,ZoomX Carbon Plate Insert,206,184,8,16,0,12,STITCH_05,0.8549
2025-11-13,1,L6,Decathlon,Kalenji Trail Sole Unit,190,108,7,206,0,10,SHIMA_08,0.5338
2025-11-13,2,L6,Nike,Air Max Flyknit Upper,204,186,19,20,0,9,STITCH_07,0.8226
2025-11-13,1,L7,Nike,Air Max Flyknit Upper,203,177,14,15,45,9,STITCH_07,0.8058
2025-11-13,2,L7,Decathlon,Kiprun Carbon Plate,198,188,12,23,0,6,SHIMA_09,0.8913
2025-11-13,1,L8,Nike,Vaporfly Engineered Mesh,172,88,6,232,0,7,SOLE_03,0.4814
2025-11-13,2,L8,Crocs,LiteRide Insole Unit,160,139,7,23,17,5,SOLE_04,0.8298
2025-11-14,1,L1,Crocs,Classic Clog Strap Assembly,219,180,9,8,0,6,SHIMA_03,0.7819
2025-11-14,2,L1,Nike,ZoomX Carbon Plate Insert,219,177,5,91,0,7,SHIMA_02,0.7875
2025-11-14,3,L1,Nike,Dunk Low Textile Upper,121,91,13,24,67,5,SHIMA_02,0.6491
2025-11-14,1,L2,Nike,Dunk Low Textile Upper,236,201,16,2,0,4,SHIMA_05,0.7851
2025-11-14,2,L2,Nike,Vaporfly Engineered Mesh,215,194,14,9,0,6,SHIMA_06,0.8392
2025-11-14,3,L2,Nike,Vaporfly Engineered Mesh,155,152,12,7,0,6,SHIMA_04,0.9076
2025-11-14,1,L3,Nike,ZoomX Carbon Plate Insert,200,184,8,20,0,9,STITCH_02,0.8831
2025-11-14,2,L3,Nike,Air Max Flyknit Upper,231,190,11,19,0,8,STITCH_01,0.777
2025-11-14,3,L3,Nike,Pegasus 3D Knit Collar,127,119,6,9,0,12,STITCH_01,0.8937
2025-11-14,1,L4,Crocs,Bayaband Slide Upper,227,160,12,18,70,10,STITCH_03,0.6532
2025-11-14,2,L4,Crocs,Bayaband Slide Upper,215,197,4,4,0,10,SOLE_02,0.8994
2025-11-14,3,L4,Crocs,LiteRide Insole Unit,142,105,8,123,0,9,STITCH_04,0.6871
2025-11-14,1,L5,Crocs,Bayaband Slide Upper,196,175,10,2,0,8,SOLE_02,0.8449
2025-11-14,2,L5,Crocs,LiteRide Insole Unit,193,156,3,21,0,10,SOLE_02,0.7961
2025-11-14,3,L5,Crocs,LiteRide Insole Unit,107,90,7,23,0,11,STITCH_05,0.7813
2025-11-14,1,L6,Crocs,LiteRide Insole Unit,168,152,5,10,0,7,SHIMA_07,0.8784
2025-11-14,2,L6,Decathlon,Kiprun Carbon Plate,189,178,3,21,0,9,SHIMA_07,0.9307
2025-11-14,3,L6,Decathlon,Kiprun Carbon Plate,103,92,5,0,0,10,STITCH_07,0.8462
2025-11-14,1,L7,Decathlon,Quechua Hiking Upper,176,141,10,26,0,6,SHIMA_09,0.7453
2025-11-14,2,L7,Decathlon,Kalenji Trail Sole Unit,179,162,5,26,0,7,SHIMA_09,0.8798
2025-11-14,3,L7,Decathlon,Kiprun Carbon Plate,108,101,10,27,0,10,SHIMA_09,0.8503
2025-11-14,1,L8,Nike,Vaporfly Engineered Mesh,186,159,5,27,0,7,SOLE_03,0.8322
2025-11-14,2,L8,Nike,Air Max Flyknit Upper,172,147,15,10,38,8,SOLE_03,0.7694
2025-11-14,3,L8,Nike,Air Max Flyknit Upper,97,91,7,11,0,6,SOLE_03,0.8699
2025-11-17,1,L1,Nike,ZoomX Carbon Plate Insert,261,218,18,24,0,5,SHIMA_03,0.7681
2025-11-17,2,L1,Nike,Dunk Low Textile Upper,263,249,25,12,0,7,SHIMA_01,0.8546
2025-11-17,1,L2,Nike,Vaporfly Engineered Mesh,228,216,6,3,0,6,SHIMA_06,0.9232
2025-11-17,2,L2,Nike,Pegasus 3D Knit Collar,220,192,7,16,0,6,SHIMA_04,0.8423
2025-11-17,1,L3,Nike,ZoomX Carbon Plate Insert,179,147,6,18,0,8,SOLE_01,0.7923
2025-11-17,2,L3,Nike,Pegasus 3D Knit Collar,182,170,15,15,0,11,STITCH_01,0.8544
2025-11-17,1,L4,Crocs,LiteRide Insole Unit,204,196,4,4,0,10,STITCH_04,0.9431
2025-11-17,2,L4,Crocs,Classic Clog Strap Assembly,206,183,9,3,49,11,STITCH_04,0.8478
2025-11-17,1,L5,Crocs,Classic Clog Strap Assembly,210,146,8,24,72,10,STITCH_05,0.6591
2025-11-17,2,L5,Crocs,LiteRide Insole Unit,231,206,9,24,0,10,STITCH_06,0.8539
2025-11-17,1,L6,Nike,ZoomX Carbon Plate Insert,177,168,14,11,0,7,SHIMA_07,0.8734
2025-11-17,2,L6,Decathlon,Kalenji Trail Sole Unit,191,163,8,24,0,9,SHIMA_08,0.8122
2025-11-17,1,L7,Decathlon,Quechua Hiking Upper,200,162,6,15,0,9,STITCH_08,0.7822
2025-11-17,2,L7,Crocs,Bayaband Slide Upper,192,190,14,5,0,8,STITCH_08,0.9167
2025-11-17,1,L8,Crocs,Bayaband Slide Upper,188,86,2,223,0,5,SOLE_03,0.447
2025-11-17,2,L8,Decathlon,Quechua Hiking Upper,190,172,12,21,0,5,SOLE_03,0.8429
2025-11-18,1,L1,Nike,Pegasus 3D Knit Collar,253,205,7,13,0,5,SHIMA_01,0.7846
2025-11-18,2,L1,Nike,ZoomX Carbon Plate Insert,259,254,16,8,0,4,SHIMA_02,0.9214
2025-11-18,3,L1,Nike,Air Max Flyknit Upper,154,129,16,26,0,6,SHIMA_02,0.737
2025-11-18,1,L2,Nike,Dunk Low Textile Upper,214,181,7,22,38,4,SHIMA_06,0.8145
2025-11-18,2,L2,Decathlon,Kalenji Trail Sole Unit,194,184,13,21,0,4,SHIMA_05,0.8858
2025-11-18,3,L2,Nike,Pegasus 3D Knit Collar,130,108,13,11,0,5,SHIMA_06,0.7356
2025-11-18,1,L3,Nike,Dunk Low Textile Upper,200,175,12,28,0,9,STITCH_02,0.8193
2025-11-18,2,L3,Nike,Dunk Low Textile Upper,197,164,12,24,0,10,STITCH_01,0.7749
2025-11-18,3,L3,Nike,Air Max Flyknit Upper,153,116,10,18,42,11,STITCH_02,0.6959
2025-11-18,1,L4,Crocs,Classic Clog Strap Assembly,214,169,12,27,0,9,STITCH_03,0.736
2025-11-18,2,L4,Crocs,LiteRide Insole Unit,210,185,11,23,0,8,SOLE_02,0.8324
2025-11-18,3,L4,Nike,Air Max Flyknit Upper,147,57,3,230,62,8,STITCH_03,0.3711
2025-11-18,1,L5,Decathlon,Kalenji Trail Sole Unit,215,104,3,216,0,12,SOLE_02,0.4699
2025-11-18,2,L5,Crocs,LiteRide Insole Unit,198,170,11,1,66,12,STITCH_05,0.8047
2025-11-18,3,L5,Crocs,Classic Clog Strap Assembly,137,114,10,22,0,9,STITCH_06,0.7632
2025-11-18,1,L6,Decathlon,Kalenji Trail Sole Unit,188,150,3,23,0,6,SHIMA_08,0.7857
2025-11-18,2,L6,Decathlon,Kiprun Carbon Plate,207,204,8,5,0,7,STITCH_07,0.9508
2025-11-18,3,L6,Decathlon,Kiprun Carbon Plate,143,136,12,23,0,7,SHIMA_08,0.8681
2025-11-18,1,L7,Decathlon,Kiprun Carbon Plate,193,186,12,17,0,6,SHIMA_09,0.9024
2025-11-18,2,L7,Crocs,Bayaband Slide Upper,169,147,9,15,0,9,SHIMA_09,0.8197
2025-11-18,3,L7,Decathlon,Kalenji Trail Sole Unit,134,117,8,14,0,7,STITCH_08,0.8162
2025-11-18,1,L8,Crocs,LiteRide Insole Unit,171,145,5,10,0,8,SOLE_04,0.8206
2025-11-18,2,L8,Nike,Pegasus 3D Knit Collar,162,117,9,14,58,6,SOLE_04,0.672
2025-11-18,3,L8,Nike,Dunk Low Textile Upper,110,93,6,13,0,6,SOLE_04,0.7919
2025-11-19,1,L1,Nike,ZoomX Carbon Plate Insert,274,257,24,5,0,5,SHIMA_01,0.8537
2025-11-19,2,L1,Nike,Vaporfly Engineered Mesh,249,238,10,20,0,4,SHIMA_02,0.9181
2025-11-19,1,L2,Nike,Dunk Low Textile Upper,258,238,15,28,0,5,SHIMA_04,0.8673
2025-11-19,2,L2,Nike,Air Max Flyknit Upper,266,239,18,11,0,6,SHIMA_04,0.8309
2025-11-19,1,L3,Nike,ZoomX Carbon Plate Insert,182,166,7,26,0,10,SOLE_01,0.8758
2025-11-19,2,L3,Nike,ZoomX Carbon Plate Insert,202,121,4,171,0,8,STITCH_01,0.5814
2025-11-19,1,L4,Crocs,Bayaband Slide Upper,183,135,6,8,76,10,SOLE_02,0.7082
2025-11-19,2,L4,Crocs,Classic Clog Strap Assembly,206,196,7,23,0,11,STITCH_04,0.9181
2025-11-19,1,L5,Crocs,LiteRide Insole Unit,194,137,10,80,0,11,SOLE_02,0.6594
2025-11-19,2,L5,Crocs,Bayaband Slide Upper,210,114,4,176,38,8,STITCH_06,0.5244
2025-11-19,1,L6,Crocs,Bayaband Slide Upper,175,105,6,175,0,6,SHIMA_08,0.5676
2025-11-19,2,L6,Decathlon,Kiprun Carbon Plate,173,122,4,52,86,9,SHIMA_08,0.6833
2025-11-19,1,L7,Nike,Air Max Flyknit Upper,206,159,16,19,19,8,SHIMA_09,0.6951
2025-11-19,2,L7,Decathlon,Kalenji Trail Sole Unit,206,159,6,8,40,10,STITCH_08,0.7429
2025-11-19,1,L8,Crocs,LiteRide Insole Unit,197,193,5,8,0,5,SOLE_04,0.9579
2025-11-19,2,L8,Nike,Vaporfly Engineered Mesh,175,164,6,13,0,8,SOLE_03,0.9069
2025-11-20,1,L1,Nike,Air Max Flyknit Upper,236,199,12,6,25,6,SHIMA_03,0.7941
2025-11-20,2,L1,Nike,Air Max Flyknit Upper,235,186,20,15,85,4,SHIMA_02,0.7065
2025-11-20,3,L1,Nike,Dunk Low Textile Upper,125,105,9,19,57,5,SHIMA_02,0.7695
2025-11-20,1,L2,Nike,Air Max Flyknit Upper,245,195,14,26,0,7,SHIMA_05,0.7404
2025-11-20,2,L2,Nike,ZoomX Carbon Plate Insert,257,206,9,22,44,6,SHIMA_06,0.7679
2025-11-20,3,L2,Nike,Pegasus 3D Knit Collar,142,137,13,15,0,4,SHIMA_05,0.8768
2025-11-20,1,L3,Nike,Dunk Low Textile Upper,173,82,3,239,0,12,STITCH_01,0.4594
2025-11-20,2,L3,Nike,Vaporfly Engineered Mesh,168,140,4,26,0,9,STITCH_02,0.8149
2025-11-20,3,L3,Nike,Pegasus 3D Knit Collar,130,109,5,21,0,12,SOLE_01,0.8004
2025-11-20,1,L4,Crocs,Bayaband Slide Upper,226,187,3,23,0,11,SOLE_02,0.8156
2025-11-20,2,L4,Crocs,Bayaband Slide Upper,235,190,9,19,0,9,SOLE_02,0.7735
2025-11-20,3,L4,Crocs,Bayaband Slide Upper,147,125,10,11,59,8,STITCH_04,0.7858
2025-11-20,1,L5,Decathlon,Kalenji Trail Sole Unit,193,111,4,182,0,12,STITCH_05,0.5574
2025-11-20,2,L5,Nike,Vaporfly Engineered Mesh,192,165,13,9,0,11,SOLE_02,0.7924
2025-11-20,3,L5,Nike,Vaporfly Engineered Mesh,122,113,13,17,0,10,SOLE_02,0.8238
2025-11-20,1,L6,Nike,Air Max Flyknit Upper,198,171,4,26,0,8,SHIMA_08,0.8478
2025-11-20,2,L6,Decathlon,Kalenji Trail Sole Unit,170,128,3,117,0,10,SHIMA_07,0.7385
2025-11-20,3,L6,Decathlon,Kalenji Trail Sole Unit,136,109,5,21,0,9,SHIMA_07,0.7711
2025-11-20,1,L7,Crocs,Classic Clog Strap Assembly,143,137,3,18,0,7,STITCH_08,0.9414
2025-11-20,2,L7,Decathlon,Kiprun Carbon Plate,144,132,3,26,0,7,SHIMA_09,0.8973
2025-11-20,3,L7,Decathlon,Kiprun Carbon Plate,97,93,5,15,0,10,STITCH_08,0.9167
2025-11-20,1,L8,Crocs,LiteRide Insole Unit,184,129,6,1,83,6,SOLE_04,0.6699
2025-11-20,2,L8,Decathlon,Quechua Hiking Upper,160,146,6,12,0,6,SOLE_03,0.8781
2025-11-20,3,L8,Nike,Air Max Flyknit Upper,107,77,4,26,74,7,SOLE_04,0.6877
2025-11-21,1,L1,Nike,Vaporfly Engineered Mesh,256,238,25,3,0,6,SHIMA_01,0.8351
2025-11-21,2,L1,Nike,Dunk Low Textile Upper,264,246,19,20,0,7,SHIMA_01,0.8603
2025-11-21,3,L1,Nike,Pegasus 3D Knit Collar,146,143,19,8,0,7,SHIMA_02,0.8527
2025-11-21,1,L2,Nike,Dunk Low Textile Upper,213,161,8,3,46,6,SHIMA_06,0.719
2025-11-21,2,L2,Nike,Pegasus 3D Knit Collar,220,187,15,26,0,5,SHIMA_06,0.7818
2025-11-21,3,L2,Nike,Pegasus 3D Knit Collar,136,93,9,87,17,5,SHIMA_05,0.6182
2025-11-21,1,L3,Nike,Pegasus 3D Knit Collar,195,193,9,3,0,9,STITCH_01,0.9474
2025-11-21,2,L3,Nike,ZoomX Carbon Plate Insert,211,184,16,18,0,9,STITCH_02,0.7987
2025-11-21,3,L3,Nike,Vaporfly Engineered Mesh,131,111,10,18,0,10,STITCH_01,0.7769
2025-11-21,1,L4,Crocs,Bayaband Slide Upper,197,139,3,95,0,8,STITCH_03,0.694
2025-11-21,2,L4,Crocs,Bayaband Slide Upper,219,193,14,27,0,8,STITCH_03,0.8196
2025-11-21,3,L4,Nike,Dunk Low Textile Upper,145,129,12,1,0,10,STITCH_04,0.8109
2025-11-21,1,L5,Nike,Vaporfly Engineered Mesh,219,195,7,27,0,8,STITCH_05,0.8596
2025-11-21,2,L5,Decathlon,Quechua Hiking Upper,206,170,13,8,0,9,STITCH_06,0.7655
2025-11-21,3,L5,Decathlon,Kalenji Trail Sole Unit,131,118,10,3,0,11,STITCH_06,0.8269
2025-11-21,1,L6,Decathlon,Kalenji Trail Sole Unit,165,114,5,29,79,9,SHIMA_07,0.663
2025-11-21,2,L6,Decathlon,Quechua Hiking Upper,172,164,5,0,0,6,SHIMA_08,0.9246
2025-11-21,3,L6,Decathlon,Kiprun Carbon Plate,100,97,6,12,0,9,SHIMA_08,0.911
2025-11-21,1,L7,Decathlon,Kalenji Trail Sole Unit,208,182,5,6,0,7,STITCH_07,0.8547
2025-11-21,2,L7,Decathlon,Kalenji Trail Sole Unit,201,179,9,3,0,8,STITCH_08,0.8484
2025-11-21,3,L7,Nike,Pegasus 3D Knit Collar,144,135,20,22,0,8,STITCH_07,0.8034
2025-11-21,1,L8,Crocs,Classic Clog Strap Assembly,199,169,5,8,64,6,SOLE_03,0.8249
2025-11-21,2,L8,Nike,ZoomX Carbon Plate Insert,215,172,12,3,19,6,SOLE_04,0.7444
2025-11-21,3,L8,Crocs,Bayaband Slide Upper,119,100,9,8,0,6,SOLE_03,0.7648
2025-11-24,1,L1,Nike,Vaporfly Engineered Mesh,254,183,11,19,85,5,SHIMA_02,0.6773
2025-11-24,2,L1,Nike,Air Max Flyknit Upper,239,209,17,2,0,5,SHIMA_03,0.8049
2025-11-24,3,L1,Nike,Vaporfly Engineered Mesh,155,150,9,5,0,5,SHIMA_03,0.9121
2025-11-24,1,L2,Nike,Air Max Flyknit Upper,232,211,5,27,0,5,SHIMA_04,0.8892
2025-11-24,2,L2,Decathlon,Kalenji Trail Sole Unit,226,205,11,28,0,4,SHIMA_06,0.86
2025-11-24,3,L2,Nike,Air Max Flyknit Upper,163,130,13,96,0,7,SHIMA_05,0.72
2025-11-24,1,L3,Nike,Vaporfly Engineered Mesh,184,180,5,10,0,8,STITCH_01,0.952
2025-11-24,2,L3,Nike,Air Max Flyknit Upper,187,143,13,93,0,10,STITCH_02,0.6999
2025-11-24,3,L3,Nike,Dunk Low Textile Upper,103,80,3,7,42,10,SOLE_01,0.753
2025-11-24,1,L4,Nike,Pegasus 3D Knit Collar,222,182,9,1,18,10,STITCH_03,0.7794
2025-11-24,2,L4,Decathlon,Quechua Hiking Upper,227,208,9,5,0,10,STITCH_03,0.8803
2025-11-24,3,L4,Crocs,LiteRide Insole Unit,139,121,12,28,0,11,SOLE_02,0.7883
2025-11-24,1,L5,Crocs,Bayaband Slide Upper,232,165,5,12,57,9,STITCH_06,0.6926
2025-11-24,2,L5,Crocs,Classic Clog Strap Assembly,234,217,11,5,0,9,STITCH_05,0.8827
2025-11-24,3,L5,Nike,Air Max Flyknit Upper,131,106,16,17,0,10,STITCH_06,0.6889
2025-11-24,1,L6,Decathlon,Kiprun Carbon Plate,195,168,8,16,0,7,STITCH_07,0.8252
2025-11-24,2,L6,Decathlon,Kalenji Trail Sole Unit,225,178,8,5,22,6,SHIMA_07,0.7578
2025-11-24,3,L6,Decathlon,Quechua Hiking Upper,132,109,6,14,11,8,SHIMA_07,0.7841
2025-11-24,1,L7,Decathlon,Kiprun Carbon Plate,182,141,3,25,22,6,STITCH_08,0.7587
2025-11-24,2,L7,Decathlon,Quechua Hiking Upper,190,154,9,12,0,8,SHIMA_09,0.7674
2025-11-24,3,L7,Crocs,LiteRide Insole Unit,133,118,7,21,0,7,SHIMA_09,0.8413
2025-11-24,1,L8,Nike,ZoomX Carbon Plate Insert,186,156,6,12,0,7,SOLE_03,0.8087
2025-11-24,2,L8,Nike,Vaporfly Engineered Mesh,190,178,12,7,0,7,SOLE_03,0.8773
2025-11-24,3,L8,Decathlon,Quechua Hiking Upper,127,86,3,12,89,6,SOLE_03,0.6597
2025-11-25,1,L1,Nike,Vaporfly Engineered Mesh,256,141,12,193,11,6,SHIMA_02,0.5059
2025-11-25,2,L1,Nike,ZoomX Carbon Plate Insert,245,210,17,26,42,5,SHIMA_02,0.7884
2025-11-25,3,L1,Decathlon,Quechua Hiking Upper,157,117,5,5,61,5,SHIMA_03,0.7146
2025-11-25,1,L2,Nike,Vaporfly Engineered Mesh,201,185,16,5,0,6,SHIMA_04,0.8443
2025-11-25,2,L2,Nike,ZoomX Carbon Plate Insert,218,180,9,18,57,5,SHIMA_04,0.7848
2025-11-25,3,L2,Nike,Air Max Flyknit Upper,146,120,15,85,0,6,SHIMA_05,0.7201
2025-11-25,1,L3,Nike,Vaporfly Engineered Mesh,213,187,17,26,26,9,STITCH_02,0.8018
2025-11-25,2,L3,Crocs,Bayaband Slide Upper,218,211,12,14,0,11,STITCH_02,0.9156
2025-11-25,3,L3,Nike,Vaporfly Engineered Mesh,154,134,5,22,18,12,SOLE_01,0.8389
2025-11-25,1,L4,Crocs,LiteRide Insole Unit,217,196,15,10,0,8,STITCH_04,0.8383
2025-11-25,2,L4,Crocs,Bayaband Slide Upper,218,193,5,11,0,10,SOLE_02,0.8668
2025-11-25,3,L4,Crocs,LiteRide Insole Unit,144,126,11,10,50,11,STITCH_04,0.7986
2025-11-25,1,L5,Crocs,LiteRide Insole Unit,224,189,12,4,0,12,SOLE_02,0.7904
2025-11-25,2,L5,Nike,Vaporfly Engineered Mesh,210,189,16,0,0,11,SOLE_02,0.8276
2025-11-25,3,L5,Crocs,Bayaband Slide Upper,123,93,5,9,75,8,STITCH_06,0.7163
2025-11-25,1,L6,Decathlon,Kiprun Carbon Plate,214,199,10,5,23,10,SHIMA_08,0.8834
2025-11-25,2,L6,Decathlon,Kiprun Carbon Plate,214,196,6,8,32,6,SHIMA_07,0.8886
2025-11-25,3,L6,Decathlon,Quechua Hiking Upper,141,135,13,3,0,8,STITCH_07,0.8665
2025-11-25,1,L7,Decathlon,Kiprun Carbon Plate,194,90,5,222,0,9,STITCH_08,0.4384
2025-11-25,2,L7,Decathlon,Kiprun Carbon Plate,190,165,8,4,0,10,SHIMA_09,0.8274
2025-11-25,3,L7,Decathlon,Quechua Hiking Upper,150,136,10,13,0,7,STITCH_07,0.8428
2025-11-25,1,L8,Nike,Pegasus 3D Knit Collar,205,204,11,1,0,8,SOLE_04,0.9441
2025-11-25,2,L8,Nike,Air Max Flyknit Upper,215,190,8,20,0,8,SOLE_04,0.8468
2025-11-25,3,L8,Crocs,LiteRide Insole Unit,126,117,3,4,0,5,SOLE_04,0.906
2025-11-26,1,L1,Nike,ZoomX Carbon Plate Insert,236,204,11,9,0,7,SHIMA_03,0.8194
2025-11-26,2,L1,Nike,Vaporfly Engineered Mesh,233,201,9,9,0,6,SHIMA_03,0.8253
2025-11-26,1,L2,Nike,Pegasus 3D Knit Collar,220,210,6,20,0,7,SHIMA_04,0.931
2025-11-26,2,L2,Nike,ZoomX Carbon Plate Insert,225,182,9,20,0,7,SHIMA_06,0.7722
2025-11-26,1,L3,Nike,Pegasus 3D Knit Collar,206,178,15,25,0,12,STITCH_01,0.7924
2025-11-26,2,L3,Nike,Dunk Low Textile Upper,225,180,15,16,80,10,STITCH_01,0.7333
2025-11-26,1,L4,Decathlon,Quechua Hiking Upper,221,190,10,5,0,11,STITCH_03,0.8152
2025-11-26,2,L4,Crocs,Classic Clog Strap Assembly,201,176,13,24,0,12,STITCH_03,0.8147
2025-11-26,1,L5,Crocs,Classic Clog Strap Assembly,193,171,5,0,0,12,STITCH_05,0.8627
2025-11-26,2,L5,Crocs,Bayaband Slide Upper,176,155,7,6,0,8,STITCH_06,0.8433
2025-11-26,1,L6,Decathlon,Quechua Hiking Upper,193,100,3,226,0,10,SHIMA_07,0.5056
2025-11-26,2,L6,Decathlon,Quechua Hiking Upper,193,176,11,25,0,8,SHIMA_07,0.8593
2025-11-26,1,L7,Decathlon,Quechua Hiking Upper,180,79,4,238,0,8,STITCH_08,0.4199
2025-11-26,2,L7,Decathlon,Quechua Hiking Upper,167,76,2,219,0,10,STITCH_07,0.4446
2025-11-26,1,L8,Decathlon,Kalenji Trail Sole Unit,153,134,7,29,0,6,SOLE_04,0.8329
2025-11-26,2,L8,Decathlon,Kalenji Trail Sole Unit,155,123,6,8,40,7,SOLE_03,0.7584
2025-11-27,1,L1,Nike,Vaporfly Engineered Mesh,240,234,25,8,0,6,SHIMA_03,0.8721
2025-11-27,2,L1,Crocs,LiteRide Insole Unit,225,212,10,5,0,6,SHIMA_03,0.9019
2025-11-27,3,L1,Nike,Vaporfly Engineered Mesh,141,126,7,17,0,5,SHIMA_02,0.8498
2025-11-27,1,L2,Nike,Air Max Flyknit Upper,231,191,9,3,0,6,SHIMA_06,0.7904
2025-11-27,2,L2,Decathlon,Quechua Hiking Upper,235,185,7,26,62,5,SHIMA_04,0.7579
2025-11-27,3,L2,Crocs,Bayaband Slide Upper,126,116,6,27,0,7,SHIMA_05,0.8802
2025-11-27,1,L3,Nike,ZoomX Carbon Plate Insert,195,178,7,7,0,8,STITCH_01,0.8783
2025-11-27,2,L3,Nike,Dunk Low Textile Upper,173,77,3,197,54,10,STITCH_01,0.429
2025-11-27,3,L3,Nike,Air Max Flyknit Upper,134,95,5,90,18,11,STITCH_02,0.6752
2025-11-27,1,L4,Crocs,Bayaband Slide Upper,263,211,5,16,0,11,SOLE_02,0.7856
2025-11-27,2,L4,Crocs,Classic Clog Strap Assembly,246,230,6,12,0,8,STITCH_04,0.9141
2025-11-27,3,L4,Crocs,LiteRide Insole Unit,159,153,7,16,0,10,STITCH_03,0.9224
2025-11-27,1,L5,Crocs,Classic Clog Strap Assembly,209,132,2,84,88,11,STITCH_06,0.6235
2025-11-27,2,L5,Crocs,LiteRide Insole Unit,222,179,13,18,0,11,STITCH_05,0.7493
2025-11-27,3,L5,Nike,Air Max Flyknit Upper,138,103,11,22,44,9,SOLE_02,0.6693
2025-11-27,1,L6,Decathlon,Kiprun Carbon Plate,193,166,5,26,0,9,SHIMA_07,0.8345
2025-11-27,2,L6,Decathlon,Kalenji Trail Sole Unit,202,191,11,25,0,7,STITCH_07,0.8933
2025-11-27,3,L6,Decathlon,Quechua Hiking Upper,129,106,9,10,0,7,SHIMA_07,0.7551
2025-11-27,1,L7,Crocs,Bayaband Slide Upper,191,186,13,11,0,10,STITCH_07,0.9088
2025-11-27,2,L7,Decathlon,Quechua Hiking Upper,202,201,12,2,0,7,STITCH_07,0.9364
2025-11-27,3,L7,Decathlon,Kiprun Carbon Plate,154,136,12,22,0,7,SHIMA_09,0.8064
2025-11-27,1,L8,Nike,Pegasus 3D Knit Collar,193,131,10,152,0,7,SOLE_04,0.6312
2025-11-27,2,L8,Nike,Pegasus 3D Knit Collar,192,173,16,26,0,7,SOLE_03,0.8224
2025-11-27,3,L8,Decathlon,Kiprun Carbon Plate,127,120,10,22,0,6,SOLE_04,0.8709
2025-11-28,1,L1,Nike,Vaporfly Engineered Mesh,228,194,19,23,47,5,SHIMA_01,0.7705
2025-11-28,2,L1,Nike,Vaporfly Engineered Mesh,243,207,9,20,0,4,SHIMA_01,0.815
2025-11-28,1,L2,Nike,Air Max Flyknit Upper,255,219,7,16,51,7,SHIMA_04,0.8329
2025-11-28,2,L2,Nike,ZoomX Carbon Plate Insert,228,192,11,8,13,7,SHIMA_04,0.7951
2025-11-28,1,L3,Nike,ZoomX Carbon Plate Insert,188,163,6,22,0,11,STITCH_02,0.8388
2025-11-28,2,L3,Nike,Air Max Flyknit Upper,182,175,12,7,0,12,STITCH_02,0.8961
2025-11-28,1,L4,Crocs,LiteRide Insole Unit,196,182,4,20,0,10,SOLE_02,0.9124
2025-11-28,2,L4,Crocs,LiteRide Insole Unit,198,154,11,106,0,10,STITCH_04,0.7235
2025-11-28,1,L5,Crocs,LiteRide Insole Unit,223,170,5,15,57,12,SOLE_02,0.7424
2025-11-28,2,L5,Nike,Vaporfly Engineered Mesh,190,161,14,4,0,12,SOLE_02,0.7757
2025-11-28,1,L6,Decathlon,Kalenji Trail Sole Unit,204,142,6,28,70,7,SHIMA_07,0.6702
2025-11-28,2,L6,Decathlon,Kalenji Trail Sole Unit,207,197,6,23,0,10,STITCH_07,0.9231
2025-11-28,1,L7,Decathlon,Quechua Hiking Upper,160,127,8,11,88,9,SHIMA_09,0.7437
2025-11-28,2,L7,Decathlon,Kiprun Carbon Plate,178,145,11,2,78,10,STITCH_07,0.7579
2025-11-28,1,L8,Crocs,Bayaband Slide Upper,180,161,9,9,0,5,SOLE_04,0.8467
2025-11-28,2,L8,Nike,Dunk Low Textile Upper,182,155,8,19,0,6,SOLE_03,0.808
2025-12-01,1,L1,Nike,Air Max Flyknit Upper,186,154,5,7,0,6,SHIMA_02,0.8023
2025-12-01,2,L1,Nike,Pegasus 3D Knit Collar,170,111,3,79,0,4,SHIMA_01,0.6387
2025-12-01,3,L1,Nike,Pegasus 3D Knit Collar,100,47,4,186,0,6,SHIMA_01,0.439
2025-12-01,1,L2,Nike,Air Max Flyknit Upper,163,131,10,25,14,6,SHIMA_04,0.7431
2025-12-01,2,L2,Nike,Dunk Low Textile Upper,160,121,10,24,0,4,SHIMA_04,0.6975
2025-12-01,3,L2,Nike,Vaporfly Engineered Mesh,118,80,4,1,80,6,SHIMA_04,0.6451
2025-12-01,1,L3,Nike,Dunk Low Textile Upper,122,90,9,7,0,9,STITCH_01,0.664
2025-12-01,2,L3,Nike,Air Max Flyknit Upper,132,102,8,15,0,8,STITCH_01,0.7145
2025-12-01,3,L3,Nike,Vaporfly Engineered Mesh,74,54,3,24,55,12,SOLE_01,0.695
2025-12-01,1,L4,Crocs,LiteRide Insole Unit,162,136,10,25,0,9,SOLE_02,0.7825
2025-12-01,2,L4,Crocs,Bayaband Slide Upper,152,111,5,11,0,11,STITCH_04,0.7032
2025-12-01,3,L4,Crocs,LiteRide Insole Unit,97,74,3,3,0,8,STITCH_03,0.7322
2025-12-01,1,L5,Crocs,Classic Clog Strap Assembly,150,128,5,26,0,11,STITCH_06,0.8202
2025-12-01,2,L5,Crocs,LiteRide Insole Unit,139,121,4,24,0,11,STITCH_05,0.8455
2025-12-01,3,L5,Crocs,LiteRide Insole Unit,90,75,4,29,0,12,SOLE_02,0.7967
2025-12-01,1,L6,Decathlon,Quechua Hiking Upper,140,105,4,19,48,6,SHIMA_07,0.7228
2025-12-01,2,L6,Decathlon,Quechua Hiking Upper,141,119,6,24,0,8,SHIMA_07,0.803
2025-12-01,3,L6,Decathlon,Kalenji Trail Sole Unit,75,57,4,8,0,6,SHIMA_07,0.7167
2025-12-01,1,L7,Nike,ZoomX Carbon Plate Insert,121,85,9,27,0,8,SHIMA_09,0.6328
2025-12-01,2,L7,Decathlon,Kalenji Trail Sole Unit,116,86,6,6,80,9,STITCH_08,0.6907
2025-12-01,3,L7,Decathlon,Quechua Hiking Upper,92,66,2,28,0,9,SHIMA_09,0.7035
2025-12-01,1,L8,Crocs,LiteRide Insole Unit,127,94,4,18,0,6,SOLE_03,0.716
2025-12-01,2,L8,Nike,Dunk Low Textile Upper,122,72,3,118,0,5,SOLE_03,0.5687
2025-12-01,3,L8,Crocs,Classic Clog Strap Assembly,67,38,1,23,87,6,SOLE_03,0.5633
2025-12-02,1,L1,Nike,ZoomX Carbon Plate Insert,176,83,7,214,0,7,SHIMA_02,0.4357
2025-12-02,2,L1,Nike,Vaporfly Engineered Mesh,183,137,6,0,0,6,SHIMA_02,0.7202
2025-12-02,3,L1,Nike,Pegasus 3D Knit Collar,101,77,7,8,26,6,SHIMA_02,0.6977
2025-12-02,1,L2,Nike,ZoomX Carbon Plate Insert,160,120,11,27,31,5,SHIMA_05,0.6856
2025-12-02,2,L2,Nike,Dunk Low Textile Upper,164,66,4,230,0,5,SHIMA_06,0.3786
2025-12-02,3,L2,Nike,Air Max Flyknit Upper,94,70,8,2,85,7,SHIMA_06,0.6646
2025-12-02,1,L3,Nike,Air Max Flyknit Upper,141,100,7,29,0,10,STITCH_02,0.6642
2025-12-02,2,L3,Nike,ZoomX Carbon Plate Insert,155,126,9,26,0,12,STITCH_02,0.7596
2025-12-02,3,L3,Nike,Air Max Flyknit Upper,89,43,3,216,0,11,STITCH_01,0.4589
2025-12-02,1,L4,Crocs,Classic Clog Strap Assembly,152,125,8,23,0,8,STITCH_03,0.7704
2025-12-02,2,L4,Decathlon,Quechua Hiking Upper,163,99,5,95,0,8,SOLE_02,0.5824
2025-12-02,3,L4,Crocs,Bayaband Slide Upper,110,84,4,1,76,11,STITCH_03,0.7343
2025-12-02,1,L5,Crocs,Bayaband Slide Upper,156,101,6,26,70,12,STITCH_05,0.6109
2025-12-02,2,L5,Crocs,LiteRide Insole Unit,169,66,2,187,60,9,SOLE_02,0.3833
2025-12-02,3,L5,Nike,ZoomX Carbon Plate Insert,102,73,7,12,80,8,STITCH_06,0.652
2025-12-02,1,L6,Decathlon,Kalenji Trail Sole Unit,125,96,6,19,0,7,SHIMA_08,0.7203
2025-12-02,2,L6,Decathlon,Kalenji Trail Sole Unit,123,60,3,180,0,9,SHIMA_07,0.4651
2025-12-02,3,L6,Decathlon,Kiprun Carbon Plate,76,53,4,55,0,6,STITCH_07,0.65
2025-12-02,1,L7,Crocs,Bayaband Slide Upper,116,101,2,8,0,8,SHIMA_09,0.8542
2025-12-02,2,L7,Decathlon,Quechua Hiking Upper,112,88,5,24,0,9,SHIMA_09,0.7446
2025-12-02,3,L7,Nike,Vaporfly Engineered Mesh,86,72,9,18,0,10,STITCH_07,0.7346
2025-12-02,1,L8,Crocs,Classic Clog Strap Assembly,145,111,7,21,0,5,SOLE_03,0.7177
2025-12-02,2,L8,Crocs,Classic Clog Strap Assembly,146,127,3,28,0,7,SOLE_03,0.85
2025-12-02,3,L8,Crocs,Classic Clog Strap Assembly,99,85,3,5,24,6,SOLE_04,0.8304
2025-12-03,1,L1,Nike,Dunk Low Textile Upper,152,129,5,6,0,7,SHIMA_03,0.8217
2025-12-03,2,L1,Nike,Dunk Low Textile Upper,153,117,12,20,0,6,SHIMA_02,0.6912
2025-12-03,3,L1,Nike,Pegasus 3D Knit Collar,122,93,5,29,0,5,SHIMA_03,0.724
2025-12-03,1,L2,Nike,Dunk Low Textile Upper,151,123,10,3,0,4,SHIMA_04,0.7509
2025-12-03,2,L2,Nike,Air Max Flyknit Upper,162,71,6,205,0,4,SHIMA_06,0.4048
2025-12-03,3,L2,Nike,Vaporfly Engineered Mesh,96,81,10,12,0,7,SHIMA_04,0.7473
2025-12-03,1,L3,Nike,Vaporfly Engineered Mesh,139,100,10,28,0,8,SOLE_01,0.6514
2025-12-03,2,L3,Crocs,LiteRide Insole Unit,154,106,3,6,41,9,SOLE_01,0.6718
2025-12-03,3,L3,Nike,Vaporfly Engineered Mesh,81,72,5,5,0,8,STITCH_01,0.8292
2025-12-03,1,L4,Crocs,LiteRide Insole Unit,164,134,5,15,0,9,SOLE_02,0.7888
2025-12-03,2,L4,Crocs,Classic Clog Strap Assembly,157,133,9,26,0,12,STITCH_04,0.79
2025-12-03,3,L4,Crocs,Bayaband Slide Upper,96,75,6,23,0,8,STITCH_04,0.7205
2025-12-03,1,L5,Crocs,LiteRide Insole Unit,150,109,3,12,0,10,SOLE_02,0.7093
2025-12-03,2,L5,Decathlon,Quechua Hiking Upper,135,94,7,11,20,9,STITCH_05,0.6478
2025-12-03,3,L5,Crocs,LiteRide Insole Unit,99,46,1,185,0,11,SOLE_02,0.458
2025-12-03,1,L6,Decathlon,Kalenji Trail Sole Unit,118,103,2,20,0,10,SHIMA_07,0.8609
2025-12-03,2,L6,Decathlon,Quechua Hiking Upper,124,104,6,16,0,8,STITCH_07,0.7979
2025-12-03,3,L6,Decathlon,Kiprun Carbon Plate,87,27,0,230,71,6,SHIMA_07,0.3148
2025-12-03,1,L7,Decathlon,Quechua Hiking Upper,115,97,6,7,0,10,STITCH_07,0.7921
2025-12-03,2,L7,Decathlon,Kiprun Carbon Plate,112,97,4,3,26,10,STITCH_07,0.8331
2025-12-03,3,L7,Decathlon,Kalenji Trail Sole Unit,63,53,2,1,0,7,STITCH_07,0.8143
2025-12-03,1,L8,Crocs,LiteRide Insole Unit,161,74,2,210,11,8,SOLE_03,0.4531
2025-12-03,2,L8,Nike,ZoomX Carbon Plate Insert,159,113,12,23,0,8,SOLE_03,0.6394
2025-12-03,3,L8,Nike,ZoomX Carbon Plate Insert,110,83,3,18,63,5,SOLE_04,0.7328
2025-12-04,1,L1,Crocs,Bayaband Slide Upper,172,144,10,1,0,6,SHIMA_03,0.78
2025-12-04,2,L1,Nike,Vaporfly Engineered Mesh,186,135,8,29,0,7,SHIMA_01,0.6847
2025-12-04,1,L2,Nike,Vaporfly Engineered Mesh,168,129,5,24,0,6,SHIMA_06,0.7434
2025-12-04,2,L2,Crocs,Bayaband Slide Upper,174,151,8,21,0,6,SHIMA_05,0.8219
2025-12-04,1,L3,Nike,Pegasus 3D Knit Collar,146,119,5,25,0,8,STITCH_01,0.7831
2025-12-04,2,L3,Decathlon,Kiprun Carbon Plate,148,107,7,23,0,12,SOLE_01,0.6784
2025-12-04,1,L4,Nike,ZoomX Carbon Plate Insert,158,111,3,26,73,11,SOLE_02,0.6886
2025-12-04,2,L4,Crocs,Bayaband Slide Upper,161,130,8,19,17,11,STITCH_03,0.7622
2025-12-04,1,L5,Crocs,Classic Clog Strap Assembly,153,130,5,18,0,8,SOLE_02,0.819
2025-12-04,2,L5,Crocs,LiteRide Insole Unit,157,116,5,14,63,11,SOLE_02,0.7075
2025-12-04,1,L6,Decathlon,Kiprun Carbon Plate,152,114,4,12,0,10,STITCH_07,0.7258
2025-12-04,2,L6,Decathlon,Kiprun Carbon Plate,132,108,4,24,0,7,STITCH_07,0.7897
2025-12-04,1,L7,Nike,Vaporfly Engineered Mesh,107,69,7,135,0,9,STITCH_08,0.5802
2025-12-04,2,L7,Decathlon,Kalenji Trail Sole Unit,105,79,2,13,26,8,STITCH_07,0.7381
2025-12-04,1,L8,Decathlon,Quechua Hiking Upper,130,95,6,15,0,7,SOLE_04,0.6864
2025-12-04,2,L8,Nike,Air Max Flyknit Upper,141,103,4,16,50,6,SOLE_03,0.706
2025-12-05,1,L1,Nike,ZoomX Carbon Plate Insert,194,151,7,11,0,5,SHIMA_02,0.7437
2025-12-05,2,L1,Nike,Air Max Flyknit Upper,190,163,14,25,0,6,SHIMA_01,0.7867
2025-12-05,3,L1,Nike,Pegasus 3D Knit Collar,117,95,8,5,0,4,SHIMA_01,0.7477
2025-12-05,1,L2,Nike,Dunk Low Textile Upper,176,89,4,184,0,4,SHIMA_05,0.4848
2025-12-05,2,L2,Nike,Dunk Low Textile Upper,175,132,14,28,0,6,SHIMA_05,0.6764
2025-12-05,3,L2,Decathlon,Kiprun Carbon Plate,115,73,3,85,0,4,SHIMA_05,0.6152
2025-12-05,1,L3,Nike,Air Max Flyknit Upper,149,111,10,10,0,9,STITCH_02,0.6814
2025-12-05,2,L3,Nike,Vaporfly Engineered Mesh,155,123,12,1,47,10,SOLE_01,0.7177
2025-12-05,3,L3,Crocs,Classic Clog Strap Assembly,93,57,5,122,0,12,STITCH_02,0.5664
2025-12-05,1,L4,Crocs,Bayaband Slide Upper,132,97,5,16,0,9,STITCH_03,0.7031
2025-12-05,2,L4,Nike,Pegasus 3D Knit Collar,134,118,11,13,0,8,STITCH_03,0.8041
2025-12-05,3,L4,Decathlon,Kiprun Carbon Plate,83,59,5,94,0,9,SOLE_02,0.651
2025-12-05,1,L5,Nike,Vaporfly Engineered Mesh,159,128,9,3,0,11,STITCH_06,0.7531
2025-12-05,2,L5,Crocs,LiteRide Insole Unit,153,107,6,28,0,11,STITCH_05,0.6657
2025-12-05,3,L5,Crocs,LiteRide Insole Unit,91,74,6,16,0,12,SOLE_02,0.7563
2025-12-05,1,L6,Decathlon,Quechua Hiking Upper,116,84,6,28,0,9,SHIMA_08,0.6777
2025-12-05,2,L6,Decathlon,Quechua Hiking Upper,124,99,3,4,0,10,STITCH_07,0.7792
2025-12-05,3,L6,Decathlon,Kalenji Trail Sole Unit,76,56,3,46,17,9,SHIMA_08,0.6997
2025-12-05,1,L7,Decathlon,Kalenji Trail Sole Unit,124,104,7,19,0,6,STITCH_08,0.785
2025-12-05,2,L7,Decathlon,Quechua Hiking Upper,128,100,7,11,60,7,STITCH_07,0.7336
2025-12-05,3,L7,Decathlon,Quechua Hiking Upper,76,55,4,24,0,8,STITCH_07,0.6751
2025-12-05,1,L8,Nike,Dunk Low Textile Upper,117,93,8,25,0,8,SOLE_03,0.729
2025-12-05,2,L8,Nike,Air Max Flyknit Upper,120,92,8,28,0,8,SOLE_03,0.7073
2025-12-05,3,L8,Crocs,LiteRide Insole Unit,79,58,1,19,0,7,SOLE_03,0.7321
2025-12-08,1,L1,Nike,Vaporfly Engineered Mesh,164,140,13,6,0,5,SHIMA_01,0.7758
2025-12-08,2,L1,Nike,Air Max Flyknit Upper,169,149,10,9,0,7,SHIMA_01,0.8277
2025-12-08,3,L1,Nike,Air Max Flyknit Upper,113,83,8,14,0,6,SHIMA_03,0.6706
2025-12-08,1,L2,Nike,Dunk Low Textile Upper,152,101,6,16,37,4,SHIMA_05,0.6303
2025-12-08,2,L2,Nike,Vaporfly Engineered Mesh,132,92,3,15,75,5,SHIMA_05,0.6783
2025-12-08,3,L2,Nike,Air Max Flyknit Upper,100,82,4,20,0,5,SHIMA_05,0.7804
2025-12-08,1,L3,Nike,Pegasus 3D Knit Collar,157,124,5,23,23,12,STITCH_02,0.7583
2025-12-08,2,L3,Nike,ZoomX Carbon Plate Insert,152,97,3,88,0,8,SOLE_01,0.6245
2025-12-08,3,L3,Crocs,Classic Clog Strap Assembly,112,87,8,14,0,9,SOLE_01,0.7099
2025-12-08,1,L4,Crocs,Bayaband Slide Upper,151,106,4,24,78,10,SOLE_02,0.68
2025-12-08,2,L4,Crocs,Bayaband Slide Upper,140,92,2,3,83,10,STITCH_04,0.6496
2025-12-08,3,L4,Crocs,Classic Clog Strap Assembly,101,86,3,11,0,8,SOLE_02,0.8249
2025-12-08,1,L5,Crocs,Bayaband Slide Upper,122,109,6,5,0,8,STITCH_06,0.8508
2025-12-08,2,L5,Crocs,LiteRide Insole Unit,143,128,6,5,0,9,STITCH_06,0.8557
2025-12-08,3,L5,Decathlon,Quechua Hiking Upper,72,48,2,21,78,8,STITCH_06,0.641
2025-12-08,1,L6,Decathlon,Quechua Hiking Upper,145,93,1,20,61,7,SHIMA_07,0.639
2025-12-08,2,L6,Crocs,Classic Clog Strap Assembly,132,99,3,4,77,8,SHIMA_08,0.7317
2025-12-08,3,L6,Decathlon,Kalenji Trail Sole Unit,86,62,3,19,16,6,SHIMA_08,0.6951
2025-12-08,1,L7,Decathlon,Kiprun Carbon Plate,104,68,3,117,0,6,SHIMA_09,0.6254
2025-12-08,2,L7,Decathlon,Quechua Hiking Upper,102,70,5,48,0,7,SHIMA_09,0.645
2025-12-08,3,L7,Decathlon,Kalenji Trail Sole Unit,67,50,1,12,0,8,STITCH_07,0.7394
2025-12-08,1,L8,Crocs,Classic Clog Strap Assembly,122,93,6,20,0,6,SOLE_03,0.7144
2025-12-08,2,L8,Decathlon,Kiprun Carbon Plate,129,108,6,7,0,7,SOLE_04,0.7925
2025-12-08,3,L8,Nike,ZoomX Carbon Plate Insert,85,64,7,8,0,8,SOLE_04,0.6758
2025-12-09,1,L1,Nike,Pegasus 3D Knit Collar,165,140,6,22,0,6,SHIMA_01,0.8169
2025-12-09,2,L1,Nike,ZoomX Carbon Plate Insert,185,140,6,6,0,4,SHIMA_02,0.7272
2025-12-09,3,L1,Nike,ZoomX Carbon Plate Insert,107,46,1,223,0,4,SHIMA_03,0.4229
2025-12-09,1,L2,Nike,Vaporfly Engineered Mesh,180,155,4,5,0,4,SHIMA_04,0.844
2025-12-09,2,L2,Nike,ZoomX Carbon Plate Insert,184,155,9,7,0,4,SHIMA_05,0.7965
2025-12-09,3,L2,Nike,Pegasus 3D Knit Collar,124,106,4,4,0,6,SHIMA_05,0.83
2025-12-09,1,L3,Nike,Air Max Flyknit Upper,137,89,5,96,0,9,SOLE_01,0.6182
2025-12-09,2,L3,Nike,ZoomX Carbon Plate Insert,155,132,9,21,0,11,STITCH_01,0.7974
2025-12-09,3,L3,Decathlon,Quechua Hiking Upper,92,58,4,28,70,11,STITCH_02,0.5962
2025-12-09,1,L4,Crocs,Classic Clog Strap Assembly,188,154,11,17,0,8,STITCH_03,0.7609
2025-12-09,2,L4,Crocs,Classic Clog Strap Assembly,181,138,7,9,0,8,STITCH_04,0.7261
2025-12-09,3,L4,Crocs,Bayaband Slide Upper,99,75,4,6,0,11,STITCH_03,0.7219
2025-12-09,1,L5,Crocs,Bayaband Slide Upper,127,108,5,22,0,11,SOLE_02,0.8185
2025-12-09,2,L5,Crocs,Bayaband Slide Upper,132,104,4,21,0,9,STITCH_05,0.7583
2025-12-09,3,L5,Nike,Pegasus 3D Knit Collar,71,61,4,26,0,11,SOLE_02,0.8136
2025-12-09,1,L6,Decathlon,Kiprun Carbon Plate,143,125,5,20,0,9,STITCH_07,0.8451
2025-12-09,2,L6,Crocs,LiteRide Insole Unit,142,103,5,24,0,10,STITCH_07,0.6951
2025-12-09,3,L6,Decathlon,Kiprun Carbon Plate,96,71,7,24,0,9,SHIMA_08,0.673
2025-12-09,1,L7,Decathlon,Quechua Hiking Upper,149,108,7,24,0,7,STITCH_08,0.6793
2025-12-09,2,L7,Decathlon,Kalenji Trail Sole Unit,151,112,6,16,62,7,STITCH_07,0.7051
2025-12-09,3,L7,Decathlon,Kalenji Trail Sole Unit,92,78,4,27,0,7,STITCH_08,0.8099
2025-12-09,1,L8,Crocs,LiteRide Insole Unit,126,94,3,26,40,5,SOLE_03,0.7275
2025-12-09,2,L8,Nike,Air Max Flyknit Upper,118,84,9,6,84,8,SOLE_04,0.6411
2025-12-09,3,L8,Nike,Air Max Flyknit Upper,88,65,3,12,0,5,SOLE_03,0.7055
2025-12-10,1,L1,Nike,ZoomX Carbon Plate Insert,158,121,3,14,0,5,SHIMA_01,0.7528
2025-12-10,2,L1,Nike,Air Max Flyknit Upper,152,128,14,0,0,5,SHIMA_01,0.7506
2025-12-10,1,L2,Nike,ZoomX Carbon Plate Insert,143,121,11,14,0,7,SHIMA_05,0.7696
2025-12-10,2,L2,Nike,Vaporfly Engineered Mesh,140,101,9,27,0,5,SHIMA_06,0.6585
2025-12-10,1,L3,Nike,Vaporfly Engineered Mesh,160,127,14,6,0,9,STITCH_02,0.7075
2025-12-10,2,L3,Nike,Vaporfly Engineered Mesh,172,150,10,26,0,11,STITCH_02,0.8173
2025-12-10,1,L4,Crocs,LiteRide Insole Unit,162,110,4,3,46,12,STITCH_04,0.6588
2025-12-10,2,L4,Crocs,Classic Clog Strap Assembly,156,104,6,23,80,8,STITCH_03,0.6289
2025-12-10,1,L5,Crocs,Classic Clog Strap Assembly,156,128,3,20,25,9,STITCH_05,0.8023
2025-12-10,2,L5,Crocs,Classic Clog Strap Assembly,170,62,4,180,87,8,STITCH_06,0.3462
2025-12-10,1,L6,Decathlon,Quechua Hiking Upper,141,91,2,15,82,6,SHIMA_07,0.6319
2025-12-10,2,L6,Decathlon,Quechua Hiking Upper,129,98,3,22,0,8,SHIMA_08,0.7368
2025-12-10,1,L7,Decathlon,Kalenji Trail Sole Unit,125,86,2,22,80,10,STITCH_07,0.6728
2025-12-10,2,L7,Decathlon,Kalenji Trail Sole Unit,134,102,2,7,71,8,STITCH_07,0.7515
2025-12-10,1,L8,Nike,Air Max Flyknit Upper,142,128,7,10,0,5,SOLE_04,0.8552
2025-12-10,2,L8,Nike,Air Max Flyknit Upper,144,108,7,8,38,5,SOLE_04,0.7035
2025-12-11,1,L1,Nike,Dunk Low Textile Upper,147,130,10,18,0,7,SHIMA_01,0.8182
2025-12-11,2,L1,Decathlon,Kiprun Carbon Plate,142,114,5,25,0,6,SHIMA_03,0.7724
2025-12-11,1,L2,Nike,Pegasus 3D Knit Collar,154,124,9,21,22,6,SHIMA_05,0.751
2025-12-11,2,L2,Nike,Pegasus 3D Knit Collar,136,119,3,25,0,5,SHIMA_06,0.856
2025-12-11,1,L3,Nike,Pegasus 3D Knit Collar,151,136,4,5,0,9,STITCH_02,0.8799
2025-12-11,2,L3,Nike,ZoomX Carbon Plate Insert,161,102,9,108,0,9,STITCH_02,0.5795
2025-12-11,1,L4,Crocs,Classic Clog Strap Assembly,165,136,8,13,0,10,STITCH_03,0.7785
2025-12-11,2,L4,Crocs,LiteRide Insole Unit,155,130,3,1,0,12,STITCH_04,0.8222
2025-12-11,1,L5,Crocs,Classic Clog Strap Assembly,154,121,5,23,13,9,STITCH_06,0.7594
2025-12-11,2,L5,Crocs,Classic Clog Strap Assembly,165,138,3,27,0,9,SOLE_02,0.8212
2025-12-11,1,L6,Decathlon,Kiprun Carbon Plate,153,116,5,5,0,7,SHIMA_08,0.731
2025-12-11,2,L6,Nike,Vaporfly Engineered Mesh,137,113,7,4,0,10,SHIMA_08,0.7786
2025-12-11,1,L7,Nike,Pegasus 3D Knit Collar,110,84,6,21,0,9,STITCH_07,0.7101
2025-12-11,2,L7,Decathlon,Kalenji Trail Sole Unit,105,82,2,13,0,7,SHIMA_09,0.7653
2025-12-11,1,L8,Crocs,Classic Clog Strap Assembly,141,110,6,10,0,6,SOLE_04,0.7378
2025-12-11,2,L8,Decathlon,Kiprun Carbon Plate,154,136,3,2,0,7,SOLE_04,0.8648
2025-12-12,1,L1,Nike,ZoomX Carbon Plate Insert,170,148,15,12,0,6,SHIMA_03,0.7869
2025-12-12,2,L1,Nike,Vaporfly Engineered Mesh,166,128,7,4,0,6,SHIMA_02,0.7344
2025-12-12,1,L2,Nike,ZoomX Carbon Plate Insert,158,52,4,234,37,4,SHIMA_05,0.3048
2025-12-12,2,L2,Nike,Dunk Low Textile Upper,152,135,3,12,0,4,SHIMA_06,0.8738
2025-12-12,1,L3,Nike,ZoomX Carbon Plate Insert,129,79,5,152,0,11,STITCH_01,0.5757
2025-12-12,2,L3,Nike,Pegasus 3D Knit Collar,140,102,4,25,0,12,STITCH_01,0.7055
2025-12-12,1,L4,Crocs,Classic Clog Strap Assembly,167,134,3,33,0,9,STITCH_03,0.788
2025-12-12,2,L4,Crocs,Bayaband Slide Upper,148,97,5,21,65,8,SOLE_02,0.6232
2025-12-12,1,L5,Nike,Pegasus 3D Knit Collar,151,120,3,12,0,10,SOLE_02,0.7749
2025-12-12,2,L5,Crocs,Classic Clog Strap Assembly,139,102,6,24,0,10,SOLE_02,0.693
2025-12-12,1,L6,Decathlon,Kiprun Carbon Plate,139,103,5,13,0,6,SHIMA_08,0.706
2025-12-12,2,L6,Decathlon,Kiprun Carbon Plate,142,83,5,162,0,7,STITCH_07,0.55
2025-12-12,1,L7,Nike,ZoomX Carbon Plate Insert,137,104,4,12,0,7,STITCH_07,0.7312
2025-12-12,2,L7,Crocs,Classic Clog Strap Assembly,122,110,4,4,0,7,STITCH_07,0.8705
2025-12-12,1,L8,Nike,Pegasus 3D Knit Collar,159,107,9,9,47,8,SOLE_04,0.6207
2025-12-12,2,L8,Nike,Pegasus 3D Knit Collar,146,102,3,2,56,6,SOLE_04,0.6835
2025-12-15,1,L1,Nike,Air Max Flyknit Upper,193,170,7,5,0,5,SHIMA_02,0.8466
2025-12-15,2,L1,Nike,Air Max Flyknit Upper,178,87,6,146,28,5,SHIMA_03,0.4602
2025-12-15,3,L1,Nike,ZoomX Carbon Plate Insert,103,76,6,22,0,5,SHIMA_03,0.6802
2025-12-15,1,L2,Nike,Air Max Flyknit Upper,168,147,5,24,0,4,SHIMA_05,0.8471
2025-12-15,2,L2,Nike,Dunk Low Textile Upper,177,131,6,8,0,5,SHIMA_05,0.7067
2025-12-15,3,L2,Nike,Air Max Flyknit Upper,95,71,9,6,0,4,SHIMA_06,0.6577
2025-12-15,1,L3,Nike,Pegasus 3D Knit Collar,129,61,2,195,0,9,STITCH_02,0.4588
2025-12-15,2,L3,Nike,ZoomX Carbon Plate Insert,122,105,10,14,0,11,STITCH_01,0.7857
2025-12-15,3,L3,Nike,Pegasus 3D Knit Collar,79,67,6,21,0,12,SOLE_01,0.7794
2025-12-15,1,L4,Crocs,Bayaband Slide Upper,170,125,5,17,0,11,SOLE_02,0.711
2025-12-15,2,L4,Crocs,Bayaband Slide Upper,158,55,1,207,87,10,STITCH_03,0.3466
2025-12-15,3,L4,Decathlon,Kalenji Trail Sole Unit,118,102,6,7,0,8,SOLE_02,0.8163
2025-12-15,1,L5,Crocs,Bayaband Slide Upper,146,122,8,15,0,9,STITCH_05,0.7862
2025-12-15,2,L5,Crocs,Classic Clog Strap Assembly,130,96,2,22,0,10,SOLE_02,0.7267
2025-12-15,3,L5,Crocs,LiteRide Insole Unit,75,61,3,0,30,9,STITCH_05,0.7848
2025-12-15,1,L6,Decathlon,Quechua Hiking Upper,134,100,7,2,0,9,SHIMA_08,0.7002
2025-12-15,2,L6,Decathlon,Quechua Hiking Upper,141,105,8,79,0,6,SHIMA_08,0.6924
2025-12-15,3,L6,Decathlon,Kalenji Trail Sole Unit,73,62,6,26,0,10,SHIMA_07,0.7741
2025-12-15,1,L7,Decathlon,Kiprun Carbon Plate,119,92,5,28,0,9,STITCH_08,0.7322
2025-12-15,2,L7,Decathlon,Kalenji Trail Sole Unit,130,99,4,28,0,7,STITCH_08,0.7323
2025-12-15,3,L7,Nike,Pegasus 3D Knit Collar,72,47,2,10,56,7,STITCH_08,0.6379
2025-12-15,1,L8,Crocs,LiteRide Insole Unit,104,90,7,10,0,8,SOLE_03,0.8044
2025-12-15,2,L8,Crocs,LiteRide Insole Unit,106,91,2,12,0,6,SOLE_03,0.8417
2025-12-15,3,L8,Nike,Dunk Low Textile Upper,85,63,4,5,0,8,SOLE_04,0.6989
2025-12-16,1,L1,Nike,Air Max Flyknit Upper,174,140,9,27,0,6,SHIMA_01,0.7544
2025-12-16,2,L1,Nike,Air Max Flyknit Upper,170,135,8,26,0,6,SHIMA_03,0.7498
2025-12-16,1,L2,Nike,Air Max Flyknit Upper,154,122,4,9,0,4,SHIMA_05,0.768
2025-12-16,2,L2,Nike,Dunk Low Textile Upper,164,105,2,25,74,6,SHIMA_05,0.632
2025-12-16,1,L3,Nike,Dunk Low Textile Upper,152,134,12,16,0,10,STITCH_02,0.8074
2025-12-16,2,L3,Decathlon,Kiprun Carbon Plate,163,114,3,21,89,11,SOLE_01,0.6868
2025-12-16,1,L4,Decathlon,Quechua Hiking Upper,178,128,9,29,0,8,STITCH_03,0.669
2025-12-16,2,L4,Crocs,Bayaband Slide Upper,170,131,4,21,0,11,STITCH_03,0.7505
2025-12-16,1,L5,Crocs,Bayaband Slide Upper,122,86,3,4,81,11,STITCH_06,0.6831
2025-12-16,2,L5,Crocs,Bayaband Slide Upper,131,99,3,7,0,12,SOLE_02,0.7399
2025-12-16,1,L6,Decathlon,Quechua Hiking Upper,147,108,6,9,0,7,SHIMA_07,0.6982
2025-12-16,2,L6,Decathlon,Kalenji Trail Sole Unit,158,125,5,21,0,7,STITCH_07,0.7639
2025-12-16,1,L7,Decathlon,Kalenji Trail Sole Unit,129,94,6,27,0,9,STITCH_07,0.6855
2025-12-16,2,L7,Decathlon,Kiprun Carbon Plate,138,113,3,11,0,9,STITCH_08,0.8017
2025-12-16,1,L8,Crocs,Bayaband Slide Upper,136,57,3,190,51,5,SOLE_04,0.4012
2025-12-16,2,L8,Crocs,Classic Clog Strap Assembly,145,113,4,28,0,6,SOLE_03,0.7584
2025-12-17,1,L1,Nike,Dunk Low Textile Upper,158,64,6,208,31,7,SHIMA_03,0.3694
2025-12-17,2,L1,Crocs,Classic Clog Strap Assembly,167,133,5,29,0,5,SHIMA_02,0.7707
2025-12-17,3,L1,Nike,Dunk Low Textile Upper,94,65,2,6,67,5,SHIMA_01,0.6729
2025-12-17,1,L2,Nike,Pegasus 3D Knit Collar,169,149,8,9,0,5,SHIMA_06,0.8375
2025-12-17,2,L2,Nike,Pegasus 3D Knit Collar,153,135,5,7,0,4,SHIMA_06,0.8526
2025-12-17,3,L2,Nike,Dunk Low Textile Upper,98,67,3,12,47,6,SHIMA_04,0.6532
2025-12-17,1,L3,Nike,Dunk Low Textile Upper,149,125,3,4,0,10,STITCH_02,0.8203
2025-12-17,2,L3,Nike,Air Max Flyknit Upper,141,109,5,24,0,11,STITCH_01,0.742
2025-12-17,3,L3,Nike,ZoomX Carbon Plate Insert,105,86,7,0,0,10,SOLE_01,0.76
2025-12-17,1,L4,Crocs,Bayaband Slide Upper,142,117,3,28,18,12,STITCH_03,0.8063
2025-12-17,2,L4,Crocs,LiteRide Insole Unit,144,126,3,1,0,9,SOLE_02,0.8601
2025-12-17,3,L4,Crocs,Bayaband Slide Upper,99,73,3,15,0,12,STITCH_04,0.7106
2025-12-17,1,L5,Crocs,Bayaband Slide Upper,159,112,7,27,0,10,STITCH_06,0.6638
2025-12-17,2,L5,Nike,Pegasus 3D Knit Collar,156,113,8,17,0,12,STITCH_05,0.6777
2025-12-17,3,L5,Crocs,Bayaband Slide Upper,96,69,2,28,0,11,SOLE_02,0.699
2025-12-17,1,L6,Decathlon,Kalenji Trail Sole Unit,116,85,3,13,56,9,STITCH_07,0.7092
2025-12-17,2,L6,Decathlon,Kiprun Carbon Plate,111,102,4,4,0,9,STITCH_07,0.8837
2025-12-17,3,L6,Decathlon,Kiprun Carbon Plate,63,57,2,3,0,6,SHIMA_07,0.88
2025-12-17,1,L7,Decathlon,Kalenji Trail Sole Unit,139,118,2,4,0,10,SHIMA_09,0.8375
2025-12-17,2,L7,Decathlon,Kiprun Carbon Plate,147,115,6,5,35,8,SHIMA_09,0.7439
2025-12-17,3,L7,Decathlon,Kiprun Carbon Plate,79,67,3,1,0,8,SHIMA_09,0.8111
2025-12-17,1,L8,Nike,Air Max Flyknit Upper,165,102,7,110,0,6,SOLE_04,0.5806
2025-12-17,2,L8,Nike,Pegasus 3D Knit Collar,149,119,8,22,0,5,SOLE_04,0.7468
2025-12-17,3,L8,Nike,Vaporfly Engineered Mesh,112,58,6,163,0,6,SOLE_04,0.4716
2025-12-18,1,L1,Decathlon,Quechua Hiking Upper,170,126,8,26,0,4,SHIMA_01,0.6994
2025-12-18,2,L1,Nike,Dunk Low Textile Upper,164,96,7,133,0,5,SHIMA_02,0.5462
2025-12-18,3,L1,Nike,Air Max Flyknit Upper,103,90,7,0,0,5,SHIMA_02,0.8119
2025-12-18,1,L2,Nike,Air Max Flyknit Upper,153,112,3,17,0,7,SHIMA_04,0.7127
2025-12-18,2,L2,Nike,Pegasus 3D Knit Collar,152,58,2,211,37,5,SHIMA_06,0.3716
2025-12-18,3,L2,Nike,Vaporfly Engineered Mesh,88,65,7,25,53,6,SHIMA_06,0.6642
2025-12-18,1,L3,Nike,Air Max Flyknit Upper,123,76,3,11,85,9,SOLE_01,0.5943
2025-12-18,2,L3,Nike,Pegasus 3D Knit Collar,135,109,5,13,0,8,SOLE_01,0.7749
2025-12-18,3,L3,Nike,ZoomX Carbon Plate Insert,76,53,6,25,26,9,SOLE_01,0.6207
2025-12-18,1,L4,Crocs,Classic Clog Strap Assembly,137,84,2,21,70,11,STITCH_03,0.5989
2025-12-18,2,L4,Nike,Dunk Low Textile Upper,148,64,5,208,0,9,SOLE_02,0.4048
2025-12-18,3,L4,Crocs,Bayaband Slide Upper,98,75,6,21,0,8,STITCH_04,0.7128
2025-12-18,1,L5,Crocs,Classic Clog Strap Assembly,122,91,1,11,43,9,STITCH_06,0.7453
2025-12-18,2,L5,Crocs,Classic Clog Strap Assembly,129,98,5,7,0,10,STITCH_06,0.7239
2025-12-18,3,L5,Crocs,Classic Clog Strap Assembly,70,57,2,12,0,12,STITCH_06,0.7863
2025-12-18,1,L6,Decathlon,Kalenji Trail Sole Unit,153,107,6,5,52,7,SHIMA_08,0.6644
2025-12-18,2,L6,Decathlon,Quechua Hiking Upper,161,138,8,3,0,8,STITCH_07,0.8125
2025-12-18,3,L6,Crocs,LiteRide Insole Unit,104,92,7,3,0,10,SHIMA_08,0.8238
2025-12-18,1,L7,Decathlon,Kalenji Trail Sole Unit,104,89,2,0,0,6,STITCH_07,0.8429
2025-12-18,2,L7,Decathlon,Kalenji Trail Sole Unit,100,59,4,101,11,6,STITCH_07,0.553
2025-12-18,3,L7,Decathlon,Quechua Hiking Upper,74,54,4,15,47,8,SHIMA_09,0.6806
2025-12-18,1,L8,Nike,Dunk Low Textile Upper,156,134,9,10,0,5,SOLE_03,0.8042
2025-12-18,2,L8,Crocs,Bayaband Slide Upper,145,116,6,18,0,6,SOLE_04,0.7634
2025-12-18,3,L8,Nike,ZoomX Carbon Plate Insert,99,76,8,22,0,7,SOLE_03,0.6945
2025-12-19,1,L1,Nike,Pegasus 3D Knit Collar,176,132,4,23,0,4,SHIMA_03,0.7304
2025-12-19,2,L1,Nike,Dunk Low Textile Upper,173,149,5,10,0,6,SHIMA_02,0.8335
2025-12-19,3,L1,Nike,ZoomX Carbon Plate Insert,134,94,5,4,33,4,SHIMA_01,0.6673
2025-12-19,1,L2,Nike,Vaporfly Engineered Mesh,165,108,10,1,56,4,SHIMA_06,0.5977
2025-12-19,2,L2,Nike,Pegasus 3D Knit Collar,179,158,5,18,0,4,SHIMA_05,0.8571
2025-12-19,3,L2,Nike,Vaporfly Engineered Mesh,96,61,5,125,0,7,SHIMA_05,0.5841
2025-12-19,1,L3,Nike,ZoomX Carbon Plate Insert,143,94,3,18,80,11,STITCH_02,0.6394
2025-12-19,2,L3,Crocs,LiteRide Insole Unit,145,74,2,170,0,8,STITCH_01,0.5023
2025-12-19,3,L3,Nike,Air Max Flyknit Upper,101,60,6,123,35,8,STITCH_02,0.5407
2025-12-19,1,L4,Crocs,Bayaband Slide Upper,176,142,10,11,0,9,SOLE_02,0.7531
2025-12-19,2,L4,Crocs,LiteRide Insole Unit,168,64,2,213,37,11,SOLE_02,0.3737
2025-12-19,3,L4,Crocs,LiteRide Insole Unit,117,85,8,0,67,11,SOLE_02,0.6654
2025-12-19,1,L5,Crocs,Classic Clog Strap Assembly,119,98,4,19,0,8,STITCH_05,0.7899
2025-12-19,2,L5,Crocs,Bayaband Slide Upper,131,90,5,60,0,10,STITCH_06,0.65
2025-12-19,3,L5,Crocs,LiteRide Insole Unit,85,64,3,27,14,12,STITCH_05,0.7285
2025-12-19,1,L6,Decathlon,Kalenji Trail Sole Unit,157,112,5,23,0,8,SHIMA_07,0.6868
2025-12-19,2,L6,Decathlon,Quechua Hiking Upper,145,124,4,8,0,8,STITCH_07,0.8302
2025-12-19,3,L6,Decathlon,Kiprun Carbon Plate,88,64,2,9,0,8,SHIMA_07,0.7129
2025-12-19,1,L7,Decathlon,Quechua Hiking Upper,128,89,6,20,60,8,STITCH_07,0.654
2025-12-19,2,L7,Decathlon,Kiprun Carbon Plate,136,103,7,2,0,9,STITCH_08,0.7074
2025-12-19,3,L7,Decathlon,Quechua Hiking Upper,93,76,2,1,0,10,STITCH_07,0.8061
2025-12-19,1,L8,Nike,Air Max Flyknit Upper,142,123,12,23,0,5,SOLE_03,0.788
2025-12-19,2,L8,Decathlon,Kalenji Trail Sole Unit,154,99,2,22,83,8,SOLE_04,0.6334
2025-12-19,3,L8,Nike,Dunk Low Textile Upper,101,81,8,22,0,6,SOLE_03,0.7261
2025-12-22,1,L1,Crocs,LiteRide Insole Unit,157,112,3,23,0,5,SHIMA_01,0.6947
2025-12-22,2,L1,Nike,Dunk Low Textile Upper,158,122,10,5,0,6,SHIMA_03,0.7146
2025-12-22,1,L2,Crocs,Classic Clog Strap Assembly,161,124,6,21,0,5,SHIMA_06,0.7337
2025-12-22,2,L2,Crocs,Bayaband Slide Upper,165,133,5,12,0,6,SHIMA_05,0.7785
2025-12-22,1,L3,Nike,Air Max Flyknit Upper,123,107,4,13,0,11,SOLE_01,0.8396
2025-12-22,2,L3,Nike,Dunk Low Textile Upper,123,80,4,20,81,12,STITCH_02,0.6254
2025-12-22,1,L4,Crocs,Bayaband Slide Upper,161,115,7,1,89,10,STITCH_03,0.6731
2025-12-22,2,L4,Crocs,Classic Clog Strap Assembly,168,140,6,19,0,11,SOLE_02,0.8021
2025-12-22,1,L5,Crocs,Bayaband Slide Upper,164,140,7,23,0,10,STITCH_06,0.811
2025-12-22,2,L5,Crocs,Bayaband Slide Upper,172,141,8,5,0,8,STITCH_05,0.7785
2025-12-22,1,L6,Decathlon,Kalenji Trail Sole Unit,104,77,5,20,0,6,SHIMA_07,0.6991
2025-12-22,2,L6,Decathlon,Kiprun Carbon Plate,110,91,5,2,0,9,SHIMA_08,0.7889
2025-12-22,1,L7,Decathlon,Kalenji Trail Sole Unit,125,90,2,20,0,7,SHIMA_09,0.707
2025-12-22,2,L7,Decathlon,Kiprun Carbon Plate,143,119,3,1,27,8,STITCH_07,0.8132
2025-12-22,1,L8,Decathlon,Kiprun Carbon Plate,141,124,3,20,0,8,SOLE_03,0.8632
2025-12-22,2,L8,Crocs,Classic Clog Strap Assembly,131,111,7,23,0,5,SOLE_04,0.7965
2025-12-23,1,L1,Nike,Dunk Low Textile Upper,186,101,7,193,0,6,SHIMA_02,0.5095
2025-12-23,2,L1,Decathlon,Kiprun Carbon Plate,175,121,2,27,58,6,SHIMA_01,0.6834
2025-12-23,1,L2,Nike,Dunk Low Textile Upper,158,123,6,6,0,4,SHIMA_05,0.7452
2025-12-23,2,L2,Nike,Air Max Flyknit Upper,162,133,14,5,0,6,SHIMA_06,0.7399
2025-12-23,1,L3,Nike,Air Max Flyknit Upper,117,62,5,167,0,9,STITCH_02,0.4914
2025-12-23,2,L3,Nike,ZoomX Carbon Plate Insert,122,109,4,16,0,9,STITCH_01,0.8632
2025-12-23,1,L4,Crocs,LiteRide Insole Unit,130,94,4,16,78,8,SOLE_02,0.6976
2025-12-23,2,L4,Crocs,Bayaband Slide Upper,139,116,2,11,0,9,STITCH_04,0.8214
2025-12-23,1,L5,Crocs,LiteRide Insole Unit,146,109,6,10,37,9,SOLE_02,0.7089
2025-12-23,2,L5,Crocs,Bayaband Slide Upper,147,101,4,5,37,9,STITCH_06,0.6602
2025-12-23,1,L6,Decathlon,Quechua Hiking Upper,133,87,5,77,0,10,STITCH_07,0.6188
2025-12-23,2,L6,Decathlon,Kiprun Carbon Plate,131,94,7,29,0,10,SHIMA_07,0.669
2025-12-23,1,L7,Decathlon,Quechua Hiking Upper,97,64,2,29,41,10,STITCH_08,0.6399
2025-12-23,2,L7,Crocs,Bayaband Slide Upper,109,95,3,9,0,10,STITCH_08,0.8505
2025-12-23,1,L8,Crocs,Bayaband Slide Upper,161,134,8,0,10,8,SOLE_03,0.7871
2025-12-23,2,L8,Crocs,LiteRide Insole Unit,139,100,4,26,0,6,SOLE_04,0.695
2025-12-24,1,L1,Nike,Pegasus 3D Knit Collar,164,123,10,24,0,4,SHIMA_01,0.694
2025-12-24,2,L1,Decathlon,Quechua Hiking Upper,183,142,6,4,0,6,SHIMA_02,0.7454
2025-12-24,1,L2,Nike,Dunk Low Textile Upper,151,107,4,8,58,7,SHIMA_06,0.6872
2025-12-24,2,L2,Nike,Dunk Low Textile Upper,159,63,4,183,76,4,SHIMA_04,0.376
2025-12-24,1,L3,Nike,Pegasus 3D Knit Collar,124,98,2,24,20,10,STITCH_01,0.7755
2025-12-24,2,L3,Nike,Vaporfly Engineered Mesh,115,77,7,123,0,9,STITCH_01,0.6163
2025-12-24,1,L4,Crocs,Classic Clog Strap Assembly,158,127,9,21,0,12,SOLE_02,0.7511
2025-12-24,2,L4,Crocs,LiteRide Insole Unit,160,133,9,28,0,8,STITCH_04,0.7782
2025-12-24,1,L5,Crocs,Classic Clog Strap Assembly,137,112,7,23,0,11,STITCH_05,0.7717
2025-12-24,2,L5,Crocs,Classic Clog Strap Assembly,142,88,5,23,86,12,STITCH_05,0.589
2025-12-24,1,L6,Decathlon,Kalenji Trail Sole Unit,103,91,2,18,0,9,SHIMA_08,0.8724
2025-12-24,2,L6,Decathlon,Kalenji Trail Sole Unit,114,95,3,10,0,6,STITCH_07,0.8144
2025-12-24,1,L7,Nike,Pegasus 3D Knit Collar,124,94,4,14,0,7,STITCH_08,0.7272
2025-12-24,2,L7,Decathlon,Kiprun Carbon Plate,127,96,7,16,0,7,SHIMA_09,0.7015
2025-12-24,1,L8,Crocs,Classic Clog Strap Assembly,122,105,5,11,0,6,SOLE_03,0.8197
2025-12-24,2,L8,Decathlon,Quechua Hiking Upper,125,110,5,6,0,6,SOLE_03,0.8414
2025-12-25,1,L1,Nike,Air Max Flyknit Upper,154,110,11,26,71,7,SHIMA_03,0.6473
2025-12-25,2,L1,Nike,ZoomX Carbon Plate Insert,143,110,4,5,0,6,SHIMA_03,0.7469
2025-12-25,1,L2,Nike,ZoomX Carbon Plate Insert,136,111,5,15,0,6,SHIMA_05,0.7863
2025-12-25,2,L2,Nike,Air Max Flyknit Upper,133,103,8,23,0,5,SHIMA_06,0.7194
2025-12-25,1,L3,Nike,ZoomX Carbon Plate Insert,145,115,7,13,0,11,SOLE_01,0.7506
2025-12-25,2,L3,Nike,Vaporfly Engineered Mesh,151,124,9,13,0,11,STITCH_02,0.7645
2025-12-25,1,L4,Crocs,LiteRide Insole Unit,134,90,4,12,78,11,STITCH_03,0.6437
2025-12-25,2,L4,Crocs,Classic Clog Strap Assembly,125,108,7,5,0,8,STITCH_03,0.8096
2025-12-25,1,L5,Crocs,Bayaband Slide Upper,144,127,9,10,0,11,SOLE_02,0.8217
2025-12-25,2,L5,Crocs,Bayaband Slide Upper,148,121,9,1,49,11,SOLE_02,0.7579
2025-12-25,1,L6,Decathlon,Quechua Hiking Upper,140,120,5,23,0,10,STITCH_07,0.8233
2025-12-25,2,L6,Crocs,Bayaband Slide Upper,147,122,9,25,0,9,SHIMA_07,0.7713
2025-12-25,1,L7,Decathlon,Quechua Hiking Upper,137,72,3,201,0,10,SHIMA_09,0.5052
2025-12-25,2,L7,Decathlon,Quechua Hiking Upper,135,113,4,26,0,10,STITCH_07,0.8077
2025-12-25,1,L8,Decathlon,Quechua Hiking Upper,115,97,3,2,0,5,SOLE_04,0.824
2025-12-25,2,L8,Nike,Air Max Flyknit Upper,121,97,4,29,0,8,SOLE_03,0.7709
2025-12-26,1,L1,Nike,Dunk Low Textile Upper,184,158,12,1,0,5,SHIMA_02,0.7975
2025-12-26,2,L1,Nike,Vaporfly Engineered Mesh,178,156,12,4,0,4,SHIMA_03,0.8139
2025-12-26,3,L1,Decathlon,Kalenji Trail Sole Unit,130,81,2,3,80,5,SHIMA_03,0.6103
2025-12-26,1,L2,Nike,Air Max Flyknit Upper,163,143,8,22,0,7,SHIMA_05,0.8322
2025-12-26,2,L2,Nike,Air Max Flyknit Upper,149,107,3,24,0,5,SHIMA_05,0.7002
2025-12-26,3,L2,Nike,ZoomX Carbon Plate Insert,101,72,5,8,54,4,SHIMA_04,0.6663
2025-12-26,1,L3,Nike,Vaporfly Engineered Mesh,113,72,4,62,30,9,STITCH_01,0.6073
2025-12-26,2,L3,Nike,Vaporfly Engineered Mesh,118,80,3,19,86,9,STITCH_02,0.6559
2025-12-26,3,L3,Nike,Air Max Flyknit Upper,92,60,7,0,73,12,STITCH_01,0.5817
2025-12-26,1,L4,Crocs,Bayaband Slide Upper,146,104,3,9,16,12,STITCH_04,0.6965
2025-12-26,2,L4,Crocs,Bayaband Slide Upper,139,99,7,27,0,8,SOLE_02,0.6645
2025-12-26,3,L4,Crocs,Classic Clog Strap Assembly,92,67,3,28,60,12,STITCH_04,0.705
2025-12-26,1,L5,Crocs,LiteRide Insole Unit,126,114,7,7,0,11,STITCH_05,0.8518
2025-12-26,2,L5,Crocs,Classic Clog Strap Assembly,135,113,7,28,0,11,STITCH_05,0.7867
2025-12-26,3,L5,Crocs,Bayaband Slide Upper,72,58,5,19,0,10,SOLE_02,0.7478
2025-12-26,1,L6,Decathlon,Kalenji Trail Sole Unit,135,105,2,23,0,6,SHIMA_08,0.7698
2025-12-26,2,L6,Nike,ZoomX Carbon Plate Insert,139,53,3,182,66,7,SHIMA_07,0.3635
2025-12-26,3,L6,Decathlon,Kiprun Carbon Plate,82,62,1,25,59,10,STITCH_07,0.7448
2025-12-26,1,L7,Nike,Pegasus 3D Knit Collar,152,107,10,111,0,8,SHIMA_09,0.6436
2025-12-26,2,L7,Decathlon,Quechua Hiking Upper,134,102,4,3,0,9,STITCH_07,0.7385
2025-12-26,3,L7,Decathlon,Kalenji Trail Sole Unit,87,73,6,17,0,8,SHIMA_09,0.779
2025-12-26,1,L8,Nike,Dunk Low Textile Upper,130,103,6,25,0,8,SOLE_04,0.747
2025-12-26,2,L8,Crocs,Classic Clog Strap Assembly,149,118,6,13,32,8,SOLE_04,0.7562
2025-12-26,3,L8,Crocs,LiteRide Insole Unit,81,65,3,3,0,5,SOLE_04,0.7703
2025-12-29,1,L1,Nike,Air Max Flyknit Upper,156,120,8,13,53,7,SHIMA_01,0.718
2025-12-29,2,L1,Nike,Air Max Flyknit Upper,146,112,9,26,0,5,SHIMA_01,0.708
2025-12-29,1,L2,Nike,Air Max Flyknit Upper,153,132,14,9,0,5,SHIMA_06,0.7756
2025-12-29,2,L2,Nike,Dunk Low Textile Upper,165,116,3,29,50,5,SHIMA_06,0.6907
2025-12-29,1,L3,Crocs,Classic Clog Strap Assembly,143,119,6,20,0,12,SOLE_01,0.7941
2025-12-29,2,L3,Nike,Dunk Low Textile Upper,136,100,5,24,0,9,STITCH_01,0.7027
2025-12-29,1,L4,Crocs,Classic Clog Strap Assembly,135,120,6,12,0,9,STITCH_04,0.8466
2025-12-29,2,L4,Crocs,LiteRide Insole Unit,148,102,5,10,61,10,STITCH_03,0.6578
2025-12-29,1,L5,Decathlon,Quechua Hiking Upper,126,104,3,26,19,8,STITCH_05,0.8065
2025-12-29,2,L5,Crocs,LiteRide Insole Unit,118,74,4,19,82,9,STITCH_06,0.5941
2025-12-29,1,L6,Crocs,Classic Clog Strap Assembly,140,106,2,27,0,9,SHIMA_08,0.7486
2025-12-29,2,L6,Decathlon,Kiprun Carbon Plate,137,84,2,94,0,8,SHIMA_07,0.6
2025-12-29,1,L7,Crocs,LiteRide Insole Unit,147,107,5,0,35,6,STITCH_07,0.6952
2025-12-29,2,L7,Decathlon,Kiprun Carbon Plate,151,126,3,5,0,7,STITCH_07,0.8198
2025-12-29,1,L8,Nike,Dunk Low Textile Upper,154,140,3,2,0,5,SOLE_04,0.8897
2025-12-29,2,L8,Decathlon,Kiprun Carbon Plate,162,132,10,2,0,7,SOLE_03,0.7578
2025-12-30,1,L1,Nike,Pegasus 3D Knit Collar,180,159,11,9,0,4,SHIMA_02,0.8256
2025-12-30,2,L1,Nike,Dunk Low Textile Upper,171,133,7,1,0,4,SHIMA_03,0.7402
2025-12-30,3,L1,Nike,ZoomX Carbon Plate Insert,120,108,9,5,0,4,SHIMA_02,0.8306
2025-12-30,1,L2,Crocs,Classic Clog Strap Assembly,186,130,7,23,73,5,SHIMA_04,0.663
2025-12-30,2,L2,Nike,Air Max Flyknit Upper,186,143,15,26,0,5,SHIMA_06,0.6895
2025-12-30,3,L2,Decathlon,Quechua Hiking Upper,99,72,5,17,61,4,SHIMA_05,0.6769
2025-12-30,1,L3,Nike,Dunk Low Textile Upper,132,94,6,19,0,8,SOLE_01,0.6719
2025-12-30,2,L3,Nike,Dunk Low Textile Upper,118,88,8,48,39,8,STITCH_02,0.683
2025-12-30,3,L3,Nike,Vaporfly Engineered Mesh,84,68,7,2,0,10,STITCH_02,0.7311
2025-12-30,1,L4,Nike,Pegasus 3D Knit Collar,158,138,11,10,0,11,SOLE_02,0.8095
2025-12-30,2,L4,Crocs,Bayaband Slide Upper,161,125,6,26,0,9,STITCH_04,0.7401
2025-12-30,3,L4,Nike,ZoomX Carbon Plate Insert,105,75,5,12,70,8,STITCH_04,0.6745
2025-12-30,1,L5,Crocs,Classic Clog Strap Assembly,128,94,4,24,67,9,STITCH_05,0.7102
2025-12-30,2,L5,Crocs,Bayaband Slide Upper,136,95,7,24,27,12,STITCH_06,0.6481
2025-12-30,3,L5,Nike,Pegasus 3D Knit Collar,79,69,2,0,0,9,STITCH_06,0.8571
2025-12-30,1,L6,Decathlon,Kiprun Carbon Plate,128,94,3,6,0,8,STITCH_07,0.7137
2025-12-30,2,L6,Crocs,LiteRide Insole Unit,131,101,2,1,75,6,SHIMA_07,0.7575
2025-12-30,3,L6,Decathlon,Quechua Hiking Upper,82,62,4,14,0,6,SHIMA_08,0.715
2025-12-30,1,L7,Decathlon,Kiprun Carbon Plate,111,79,4,22,83,7,STITCH_07,0.6768
2025-12-30,2,L7,Decathlon,Kalenji Trail Sole Unit,108,43,2,224,0,6,STITCH_07,0.3837
2025-12-30,3,L7,Decathlon,Kiprun Carbon Plate,62,46,2,29,0,8,STITCH_07,0.7221
2025-12-30,1,L8,Nike,Dunk Low Textile Upper,138,121,8,2,0,6,SOLE_04,0.8192
2025-12-30,2,L8,Nike,ZoomX Carbon Plate Insert,134,116,6,3,0,8,SOLE_04,0.8216
2025-12-30,3,L8,Decathlon,Kalenji Trail Sole Unit,93,83,2,10,0,6,SOLE_03,0.8754
2025-12-31,1,L1,Nike,Dunk Low Textile Upper,192,163,4,12,0,4,SHIMA_02,0.8298
2025-12-31,2,L1,Nike,ZoomX Carbon Plate Insert,192,132,8,24,42,6,SHIMA_01,0.6459
2025-12-31,1,L2,Nike,Air Max Flyknit Upper,149,106,7,11,22,5,SHIMA_06,0.6651
2025-12-31,2,L2,Nike,ZoomX Carbon Plate Insert,168,129,5,9,0,6,SHIMA_06,0.7426
2025-12-31,1,L3,Nike,Air Max Flyknit Upper,174,129,10,3,15,10,STITCH_02,0.6856
2025-12-31,2,L3,Nike,Dunk Low Textile Upper,157,115,7,57,25,11,STITCH_01,0.6907
2025-12-31,1,L4,Nike,Air Max Flyknit Upper,149,110,3,3,0,8,STITCH_04,0.7217
2025-12-31,2,L4,Crocs,Classic Clog Strap Assembly,136,113,5,9,0,8,STITCH_03,0.7967
2025-12-31,1,L5,Crocs,Classic Clog Strap Assembly,145,108,5,2,0,11,STITCH_06,0.7134
2025-12-31,2,L5,Crocs,Bayaband Slide Upper,142,103,3,89,0,9,STITCH_05,0.7102
2025-12-31,1,L6,Decathlon,Kiprun Carbon Plate,145,111,5,26,0,10,SHIMA_07,0.7359
2025-12-31,2,L6,Decathlon,Quechua Hiking Upper,152,108,4,29,0,10,SHIMA_08,0.6889
2025-12-31,1,L7,Decathlon,Quechua Hiking Upper,138,107,2,6,45,10,STITCH_07,0.7654
2025-12-31,2,L7,Decathlon,Kiprun Carbon Plate,144,106,5,17,0,6,STITCH_07,0.7033
2025-12-31,1,L8,Nike,ZoomX Carbon Plate Insert,144,89,7,12,74,8,SOLE_03,0.5728
2025-12-31,2,L8,Crocs,Bayaband Slide Upper,152,94,7,28,88,8,SOLE_03,0.5783
2026-01-01,1,L1,Nike,Vaporfly Engineered Mesh,174,144,8,20,0,5,SHIMA_03,0.782
2026-01-01,2,L1,Nike,Dunk Low Textile Upper,182,151,4,15,0,5,SHIMA_02,0.8112
2026-01-01,3,L1,Nike,Vaporfly Engineered Mesh,135,83,5,0,88,5,SHIMA_02,0.5827
2026-01-01,1,L2,Nike,Air Max Flyknit Upper,174,118,3,15,35,4,SHIMA_06,0.6631
2026-01-01,2,L2,Nike,Vaporfly Engineered Mesh,167,144,11,26,0,7,SHIMA_06,0.7982
2026-01-01,3,L2,Nike,Air Max Flyknit Upper,113,87,7,7,20,5,SHIMA_04,0.7098
2026-01-01,1,L3,Nike,ZoomX Carbon Plate Insert,173,130,6,18,0,10,SOLE_01,0.7175
2026-01-01,2,L3,Nike,Vaporfly Engineered Mesh,178,153,11,0,0,10,SOLE_01,0.8004
2026-01-01,3,L3,Crocs,LiteRide Insole Unit,101,79,5,19,39,12,SOLE_01,0.7392
2026-01-01,1,L4,Crocs,Classic Clog Strap Assembly,173,135,8,19,0,11,SOLE_02,0.7392
2026-01-01,2,L4,Crocs,Classic Clog Strap Assembly,158,131,6,16,0,9,STITCH_03,0.7926
2026-01-01,3,L4,Crocs,LiteRide Insole Unit,112,96,7,4,0,9,STITCH_03,0.7991
2026-01-01,1,L5,Crocs,Bayaband Slide Upper,155,132,4,7,0,11,STITCH_05,0.8275
2026-01-01,2,L5,Crocs,Bayaband Slide Upper,161,126,7,18,0,9,SOLE_02,0.7427
2026-01-01,3,L5,Crocs,LiteRide Insole Unit,111,86,7,11,0,11,STITCH_06,0.713
2026-01-01,1,L6,Decathlon,Kalenji Trail Sole Unit,163,128,4,14,0,10,STITCH_07,0.7663
2026-01-01,2,L6,Nike,Pegasus 3D Knit Collar,157,129,12,5,49,7,SHIMA_08,0.7467
2026-01-01,3,L6,Nike,ZoomX Carbon Plate Insert,109,70,3,76,0,10,STITCH_07,0.6216
2026-01-01,1,L7,Decathlon,Kiprun Carbon Plate,144,124,5,13,0,10,STITCH_08,0.8286
2026-01-01,2,L7,Decathlon,Kalenji Trail Sole Unit,151,118,2,24,0,9,SHIMA_09,0.7735
2026-01-01,3,L7,Decathlon,Kalenji Trail Sole Unit,89,65,5,23,0,10,STITCH_07,0.676
2026-01-01,1,L8,Decathlon,Kalenji Trail Sole Unit,140,79,3,135,0,6,SOLE_03,0.5444
2026-01-01,2,L8,Nike,Vaporfly Engineered Mesh,144,101,4,113,0,5,SOLE_03,0.6786
2026-01-01,3,L8,Crocs,Classic Clog Strap Assembly,109,57,2,183,0,5,SOLE_03,0.506
2026-01-02,1,L1,Nike,ZoomX Carbon Plate Insert,183,145,11,27,0,7,SHIMA_01,0.7345
2026-01-02,2,L1,Crocs,Classic Clog Strap Assembly,175,104,5,108,0,7,SHIMA_03,0.5662
2026-01-02,3,L1,Nike,Air Max Flyknit Upper,120,93,10,25,12,4,SHIMA_03,0.6966
2026-01-02,1,L2,Nike,Air Max Flyknit Upper,145,101,8,10,85,5,SHIMA_05,0.6446
2026-01-02,2,L2,Decathlon,Kalenji Trail Sole Unit,152,66,3,202,13,7,SHIMA_06,0.4154
2026-01-02,3,L2,Decathlon,Quechua Hiking Upper,108,90,4,6,41,6,SHIMA_04,0.8039
2026-01-02,1,L3,Nike,Pegasus 3D Knit Collar,121,94,6,18,0,10,SOLE_01,0.7312
2026-01-02,2,L3,Nike,Vaporfly Engineered Mesh,121,81,5,8,43,10,SOLE_01,0.6334
2026-01-02,3,L3,Nike,Vaporfly Engineered Mesh,81,52,2,104,0,10,STITCH_02,0.6283
2026-01-02,1,L4,Crocs,Bayaband Slide Upper,145,123,6,32,0,9,SOLE_02,0.8082
2026-01-02,2,L4,Crocs,Classic Clog Strap Assembly,143,118,4,12,0,10,SOLE_02,0.8036
2026-01-02,3,L4,Crocs,LiteRide Insole Unit,84,71,6,36,0,9,SOLE_02,0.7835
2026-01-02,1,L5,Crocs,Bayaband Slide Upper,153,107,2,27,30,9,SOLE_02,0.6926
2026-01-02,2,L5,Decathlon,Kalenji Trail Sole Unit,141,124,3,3,18,12,SOLE_02,0.8584
2026-01-02,3,L5,Nike,Pegasus 3D Knit Collar,85,67,6,5,40,12,SOLE_02,0.7201
2026-01-02,1,L6,Decathlon,Kalenji Trail Sole Unit,145,117,7,6,0,10,SHIMA_07,0.7641
2026-01-02,2,L6,Decathlon,Quechua Hiking Upper,142,107,6,14,0,9,SHIMA_08,0.7169
2026-01-02,3,L6,Decathlon,Quechua Hiking Upper,100,58,4,129,0,8,SHIMA_07,0.5404
2026-01-02,1,L7,Decathlon,Quechua Hiking Upper,147,124,5,8,0,9,STITCH_07,0.8147
2026-01-02,2,L7,Nike,Dunk Low Textile Upper,143,108,7,27,17,10,STITCH_07,0.7103
2026-01-02,3,L7,Nike,Pegasus 3D Knit Collar,104,85,11,1,0,9,STITCH_08,0.716
2026-01-02,1,L8,Crocs,Classic Clog Strap Assembly,124,94,3,0,0,8,SOLE_04,0.7368
2026-01-02,2,L8,Crocs,Classic Clog Strap Assembly,131,59,4,189,21,7,SOLE_03,0.42
2026-01-02,3,L8,Crocs,Bayaband Slide Upper,80,66,5,12,0,7,SOLE_03,0.7659
2026-01-05,1,L1,Crocs,LiteRide Insole Unit,174,118,8,33,36,6,SHIMA_01,0.6357
2026-01-05,2,L1,Nike,Dunk Low Textile Upper,201,176,14,2,21,7,SHIMA_02,0.8102
2026-01-05,3,L1,Nike,Air Max Flyknit Upper,105,84,5,8,0,5,SHIMA_03,0.7609
2026-01-05,1,L2,Decathlon,Kiprun Carbon Plate,178,151,5,27,0,5,SHIMA_06,0.824
2026-01-05,2,L2,Nike,Air Max Flyknit Upper,180,142,5,26,48,6,SHIMA_06,0.7626
2026-01-05,3,L2,Nike,ZoomX Carbon Plate Insert,103,74,3,39,15,7,SHIMA_04,0.6922
2026-01-05,1,L3,Nike,Pegasus 3D Knit Collar,168,136,5,3,16,12,STITCH_02,0.7847
2026-01-05,2,L3,Crocs,Bayaband Slide Upper,170,129,5,12,0,8,SOLE_01,0.7318
2026-01-05,3,L3,Crocs,Bayaband Slide Upper,99,75,5,26,0,11,STITCH_02,0.7105
2026-01-05,1,L4,Crocs,LiteRide Insole Unit,161,71,4,205,0,9,STITCH_04,0.4217
2026-01-05,2,L4,Crocs,Classic Clog Strap Assembly,165,145,9,9,11,8,SOLE_02,0.8259
2026-01-05,3,L4,Decathlon,Kiprun Carbon Plate,122,95,3,11,24,8,STITCH_04,0.7542
2026-01-05,1,L5,Crocs,Classic Clog Strap Assembly,155,110,6,72,0,10,SOLE_02,0.6749
2026-01-05,2,L5,Crocs,LiteRide Insole Unit,155,127,6,0,0,11,STITCH_05,0.7818
2026-01-05,3,L5,Crocs,LiteRide Insole Unit,105,43,3,238,0,10,STITCH_06,0.386
2026-01-05,1,L6,Decathlon,Kiprun Carbon Plate,120,92,6,16,27,9,STITCH_07,0.7196
2026-01-05,2,L6,Decathlon,Quechua Hiking Upper,125,108,7,16,0,6,SHIMA_08,0.8133
2026-01-05,3,L6,Decathlon,Quechua Hiking Upper,65,51,1,14,53,9,SHIMA_07,0.7778
2026-01-05,1,L7,Decathlon,Kiprun Carbon Plate,157,126,3,17,0,6,STITCH_07,0.784
2026-01-05,2,L7,Decathlon,Quechua Hiking Upper,146,118,9,21,0,7,STITCH_07,0.7476
2026-01-05,3,L7,Crocs,Classic Clog Strap Assembly,89,74,6,28,0,8,SHIMA_09,0.7665
2026-01-05,1,L8,Nike,Pegasus 3D Knit Collar,150,103,6,127,0,6,SOLE_03,0.6471
2026-01-05,2,L8,Decathlon,Kiprun Carbon Plate,135,71,3,147,0,7,SOLE_04,0.506
2026-01-05,3,L8,Crocs,Bayaband Slide Upper,89,76,4,12,0,7,SOLE_03,0.8184
2026-01-06,1,L1,Nike,Vaporfly Engineered Mesh,167,138,8,26,0,6,SHIMA_03,0.7838
2026-01-06,2,L1,Nike,Pegasus 3D Knit Collar,163,149,10,7,0,5,SHIMA_02,0.8554
2026-01-06,1,L2,Nike,Pegasus 3D Knit Collar,161,138,3,3,0,6,SHIMA_05,0.8428
2026-01-06,2,L2,Nike,Vaporfly Engineered Mesh,149,123,4,11,0,6,SHIMA_05,0.8002
2026-01-06,1,L3,Nike,Vaporfly Engineered Mesh,136,94,5,105,0,12,STITCH_01,0.6597
2026-01-06,2,L3,Nike,Vaporfly Engineered Mesh,140,98,8,29,47,10,STITCH_02,0.6448
2026-01-06,1,L4,Crocs,LiteRide Insole Unit,150,121,9,2,38,8,STITCH_03,0.7474
2026-01-06,2,L4,Decathlon,Kiprun Carbon Plate,139,101,5,28,0,8,STITCH_04,0.6968
2026-01-06,1,L5,Crocs,LiteRide Insole Unit,130,86,5,28,66,10,STITCH_06,0.6254
2026-01-06,2,L5,Decathlon,Kalenji Trail Sole Unit,127,99,4,2,0,9,STITCH_05,0.7547
2026-01-06,1,L6,Decathlon,Quechua Hiking Upper,154,120,7,28,0,7,SHIMA_07,0.7386
2026-01-06,2,L6,Decathlon,Kalenji Trail Sole Unit,146,109,5,1,14,9,STITCH_07,0.7128
2026-01-06,1,L7,Decathlon,Kiprun Carbon Plate,113,76,3,58,38,9,STITCH_08,0.647
2026-01-06,2,L7,Crocs,Classic Clog Strap Assembly,122,97,5,7,23,9,STITCH_08,0.7549
2026-01-06,1,L8,Nike,Pegasus 3D Knit Collar,135,111,10,18,24,7,SOLE_03,0.7527
2026-01-06,2,L8,Crocs,LiteRide Insole Unit,142,110,7,69,0,5,SOLE_03,0.7291
2026-01-07,1,L1,Crocs,LiteRide Insole Unit,177,79,4,224,0,4,SHIMA_01,0.4264
2026-01-07,2,L1,Decathlon,Kalenji Trail Sole Unit,177,138,10,24,0,6,SHIMA_03,0.7279
2026-01-07,1,L2,Nike,ZoomX Carbon Plate Insert,164,124,4,14,0,5,SHIMA_05,0.7332
2026-01-07,2,L2,Nike,Air Max Flyknit Upper,175,154,6,14,0,7,SHIMA_04,0.8495
2026-01-07,1,L3,Nike,Air Max Flyknit Upper,140,92,8,128,0,10,SOLE_01,0.6022
2026-01-07,2,L3,Nike,Pegasus 3D Knit Collar,146,110,4,24,0,11,SOLE_01,0.7277
2026-01-07,1,L4,Nike,ZoomX Carbon Plate Insert,158,107,8,85,0,11,SOLE_02,0.6269
2026-01-07,2,L4,Crocs,Classic Clog Strap Assembly,157,134,4,10,0,12,SOLE_02,0.8282
2026-01-07,1,L5,Crocs,Classic Clog Strap Assembly,175,141,3,0,0,9,STITCH_06,0.7907
2026-01-07,2,L5,Crocs,Bayaband Slide Upper,174,150,10,4,0,9,STITCH_05,0.8077
2026-01-07,1,L6,Crocs,LiteRide Insole Unit,123,65,2,104,60,8,SHIMA_08,0.5187
2026-01-07,2,L6,Decathlon,Kalenji Trail Sole Unit,135,113,5,6,0,6,STITCH_07,0.8031
2026-01-07,1,L7,Decathlon,Kiprun Carbon Plate,130,112,2,2,0,7,STITCH_08,0.8508
2026-01-07,2,L7,Decathlon,Kalenji Trail Sole Unit,134,99,4,29,42,8,STITCH_08,0.7113
2026-01-07,1,L8,Decathlon,Kalenji Trail Sole Unit,144,112,2,27,0,7,SOLE_03,0.7664
2026-01-07,2,L8,Crocs,Classic Clog Strap Assembly,147,114,3,14,0,8,SOLE_04,0.761
2026-01-08,1,L1,Nike,Air Max Flyknit Upper,182,154,11,10,0,7,SHIMA_01,0.7889
2026-01-08,2,L1,Crocs,Classic Clog Strap Assembly,168,139,6,15,0,5,SHIMA_03,0.7951
2026-01-08,3,L1,Nike,Pegasus 3D Knit Collar,124,63,2,153,54,5,SHIMA_02,0.4926
2026-01-08,1,L2,Nike,Dunk Low Textile Upper,185,131,13,10,53,6,SHIMA_05,0.6411
2026-01-08,2,L2,Nike,Air Max Flyknit Upper,199,157,15,3,32,4,SHIMA_04,0.715
2026-01-08,3,L2,Crocs,Bayaband Slide Upper,118,90,5,16,0,4,SHIMA_06,0.7222
2026-01-08,1,L3,Nike,Pegasus 3D Knit Collar,170,56,3,222,52,11,STITCH_02,0.3129
2026-01-08,2,L3,Crocs,LiteRide Insole Unit,151,115,2,16,49,9,SOLE_01,0.7509
2026-01-08,3,L3,Nike,Vaporfly Engineered Mesh,93,81,4,29,0,8,STITCH_02,0.8316
2026-01-08,1,L4,Crocs,Classic Clog Strap Assembly,151,125,5,28,0,11,STITCH_04,0.8003
2026-01-08,2,L4,Decathlon,Quechua Hiking Upper,153,68,2,201,0,10,STITCH_04,0.4321
2026-01-08,3,L4,Crocs,Classic Clog Strap Assembly,85,52,1,147,0,12,STITCH_03,0.6115
2026-01-08,1,L5,Crocs,LiteRide Insole Unit,152,97,5,10,73,11,STITCH_05,0.6087
2026-01-08,2,L5,Crocs,LiteRide Insole Unit,148,111,4,18,0,9,SOLE_02,0.7236
2026-01-08,3,L5,Crocs,Bayaband Slide Upper,109,97,5,5,0,9,STITCH_06,0.8509
2026-01-08,1,L6,Decathlon,Kalenji Trail Sole Unit,157,119,2,12,63,8,SHIMA_08,0.7468
2026-01-08,2,L6,Nike,Dunk Low Textile Upper,156,136,11,0,0,9,SHIMA_08,0.8022
2026-01-08,3,L6,Nike,ZoomX Carbon Plate Insert,98,86,3,9,0,6,SHIMA_07,0.8553
2026-01-08,1,L7,Decathlon,Kalenji Trail Sole Unit,140,127,6,11,0,8,STITCH_08,0.8695
2026-01-08,2,L7,Crocs,LiteRide Insole Unit,138,122,3,15,0,10,STITCH_08,0.8654
2026-01-08,3,L7,Nike,Air Max Flyknit Upper,98,67,2,11,87,9,SHIMA_09,0.6715
2026-01-08,1,L8,Crocs,LiteRide Insole Unit,115,99,5,7,0,6,SOLE_03,0.819
2026-01-08,2,L8,Decathlon,Kalenji Trail Sole Unit,116,85,2,59,0,8,SOLE_03,0.7212
2026-01-08,3,L8,Nike,Dunk Low Textile Upper,67,56,5,8,0,8,SOLE_03,0.7725
2026-01-09,1,L1,Nike,Vaporfly Engineered Mesh,147,98,6,78,0,6,SHIMA_01,0.6322
2026-01-09,2,L1,Nike,Vaporfly Engineered Mesh,153,95,2,29,74,6,SHIMA_03,0.6126
2026-01-09,1,L2,Nike,Dunk Low Textile Upper,164,121,12,14,0,6,SHIMA_06,0.6656
2026-01-09,2,L2,Decathlon,Quechua Hiking Upper,167,129,2,1,0,7,SHIMA_06,0.7635
2026-01-09,1,L3,Decathlon,Kalenji Trail Sole Unit,148,111,4,10,0,8,SOLE_01,0.7295
2026-01-09,2,L3,Nike,Dunk Low Textile Upper,149,102,3,2,56,10,STITCH_02,0.6656
2026-01-09,1,L4,Crocs,LiteRide Insole Unit,156,118,5,23,0,8,SOLE_02,0.7303
2026-01-09,2,L4,Decathlon,Quechua Hiking Upper,152,136,8,8,0,8,STITCH_04,0.8472
2026-01-09,1,L5,Crocs,LiteRide Insole Unit,147,112,7,21,0,12,STITCH_06,0.7181
2026-01-09,2,L5,Decathlon,Kiprun Carbon Plate,150,111,3,10,0,8,SOLE_02,0.7249
2026-01-09,1,L6,Decathlon,Quechua Hiking Upper,158,144,4,2,0,10,SHIMA_08,0.8884
2026-01-09,2,L6,Nike,ZoomX Carbon Plate Insert,145,117,8,7,52,6,STITCH_07,0.7531
2026-01-09,1,L7,Decathlon,Kalenji Trail Sole Unit,135,63,4,187,19,10,STITCH_08,0.4374
2026-01-09,2,L7,Decathlon,Quechua Hiking Upper,134,101,7,0,0,7,SHIMA_09,0.7078
2026-01-09,1,L8,Decathlon,Kiprun Carbon Plate,119,93,2,10,30,7,SOLE_04,0.7672
2026-01-09,2,L8,Crocs,Classic Clog Strap Assembly,118,83,4,7,70,8,SOLE_03,0.6726
2026-01-12,1,L1,Nike,ZoomX Carbon Plate Insert,165,105,3,28,49,5,SHIMA_01,0.6229
2026-01-12,2,L1,Nike,Dunk Low Textile Upper,166,149,6,13,0,4,SHIMA_03,0.8632
2026-01-12,3,L1,Nike,Vaporfly Engineered Mesh,102,94,4,0,0,6,SHIMA_03,0.8847
2026-01-12,1,L2,Nike,Air Max Flyknit Upper,139,123,5,3,0,5,SHIMA_06,0.8493
2026-01-12,2,L2,Nike,Pegasus 3D Knit Collar,135,122,7,10,0,7,SHIMA_06,0.8544
2026-01-12,3,L2,Crocs,Classic Clog Strap Assembly,89,65,4,28,0,6,SHIMA_04,0.692
2026-01-12,1,L3,Crocs,Classic Clog Strap Assembly,148,97,7,24,64,10,STITCH_02,0.6122
2026-01-12,2,L3,Crocs,Classic Clog Strap Assembly,160,137,8,2,32,12,STITCH_02,0.8109
2026-01-12,3,L3,Nike,Pegasus 3D Knit Collar,114,71,8,22,89,12,STITCH_02,0.5538
2026-01-12,1,L4,Decathlon,Quechua Hiking Upper,186,89,6,214,0,12,STITCH_03,0.4476
2026-01-12,2,L4,Decathlon,Kiprun Carbon Plate,173,141,9,8,0,10,STITCH_04,0.7667
2026-01-12,3,L4,Crocs,LiteRide Insole Unit,133,106,10,16,0,8,STITCH_04,0.7228
2026-01-12,1,L5,Crocs,Classic Clog Strap Assembly,134,112,7,12,0,10,SOLE_02,0.7869
2026-01-12,2,L5,Crocs,LiteRide Insole Unit,141,126,8,10,0,11,STITCH_06,0.8388
2026-01-12,3,L5,Crocs,Bayaband Slide Upper,104,69,7,28,74,11,STITCH_06,0.6006
2026-01-12,1,L6,Decathlon,Kiprun Carbon Plate,154,65,3,144,79,8,STITCH_07,0.4077
2026-01-12,2,L6,Decathlon,Kalenji Trail Sole Unit,155,130,8,17,0,10,SHIMA_08,0.7892
2026-01-12,3,L6,Nike,Vaporfly Engineered Mesh,92,67,3,10,89,10,SHIMA_08,0.7033
2026-01-12,1,L7,Decathlon,Kiprun Carbon Plate,102,84,6,26,0,7,STITCH_08,0.7729
2026-01-12,2,L7,Decathlon,Kalenji Trail Sole Unit,110,54,3,175,47,9,SHIMA_09,0.4653
2026-01-12,3,L7,Nike,Dunk Low Textile Upper,58,47,5,26,0,7,STITCH_07,0.7325
2026-01-12,1,L8,Nike,Pegasus 3D Knit Collar,122,86,4,3,74,6,SOLE_04,0.6745
2026-01-12,2,L8,Nike,ZoomX Carbon Plate Insert,108,89,7,0,0,7,SOLE_04,0.7663
2026-01-12,3,L8,Nike,Dunk Low Textile Upper,77,61,4,53,0,8,SOLE_03,0.7451
2026-01-13,1,L1,Nike,Pegasus 3D Knit Collar,156,103,9,29,89,6,SHIMA_01,0.605
2026-01-13,2,L1,Nike,Dunk Low Textile Upper,149,72,6,173,0,5,SHIMA_01,0.4478
2026-01-13,1,L2,Nike,Air Max Flyknit Upper,148,119,6,2,0,7,SHIMA_05,0.7673
2026-01-13,2,L2,Crocs,LiteRide Insole Unit,136,112,5,6,0,7,SHIMA_04,0.7897
2026-01-13,1,L3,Nike,Air Max Flyknit Upper,138,99,8,26,0,10,STITCH_02,0.6638
2026-01-13,2,L3,Nike,Dunk Low Textile Upper,157,127,5,3,0,9,STITCH_01,0.7817
2026-01-13,1,L4,Crocs,Bayaband Slide Upper,151,119,7,24,47,8,STITCH_03,0.7448
2026-01-13,2,L4,Nike,Air Max Flyknit Upper,159,136,8,1,0,9,STITCH_04,0.8064
2026-01-13,1,L5,Crocs,Bayaband Slide Upper,134,115,3,24,0,8,STITCH_05,0.8401
2026-01-13,2,L5,Crocs,LiteRide Insole Unit,128,105,8,25,0,11,STITCH_06,0.7596
2026-01-13,1,L6,Decathlon,Quechua Hiking Upper,114,86,2,17,0,6,SHIMA_08,0.7388
2026-01-13,2,L6,Decathlon,Quechua Hiking Upper,112,69,2,99,28,10,SHIMA_08,0.6005
2026-01-13,1,L7,Decathlon,Kiprun Carbon Plate,152,137,8,14,0,9,STITCH_07,0.8544
2026-01-13,2,L7,Decathlon,Kalenji Trail Sole Unit,156,124,4,0,0,10,STITCH_07,0.7737
2026-01-13,1,L8,Decathlon,Quechua Hiking Upper,149,130,3,21,0,5,SOLE_04,0.8579
2026-01-13,2,L8,Nike,Dunk Low Textile Upper,148,122,8,7,0,8,SOLE_04,0.7759
2026-01-14,1,L1,Nike,Dunk Low Textile Upper,168,138,10,26,0,7,SHIMA_03,0.7648
2026-01-14,2,L1,Crocs,LiteRide Insole Unit,171,115,3,38,77,4,SHIMA_02,0.6559
2026-01-14,3,L1,Nike,ZoomX Carbon Plate Insert,96,46,1,102,73,6,SHIMA_02,0.4729
2026-01-14,1,L2,Nike,ZoomX Carbon Plate Insert,146,88,7,131,0,5,SHIMA_04,0.5594
2026-01-14,2,L2,Nike,ZoomX Carbon Plate Insert,138,63,5,126,86,5,SHIMA_05,0.4207
2026-01-14,3,L2,Nike,Vaporfly Engineered Mesh,83,71,3,25,0,5,SHIMA_04,0.8255
2026-01-14,1,L3,Crocs,Classic Clog Strap Assembly,120,89,4,3,0,12,SOLE_01,0.7145
2026-01-14,2,L3,Nike,ZoomX Carbon Plate Insert,129,45,3,186,85,8,STITCH_02,0.3278
2026-01-14,3,L3,Nike,Air Max Flyknit Upper,80,59,2,86,0,8,SOLE_01,0.7233
2026-01-14,1,L4,Decathlon,Quechua Hiking Upper,183,153,10,25,0,10,STITCH_04,0.7855
2026-01-14,2,L4,Crocs,LiteRide Insole Unit,183,54,3,237,88,9,STITCH_04,0.2804
2026-01-14,3,L4,Crocs,Bayaband Slide Upper,104,81,3,0,0,12,SOLE_02,0.7552
2026-01-14,1,L5,Nike,Air Max Flyknit Upper,155,139,6,13,0,11,SOLE_02,0.8597
2026-01-14,2,L5,Decathlon,Kalenji Trail Sole Unit,153,137,4,10,0,12,STITCH_06,0.8696
2026-01-14,3,L5,Crocs,LiteRide Insole Unit,105,89,8,8,0,8,STITCH_06,0.7725
2026-01-14,1,L6,Decathlon,Kalenji Trail Sole Unit,135,109,2,17,0,8,STITCH_07,0.799
2026-01-14,2,L6,Nike,Pegasus 3D Knit Collar,144,113,10,15,0,10,STITCH_07,0.7216
2026-01-14,3,L6,Nike,Vaporfly Engineered Mesh,76,69,3,11,0,7,SHIMA_08,0.8722
2026-01-14,1,L7,Decathlon,Quechua Hiking Upper,136,105,4,8,0,10,SHIMA_09,0.745
2026-01-14,2,L7,Decathlon,Kiprun Carbon Plate,144,132,4,5,0,8,SHIMA_09,0.8917
2026-01-14,3,L7,Decathlon,Quechua Hiking Upper,90,73,5,1,0,7,STITCH_07,0.7629
2026-01-14,1,L8,Nike,Vaporfly Engineered Mesh,129,99,5,20,0,6,SOLE_03,0.7316
2026-01-14,2,L8,Nike,Dunk Low Textile Upper,128,41,3,209,81,5,SOLE_03,0.2984
2026-01-14,3,L8,Decathlon,Kiprun Carbon Plate,93,82,7,3,0,8,SOLE_04,0.8113
2026-01-15,1,L1,Nike,Pegasus 3D Knit Collar,187,132,6,10,49,7,SHIMA_03,0.6745
2026-01-15,2,L1,Nike,Dunk Low Textile Upper,183,143,11,11,20,7,SHIMA_03,0.7217
2026-01-15,3,L1,Nike,Vaporfly Engineered Mesh,130,90,4,24,21,5,SHIMA_02,0.667
2026-01-15,1,L2,Nike,Pegasus 3D Knit Collar,156,127,11,15,0,7,SHIMA_05,0.7493
2026-01-15,2,L2,Nike,Air Max Flyknit Upper,156,99,3,96,0,4,SHIMA_04,0.6172
2026-01-15,3,L2,Nike,Dunk Low Textile Upper,82,71,4,8,0,5,SHIMA_06,0.8239
2026-01-15,1,L3,Nike,Pegasus 3D Knit Collar,134,106,3,24,0,11,SOLE_01,0.772
2026-01-15,2,L3,Nike,Air Max Flyknit Upper,137,115,4,29,0,9,STITCH_01,0.8134
2026-01-15,3,L3,Crocs,Classic Clog Strap Assembly,80,59,5,22,65,8,STITCH_02,0.6821
2026-01-15,1,L4,Crocs,LiteRide Insole Unit,157,135,2,21,0,10,STITCH_04,0.8491
2026-01-15,2,L4,Crocs,Bayaband Slide Upper,136,120,4,15,0,9,STITCH_04,0.8551
2026-01-15,3,L4,Crocs,Classic Clog Strap Assembly,92,60,2,23,43,11,STITCH_04,0.6378
2026-01-15,1,L5,Crocs,Classic Clog Strap Assembly,158,106,4,8,66,8,STITCH_05,0.6474
2026-01-15,2,L5,Nike,Dunk Low Textile Upper,145,119,5,12,0,9,STITCH_06,0.7918
2026-01-15,3,L5,Decathlon,Kalenji Trail Sole Unit,85,72,6,26,0,10,STITCH_06,0.7839
2026-01-15,1,L6,Nike,ZoomX Carbon Plate Insert,128,106,9,14,23,10,SHIMA_07,0.7648
2026-01-15,2,L6,Decathlon,Kiprun Carbon Plate,146,122,3,28,15,10,SHIMA_08,0.8206
2026-01-15,3,L6,Decathlon,Kalenji Trail Sole Unit,95,63,2,103,0,7,SHIMA_08,0.6483
2026-01-15,1,L7,Decathlon,Kalenji Trail Sole Unit,134,113,4,12,0,6,SHIMA_09,0.8161
2026-01-15,2,L7,Decathlon,Kalenji Trail Sole Unit,146,105,4,96,0,7,SHIMA_09,0.693
2026-01-15,3,L7,Crocs,Classic Clog Strap Assembly,83,67,3,22,0,8,STITCH_07,0.7716
2026-01-15,1,L8,Nike,ZoomX Carbon Plate Insert,104,79,5,15,0,5,SOLE_04,0.718
2026-01-15,2,L8,Decathlon,Quechua Hiking Upper,104,85,2,24,0,8,SOLE_04,0.8039
2026-01-15,3,L8,Decathlon,Kalenji Trail Sole Unit,81,62,2,4,70,7,SOLE_03,0.7436
2026-01-16,1,L1,Nike,Pegasus 3D Knit Collar,187,162,5,3,0,5,SHIMA_03,0.844
2026-01-16,2,L1,Nike,Air Max Flyknit Upper,184,143,14,21,0,4,SHIMA_01,0.7042
2026-01-16,1,L2,Nike,Vaporfly Engineered Mesh,173,157,15,7,0,6,SHIMA_05,0.8248
2026-01-16,2,L2,Nike,Dunk Low Textile Upper,175,152,8,4,0,5,SHIMA_05,0.8272
2026-01-16,1,L3,Nike,Vaporfly Engineered Mesh,136,101,10,25,0,9,STITCH_02,0.6727
2026-01-16,2,L3,Nike,Air Max Flyknit Upper,134,108,7,14,0,9,SOLE_01,0.758
2026-01-16,1,L4,Crocs,Classic Clog Strap Assembly,156,119,4,11,0,10,STITCH_03,0.7393
2026-01-16,2,L4,Crocs,LiteRide Insole Unit,175,157,6,9,0,10,STITCH_03,0.8678
2026-01-16,1,L5,Crocs,Bayaband Slide Upper,149,123,6,10,0,9,SOLE_02,0.7863
2026-01-16,2,L5,Decathlon,Quechua Hiking Upper,137,119,7,3,0,11,STITCH_06,0.8177
2026-01-16,1,L6,Decathlon,Quechua Hiking Upper,133,114,7,27,0,10,SHIMA_07,0.8103
2026-01-16,2,L6,Decathlon,Kiprun Carbon Plate,150,128,5,20,0,9,SHIMA_07,0.8258
2026-01-16,1,L7,Decathlon,Quechua Hiking Upper,117,88,4,29,0,8,STITCH_08,0.7257
2026-01-16,2,L7,Decathlon,Kiprun Carbon Plate,126,95,5,2,0,9,SHIMA_09,0.7179
2026-01-16,1,L8,Nike,ZoomX Carbon Plate Insert,136,125,13,6,0,8,SOLE_04,0.8244
2026-01-16,2,L8,Crocs,Bayaband Slide Upper,140,130,8,1,0,7,SOLE_04,0.8741
2026-01-19,1,L1,Nike,ZoomX Carbon Plate Insert,150,122,5,26,0,7,SHIMA_02,0.782
2026-01-19,2,L1,Crocs,Bayaband Slide Upper,161,121,9,21,0,4,SHIMA_02,0.6975
2026-01-19,3,L1,Nike,Dunk Low Textile Upper,102,84,8,16,0,7,SHIMA_01,0.7495
2026-01-19,1,L2,Nike,Dunk Low Textile Upper,192,145,6,4,0,7,SHIMA_04,0.7248
2026-01-19,2,L2,Nike,Dunk Low Textile Upper,190,141,6,17,0,5,SHIMA_05,0.7135
2026-01-19,3,L2,Nike,Vaporfly Engineered Mesh,111,77,2,17,37,4,SHIMA_05,0.6763
2026-01-19,1,L3,Nike,Vaporfly Engineered Mesh,152,106,8,22,61,12,STITCH_02,0.6451
2026-01-19,2,L3,Nike,Vaporfly Engineered Mesh,178,120,7,15,74,12,SOLE_01,0.6364
2026-01-19,3,L3,Decathlon,Kalenji Trail Sole Unit,111,95,9,26,0,12,STITCH_02,0.778
2026-01-19,1,L4,Crocs,Classic Clog Strap Assembly,164,132,5,19,0,11,STITCH_04,0.7798
2026-01-19,2,L4,Nike,ZoomX Carbon Plate Insert,176,141,12,29,0,12,STITCH_04,0.736
2026-01-19,3,L4,Crocs,Classic Clog Strap Assembly,128,114,4,11,0,9,STITCH_04,0.8597
2026-01-19,1,L5,Nike,ZoomX Carbon Plate Insert,158,124,5,14,0,11,SOLE_02,0.7566
2026-01-19,2,L5,Crocs,Classic Clog Strap Assembly,143,118,5,1,0,10,STITCH_05,0.7933
2026-01-19,3,L5,Crocs,Classic Clog Strap Assembly,88,80,6,13,0,11,SOLE_02,0.8414
2026-01-19,1,L6,Nike,Air Max Flyknit Upper,123,89,3,22,42,9,STITCH_07,0.7023
2026-01-19,2,L6,Decathlon,Kiprun Carbon Plate,134,105,5,18,0,10,SHIMA_08,0.7467
2026-01-19,3,L6,Decathlon,Kiprun Carbon Plate,78,49,1,0,83,9,SHIMA_07,0.6225
2026-01-19,1,L7,Decathlon,Quechua Hiking Upper,113,96,4,8,0,9,STITCH_07,0.8185
2026-01-19,2,L7,Decathlon,Quechua Hiking Upper,112,89,3,5,0,9,STITCH_08,0.7754
2026-01-19,3,L7,Crocs,Classic Clog Strap Assembly,66,48,1,19,0,9,SHIMA_09,0.7186
2026-01-19,1,L8,Crocs,Bayaband Slide Upper,147,125,9,17,0,8,SOLE_03,0.7898
2026-01-19,2,L8,Decathlon,Kiprun Carbon Plate,164,67,5,221,17,5,SOLE_04,0.3806
2026-01-19,3,L8,Crocs,Bayaband Slide Upper,94,57,2,138,0,5,SOLE_03,0.5945
2026-01-20,1,L1,Nike,Vaporfly Engineered Mesh,176,155,10,2,0,5,SHIMA_01,0.8289
2026-01-20,2,L1,Nike,Dunk Low Textile Upper,198,182,18,3,0,6,SHIMA_02,0.8323
2026-01-20,3,L1,Nike,Pegasus 3D Knit Collar,131,87,7,14,47,6,SHIMA_01,0.6133
2026-01-20,1,L2,Crocs,Classic Clog Strap Assembly,159,123,7,13,0,7,SHIMA_06,0.7337
2026-01-20,2,L2,Nike,ZoomX Carbon Plate Insert,153,133,12,24,0,4,SHIMA_04,0.7918
2026-01-20,3,L2,Nike,ZoomX Carbon Plate Insert,94,74,4,12,20,7,SHIMA_06,0.7493
2026-01-20,1,L3,Nike,Vaporfly Engineered Mesh,134,108,10,25,0,9,SOLE_01,0.7353
2026-01-20,2,L3,Crocs,Bayaband Slide Upper,140,103,5,24,0,10,STITCH_01,0.7039
2026-01-20,3,L3,Nike,Air Max Flyknit Upper,95,63,7,53,0,9,STITCH_01,0.5967
2026-01-20,1,L4,Decathlon,Kiprun Carbon Plate,165,118,8,25,23,10,SOLE_02,0.6721
2026-01-20,2,L4,Crocs,Classic Clog Strap Assembly,172,122,7,17,85,12,STITCH_04,0.6724
2026-01-20,3,L4,Decathlon,Kalenji Trail Sole Unit,104,90,4,13,0,10,STITCH_03,0.8294
2026-01-20,1,L5,Crocs,Classic Clog Strap Assembly,141,112,5,21,0,12,STITCH_06,0.7643
2026-01-20,2,L5,Decathlon,Kiprun Carbon Plate,146,114,5,27,0,9,STITCH_05,0.7474
2026-01-20,3,L5,Nike,ZoomX Carbon Plate Insert,96,80,8,9,19,10,STITCH_05,0.7508
2026-01-20,1,L6,Decathlon,Kalenji Trail Sole Unit,142,116,2,12,0,7,SHIMA_08,0.8084
2026-01-20,2,L6,Decathlon,Kalenji Trail Sole Unit,151,111,4,25,0,9,SHIMA_07,0.7091
2026-01-20,3,L6,Decathlon,Kiprun Carbon Plate,110,82,7,16,68,10,SHIMA_07,0.6824
2026-01-20,1,L7,Crocs,Classic Clog Strap Assembly,153,74,5,179,0,7,STITCH_08,0.452
2026-01-20,2,L7,Decathlon,Quechua Hiking Upper,155,123,3,4,22,10,SHIMA_09,0.776
2026-01-20,3,L7,Decathlon,Kalenji Trail Sole Unit,83,64,4,26,0,6,SHIMA_09,0.7322
2026-01-20,1,L8,Decathlon,Kiprun Carbon Plate,146,63,3,178,29,7,SOLE_04,0.4143
2026-01-20,2,L8,Nike,ZoomX Carbon Plate Insert,156,131,14,17,0,6,SOLE_03,0.7512
2026-01-20,3,L8,Nike,Air Max Flyknit Upper,83,42,5,218,0,5,SOLE_03,0.4495
2026-01-21,1,L1,Nike,Vaporfly Engineered Mesh,179,108,5,18,76,4,SHIMA_03,0.5787
2026-01-21,2,L1,Nike,Pegasus 3D Knit Collar,183,142,6,14,0,6,SHIMA_02,0.7479
2026-01-21,3,L1,Nike,Pegasus 3D Knit Collar,124,85,7,21,63,5,SHIMA_02,0.6333
2026-01-21,1,L2,Nike,Pegasus 3D Knit Collar,155,119,10,0,20,6,SHIMA_04,0.7076
2026-01-21,2,L2,Crocs,LiteRide Insole Unit,144,114,5,2,0,4,SHIMA_04,0.758
2026-01-21,3,L2,Nike,ZoomX Carbon Plate Insert,102,88,8,15,0,7,SHIMA_04,0.7873
2026-01-21,1,L3,Nike,Pegasus 3D Knit Collar,173,116,7,92,0,11,STITCH_01,0.6311
2026-01-21,2,L3,Nike,Pegasus 3D Knit Collar,162,121,10,25,0,8,STITCH_02,0.688
2026-01-21,3,L3,Crocs,Bayaband Slide Upper,100,89,3,7,0,12,STITCH_02,0.8601
2026-01-21,1,L4,Decathlon,Kalenji Trail Sole Unit,140,121,6,22,0,8,STITCH_03,0.8241
2026-01-21,2,L4,Crocs,Bayaband Slide Upper,148,109,4,12,0,10,STITCH_04,0.7145
2026-01-21,3,L4,Crocs,Classic Clog Strap Assembly,102,77,6,32,0,8,STITCH_04,0.701
2026-01-21,1,L5,Crocs,Bayaband Slide Upper,130,97,3,10,68,9,STITCH_06,0.7288
2026-01-21,2,L5,Decathlon,Kiprun Carbon Plate,132,99,4,24,0,8,STITCH_05,0.7202
2026-01-21,3,L5,Crocs,LiteRide Insole Unit,90,65,6,20,0,9,SOLE_02,0.6655
2026-01-21,1,L6,Decathlon,Quechua Hiking Upper,140,115,8,3,0,8,SHIMA_07,0.7669
2026-01-21,2,L6,Decathlon,Kiprun Carbon Plate,139,109,4,70,0,6,STITCH_07,0.7581
2026-01-21,3,L6,Decathlon,Kalenji Trail Sole Unit,74,60,1,16,0,9,SHIMA_08,0.7997
2026-01-21,1,L7,Decathlon,Quechua Hiking Upper,110,70,2,62,52,9,SHIMA_09,0.624
2026-01-21,2,L7,Decathlon,Quechua Hiking Upper,108,80,3,17,48,7,SHIMA_09,0.7215
2026-01-21,3,L7,Decathlon,Kiprun Carbon Plate,68,52,2,6,0,9,SHIMA_09,0.7424
2026-01-21,1,L8,Crocs,Classic Clog Strap Assembly,139,94,4,29,58,7,SOLE_04,0.6483
2026-01-21,2,L8,Nike,ZoomX Carbon Plate Insert,129,103,11,9,0,7,SOLE_03,0.7179
2026-01-21,3,L8,Crocs,LiteRide Insole Unit,99,37,2,183,85,8,SOLE_03,0.3571
2026-01-22,1,L1,Nike,Vaporfly Engineered Mesh,174,139,9,8,13,7,SHIMA_03,0.7483
2026-01-22,2,L1,Nike,Air Max Flyknit Upper,176,151,6,1,0,4,SHIMA_01,0.8244
2026-01-22,1,L2,Nike,ZoomX Carbon Plate Insert,149,111,3,22,0,5,SHIMA_06,0.7259
2026-01-22,2,L2,Crocs,Bayaband Slide Upper,153,124,8,24,0,6,SHIMA_04,0.7614
2026-01-22,1,L3,Nike,ZoomX Carbon Plate Insert,135,112,10,8,0,12,STITCH_02,0.7581
2026-01-22,2,L3,Nike,Dunk Low Textile Upper,143,37,1,229,89,10,STITCH_01,0.2546
2026-01-22,1,L4,Decathlon,Kiprun Carbon Plate,142,78,2,159,0,10,STITCH_03,0.5376
2026-01-22,2,L4,Nike,Dunk Low Textile Upper,144,86,4,142,0,8,STITCH_04,0.5728
2026-01-22,1,L5,Crocs,LiteRide Insole Unit,129,96,7,7,0,10,STITCH_06,0.6906
2026-01-22,2,L5,Crocs,Classic Clog Strap Assembly,144,123,4,1,0,12,STITCH_06,0.8313
2026-01-22,1,L6,Decathlon,Kiprun Carbon Plate,115,101,2,17,0,9,STITCH_07,0.8636
2026-01-22,2,L6,Decathlon,Kalenji Trail Sole Unit,119,97,4,23,0,8,STITCH_07,0.7877
2026-01-22,1,L7,Crocs,LiteRide Insole Unit,116,86,5,27,41,8,STITCH_08,0.6993
2026-01-22,2,L7,Decathlon,Kiprun Carbon Plate,103,89,4,1,0,8,STITCH_08,0.8279
2026-01-22,1,L8,Decathlon,Kiprun Carbon Plate,152,121,2,2,0,6,SOLE_03,0.7879
2026-01-22,2,L8,Decathlon,Kalenji Trail Sole Unit,148,110,4,23,0,6,SOLE_04,0.7208
2026-01-23,1,L1,Nike,Vaporfly Engineered Mesh,185,137,7,33,0,4,SHIMA_02,0.706
2026-01-23,2,L1,Nike,ZoomX Carbon Plate Insert,167,149,4,16,0,7,SHIMA_03,0.8738
2026-01-23,3,L1,Nike,Dunk Low Textile Upper,102,55,4,190,0,5,SHIMA_02,0.5081
2026-01-23,1,L2,Crocs,LiteRide Insole Unit,186,136,3,13,76,6,SHIMA_05,0.7191
2026-01-23,2,L2,Nike,Dunk Low Textile Upper,178,72,6,155,69,6,SHIMA_05,0.3735
2026-01-23,3,L2,Crocs,LiteRide Insole Unit,137,110,4,26,0,6,SHIMA_06,0.7742
2026-01-23,1,L3,Nike,Pegasus 3D Knit Collar,140,123,4,2,0,11,STITCH_02,0.8549
2026-01-23,2,L3,Decathlon,Kiprun Carbon Plate,140,123,5,17,0,10,SOLE_01,0.8435
2026-01-23,3,L3,Nike,Air Max Flyknit Upper,78,67,4,5,0,10,STITCH_01,0.8189
2026-01-23,1,L4,Crocs,LiteRide Insole Unit,133,100,4,0,86,9,STITCH_03,0.7269
2026-01-23,2,L4,Decathlon,Kalenji Trail Sole Unit,128,101,5,26,0,8,SOLE_02,0.7539
2026-01-23,3,L4,Crocs,Classic Clog Strap Assembly,105,69,3,84,17,8,SOLE_02,0.6297
2026-01-23,1,L5,Crocs,LiteRide Insole Unit,137,78,4,132,34,10,SOLE_02,0.5448
2026-01-23,2,L5,Crocs,LiteRide Insole Unit,137,104,3,20,0,8,SOLE_02,0.738
2026-01-23,3,L5,Crocs,Bayaband Slide Upper,95,51,4,116,40,11,STITCH_05,0.4983
2026-01-23,1,L6,Decathlon,Kalenji Trail Sole Unit,128,92,4,25,0,10,SHIMA_08,0.693
2026-01-23,2,L6,Decathlon,Quechua Hiking Upper,135,86,4,100,0,10,STITCH_07,0.6092
2026-01-23,3,L6,Decathlon,Quechua Hiking Upper,97,59,3,98,0,7,STITCH_07,0.5826
2026-01-23,1,L7,Decathlon,Kiprun Carbon Plate,151,103,4,21,48,10,SHIMA_09,0.6605
2026-01-23,2,L7,Decathlon,Kiprun Carbon Plate,143,120,8,2,0,8,STITCH_07,0.784
2026-01-23,3,L7,Decathlon,Kiprun Carbon Plate,106,87,2,11,0,10,STITCH_07,0.8081
2026-01-23,1,L8,Nike,Vaporfly Engineered Mesh,132,104,5,29,0,6,SOLE_03,0.7535
2026-01-23,2,L8,Nike,Pegasus 3D Knit Collar,135,111,3,25,0,7,SOLE_04,0.8069
2026-01-23,3,L8,Nike,Pegasus 3D Knit Collar,84,70,4,15,0,5,SOLE_04,0.7869
2026-01-26,1,L1,Nike,ZoomX Carbon Plate Insert,186,82,2,232,0,4,SHIMA_02,0.4346
2026-01-26,2,L1,Nike,Air Max Flyknit Upper,186,155,10,28,16,5,SHIMA_01,0.7834
2026-01-26,1,L2,Nike,Pegasus 3D Knit Collar,166,144,14,12,0,4,SHIMA_04,0.7832
2026-01-26,2,L2,Nike,Vaporfly Engineered Mesh,164,123,12,20,0,4,SHIMA_06,0.6812
2026-01-26,1,L3,Nike,Air Max Flyknit Upper,123,100,9,1,0,11,STITCH_01,0.7428
2026-01-26,2,L3,Nike,Dunk Low Textile Upper,135,101,7,28,0,9,STITCH_01,0.6983
2026-01-26,1,L4,Crocs,Bayaband Slide Upper,139,103,4,24,0,9,STITCH_04,0.7164
2026-01-26,2,L4,Crocs,Bayaband Slide Upper,154,113,4,0,16,11,STITCH_04,0.711
2026-01-26,1,L5,Crocs,Classic Clog Strap Assembly,163,119,6,15,0,11,STITCH_06,0.6986
2026-01-26,2,L5,Crocs,Classic Clog Strap Assembly,154,108,8,22,41,9,SOLE_02,0.6527
2026-01-26,1,L6,Decathlon,Quechua Hiking Upper,159,112,5,77,0,7,SHIMA_07,0.6782
2026-01-26,2,L6,Crocs,Bayaband Slide Upper,145,126,3,24,0,8,SHIMA_08,0.8503
2026-01-26,1,L7,Decathlon,Kalenji Trail Sole Unit,117,96,3,1,0,7,STITCH_08,0.8018
2026-01-26,2,L7,Decathlon,Kiprun Carbon Plate,134,107,4,21,0,9,SHIMA_09,0.7714
2026-01-26,1,L8,Nike,Vaporfly Engineered Mesh,152,125,5,29,0,7,SOLE_03,0.7956
2026-01-26,2,L8,Nike,Dunk Low Textile Upper,163,139,9,10,0,7,SOLE_03,0.7985
2026-01-27,1,L1,Nike,ZoomX Carbon Plate Insert,172,150,7,14,0,4,SHIMA_02,0.8317
2026-01-27,2,L1,Decathlon,Quechua Hiking Upper,170,134,7,6,58,5,SHIMA_03,0.7482
2026-01-27,3,L1,Nike,ZoomX Carbon Plate Insert,110,85,6,11,0,5,SHIMA_03,0.7233
2026-01-27,1,L2,Crocs,LiteRide Insole Unit,171,109,7,1,85,4,SHIMA_04,0.5968
2026-01-27,2,L2,Nike,Vaporfly Engineered Mesh,173,146,5,12,0,7,SHIMA_06,0.8167
2026-01-27,3,L2,Nike,Pegasus 3D Knit Collar,94,78,4,21,0,4,SHIMA_06,0.7936
2026-01-27,1,L3,Nike,Pegasus 3D Knit Collar,130,112,5,26,0,9,STITCH_01,0.824
2026-01-27,2,L3,Nike,Pegasus 3D Knit Collar,135,113,7,0,0,11,STITCH_02,0.7905
2026-01-27,3,L3,Nike,Vaporfly Engineered Mesh,86,73,5,24,0,10,STITCH_02,0.7915
2026-01-27,1,L4,Crocs,Bayaband Slide Upper,129,44,1,216,88,12,SOLE_02,0.3345
2026-01-27,2,L4,Nike,Vaporfly Engineered Mesh,141,93,5,5,61,12,STITCH_04,0.6285
2026-01-27,3,L4,Decathlon,Kalenji Trail Sole Unit,86,73,7,10,0,10,STITCH_04,0.7745
2026-01-27,1,L5,Crocs,Classic Clog Strap Assembly,154,114,3,12,25,11,STITCH_06,0.7213
2026-01-27,2,L5,Crocs,Bayaband Slide Upper,159,94,4,128,0,12,STITCH_05,0.5689
2026-01-27,3,L5,Crocs,Classic Clog Strap Assembly,112,88,6,12,0,11,STITCH_06,0.7329
2026-01-27,1,L6,Nike,Dunk Low Textile Upper,142,113,11,10,0,10,STITCH_07,0.7215
2026-01-27,2,L6,Nike,Pegasus 3D Knit Collar,137,104,3,19,0,6,STITCH_07,0.7377
2026-01-27,3,L6,Decathlon,Kiprun Carbon Plate,108,86,3,11,0,10,STITCH_07,0.7715
2026-01-27,1,L7,Nike,Dunk Low Textile Upper,107,78,3,15,0,7,STITCH_07,0.7048
2026-01-27,2,L7,Decathlon,Kiprun Carbon Plate,117,85,5,17,88,7,STITCH_07,0.684
2026-01-27,3,L7,Crocs,Classic Clog Strap Assembly,62,41,3,73,0,7,STITCH_07,0.6265
2026-01-27,1,L8,Nike,Vaporfly Engineered Mesh,133,105,5,25,0,6,SOLE_03,0.7535
2026-01-27,2,L8,Nike,Vaporfly Engineered Mesh,132,116,2,8,0,8,SOLE_03,0.8665
2026-01-27,3,L8,Decathlon,Kiprun Carbon Plate,89,71,6,13,0,8,SOLE_04,0.7348
2026-01-28,1,L1,Decathlon,Quechua Hiking Upper,150,114,3,75,0,7,SHIMA_02,0.7419
2026-01-28,2,L1,Nike,ZoomX Carbon Plate Insert,167,132,12,8,0,4,SHIMA_01,0.7217
2026-01-28,1,L2,Nike,Vaporfly Engineered Mesh,149,100,8,2,79,6,SHIMA_04,0.6203
2026-01-28,2,L2,Nike,Vaporfly Engineered Mesh,159,137,11,11,0,6,SHIMA_04,0.7933
2026-01-28,1,L3,Nike,Pegasus 3D Knit Collar,143,130,4,11,0,9,STITCH_01,0.885
2026-01-28,2,L3,Nike,Vaporfly Engineered Mesh,131,96,9,19,0,8,STITCH_02,0.6675
2026-01-28,1,L4,Crocs,Classic Clog Strap Assembly,167,147,6,7,0,10,STITCH_04,0.8471
2026-01-28,2,L4,Crocs,LiteRide Insole Unit,155,88,2,136,0,12,SOLE_02,0.5561
2026-01-28,1,L5,Crocs,Classic Clog Strap Assembly,145,116,8,26,0,11,STITCH_05,0.745
2026-01-28,2,L5,Crocs,Bayaband Slide Upper,136,97,6,6,46,10,STITCH_06,0.6712
2026-01-28,1,L6,Decathlon,Kiprun Carbon Plate,144,112,3,3,0,7,STITCH_07,0.7589
2026-01-28,2,L6,Decathlon,Kalenji Trail Sole Unit,130,93,7,23,0,9,SHIMA_08,0.6644
2026-01-28,1,L7,Decathlon,Quechua Hiking Upper,136,109,8,26,0,9,SHIMA_09,0.7442
2026-01-28,2,L7,Decathlon,Kiprun Carbon Plate,135,103,2,17,54,8,SHIMA_09,0.7499
2026-01-28,1,L8,Nike,Pegasus 3D Knit Collar,141,118,10,4,0,5,SOLE_04,0.7686
2026-01-28,2,L8,Crocs,LiteRide Insole Unit,147,108,4,11,0,8,SOLE_03,0.7121
2026-01-29,1,L1,Nike,ZoomX Carbon Plate Insert,177,80,6,205,22,7,SHIMA_01,0.421
2026-01-29,2,L1,Nike,ZoomX Carbon Plate Insert,164,146,7,9,0,4,SHIMA_01,0.8478
2026-01-29,1,L2,Nike,Vaporfly Engineered Mesh,153,88,5,126,0,4,SHIMA_06,0.5486
2026-01-29,2,L2,Nike,Air Max Flyknit Upper,169,142,9,1,0,5,SHIMA_04,0.7878
2026-01-29,1,L3,Nike,Pegasus 3D Knit Collar,137,117,7,15,0,8,STITCH_01,0.8062
2026-01-29,2,L3,Nike,Dunk Low Textile Upper,122,107,4,5,13,12,STITCH_01,0.8475
2026-01-29,1,L4,Crocs,Classic Clog Strap Assembly,133,101,5,44,0,8,STITCH_04,0.7228
2026-01-29,2,L4,Crocs,Classic Clog Strap Assembly,134,104,4,51,0,11,STITCH_04,0.7467
2026-01-29,1,L5,Crocs,LiteRide Insole Unit,134,100,2,26,0,9,STITCH_05,0.7321
2026-01-29,2,L5,Crocs,Bayaband Slide Upper,152,126,9,11,10,10,SOLE_02,0.7729
2026-01-29,1,L6,Decathlon,Kalenji Trail Sole Unit,127,92,4,14,75,10,STITCH_07,0.6944
2026-01-29,2,L6,Decathlon,Kiprun Carbon Plate,122,78,2,9,76,7,STITCH_07,0.6271
2026-01-29,1,L7,Decathlon,Quechua Hiking Upper,125,95,7,3,79,7,STITCH_08,0.7078
2026-01-29,2,L7,Decathlon,Kiprun Carbon Plate,127,106,5,13,0,7,STITCH_07,0.7967
2026-01-29,1,L8,Nike,ZoomX Carbon Plate Insert,139,115,10,17,0,8,SOLE_03,0.7567
2026-01-29,2,L8,Decathlon,Quechua Hiking Upper,145,129,4,8,0,5,SOLE_04,0.8645
2026-01-30,1,L1,Nike,Vaporfly Engineered Mesh,165,105,10,23,86,6,SHIMA_01,0.5787
2026-01-30,2,L1,Decathlon,Quechua Hiking Upper,178,118,5,27,85,7,SHIMA_02,0.6387
2026-01-30,3,L1,Nike,ZoomX Carbon Plate Insert,97,81,9,25,0,7,SHIMA_02,0.7467
2026-01-30,1,L2,Crocs,Classic Clog Strap Assembly,198,111,2,68,60,7,SHIMA_04,0.5522
2026-01-30,2,L2,Nike,Dunk Low Textile Upper,178,124,4,62,0,6,SHIMA_04,0.6794
2026-01-30,3,L2,Nike,Dunk Low Textile Upper,140,101,6,16,68,7,SHIMA_04,0.6798
2026-01-30,1,L3,Nike,Air Max Flyknit Upper,163,115,5,12,72,10,SOLE_01,0.6764
2026-01-30,2,L3,Nike,Vaporfly Engineered Mesh,168,151,16,5,0,10,SOLE_01,0.8065
2026-01-30,3,L3,Nike,Pegasus 3D Knit Collar,87,66,2,28,0,10,SOLE_01,0.7397
2026-01-30,1,L4,Crocs,LiteRide Insole Unit,138,100,6,23,0,8,STITCH_04,0.6838
2026-01-30,2,L4,Crocs,LiteRide Insole Unit,140,120,7,26,0,11,STITCH_03,0.8107
2026-01-30,3,L4,Crocs,LiteRide Insole Unit,79,56,5,29,0,12,SOLE_02,0.6554
2026-01-30,1,L5,Crocs,Bayaband Slide Upper,174,135,8,14,52,11,SOLE_02,0.7325
2026-01-30,2,L5,Crocs,Bayaband Slide Upper,179,150,9,16,0,8,STITCH_06,0.7902
2026-01-30,3,L5,Crocs,LiteRide Insole Unit,115,90,3,1,0,11,SOLE_02,0.7602
2026-01-30,1,L6,Decathlon,Kiprun Carbon Plate,152,125,6,6,40,6,SHIMA_07,0.7871
2026-01-30,2,L6,Decathlon,Quechua Hiking Upper,146,124,6,19,0,6,SHIMA_07,0.8096
2026-01-30,3,L6,Decathlon,Kiprun Carbon Plate,104,83,5,9,48,9,SHIMA_08,0.7572
2026-01-30,1,L7,Nike,Dunk Low Textile Upper,109,76,6,7,43,10,STITCH_08,0.6465
2026-01-30,2,L7,Nike,Pegasus 3D Knit Collar,104,77,3,17,0,10,STITCH_08,0.7137
2026-01-30,3,L7,Decathlon,Quechua Hiking Upper,77,64,4,26,0,10,STITCH_08,0.7858
2026-01-30,1,L8,Decathlon,Kalenji Trail Sole Unit,116,89,6,22,0,7,SOLE_03,0.7167
2026-01-30,2,L8,Nike,ZoomX Carbon Plate Insert,122,107,6,9,0,5,SOLE_03,0.8287
2026-01-30,3,L8,Crocs,Bayaband Slide Upper,88,72,7,3,0,5,SOLE_04,0.7408
2026-02-02,1,L1,Nike,ZoomX Carbon Plate Insert,209,180,11,7,0,7,SHIMA_02,0.8125
2026-02-02,2,L1,Nike,Pegasus 3D Knit Collar,210,142,7,3,85,4,SHIMA_01,0.6438
2026-02-02,3,L1,Nike,Dunk Low Textile Upper,119,103,11,22,0,6,SHIMA_01,0.774
2026-02-02,1,L2,Nike,Dunk Low Textile Upper,191,104,6,205,0,5,SHIMA_05,0.5149
2026-02-02,2,L2,Nike,ZoomX Carbon Plate Insert,191,166,17,6,0,4,SHIMA_06,0.7845
2026-02-02,3,L2,Nike,ZoomX Carbon Plate Insert,124,111,9,0,0,7,SHIMA_05,0.8291
2026-02-02,1,L3,Nike,ZoomX Carbon Plate Insert,153,125,9,21,0,9,STITCH_01,0.7634
2026-02-02,2,L3,Nike,Vaporfly Engineered Mesh,152,104,11,119,0,11,STITCH_02,0.6155
2026-02-02,3,L3,Nike,Vaporfly Engineered Mesh,82,57,5,27,32,9,STITCH_01,0.6417
2026-02-02,1,L4,Crocs,LiteRide Insole Unit,150,121,7,27,0,10,STITCH_03,0.7646
2026-02-02,2,L4,Crocs,LiteRide Insole Unit,172,147,7,13,0,12,STITCH_03,0.8152
2026-02-02,3,L4,Crocs,LiteRide Insole Unit,111,88,8,9,0,10,SOLE_02,0.7212
2026-02-02,1,L5,Nike,Vaporfly Engineered Mesh,195,186,8,1,0,9,STITCH_06,0.9164
2026-02-02,2,L5,Crocs,Classic Clog Strap Assembly,179,167,10,15,0,10,SOLE_02,0.8773
2026-02-02,3,L5,Crocs,Bayaband Slide Upper,107,87,5,9,0,11,STITCH_05,0.767
2026-02-02,1,L6,Decathlon,Kiprun Carbon Plate,163,122,4,18,71,6,SHIMA_08,0.7297
2026-02-02,2,L6,Decathlon,Kalenji Trail Sole Unit,156,143,6,8,15,8,SHIMA_07,0.8835
2026-02-02,3,L6,Decathlon,Kalenji Trail Sole Unit,123,109,10,12,0,7,SHIMA_08,0.8097
2026-02-02,1,L7,Decathlon,Kalenji Trail Sole Unit,134,116,7,13,0,9,SHIMA_09,0.8164
2026-02-02,2,L7,Decathlon,Quechua Hiking Upper,153,106,5,22,75,10,SHIMA_09,0.6611
2026-02-02,3,L7,Decathlon,Kalenji Trail Sole Unit,107,52,1,200,0,7,SHIMA_09,0.4808
2026-02-02,1,L8,Decathlon,Quechua Hiking Upper,173,145,11,14,0,7,SOLE_03,0.7749
2026-02-02,2,L8,Decathlon,Kiprun Carbon Plate,187,131,3,8,54,7,SOLE_03,0.6886
2026-02-02,3,L8,Crocs,Classic Clog Strap Assembly,115,86,7,22,79,5,SOLE_04,0.6949
2026-02-03,1,L1,Nike,Vaporfly Engineered Mesh,189,157,4,10,0,7,SHIMA_01,0.8122
2026-02-03,2,L1,Nike,Vaporfly Engineered Mesh,169,109,9,74,68,6,SHIMA_02,0.5944
2026-02-03,1,L2,Nike,Air Max Flyknit Upper,164,145,8,16,0,5,SHIMA_04,0.8356
2026-02-03,2,L2,Crocs,Classic Clog Strap Assembly,180,165,9,22,0,7,SHIMA_06,0.8687
2026-02-03,1,L3,Nike,Vaporfly Engineered Mesh,138,108,11,27,0,8,SOLE_01,0.704
2026-02-03,2,L3,Nike,Dunk Low Textile Upper,143,116,4,26,11,11,STITCH_02,0.7858
2026-02-03,1,L4,Crocs,LiteRide Insole Unit,164,135,2,19,0,11,STITCH_04,0.8118
2026-02-03,2,L4,Crocs,LiteRide Insole Unit,172,155,10,1,0,12,STITCH_04,0.8444
2026-02-03,1,L5,Nike,Vaporfly Engineered Mesh,188,160,6,9,0,9,STITCH_06,0.8206
2026-02-03,2,L5,Crocs,Classic Clog Strap Assembly,177,132,8,23,63,8,STITCH_05,0.7031
2026-02-03,1,L6,Decathlon,Kalenji Trail Sole Unit,130,101,7,24,0,10,SHIMA_08,0.7257
2026-02-03,2,L6,Decathlon,Kiprun Carbon Plate,143,83,4,187,0,10,SHIMA_08,0.5568
2026-02-03,1,L7,Decathlon,Kalenji Trail Sole Unit,117,102,2,16,0,9,STITCH_08,0.8555
2026-02-03,2,L7,Decathlon,Quechua Hiking Upper,131,122,9,15,0,6,STITCH_07,0.8635
2026-02-03,1,L8,Decathlon,Kalenji Trail Sole Unit,151,89,2,124,0,7,SOLE_04,0.5789
2026-02-03,2,L8,Crocs,LiteRide Insole Unit,171,141,6,25,0,5,SOLE_03,0.7937
2026-02-04,1,L1,Nike,Air Max Flyknit Upper,195,150,14,17,0,5,SHIMA_02,0.6978
2026-02-04,2,L1,Nike,Vaporfly Engineered Mesh,209,137,6,87,45,4,SHIMA_01,0.6272
2026-02-04,3,L1,Nike,Vaporfly Engineered Mesh,119,68,8,104,55,6,SHIMA_03,0.5088
2026-02-04,1,L2,Nike,Vaporfly Engineered Mesh,168,141,5,3,0,4,SHIMA_04,0.815
2026-02-04,2,L2,Nike,Air Max Flyknit Upper,179,164,12,19,0,4,SHIMA_05,0.8499
2026-02-04,3,L2,Nike,Dunk Low Textile Upper,125,70,7,127,34,6,SHIMA_06,0.5057
2026-02-04,1,L3,Nike,Vaporfly Engineered Mesh,141,125,3,13,0,9,STITCH_02,0.8686
2026-02-04,2,L3,Nike,ZoomX Carbon Plate Insert,153,114,4,13,29,9,SOLE_01,0.7245
2026-02-04,3,L3,Nike,Air Max Flyknit Upper,101,92,6,19,0,8,SOLE_01,0.8588
2026-02-04,1,L4,Crocs,LiteRide Insole Unit,204,167,8,25,0,10,STITCH_03,0.7816
2026-02-04,2,L4,Crocs,Bayaband Slide Upper,199,174,10,24,19,12,STITCH_03,0.8252
2026-02-04,3,L4,Crocs,LiteRide Insole Unit,116,96,3,13,0,10,STITCH_03,0.8062
2026-02-04,1,L5,Crocs,Classic Clog Strap Assembly,152,116,7,18,0,10,STITCH_05,0.723
2026-02-04,2,L5,Nike,Pegasus 3D Knit Collar,160,126,11,5,0,9,STITCH_06,0.7188
2026-02-04,3,L5,Crocs,Classic Clog Strap Assembly,115,31,0,232,89,12,STITCH_05,0.2698
2026-02-04,1,L6,Crocs,Bayaband Slide Upper,163,141,4,2,0,9,SHIMA_08,0.8405
2026-02-04,2,L6,Decathlon,Kiprun Carbon Plate,149,120,6,1,0,6,SHIMA_07,0.7659
2026-02-04,3,L6,Decathlon,Kalenji Trail Sole Unit,97,77,7,25,21,7,STITCH_07,0.7292
2026-02-04,1,L7,Decathlon,Kiprun Carbon Plate,165,134,3,10,0,8,STITCH_08,0.7996
2026-02-04,2,L7,Decathlon,Kalenji Trail Sole Unit,164,151,11,11,0,7,SHIMA_09,0.8548
2026-02-04,3,L7,Crocs,LiteRide Insole Unit,99,79,3,26,33,8,STITCH_08,0.7766
2026-02-04,1,L8,Crocs,Classic Clog Strap Assembly,161,142,6,27,0,6,SOLE_03,0.8456
2026-02-04,2,L8,Crocs,LiteRide Insole Unit,170,75,5,236,0,5,SOLE_04,0.4136
2026-02-04,3,L8,Crocs,LiteRide Insole Unit,102,86,6,20,0,8,SOLE_03,0.7925
2026-02-05,1,L1,Nike,ZoomX Carbon Plate Insert,228,186,10,6,34,4,SHIMA_02,0.7725
2026-02-05,2,L1,Nike,ZoomX Carbon Plate Insert,225,202,20,3,0,5,SHIMA_02,0.8109
2026-02-05,3,L1,Crocs,Classic Clog Strap Assembly,147,120,12,26,0,5,SHIMA_01,0.7348
2026-02-05,1,L2,Nike,ZoomX Carbon Plate Insert,184,146,14,12,32,6,SHIMA_04,0.7183
2026-02-05,2,L2,Crocs,Classic Clog Strap Assembly,203,100,3,202,0,6,SHIMA_06,0.4804
2026-02-05,3,L2,Nike,Vaporfly Engineered Mesh,124,108,12,16,0,5,SHIMA_06,0.7777
2026-02-05,1,L3,Nike,Vaporfly Engineered Mesh,164,123,6,14,29,9,STITCH_01,0.7152
2026-02-05,2,L3,Crocs,LiteRide Insole Unit,163,90,4,143,0,8,SOLE_01,0.5325
2026-02-05,3,L3,Nike,Dunk Low Textile Upper,128,113,9,15,0,12,STITCH_01,0.8166
2026-02-05,1,L4,Crocs,LiteRide Insole Unit,175,103,5,175,0,10,SOLE_02,0.564
2026-02-05,2,L4,Crocs,Classic Clog Strap Assembly,175,133,5,17,0,8,STITCH_03,0.7329
2026-02-05,3,L4,Crocs,Bayaband Slide Upper,97,41,4,216,0,10,SOLE_02,0.3907
2026-02-05,1,L5,Nike,Pegasus 3D Knit Collar,175,75,5,179,84,10,STITCH_05,0.4046
2026-02-05,2,L5,Crocs,Classic Clog Strap Assembly,171,143,2,14,0,8,STITCH_05,0.8272
2026-02-05,3,L5,Crocs,Classic Clog Strap Assembly,93,81,6,15,0,11,STITCH_05,0.8091
2026-02-05,1,L6,Nike,ZoomX Carbon Plate Insert,155,121,7,16,65,7,STITCH_07,0.7378
2026-02-05,2,L6,Decathlon,Kiprun Carbon Plate,143,51,2,220,81,6,SHIMA_07,0.345
2026-02-05,3,L6,Nike,ZoomX Carbon Plate Insert,103,77,9,9,86,10,SHIMA_08,0.6626
2026-02-05,1,L7,Decathlon,Kalenji Trail Sole Unit,128,106,5,4,0,10,STITCH_07,0.7947
2026-02-05,2,L7,Decathlon,Quechua Hiking Upper,132,90,4,29,63,9,SHIMA_09,0.6541
2026-02-05,3,L7,Decathlon,Quechua Hiking Upper,100,85,6,25,24,10,STITCH_08,0.7947
2026-02-05,1,L8,Crocs,Bayaband Slide Upper,162,138,9,26,0,6,SOLE_04,0.7967
2026-02-05,2,L8,Nike,ZoomX Carbon Plate Insert,155,134,4,24,0,6,SOLE_03,0.841
2026-02-05,3,L8,Nike,Vaporfly Engineered Mesh,97,89,10,14,0,8,SOLE_03,0.823
2026-02-06,1,L1,Nike,Vaporfly Engineered Mesh,208,165,6,29,14,4,SHIMA_02,0.768
2026-02-06,2,L1,Nike,Pegasus 3D Knit Collar,205,161,4,27,0,6,SHIMA_01,0.7695
2026-02-06,1,L2,Nike,ZoomX Carbon Plate Insert,218,163,13,24,0,4,SHIMA_05,0.6901
2026-02-06,2,L2,Nike,Dunk Low Textile Upper,206,200,20,0,0,4,SHIMA_04,0.874
2026-02-06,1,L3,Nike,Dunk Low Textile Upper,175,126,9,26,11,9,SOLE_01,0.6736
2026-02-06,2,L3,Nike,ZoomX Carbon Plate Insert,187,123,3,1,75,10,STITCH_01,0.6418
2026-02-06,1,L4,Crocs,LiteRide Insole Unit,213,196,8,10,0,11,SOLE_02,0.8862
2026-02-06,2,L4,Crocs,Bayaband Slide Upper,194,175,11,12,0,12,SOLE_02,0.849
2026-02-06,1,L5,Crocs,LiteRide Insole Unit,175,153,11,12,0,11,STITCH_05,0.8117
2026-02-06,2,L5,Crocs,Classic Clog Strap Assembly,165,143,8,2,0,10,STITCH_06,0.8214
2026-02-06,1,L6,Crocs,Classic Clog Strap Assembly,133,110,4,5,0,10,SHIMA_07,0.8033
2026-02-06,2,L6,Decathlon,Quechua Hiking Upper,132,110,8,3,0,6,SHIMA_08,0.7778
2026-02-06,1,L7,Crocs,Classic Clog Strap Assembly,128,102,3,24,0,6,STITCH_07,0.7804
2026-02-06,2,L7,Decathlon,Kalenji Trail Sole Unit,124,95,6,12,27,6,STITCH_07,0.7193
2026-02-06,1,L8,Nike,Vaporfly Engineered Mesh,164,154,7,12,0,8,SOLE_03,0.8995
2026-02-06,2,L8,Crocs,LiteRide Insole Unit,154,136,3,22,0,7,SOLE_04,0.8658
2026-02-09,1,L1,Nike,Air Max Flyknit Upper,188,174,13,18,0,7,SHIMA_01,0.8574
2026-02-09,2,L1,Nike,Air Max Flyknit Upper,209,150,7,4,34,6,SHIMA_03,0.687
2026-02-09,1,L2,Nike,Pegasus 3D Knit Collar,184,133,6,3,56,6,SHIMA_04,0.695
2026-02-09,2,L2,Nike,ZoomX Carbon Plate Insert,179,132,7,16,10,7,SHIMA_06,0.7025
2026-02-09,1,L3,Nike,ZoomX Carbon Plate Insert,157,137,4,13,0,11,STITCH_02,0.8525
2026-02-09,2,L3,Nike,Vaporfly Engineered Mesh,157,133,8,19,0,10,SOLE_01,0.802
2026-02-09,1,L4,Crocs,Bayaband Slide Upper,160,118,5,6,40,11,STITCH_03,0.7065
2026-02-09,2,L4,Crocs,LiteRide Insole Unit,172,121,6,14,75,12,STITCH_03,0.6726
2026-02-09,1,L5,Crocs,Bayaband Slide Upper,173,161,11,10,0,8,STITCH_06,0.8674
2026-02-09,2,L5,Crocs,Classic Clog Strap Assembly,172,142,6,11,0,12,STITCH_06,0.7924
2026-02-09,1,L6,Decathlon,Kalenji Trail Sole Unit,145,130,5,13,0,7,STITCH_07,0.8624
2026-02-09,2,L6,Decathlon,Quechua Hiking Upper,157,86,6,117,81,9,SHIMA_07,0.5107
2026-02-09,1,L7,Decathlon,Kalenji Trail Sole Unit,132,109,8,3,0,8,SHIMA_09,0.7676
2026-02-09,2,L7,Decathlon,Quechua Hiking Upper,132,116,4,21,0,8,STITCH_08,0.8523
2026-02-09,1,L8,Nike,Air Max Flyknit Upper,134,105,5,17,31,7,SOLE_03,0.7498
2026-02-09,2,L8,Decathlon,Kiprun Carbon Plate,128,42,1,227,83,6,SOLE_03,0.3236
2026-02-10,1,L1,Nike,Vaporfly Engineered Mesh,176,142,11,26,0,6,SHIMA_03,0.7472
2026-02-10,2,L1,Nike,ZoomX Carbon Plate Insert,204,166,6,20,0,4,SHIMA_02,0.7877
2026-02-10,1,L2,Nike,Dunk Low Textile Upper,186,88,3,230,0,7,SHIMA_04,0.4573
2026-02-10,2,L2,Nike,Dunk Low Textile Upper,187,155,7,27,0,4,SHIMA_04,0.7939
2026-02-10,1,L3,Nike,Air Max Flyknit Upper,138,109,7,20,0,8,SOLE_01,0.742
2026-02-10,2,L3,Crocs,Bayaband Slide Upper,152,123,6,14,0,8,SOLE_01,0.7724
2026-02-10,1,L4,Crocs,Classic Clog Strap Assembly,203,183,4,0,0,12,SOLE_02,0.8847
2026-02-10,2,L4,Decathlon,Kalenji Trail Sole Unit,203,180,10,12,0,11,STITCH_03,0.8397
2026-02-10,1,L5,Crocs,Bayaband Slide Upper,175,138,5,29,0,9,STITCH_05,0.7626
2026-02-10,2,L5,Decathlon,Kiprun Carbon Plate,194,155,4,42,0,9,SOLE_02,0.7791
2026-02-10,1,L6,Nike,Dunk Low Textile Upper,179,167,15,9,0,8,SHIMA_07,0.8537
2026-02-10,2,L6,Decathlon,Kiprun Carbon Plate,159,127,3,16,0,7,STITCH_07,0.7812
2026-02-10,1,L7,Decathlon,Kiprun Carbon Plate,148,127,5,1,0,7,STITCH_07,0.8254
2026-02-10,2,L7,Decathlon,Kalenji Trail Sole Unit,132,121,5,7,0,8,SHIMA_09,0.8794
2026-02-10,1,L8,Decathlon,Kalenji Trail Sole Unit,162,119,5,17,84,7,SOLE_03,0.7065
2026-02-10,2,L8,Crocs,LiteRide Insole Unit,163,143,10,7,0,6,SOLE_03,0.8203
2026-02-11,1,L1,Nike,ZoomX Carbon Plate Insert,200,109,7,152,0,5,SHIMA_02,0.5141
2026-02-11,2,L1,Nike,Pegasus 3D Knit Collar,227,202,7,10,0,6,SHIMA_01,0.8629
2026-02-11,3,L1,Nike,Vaporfly Engineered Mesh,124,103,13,33,0,5,SHIMA_01,0.7314
2026-02-11,1,L2,Nike,Air Max Flyknit Upper,159,142,10,10,0,7,SHIMA_06,0.8328
2026-02-11,2,L2,Nike,Dunk Low Textile Upper,157,147,15,5,0,6,SHIMA_04,0.846
2026-02-11,3,L2,Nike,Vaporfly Engineered Mesh,100,40,3,203,73,5,SHIMA_05,0.3761
2026-02-11,1,L3,Nike,Pegasus 3D Knit Collar,150,120,6,18,0,8,STITCH_02,0.7618
2026-02-11,2,L3,Nike,Air Max Flyknit Upper,152,135,6,32,0,8,STITCH_02,0.8499
2026-02-11,3,L3,Crocs,LiteRide Insole Unit,88,72,6,15,13,8,STITCH_02,0.7568
2026-02-11,1,L4,Crocs,Classic Clog Strap Assembly,158,133,5,13,0,12,STITCH_03,0.8131
2026-02-11,2,L4,Crocs,Classic Clog Strap Assembly,156,139,3,17,0,11,STITCH_03,0.8771
2026-02-11,3,L4,Decathlon,Kiprun Carbon Plate,99,82,8,27,36,10,STITCH_04,0.7524
2026-02-11,1,L5,Crocs,Bayaband Slide Upper,146,134,7,2,0,9,STITCH_06,0.8722
2026-02-11,2,L5,Crocs,LiteRide Insole Unit,138,124,6,28,0,8,STITCH_06,0.8585
2026-02-11,3,L5,Crocs,LiteRide Insole Unit,104,93,3,28,0,9,STITCH_05,0.8708
2026-02-11,1,L6,Nike,Vaporfly Engineered Mesh,141,81,7,150,0,6,SHIMA_07,0.5252
2026-02-11,2,L6,Decathlon,Kalenji Trail Sole Unit,143,116,6,5,62,10,STITCH_07,0.7747
2026-02-11,3,L6,Decathlon,Kalenji Trail Sole Unit,95,89,6,6,0,10,STITCH_07,0.88
2026-02-11,1,L7,Nike,Vaporfly Engineered Mesh,176,141,10,9,0,8,STITCH_07,0.7491
2026-02-11,2,L7,Decathlon,Kiprun Carbon Plate,170,160,9,6,0,6,SHIMA_09,0.8912
2026-02-11,3,L7,Decathlon,Kalenji Trail Sole Unit,113,104,3,17,0,8,STITCH_08,0.8988
2026-02-11,1,L8,Crocs,Bayaband Slide Upper,136,110,8,1,40,7,SOLE_04,0.7524
2026-02-11,2,L8,Decathlon,Quechua Hiking Upper,136,114,4,3,0,8,SOLE_03,0.814
2026-02-11,3,L8,Nike,Air Max Flyknit Upper,84,71,5,28,0,8,SOLE_04,0.7936
2026-02-12,1,L1,Nike,Air Max Flyknit Upper,208,183,14,20,0,6,SHIMA_03,0.8133
2026-02-12,2,L1,Nike,Pegasus 3D Knit Collar,198,183,15,15,0,5,SHIMA_02,0.8486
2026-02-12,1,L2,Nike,Dunk Low Textile Upper,195,94,4,170,34,7,SHIMA_04,0.4654
2026-02-12,2,L2,Nike,Pegasus 3D Knit Collar,209,135,11,25,82,7,SHIMA_05,0.5951
2026-02-12,1,L3,Nike,Dunk Low Textile Upper,137,122,6,5,0,9,STITCH_01,0.8507
2026-02-12,2,L3,Nike,Air Max Flyknit Upper,149,131,14,19,0,8,STITCH_01,0.7897
2026-02-12,1,L4,Nike,Air Max Flyknit Upper,191,152,10,25,0,11,STITCH_04,0.7444
2026-02-12,2,L4,Nike,Pegasus 3D Knit Collar,189,176,19,17,0,10,SOLE_02,0.8323
2026-02-12,1,L5,Crocs,LiteRide Insole Unit,147,126,9,22,0,8,STITCH_06,0.8017
2026-02-12,2,L5,Crocs,LiteRide Insole Unit,156,131,3,1,0,11,SOLE_02,0.8227
2026-02-12,1,L6,Decathlon,Kalenji Trail Sole Unit,134,107,6,20,0,10,SHIMA_07,0.7601
2026-02-12,2,L6,Decathlon,Kiprun Carbon Plate,126,100,4,15,0,10,SHIMA_08,0.7662
2026-02-12,1,L7,Decathlon,Kiprun Carbon Plate,173,143,4,16,0,10,STITCH_08,0.8051
2026-02-12,2,L7,Decathlon,Kalenji Trail Sole Unit,161,130,10,14,0,7,STITCH_07,0.7498
2026-02-12,1,L8,Nike,ZoomX Carbon Plate Insert,150,116,8,19,0,7,SOLE_04,0.7251
2026-02-12,2,L8,Crocs,LiteRide Insole Unit,135,120,3,3,0,5,SOLE_04,0.8721
2026-02-13,1,L1,Nike,Vaporfly Engineered Mesh,220,117,9,79,74,4,SHIMA_01,0.493
2026-02-13,2,L1,Nike,ZoomX Carbon Plate Insert,218,163,7,27,0,7,SHIMA_03,0.7171
2026-02-13,1,L2,Nike,Vaporfly Engineered Mesh,188,177,5,4,0,7,SHIMA_05,0.9179
2026-02-13,2,L2,Nike,Air Max Flyknit Upper,184,139,9,86,0,5,SHIMA_04,0.7101
2026-02-13,1,L3,Nike,Air Max Flyknit Upper,158,141,13,0,35,11,SOLE_01,0.8148
2026-02-13,2,L3,Nike,Pegasus 3D Knit Collar,160,142,9,21,0,11,STITCH_01,0.8352
2026-02-13,1,L4,Crocs,Bayaband Slide Upper,162,133,3,8,29,11,SOLE_02,0.8053
2026-02-13,2,L4,Crocs,Bayaband Slide Upper,161,119,4,8,53,9,SOLE_02,0.7176
2026-02-13,1,L5,Crocs,Bayaband Slide Upper,150,129,9,7,0,12,STITCH_05,0.8022
2026-02-13,2,L5,Crocs,LiteRide Insole Unit,164,148,5,22,0,9,STITCH_06,0.8729
2026-02-13,1,L6,Decathlon,Quechua Hiking Upper,149,136,8,12,0,7,SHIMA_07,0.8601
2026-02-13,2,L6,Decathlon,Kalenji Trail Sole Unit,154,141,4,7,0,6,SHIMA_07,0.8909
2026-02-13,1,L7,Decathlon,Kiprun Carbon Plate,144,134,6,11,0,7,SHIMA_09,0.8925
2026-02-13,2,L7,Decathlon,Kiprun Carbon Plate,151,119,5,17,44,6,SHIMA_09,0.7612
2026-02-13,1,L8,Nike,ZoomX Carbon Plate Insert,170,150,11,10,0,7,SOLE_04,0.8201
2026-02-13,2,L8,Nike,Air Max Flyknit Upper,166,130,5,23,0,6,SOLE_03,0.7585
2026-02-16,1,L1,Nike,Vaporfly Engineered Mesh,203,180,13,15,0,4,SHIMA_03,0.8259
2026-02-16,2,L1,Nike,Pegasus 3D Knit Collar,201,170,15,8,0,7,SHIMA_02,0.7742
2026-02-16,3,L1,Nike,Pegasus 3D Knit Collar,113,92,11,11,0,5,SHIMA_03,0.7189
2026-02-16,1,L2,Nike,Pegasus 3D Knit Collar,185,172,18,17,0,4,SHIMA_04,0.836
2026-02-16,2,L2,Nike,ZoomX Carbon Plate Insert,183,162,9,6,0,5,SHIMA_06,0.8395
2026-02-16,3,L2,Nike,ZoomX Carbon Plate Insert,110,100,8,1,0,7,SHIMA_05,0.8407
2026-02-16,1,L3,Nike,ZoomX Carbon Plate Insert,184,171,12,13,0,12,STITCH_02,0.8645
2026-02-16,2,L3,Nike,ZoomX Carbon Plate Insert,181,150,16,18,42,12,STITCH_01,0.7443
2026-02-16,3,L3,Nike,Dunk Low Textile Upper,105,81,5,29,64,8,SOLE_01,0.7289
2026-02-16,1,L4,Crocs,Classic Clog Strap Assembly,187,152,7,27,0,11,STITCH_04,0.78
2026-02-16,2,L4,Crocs,Bayaband Slide Upper,194,144,4,6,84,12,STITCH_04,0.7222
2026-02-16,3,L4,Nike,ZoomX Carbon Plate Insert,122,98,11,1,52,10,SOLE_02,0.7148
2026-02-16,1,L5,Crocs,Bayaband Slide Upper,197,105,5,165,0,9,STITCH_05,0.5107
2026-02-16,2,L5,Crocs,Bayaband Slide Upper,187,124,4,16,56,10,STITCH_05,0.6458
2026-02-16,3,L5,Decathlon,Kalenji Trail Sole Unit,118,49,4,225,45,10,SOLE_02,0.3844
2026-02-16,1,L6,Decathlon,Quechua Hiking Upper,136,125,6,24,0,8,STITCH_07,0.8762
2026-02-16,2,L6,Decathlon,Kiprun Carbon Plate,147,86,5,128,13,10,STITCH_07,0.5512
2026-02-16,3,L6,Decathlon,Quechua Hiking Upper,78,70,4,4,0,8,SHIMA_08,0.8533
2026-02-16,1,L7,Decathlon,Kalenji Trail Sole Unit,140,111,5,5,24,6,STITCH_08,0.758
2026-02-16,2,L7,Decathlon,Kiprun Carbon Plate,131,123,6,13,0,6,STITCH_07,0.8969
2026-02-16,3,L7,Decathlon,Quechua Hiking Upper,83,66,3,17,0,9,SHIMA_09,0.7643
2026-02-16,1,L8,Crocs,Classic Clog Strap Assembly,173,152,6,27,0,7,SOLE_04,0.8457
2026-02-16,2,L8,Decathlon,Kiprun Carbon Plate,170,145,7,23,0,6,SOLE_04,0.8141
2026-02-16,3,L8,Crocs,LiteRide Insole Unit,112,92,8,0,49,5,SOLE_03,0.7567
2026-02-17,1,L1,Nike,Dunk Low Textile Upper,196,140,13,13,72,6,SHIMA_02,0.6504
2026-02-17,2,L1,Nike,Pegasus 3D Knit Collar,189,154,12,3,0,5,SHIMA_02,0.7529
2026-02-17,3,L1,Nike,ZoomX Carbon Plate Insert,137,105,13,3,11,6,SHIMA_01,0.6726
2026-02-17,1,L2,Nike,Vaporfly Engineered Mesh,189,138,7,21,72,5,SHIMA_04,0.6957
2026-02-17,2,L2,Nike,Vaporfly Engineered Mesh,192,175,9,13,0,5,SHIMA_04,0.8661
2026-02-17,3,L2,Nike,Air Max Flyknit Upper,134,106,5,5,0,5,SHIMA_05,0.7586
2026-02-17,1,L3,Nike,Pegasus 3D Knit Collar,182,143,9,12,0,10,STITCH_02,0.7371
2026-02-17,2,L3,Nike,Pegasus 3D Knit Collar,176,167,4,2,0,11,STITCH_01,0.9309
2026-02-17,3,L3,Nike,Dunk Low Textile Upper,104,86,9,13,14,8,SOLE_01,0.7425
2026-02-17,1,L4,Crocs,LiteRide Insole Unit,184,159,8,16,23,9,SOLE_02,0.8246
2026-02-17,2,L4,Crocs,LiteRide Insole Unit,163,139,6,0,0,11,STITCH_03,0.8195
2026-02-17,3,L4,Crocs,Classic Clog Strap Assembly,109,43,4,234,26,12,STITCH_03,0.3585
2026-02-17,1,L5,Crocs,Bayaband Slide Upper,155,118,4,14,35,9,SOLE_02,0.7371
2026-02-17,2,L5,Crocs,Bayaband Slide Upper,148,74,3,189,0,12,STITCH_06,0.4826
2026-02-17,3,L5,Crocs,Bayaband Slide Upper,109,87,4,10,0,10,SOLE_02,0.7624
2026-02-17,1,L6,Decathlon,Kiprun Carbon Plate,119,103,8,18,0,8,SHIMA_08,0.806
2026-02-17,2,L6,Decathlon,Kalenji Trail Sole Unit,128,102,7,6,0,6,SHIMA_07,0.7483
2026-02-17,3,L6,Decathlon,Quechua Hiking Upper,83,59,2,22,33,8,SHIMA_07,0.6903
2026-02-17,1,L7,Decathlon,Quechua Hiking Upper,134,121,7,18,0,9,SHIMA_09,0.8544
2026-02-17,2,L7,Decathlon,Quechua Hiking Upper,150,130,3,19,0,8,SHIMA_09,0.8473
2026-02-17,3,L7,Crocs,Bayaband Slide Upper,96,76,3,3,0,7,STITCH_07,0.7656
2026-02-17,1,L8,Nike,ZoomX Carbon Plate Insert,136,78,3,150,0,7,SOLE_04,0.5523
2026-02-17,2,L8,Decathlon,Kiprun Carbon Plate,141,120,5,4,0,6,SOLE_03,0.8191
2026-02-17,3,L8,Crocs,Classic Clog Strap Assembly,80,71,4,18,0,6,SOLE_03,0.8425
2026-02-18,1,L1,Nike,Vaporfly Engineered Mesh,199,183,13,13,0,7,SHIMA_03,0.8572
2026-02-18,2,L1,Nike,Dunk Low Textile Upper,194,154,12,27,0,5,SHIMA_03,0.7351
2026-02-18,3,L1,Nike,ZoomX Carbon Plate Insert,142,116,14,14,0,4,SHIMA_01,0.7227
2026-02-18,1,L2,Decathlon,Kalenji Trail Sole Unit,181,151,3,23,0,5,SHIMA_04,0.8178
2026-02-18,2,L2,Nike,Air Max Flyknit Upper,167,138,9,11,0,6,SHIMA_06,0.7734
2026-02-18,3,L2,Nike,Vaporfly Engineered Mesh,125,99,4,10,44,5,SHIMA_04,0.7646
2026-02-18,1,L3,Nike,ZoomX Carbon Plate Insert,174,157,7,5,0,12,SOLE_01,0.8673
2026-02-18,2,L3,Nike,ZoomX Carbon Plate Insert,157,127,7,14,0,11,STITCH_02,0.7655
2026-02-18,3,L3,Nike,Pegasus 3D Knit Collar,105,82,7,15,0,8,STITCH_01,0.7188
2026-02-18,1,L4,Decathlon,Kiprun Carbon Plate,178,147,4,65,0,8,STITCH_03,0.806
2026-02-18,2,L4,Crocs,LiteRide Insole Unit,163,145,7,0,0,8,STITCH_03,0.8473
2026-02-18,3,L4,Crocs,LiteRide Insole Unit,96,82,2,3,0,11,SOLE_02,0.8364
2026-02-18,1,L5,Crocs,Classic Clog Strap Assembly,150,119,7,23,0,11,SOLE_02,0.7483
2026-02-18,2,L5,Crocs,Classic Clog Strap Assembly,153,121,3,1,47,8,STITCH_06,0.7761
2026-02-18,3,L5,Nike,Dunk Low Textile Upper,102,79,8,7,23,11,SOLE_02,0.7016
2026-02-18,1,L6,Decathlon,Kiprun Carbon Plate,132,117,6,23,0,6,SHIMA_08,0.8412
2026-02-18,2,L6,Decathlon,Kalenji Trail Sole Unit,122,114,6,5,0,7,SHIMA_08,0.8866
2026-02-18,3,L6,Decathlon,Quechua Hiking Upper,88,69,1,9,34,6,STITCH_07,0.782
2026-02-18,1,L7,Decathlon,Kiprun Carbon Plate,162,144,11,22,0,9,STITCH_08,0.8264
2026-02-18,2,L7,Decathlon,Kiprun Carbon Plate,153,137,7,12,0,7,SHIMA_09,0.85
2026-02-18,3,L7,Decathlon,Kalenji Trail Sole Unit,115,89,5,18,49,6,STITCH_07,0.7383
2026-02-18,1,L8,Decathlon,Quechua Hiking Upper,163,128,6,17,35,6,SOLE_04,0.7503
2026-02-18,2,L8,Crocs,Bayaband Slide Upper,148,137,5,0,0,7,SOLE_04,0.8932
2026-02-18,3,L8,Crocs,Bayaband Slide Upper,110,91,8,4,0,8,SOLE_03,0.7599
2026-02-19,1,L1,Nike,ZoomX Carbon Plate Insert,187,159,10,5,0,6,SHIMA_01,0.7982
2026-02-19,2,L1,Nike,Air Max Flyknit Upper,180,160,17,3,0,6,SHIMA_03,0.7992
2026-02-19,3,L1,Nike,Dunk Low Textile Upper,99,72,7,5,35,6,SHIMA_02,0.657
2026-02-19,1,L2,Nike,Vaporfly Engineered Mesh,180,162,9,3,0,6,SHIMA_05,0.853
2026-02-19,2,L2,Nike,Air Max Flyknit Upper,193,180,13,4,0,5,SHIMA_06,0.87
2026-02-19,3,L2,Nike,Air Max Flyknit Upper,137,123,16,13,0,7,SHIMA_04,0.7868
2026-02-19,1,L3,Nike,Dunk Low Textile Upper,186,148,14,9,26,12,STITCH_01,0.7208
2026-02-19,2,L3,Crocs,LiteRide Insole Unit,176,103,7,180,0,11,STITCH_02,0.5493
2026-02-19,3,L3,Nike,ZoomX Carbon Plate Insert,106,98,11,1,14,11,SOLE_01,0.8291
2026-02-19,1,L4,Crocs,Bayaband Slide Upper,174,165,6,10,0,9,STITCH_04,0.9141
2026-02-19,2,L4,Crocs,LiteRide Insole Unit,165,128,3,11,0,8,SOLE_02,0.7617
2026-02-19,3,L4,Crocs,LiteRide Insole Unit,126,99,5,28,0,10,STITCH_03,0.7461
2026-02-19,1,L5,Crocs,Bayaband Slide Upper,140,91,2,77,13,11,STITCH_05,0.6414
2026-02-19,2,L5,Crocs,Classic Clog Strap Assembly,139,122,4,15,0,11,STITCH_05,0.8557
2026-02-19,3,L5,Crocs,LiteRide Insole Unit,90,84,4,8,0,10,STITCH_05,0.8906
2026-02-19,1,L6,Decathlon,Quechua Hiking Upper,120,96,4,5,23,9,SHIMA_08,0.7696
2026-02-19,2,L6,Decathlon,Quechua Hiking Upper,124,93,4,8,48,10,STITCH_07,0.7255
2026-02-19,3,L6,Decathlon,Kalenji Trail Sole Unit,87,77,7,7,0,8,SHIMA_07,0.805
2026-02-19,1,L7,Decathlon,Kalenji Trail Sole Unit,130,118,2,10,0,7,STITCH_07,0.8979
2026-02-19,2,L7,Decathlon,Kalenji Trail Sole Unit,126,71,3,176,0,10,STITCH_07,0.5443
2026-02-19,3,L7,Nike,Air Max Flyknit Upper,81,66,6,20,0,8,SHIMA_09,0.7499
2026-02-19,1,L8,Nike,Dunk Low Textile Upper,154,131,7,9,0,5,SOLE_04,0.8083
2026-02-19,2,L8,Nike,Dunk Low Textile Upper,136,85,3,9,87,7,SOLE_04,0.6066
2026-02-19,3,L8,Decathlon,Kalenji Trail Sole Unit,95,81,5,7,0,7,SOLE_04,0.8023
2026-02-20,1,L1,Nike,ZoomX Carbon Plate Insert,196,163,6,14,0,5,SHIMA_03,0.8045
2026-02-20,2,L1,Nike,Dunk Low Textile Upper,174,147,11,10,0,7,SHIMA_02,0.7828
2026-02-20,3,L1,Nike,Air Max Flyknit Upper,111,87,7,24,0,7,SHIMA_01,0.7278
2026-02-20,1,L2,Nike,Vaporfly Engineered Mesh,203,162,5,16,0,5,SHIMA_05,0.7737
2026-02-20,2,L2,Nike,ZoomX Carbon Plate Insert,186,136,4,12,82,7,SHIMA_04,0.7109
2026-02-20,3,L2,Nike,Air Max Flyknit Upper,142,99,9,20,36,7,SHIMA_04,0.6351
2026-02-20,1,L3,Nike,ZoomX Carbon Plate Insert,176,158,10,5,0,10,STITCH_02,0.8435
2026-02-20,2,L3,Decathlon,Kiprun Carbon Plate,183,153,5,13,27,10,SOLE_01,0.8119
2026-02-20,3,L3,Nike,Vaporfly Engineered Mesh,129,97,3,87,0,12,STITCH_01,0.7322
2026-02-20,1,L4,Nike,ZoomX Carbon Plate Insert,156,129,11,15,0,8,SOLE_02,0.7617
2026-02-20,2,L4,Crocs,Bayaband Slide Upper,163,125,7,21,39,11,STITCH_04,0.725
2026-02-20,3,L4,Crocs,LiteRide Insole Unit,118,98,6,0,0,12,SOLE_02,0.7805
2026-02-20,1,L5,Crocs,Bayaband Slide Upper,160,139,9,25,0,11,STITCH_05,0.8183
2026-02-20,2,L5,Crocs,LiteRide Insole Unit,151,101,4,7,81,9,STITCH_06,0.6429
2026-02-20,3,L5,Crocs,Bayaband Slide Upper,93,86,5,18,0,9,STITCH_06,0.8806
2026-02-20,1,L6,Decathlon,Quechua Hiking Upper,131,123,5,7,0,8,SHIMA_07,0.902
2026-02-20,2,L6,Crocs,LiteRide Insole Unit,121,103,7,3,0,9,SHIMA_08,0.7995
2026-02-20,3,L6,Crocs,Classic Clog Strap Assembly,87,78,2,1,0,6,SHIMA_07,0.8744
2026-02-20,1,L7,Decathlon,Kalenji Trail Sole Unit,165,134,9,26,0,9,STITCH_08,0.7588
2026-02-20,2,L7,Decathlon,Quechua Hiking Upper,166,157,3,4,0,6,STITCH_07,0.9292
2026-02-20,3,L7,Decathlon,Kiprun Carbon Plate,99,85,2,4,0,6,STITCH_07,0.8472
2026-02-20,1,L8,Nike,Dunk Low Textile Upper,136,102,9,9,54,7,SOLE_04,0.6891
2026-02-20,2,L8,Decathlon,Kiprun Carbon Plate,130,101,6,9,0,8,SOLE_04,0.7355
2026-02-20,3,L8,Nike,Dunk Low Textile Upper,71,50,3,52,0,7,SOLE_04,0.6735
2026-02-23,1,L1,Nike,ZoomX Carbon Plate Insert,190,156,4,17,0,7,SHIMA_01,0.8051
2026-02-23,2,L1,Nike,Dunk Low Textile Upper,180,136,4,11,21,5,SHIMA_03,0.7365
2026-02-23,3,L1,Nike,Dunk Low Textile Upper,110,87,5,19,0,7,SHIMA_01,0.7534
2026-02-23,1,L2,Nike,Vaporfly Engineered Mesh,201,160,9,3,0,6,SHIMA_05,0.7528
2026-02-23,2,L2,Nike,Dunk Low Textile Upper,186,151,15,31,0,6,SHIMA_05,0.7324
2026-02-23,3,L2,Nike,Air Max Flyknit Upper,131,93,9,53,0,7,SHIMA_05,0.6464
2026-02-23,1,L3,Crocs,LiteRide Insole Unit,149,117,3,85,0,11,STITCH_01,0.7652
2026-02-23,2,L3,Nike,Vaporfly Engineered Mesh,139,119,10,10,39,12,STITCH_02,0.7877
2026-02-23,3,L3,Nike,Dunk Low Textile Upper,83,64,3,16,0,10,STITCH_01,0.7395
2026-02-23,1,L4,Crocs,Bayaband Slide Upper,214,168,13,13,0,10,SOLE_02,0.7271
2026-02-23,2,L4,Crocs,LiteRide Insole Unit,213,186,13,5,0,10,STITCH_04,0.8147
2026-02-23,3,L4,Crocs,Classic Clog Strap Assembly,128,104,8,8,54,12,SOLE_02,0.7558
2026-02-23,1,L5,Crocs,Classic Clog Strap Assembly,139,108,6,39,42,12,STITCH_06,0.7395
2026-02-23,2,L5,Nike,ZoomX Carbon Plate Insert,141,94,6,10,84,11,STITCH_06,0.6272
2026-02-23,3,L5,Crocs,Bayaband Slide Upper,91,60,5,14,76,10,STITCH_06,0.6089
2026-02-23,1,L6,Decathlon,Kalenji Trail Sole Unit,167,111,6,23,76,9,SHIMA_07,0.6331
2026-02-23,2,L6,Decathlon,Kiprun Carbon Plate,184,165,7,22,0,6,SHIMA_07,0.8607
2026-02-23,3,L6,Decathlon,Quechua Hiking Upper,123,107,10,18,0,6,SHIMA_08,0.7889
2026-02-23,1,L7,Decathlon,Kiprun Carbon Plate,116,87,3,22,0,6,SHIMA_09,0.7322
2026-02-23,2,L7,Decathlon,Kiprun Carbon Plate,133,103,3,21,48,7,SHIMA_09,0.7545
2026-02-23,3,L7,Nike,Pegasus 3D Knit Collar,87,76,5,13,0,7,STITCH_08,0.8213
2026-02-23,1,L8,Crocs,Classic Clog Strap Assembly,136,110,3,14,0,8,SOLE_04,0.7894
2026-02-23,2,L8,Crocs,Bayaband Slide Upper,141,119,7,53,0,6,SOLE_04,0.7947
2026-02-23,3,L8,Nike,Pegasus 3D Knit Collar,72,64,3,25,0,7,SOLE_03,0.8488
2026-02-24,1,L1,Nike,Air Max Flyknit Upper,199,116,12,89,31,5,SHIMA_02,0.5266
2026-02-24,2,L1,Decathlon,Kalenji Trail Sole Unit,201,168,8,25,31,7,SHIMA_01,0.7989
2026-02-24,3,L1,Nike,Vaporfly Engineered Mesh,151,63,8,238,0,5,SHIMA_02,0.3686
2026-02-24,1,L2,Nike,Pegasus 3D Knit Collar,190,158,10,45,0,5,SHIMA_04,0.7815
2026-02-24,2,L2,Nike,Vaporfly Engineered Mesh,219,135,14,24,87,6,SHIMA_05,0.5544
2026-02-24,3,L2,Nike,Vaporfly Engineered Mesh,142,117,9,11,0,6,SHIMA_06,0.7652
2026-02-24,1,L3,Nike,Pegasus 3D Knit Collar,161,145,11,19,0,12,STITCH_02,0.8331
2026-02-24,2,L3,Nike,Vaporfly Engineered Mesh,160,134,9,21,0,12,STITCH_02,0.7868
2026-02-24,3,L3,Nike,Dunk Low Textile Upper,104,92,4,27,0,11,STITCH_02,0.8531
2026-02-24,1,L4,Crocs,LiteRide Insole Unit,158,146,5,6,0,9,STITCH_03,0.8925
2026-02-24,2,L4,Crocs,Classic Clog Strap Assembly,145,110,2,24,0,9,SOLE_02,0.745
2026-02-24,3,L4,Crocs,Bayaband Slide Upper,87,62,2,21,88,9,STITCH_03,0.6913
2026-02-24,1,L5,Crocs,LiteRide Insole Unit,176,143,6,8,22,9,SOLE_02,0.7824
2026-02-24,2,L5,Crocs,Bayaband Slide Upper,186,153,5,3,11,11,STITCH_05,0.7962
2026-02-24,3,L5,Crocs,Bayaband Slide Upper,107,97,9,15,0,12,STITCH_06,0.8247
2026-02-24,1,L6,Crocs,LiteRide Insole Unit,142,101,5,8,66,10,STITCH_07,0.68
2026-02-24,2,L6,Decathlon,Kiprun Carbon Plate,154,116,3,23,46,7,SHIMA_08,0.7347
2026-02-24,3,L6,Nike,ZoomX Carbon Plate Insert,101,78,7,21,0,10,STITCH_07,0.7094
2026-02-24,1,L7,Decathlon,Kiprun Carbon Plate,121,95,4,13,68,9,SHIMA_09,0.755
2026-02-24,2,L7,Decathlon,Kiprun Carbon Plate,127,99,2,22,56,10,STITCH_07,0.7671
2026-02-24,3,L7,Decathlon,Kalenji Trail Sole Unit,87,82,5,6,0,7,SHIMA_09,0.8956
2026-02-24,1,L8,Crocs,LiteRide Insole Unit,119,77,5,112,0,5,SOLE_03,0.6126
2026-02-24,2,L8,Nike,Dunk Low Textile Upper,121,102,9,19,0,8,SOLE_04,0.7708
2026-02-24,3,L8,Decathlon,Kalenji Trail Sole Unit,81,63,4,27,0,7,SOLE_03,0.7383
2026-02-25,1,L1,Crocs,LiteRide Insole Unit,225,208,4,20,0,7,SHIMA_03,0.9093
2026-02-25,2,L1,Nike,Air Max Flyknit Upper,226,163,16,20,33,5,SHIMA_03,0.6518
2026-02-25,1,L2,Nike,Dunk Low Textile Upper,202,179,14,6,17,6,SHIMA_05,0.8201
2026-02-25,2,L2,Decathlon,Kalenji Trail Sole Unit,202,164,6,17,0,6,SHIMA_04,0.7852
2026-02-25,1,L3,Nike,Vaporfly Engineered Mesh,163,121,5,11,64,10,STITCH_01,0.7138
2026-02-25,2,L3,Nike,ZoomX Carbon Plate Insert,164,151,13,2,0,11,STITCH_02,0.8464
2026-02-25,1,L4,Crocs,Bayaband Slide Upper,209,135,6,15,81,9,STITCH_04,0.6185
2026-02-25,2,L4,Crocs,Bayaband Slide Upper,203,79,1,202,67,10,STITCH_03,0.3887
2026-02-25,1,L5,Crocs,Bayaband Slide Upper,196,168,11,31,0,9,STITCH_06,0.8033
2026-02-25,2,L5,Crocs,Bayaband Slide Upper,193,169,13,21,0,8,SOLE_02,0.8129
2026-02-25,1,L6,Decathlon,Quechua Hiking Upper,141,136,10,0,0,10,STITCH_07,0.8946
2026-02-25,2,L6,Decathlon,Kiprun Carbon Plate,151,122,7,5,29,7,SHIMA_08,0.7635
2026-02-25,1,L7,Decathlon,Quechua Hiking Upper,135,66,4,150,58,8,STITCH_07,0.4609
2026-02-25,2,L7,Decathlon,Kalenji Trail Sole Unit,137,102,5,20,36,6,STITCH_08,0.7127
2026-02-25,1,L8,Crocs,Classic Clog Strap Assembly,177,142,6,24,0,6,SOLE_03,0.7721
2026-02-25,2,L8,Crocs,LiteRide Insole Unit,192,162,10,27,15,5,SOLE_04,0.7953
2026-02-26,1,L1,Nike,Pegasus 3D Knit Collar,193,152,10,7,0,6,SHIMA_03,0.7384
2026-02-26,2,L1,Nike,Air Max Flyknit Upper,181,160,10,22,0,6,SHIMA_01,0.8293
2026-02-26,3,L1,Nike,Air Max Flyknit Upper,143,131,7,10,0,6,SHIMA_01,0.8683
2026-02-26,1,L2,Nike,Air Max Flyknit Upper,188,141,9,25,0,5,SHIMA_04,0.7054
2026-02-26,2,L2,Nike,Vaporfly Engineered Mesh,162,136,12,16,0,4,SHIMA_05,0.7658
2026-02-26,3,L2,Nike,ZoomX Carbon Plate Insert,118,108,5,13,0,4,SHIMA_04,0.8804
2026-02-26,1,L3,Crocs,Classic Clog Strap Assembly,160,129,9,11,65,10,STITCH_02,0.7556
2026-02-26,2,L3,Nike,ZoomX Carbon Plate Insert,172,137,6,21,0,9,STITCH_01,0.765
2026-02-26,3,L3,Nike,Vaporfly Engineered Mesh,118,111,12,4,0,11,STITCH_01,0.8465
2026-02-26,1,L4,Crocs,LiteRide Insole Unit,188,177,9,0,0,12,SOLE_02,0.8943
2026-02-26,2,L4,Crocs,LiteRide Insole Unit,195,91,6,211,0,10,STITCH_04,0.437
2026-02-26,3,L4,Crocs,LiteRide Insole Unit,128,112,7,22,0,8,SOLE_02,0.8237
2026-02-26,1,L5,Crocs,Classic Clog Strap Assembly,187,150,5,6,72,10,STITCH_06,0.7754
2026-02-26,2,L5,Crocs,Bayaband Slide Upper,200,171,9,0,29,9,SOLE_02,0.8134
2026-02-26,3,L5,Crocs,Bayaband Slide Upper,104,92,9,22,0,12,SOLE_02,0.8031
2026-02-26,1,L6,Decathlon,Kiprun Carbon Plate,141,101,6,12,84,9,STITCH_07,0.679
2026-02-26,2,L6,Decathlon,Quechua Hiking Upper,135,110,6,14,0,7,SHIMA_07,0.7773
2026-02-26,3,L6,Crocs,LiteRide Insole Unit,89,75,7,24,0,6,SHIMA_07,0.7646
2026-02-26,1,L7,Decathlon,Kiprun Carbon Plate,136,118,4,6,12,6,STITCH_08,0.8393
2026-02-26,2,L7,Decathlon,Quechua Hiking Upper,149,115,6,27,0,7,SHIMA_09,0.7348
2026-02-26,3,L7,Decathlon,Quechua Hiking Upper,82,60,4,0,78,7,STITCH_07,0.6837
2026-02-26,1,L8,Crocs,Bayaband Slide Upper,166,150,5,6,23,8,SOLE_03,0.8778
2026-02-26,2,L8,Crocs,LiteRide Insole Unit,162,137,6,18,0,5,SOLE_03,0.8126
2026-02-26,3,L8,Nike,Pegasus 3D Knit Collar,104,80,3,26,0,6,SOLE_03,0.7422
2026-02-27,1,L1,Nike,ZoomX Carbon Plate Insert,198,176,6,4,0,5,SHIMA_01,0.8631
2026-02-27,2,L1,Nike,Vaporfly Engineered Mesh,185,165,12,0,0,7,SHIMA_03,0.8292
2026-02-27,3,L1,Nike,Pegasus 3D Knit Collar,132,114,4,1,0,5,SHIMA_01,0.84
2026-02-27,1,L2,Nike,Air Max Flyknit Upper,175,165,14,0,0,5,SHIMA_05,0.8656
2026-02-27,2,L2,Nike,Vaporfly Engineered Mesh,194,174,10,22,0,7,SHIMA_05,0.8456
2026-02-27,3,L2,Nike,Dunk Low Textile Upper,136,129,10,6,0,6,SHIMA_04,0.8807
2026-02-27,1,L3,Nike,ZoomX Carbon Plate Insert,168,162,9,0,0,8,SOLE_01,0.9149
2026-02-27,2,L3,Nike,Vaporfly Engineered Mesh,182,144,12,9,0,8,STITCH_01,0.7294
2026-02-27,3,L3,Nike,Air Max Flyknit Upper,109,91,5,11,0,12,STITCH_02,0.7907
2026-02-27,1,L4,Crocs,Bayaband Slide Upper,180,164,10,16,0,12,STITCH_04,0.8606
2026-02-27,2,L4,Crocs,LiteRide Insole Unit,165,153,8,2,0,9,SOLE_02,0.8813
2026-02-27,3,L4,Crocs,LiteRide Insole Unit,128,116,10,23,0,9,STITCH_04,0.834
2026-02-27,1,L5,Decathlon,Kalenji Trail Sole Unit,198,177,11,14,21,9,STITCH_06,0.84
2026-02-27,2,L5,Crocs,Bayaband Slide Upper,199,141,7,29,47,11,STITCH_05,0.6767
2026-02-27,3,L5,Crocs,LiteRide Insole Unit,142,112,3,14,0,9,STITCH_05,0.7678
2026-02-27,1,L6,Crocs,Bayaband Slide Upper,160,139,6,13,0,6,SHIMA_07,0.8357
2026-02-27,2,L6,Crocs,Bayaband Slide Upper,173,128,7,4,88,10,SHIMA_08,0.7007
2026-02-27,3,L6,Decathlon,Kalenji Trail Sole Unit,107,98,9,20,0,9,SHIMA_08,0.8333
2026-02-27,1,L7,Decathlon,Kiprun Carbon Plate,138,122,6,22,0,10,STITCH_07,0.8426
2026-02-27,2,L7,Decathlon,Kalenji Trail Sole Unit,123,98,6,15,0,6,SHIMA_09,0.751
2026-02-27,3,L7,Decathlon,Kiprun Carbon Plate,89,53,4,165,0,7,STITCH_08,0.5537
2026-02-27,1,L8,Nike,Vaporfly Engineered Mesh,155,118,6,22,0,7,SOLE_03,0.728
2026-02-27,2,L8,Nike,Air Max Flyknit Upper,139,66,3,216,0,7,SOLE_04,0.4594
2026-02-27,3,L8,Crocs,LiteRide Insole Unit,103,72,5,41,21,8,SOLE_04,0.6589
